carrier_key,name,iata,country,type,in_fetch_manifest,locale,band,region,official_website,help_root,baggage_checked_url,baggage_carryon_url,baggage_fees_url,fare_conditions_url,checkin_url,conditions_of_carriage_url,article_selector,has_capture_folder,latest_capture_set,ok_pages,failed_pages,has_candidates,has_fact_file,has_review_file,prefilled_conditions_url,missing_fields,notes,matched_source_airline_id,enrichment_sources
40-mile-air,40-Mile Air,Q5,United States,Scheduled,no,en,,North America,,,,,,,,,,no,,0,0,no,no,no,,band;official_website;help_root;baggage_checked_url;baggage_carryon_url;baggage_fees_url;fare_conditions_url;checkin_url;conditions_of_carriage_url;article_selector;,,,
9-air,9 Air,AQ,China,Low-cost,no,,,Asia,https://9air.com,,,,,,,,,no,,0,0,no,no,no,,locale;band;help_root;baggage_checked_url;baggage_carryon_url;baggage_fees_url;fare_conditions_url;checkin_url;conditions_of_carriage_url;article_selector;,,9-air-557,https://raw.githubusercontent.com/buffertse/airline-data/main/data/airlines.csv; https://raw.githubusercontent.com/buffertse/airline-data/main/data/airline-links.csv
abx-air-inc,"ABX Air, Inc.",GB,United States,Scheduled,no,en,,North America,https://abxair.com,https://www.abxair.com/contact,,,,,,,,no,,0,0,no,yes,no,,band;baggage_checked_url;baggage_carryon_url;baggage_fees_url;fare_conditions_url;checkin_url;conditions_of_carriage_url;article_selector;,"Missing fields filled from buffertse/airline-data, which records official airline domains and deep links sourced from airline websites.",abx-air-354,https://raw.githubusercontent.com/buffertse/airline-data/main/data/airlines.csv; https://raw.githubusercontent.com/buffertse/airline-data/main/data/airline-links.csv
act-havayollari-as,ACT Havayollari A.S.,9T,Turkey,Scheduled,no,,,Europe,https://actairlines.com,https://www.actairlines.com/contact.php,,,,,,,,no,,0,0,no,no,no,,locale;band;baggage_checked_url;baggage_carryon_url;baggage_fees_url;fare_conditions_url;checkin_url;conditions_of_carriage_url;article_selector;,,air-act-912,https://raw.githubusercontent.com/buffertse/airline-data/main/data/airlines.csv; https://raw.githubusercontent.com/buffertse/airline-data/main/data/airline-links.csv
ahk-air-hong-kong-limited,AHK Air Hong Kong Limited,LD,Hong Kong,Scheduled,no,,,Asia,https://airhongkong.com.hk,https://www.airhongkong.com.hk/contactus,,,,,,,,no,,0,0,no,yes,no,,locale;band;baggage_checked_url;baggage_carryon_url;baggage_fees_url;fare_conditions_url;checkin_url;conditions_of_carriage_url;article_selector;,"Missing fields filled from buffertse/airline-data, which records official airline domains and deep links sourced from airline websites.",air-hong-kong-1144,https://raw.githubusercontent.com/buffertse/airline-data/main/data/airlines.csv; https://raw.githubusercontent.com/buffertse/airline-data/main/data/airline-links.csv
ais-airlines,AIS Airlines,0C,Netherlands,Scheduled,no,,,Europe,https://flyirsairlines.com,,,,,,,,,no,,0,0,no,no,no,,locale;band;help_root;baggage_checked_url;baggage_carryon_url;baggage_fees_url;fare_conditions_url;checkin_url;conditions_of_carriage_url;article_selector;,,ais-airlines-779,https://raw.githubusercontent.com/buffertse/airline-data/main/data/airlines.csv; https://raw.githubusercontent.com/buffertse/airline-data/main/data/airline-links.csv
aix-connect,AIX Connect,I5,India,Low-cost,no,,,Asia,,,,,,,,,,no,,0,0,no,no,no,,locale;band;official_website;help_root;baggage_checked_url;baggage_carryon_url;baggage_fees_url;fare_conditions_url;checkin_url;conditions_of_carriage_url;article_selector;,,,
alpavia,ALPAVIA,AL,United States,Low-cost,no,en,,North America,https://air-leisure.com,,,,,,,,,no,,0,0,no,no,no,,band;help_root;baggage_checked_url;baggage_carryon_url;baggage_fees_url;fare_conditions_url;checkin_url;conditions_of_carriage_url;article_selector;,,air-leisure-711,https://raw.githubusercontent.com/buffertse/airline-data/main/data/airlines.csv; https://raw.githubusercontent.com/buffertse/airline-data/main/data/airline-links.csv
alrosa,ALROSA,6R,Russia,Scheduled,no,,,Europe,,,,,,,,,,no,,0,0,no,no,no,,locale;band;official_website;help_root;baggage_checked_url;baggage_carryon_url;baggage_fees_url;fare_conditions_url;checkin_url;conditions_of_carriage_url;article_selector;,,,
ana-wings,ANA Wings,EH,Japan,Scheduled,yes,en,manual-priority,Asia,https://www.ana.co.jp,,https://www.ana.co.jp/en/jp/travel-information/baggage-information/checked-baggage/,https://www.ana.co.jp/en/jp/travel-information/baggage-information/carry-on/,https://www.ana.co.jp/en/jp/travel-information/baggage-information/excess-baggage/,,https://www.ana.co.jp/en/jp/travel-information/online-check-in/,https://www.ana.co.jp/en/gb/siteinfo/international/conditions-of-carriage/,,yes,2026-09-03,0,1,no,yes,no,https://www.ana.co.jp/en/gb/siteinfo/international/conditions-of-carriage/,help_root;fare_conditions_url;article_selector;,1/6 urls imported from filled priority CSV; conditions_of_carriage_url prefilled from Duffel refs; please verify.,ana-wings-937,https://raw.githubusercontent.com/buffertse/airline-data/main/data/airlines.csv; https://raw.githubusercontent.com/buffertse/airline-data/main/data/airline-links.csv
apa-guam,APA Guam,P9,Guam,Scheduled,no,,,Australia/Pacific,,,,,,,,,,no,,0,0,no,no,no,,locale;band;official_website;help_root;baggage_checked_url;baggage_carryon_url;baggage_fees_url;fare_conditions_url;checkin_url;conditions_of_carriage_url;article_selector;,,,
apg-airlines,APG Airlines,GP,France,Scheduled,no,,,Europe,https://back-apgairlines.orchestra-platform.com,https://apg-airlines.com/support,,,,,,https://back-apgairlines.orchestra-platform.com/admin/TS/fckUserFiles/Content_File/carriage_conditions_APGAirlines_EN.pdf,,no,,0,0,no,no,no,https://back-apgairlines.orchestra-platform.com/admin/TS/fckUserFiles/Content_File/carriage_conditions_APGAirlines_EN.pdf,locale;band;baggage_checked_url;baggage_carryon_url;baggage_fees_url;fare_conditions_url;checkin_url;article_selector;,,apg-airlines-951,https://raw.githubusercontent.com/buffertse/airline-data/main/data/airlines.csv; https://raw.githubusercontent.com/buffertse/airline-data/main/data/airline-links.csv
arincaeronautical-radio-inc,"ARINC(Aeronautical Radio, Inc.)",XA,United States,Scheduled,no,en,,North America,,,,,,,,,,no,,0,0,no,no,no,,band;official_website;help_root;baggage_checked_url;baggage_carryon_url;baggage_fees_url;fare_conditions_url;checkin_url;conditions_of_carriage_url;article_selector;,,,
as-salaam-air,AS SALAAM AIR,0W,Tanzania,Scheduled,no,,,Africa,,,,,,,,,,no,,0,0,no,no,no,,locale;band;official_website;help_root;baggage_checked_url;baggage_carryon_url;baggage_fees_url;fare_conditions_url;checkin_url;conditions_of_carriage_url;article_selector;,,,
asky-airlines,ASKY Airlines,KP,Togo,Scheduled,no,en,,Africa,https://www.flyasky.com,https://www.flyasky.com/aa/en/explore/support/faq,https://www.flyasky.com/ga/en/luggage-pricing,https://www.flyasky.com/ga/en/luggage-pricing,https://www.flyasky.com/ga/en/luggage-pricing,,,https://www.flyasky.com/aa/en/plan,,no,,0,0,no,no,no,https://www.flyasky.com/aa/en/plan,band;fare_conditions_url;checkin_url;article_selector;,,asky-airlines-289,https://raw.githubusercontent.com/buffertse/airline-data/main/data/airlines.csv; https://raw.githubusercontent.com/buffertse/airline-data/main/data/airline-links.csv
asl-airlines-france,ASL Airlines France,5O,France,Scheduled,yes,en,manual-priority,Europe,https://www.aslairlines.fr,,https://www.aslairlines.fr/en/travel-information/prepare-your-trip/luggage,https://www.aslairlines.fr/en/travellers-information/prepare-your-trip/your-baggage,https://www.aslairlines.fr/en/travel-information/prepare-your-trip/luggage,,,https://www.aslairlines.fr/wp-content/uploads/2013/04/190219-GAL-CONDITIONS-OF-CARRIAGE-2019-1.pdf,,yes,2026-09-03,0,4,no,yes,no,https://www.aslairlines.fr/wp-content/uploads/2013/04/190219-GAL-CONDITIONS-OF-CARRIAGE-2019-1.pdf,help_root;fare_conditions_url;checkin_url;article_selector;,"4/6 urls imported from filled priority CSV; conditions_of_carriage_url prefilled from Duffel refs; please verify.; Missing fields filled from buffertse/airline-data, which records official airline domains and deep links sourced from airline websites.",asl-airlines-france-370,https://raw.githubusercontent.com/buffertse/airline-data/main/data/airlines.csv; https://raw.githubusercontent.com/buffertse/airline-data/main/data/airline-links.csv; https://raw.githubusercontent.com/buffertse/airline-data/main/derived/baggage-summary.csv
asl-airlines-ireland,ASL Airlines Ireland,5H,Ireland,Low-cost,no,en,,Europe,https://arubaairlines.com,https://www.aslairlines.ie/contact,,,,,,,,no,,0,0,no,no,no,,band;baggage_checked_url;baggage_carryon_url;baggage_fees_url;fare_conditions_url;checkin_url;conditions_of_carriage_url;article_selector;,,asl-airlines-ireland-1136,https://raw.githubusercontent.com/buffertse/airline-data/main/data/airlines.csv; https://raw.githubusercontent.com/buffertse/airline-data/main/data/airline-links.csv
asl-airways,ASL Airways,3V,Belgium,Scheduled,no,,,Europe,https://aslairlines.be,https://aslairlines.be/contact,,,,,,,,no,,0,0,no,no,no,,locale;band;baggage_checked_url;baggage_carryon_url;baggage_fees_url;fare_conditions_url;checkin_url;conditions_of_carriage_url;article_selector;,,asl-airlines-belgium-67,https://raw.githubusercontent.com/buffertse/airline-data/main/data/airlines.csv; https://raw.githubusercontent.com/buffertse/airline-data/main/data/airline-links.csv
atsa-airlines,ATSA Airlines,4A,Peru,Low-cost,no,,,Latin America,,,,,,,,,,no,,0,0,no,no,no,,locale;band;official_website;help_root;baggage_checked_url;baggage_carryon_url;baggage_fees_url;fare_conditions_url;checkin_url;conditions_of_carriage_url;article_selector;,,,
azur-air,AZUR Air,ZF,Russia,Scheduled,no,,,Europe,,,,,,,,,,no,,0,0,no,no,no,,locale;band;official_website;help_root;baggage_checked_url;baggage_carryon_url;baggage_fees_url;fare_conditions_url;checkin_url;conditions_of_carriage_url;article_selector;,,,
abacus-international-pte-ltd,Abacus International Pte. Ltd.,1B,Singapore,Scheduled,no,en,,Asia,,,,,,,,,,no,,0,0,no,no,no,,band;official_website;help_root;baggage_checked_url;baggage_carryon_url;baggage_fees_url;fare_conditions_url;checkin_url;conditions_of_carriage_url;article_selector;,,,
accesrail,AccesRail,9B,Canada,Scheduled,no,en,,North America,,,,,,,,,,no,,0,0,no,no,no,,band;official_website;help_root;baggage_checked_url;baggage_carryon_url;baggage_fees_url;fare_conditions_url;checkin_url;conditions_of_carriage_url;article_selector;,,,
adria-airways,Adria Airways,JP,Slovenia,Scheduled,no,,,Europe,,,,,,,,,,no,,0,0,no,yes,no,,locale;band;official_website;help_root;baggage_checked_url;baggage_carryon_url;baggage_fees_url;fare_conditions_url;checkin_url;conditions_of_carriage_url;article_selector;,,,
advanced-air,Advanced Air,AN,United States,Scheduled,no,en,,North America,,,,,,,,,,no,,0,0,no,no,no,,band;official_website;help_root;baggage_checked_url;baggage_carryon_url;baggage_fees_url;fare_conditions_url;checkin_url;conditions_of_carriage_url;article_selector;,,,
aegean-airlines,Aegean Airlines,A3,Greece,Scheduled,yes,en,manual-priority,Europe,https://en.aegeanair.com,,https://en.aegeanair.com/travel-information/baggage/add-baggage,https://en.aegeanair.com/travel-information/baggage/cabin-baggage,https://en.aegeanair.com/travel-information/baggage/add-baggage,,,https://en.aegeanair.com/conditions-notices/conditions-notices/,,yes,2026-09-03,0,4,no,yes,no,https://en.aegeanair.com/conditions-notices/conditions-notices/,help_root;fare_conditions_url;checkin_url;article_selector;,"4/6 urls imported from filled priority CSV; conditions_of_carriage_url prefilled from Duffel refs; please verify.; Missing fields filled from buffertse/airline-data, which records official airline domains and deep links sourced from airline websites.",aegean-airlines-1019,https://raw.githubusercontent.com/buffertse/airline-data/main/data/airlines.csv; https://raw.githubusercontent.com/buffertse/airline-data/main/data/airline-links.csv
aer-lingus,Aer Lingus,EI,Ireland,Scheduled,yes,en-ie,1b,Europe,https://www.aerlingus.com,,https://www.aerlingus.com/prepare/bags/checked-baggage/,https://www.aerlingus.com/prepare/bags/carry-on-baggage/,https://www.aerlingus.com/prepare/bags/checked-baggage/,https://www.aerlingus.com/legal/conditions-of-carriage/,https://www.aerlingus.com/prepare/check-in-options/online/,https://www.aerlingus.com/legal/conditions-of-carriage/,,yes,2026-09-03,0,6,no,yes,no,https://www.aerlingus.com/support/legal/conditions-of-carriage/,help_root;article_selector;,6/6 urls,aer-lingus-1746,C:\Users\kspellman\Documents\Codex\2026-08-24\vie\work\airline_research_data.json; https://raw.githubusercontent.com/buffertse/airline-data/main/data/airlines.csv; https://raw.githubusercontent.com/buffertse/airline-data/main/data/airline-links.csv
aero-dili,Aero Dili,8G,Timor-Leste,Scheduled,no,,,,,,,,,,,,,no,,0,0,no,no,no,,locale;band;region;official_website;help_root;baggage_checked_url;baggage_carryon_url;baggage_fees_url;fare_conditions_url;checkin_url;conditions_of_carriage_url;article_selector;,,,
aero-k,Aero K,RF,South Korea,Low-cost,no,,,Asia,,,,,,,,,,no,,0,0,no,no,no,,locale;band;official_website;help_root;baggage_checked_url;baggage_carryon_url;baggage_fees_url;fare_conditions_url;checkin_url;conditions_of_carriage_url;article_selector;,,,
aero-mongolia,Aero Mongolia,M0,Mongolia,Scheduled,no,,,Asia,https://aeromongolia.mn,,,,,,,,,no,,0,0,no,yes,no,,locale;band;help_root;baggage_checked_url;baggage_carryon_url;baggage_fees_url;fare_conditions_url;checkin_url;conditions_of_carriage_url;article_selector;,"Missing fields filled from buffertse/airline-data, which records official airline domains and deep links sourced from airline websites.",aero-mongolia-1025,https://raw.githubusercontent.com/buffertse/airline-data/main/data/airlines.csv; https://raw.githubusercontent.com/buffertse/airline-data/main/data/airline-links.csv
aero-nomad-airlines,Aero Nomad Airlines,KA,Kyrgyzstan,Scheduled,no,,,Asia,,,,,,,,,,no,,0,0,no,no,no,,locale;band;official_website;help_root;baggage_checked_url;baggage_carryon_url;baggage_fees_url;fare_conditions_url;checkin_url;conditions_of_carriage_url;article_selector;,,,
aero-charter-ukraine,Aero-Charter Ukraine,DW,Ukraine,Scheduled,no,,,Europe,,,,,,,,,,no,,0,0,no,yes,no,,locale;band;official_website;help_root;baggage_checked_url;baggage_carryon_url;baggage_fees_url;fare_conditions_url;checkin_url;conditions_of_carriage_url;article_selector;,,,
aero-tropics-air-services,Aero-Tropics Air Services,HC,Australia,Scheduled,yes,en-au,manual-priority,Australia/Pacific,https://flyairsenegal.com,https://flyairsenegal.com/en/contact,https://flyairsenegal.com/planifier/bagages-et-frais-de-service,https://flyairsenegal.com/planifier/bagages-et-frais-de-service,https://flyairsenegal.com/en/plan-travel/baggage-and-service-charges,,,https://flyairsenegal.com/en/legal-notice/conditions-of-carriage/,,yes,2026-09-03,0,1,no,yes,no,https://flyairsenegal.com/en/legal-notice/conditions-of-carriage/,fare_conditions_url;checkin_url;article_selector;,1/6 urls imported from filled priority CSV; conditions_of_carriage_url prefilled from Duffel refs; please verify.,air-senegal-1432,https://raw.githubusercontent.com/buffertse/airline-data/main/data/airlines.csv; https://raw.githubusercontent.com/buffertse/airline-data/main/data/airline-links.csv
aeroitalia,AeroItalia,XZ,Italy,Low-cost,no,,,Europe,https://aeroitalia.com,,,,,,,,,no,,0,0,no,no,no,,locale;band;help_root;baggage_checked_url;baggage_carryon_url;baggage_fees_url;fare_conditions_url;checkin_url;conditions_of_carriage_url;article_selector;,,aeroitalia-137,https://raw.githubusercontent.com/buffertse/airline-data/main/data/airlines.csv; https://raw.githubusercontent.com/buffertse/airline-data/main/data/airline-links.csv
aerolink,AeroLink,A8,Uganda,Scheduled,no,en,,Africa,,,,,,,,,,no,,0,0,no,no,no,,band;official_website;help_root;baggage_checked_url;baggage_carryon_url;baggage_fees_url;fare_conditions_url;checkin_url;conditions_of_carriage_url;article_selector;,,,
aerostan,AeroStan,KW,Kyrgyzstan,Scheduled,no,,,Asia,https://wataniyaairways.com,,,,,,,,,no,,0,0,no,no,no,,locale;band;help_root;baggage_checked_url;baggage_carryon_url;baggage_fees_url;fare_conditions_url;checkin_url;conditions_of_carriage_url;article_selector;,,wataniya-airways-58,https://raw.githubusercontent.com/buffertse/airline-data/main/data/airlines.csv; https://raw.githubusercontent.com/buffertse/airline-data/main/data/airline-links.csv
aeroflot,Aeroflot,SU,Russia,Scheduled,yes,en,manual-priority,Europe,https://www.aeroflot.ru,,,,,,,https://www.aeroflot.ru/gb-en/information/legal/contract,,yes,2026-09-03,0,1,no,yes,no,https://www.aeroflot.ru/gb-en/information/legal/contract,help_root;baggage_checked_url;baggage_carryon_url;baggage_fees_url;fare_conditions_url;checkin_url;article_selector;,1/6 urls imported from filled priority CSV; conditions_of_carriage_url prefilled from Duffel refs; please verify.,aeroflot-1846,https://raw.githubusercontent.com/buffertse/airline-data/main/data/airlines.csv; https://raw.githubusercontent.com/buffertse/airline-data/main/data/airline-links.csv
aerolineas-argentinas,Aerolineas Argentinas,AR,Argentina,Scheduled,no,en,,Latin America,https://www.aerolineas.com.ar,,https://www.aerolineas.com.ar/en-ar/baggage-purchase,https://www.aerolineas.com.ar/en-ar/baggage-purchase,https://www.aerolineas.com.ar/en-ar/baggage-purchase,,https://checkin.aerolineas.com.ar/dx/ARCI,https://www.aerolineas.com.ar/legales?tab=condicionestransporte,,no,,0,0,no,no,no,https://www.aerolineas.com.ar/legales?tab=condicionestransporte,band;help_root;fare_conditions_url;article_selector;,,q83535-1744,https://raw.githubusercontent.com/buffertse/airline-data/main/data/airlines.csv; https://raw.githubusercontent.com/buffertse/airline-data/main/data/airline-links.csv
aerolineas-sosa,Aerolineas Sosa,S0,Honduras,Scheduled,no,,,Latin America,,,,,,,,,,no,,0,0,no,no,no,,locale;band;official_website;help_root;baggage_checked_url;baggage_carryon_url;baggage_fees_url;fare_conditions_url;checkin_url;conditions_of_carriage_url;article_selector;,,,
aeromar,Aeromar,VW,Mexico,Scheduled,no,,,Latin America,,,,,,,,,,no,,0,0,no,yes,no,,locale;band;official_website;help_root;baggage_checked_url;baggage_carryon_url;baggage_fees_url;fare_conditions_url;checkin_url;conditions_of_carriage_url;article_selector;,,,
aeromexico-connect,Aeromexico Connect,5D,Mexico,Scheduled,no,,,Latin America,https://aeromexico.com,,,,,,,https://aeromexico.com/en-us/legal-information,,no,,0,0,no,no,no,https://aeromexico.com/en-us/legal-information,locale;band;help_root;baggage_checked_url;baggage_carryon_url;baggage_fees_url;fare_conditions_url;checkin_url;article_selector;,,,
aeromexico,Aeroméxico,AM,Mexico,Scheduled,yes,en,manual-priority,North America,https://aeromexico.com,,https://www.aeromexico.com/en-us/travel-information/baggage,https://www.aeromexico.com/en/travel-with-aeromexico/baggage/carry-on-bags,https://www.aeromexico.com/en/travel-with-aeromexico/baggage/excess-baggage-charges/index.html,,,https://aeromexico.com/en-us/legal-information,,yes,2026-09-03,0,4,no,yes,no,https://aeromexico.com/en-us/legal-information,help_root;fare_conditions_url;checkin_url;article_selector;,"4/6 urls imported from filled priority CSV; conditions_of_carriage_url prefilled from Duffel refs; please verify.; Missing fields filled from buffertse/airline-data, which records official airline domains and deep links sourced from airline websites.",aerom-xico-1032,https://raw.githubusercontent.com/buffertse/airline-data/main/data/airlines.csv; https://raw.githubusercontent.com/buffertse/airline-data/main/data/airline-links.csv
aeronautical-telecommunications-ltdaerotel,Aeronautical Telecommunications Ltd.(AEROTEL),XI,Jamaica,Scheduled,no,en,,Caribbean,,,,,,,,,,no,,0,0,no,no,no,,band;official_website;help_root;baggage_checked_url;baggage_carryon_url;baggage_fees_url;fare_conditions_url;checkin_url;conditions_of_carriage_url;article_selector;,,,
aeropelican-air-services,Aeropelican Air Services,OT,Australia,Scheduled,no,en,,Australia/Pacific,,,,,,,,,,no,,0,0,no,no,no,,band;official_website;help_root;baggage_checked_url;baggage_carryon_url;baggage_fees_url;fare_conditions_url;checkin_url;conditions_of_carriage_url;article_selector;,,,
aeroservis,Aeroservis,АЯ,Russia,Scheduled,no,,,Europe,,,,,,,,,,no,,0,0,no,no,no,,locale;band;official_website;help_root;baggage_checked_url;baggage_carryon_url;baggage_fees_url;fare_conditions_url;checkin_url;conditions_of_carriage_url;article_selector;,,,
aerotranscargo,Aerotranscargo,F5,Moldova (Republic of Moldova),Scheduled,no,,,,https://atc-md.aero,,,,,,,,,no,,0,0,no,no,no,,locale;band;region;help_root;baggage_checked_url;baggage_carryon_url;baggage_fees_url;fare_conditions_url;checkin_url;conditions_of_carriage_url;article_selector;,,aerotranscargo-1422,https://raw.githubusercontent.com/buffertse/airline-data/main/data/airlines.csv; https://raw.githubusercontent.com/buffertse/airline-data/main/data/airline-links.csv
aerovias-dap,Aerovias DAP,V5,Chile,Scheduled,no,,,Latin America,,,,,,,,,,no,,0,0,no,no,no,,locale;band;official_website;help_root;baggage_checked_url;baggage_carryon_url;baggage_fees_url;fare_conditions_url;checkin_url;conditions_of_carriage_url;article_selector;,,,
africa-world-airlines,Africa World Airlines,AW,Ghana,Scheduled,no,en,,Africa,,,,,,,,,,no,,0,0,no,no,no,,band;official_website;help_root;baggage_checked_url;baggage_carryon_url;baggage_fees_url;fare_conditions_url;checkin_url;conditions_of_carriage_url;article_selector;,,,
african-express-airways,African Express Airways,XU,Kenya,Scheduled,no,en,,Africa,https://africanexpress.net,,,,,,,,,no,,0,0,no,yes,no,,band;help_root;baggage_checked_url;baggage_carryon_url;baggage_fees_url;fare_conditions_url;checkin_url;conditions_of_carriage_url;article_selector;,"Missing fields filled from buffertse/airline-data, which records official airline domains and deep links sourced from airline websites.",african-express-airways-1038,https://raw.githubusercontent.com/buffertse/airline-data/main/data/airlines.csv; https://raw.githubusercontent.com/buffertse/airline-data/main/data/airline-links.csv
afrinat-international-airlines,Afrinat International Airlines,2F,Gambia,Scheduled,no,en,,Africa,,,,,,,,,,no,,0,0,no,no,no,,band;official_website;help_root;baggage_checked_url;baggage_carryon_url;baggage_fees_url;fare_conditions_url;checkin_url;conditions_of_carriage_url;article_selector;,,,
afriqiyah-airways,Afriqiyah Airways,8U,Libya,Scheduled,no,,,Africa,https://afriqiyah.aero,,,,,,,https://afriqiyah.aero/en/,,no,,0,0,no,no,no,https://afriqiyah.aero/en/,locale;band;help_root;baggage_checked_url;baggage_carryon_url;baggage_fees_url;fare_conditions_url;checkin_url;article_selector;,,,
aigle-azur,Aigle Azur,ZI,France,Scheduled,no,,,Europe,,,,,,,,,,no,,0,0,no,yes,no,,locale;band;official_website;help_root;baggage_checked_url;baggage_carryon_url;baggage_fees_url;fare_conditions_url;checkin_url;conditions_of_carriage_url;article_selector;,,,
air-albania,Air Albania,ZB,Reunion,Scheduled,yes,en,manual-priority,Asia,https://www.airalbania.com.al/contact,https://www.airalbania.com.al/contact,https://www.airalbania.com.al/luggage,https://www.airalbania.com.al/luggage,https://www.airalbania.com.al/luggage,,,https://www.airalbania.com.al/conditions-of-carriage,,yes,2026-09-03,4,0,no,yes,no,https://www.airalbania.com.al/conditions-of-carriage,fare_conditions_url;checkin_url;article_selector;,"4/6 urls imported from filled priority CSV; Missing fields filled from buffertse/airline-data, which records official airline domains and deep links sourced from airline websites.",air-albania-1388,https://raw.githubusercontent.com/buffertse/airline-data/main/data/airlines.csv; https://raw.githubusercontent.com/buffertse/airline-data/main/data/airline-links.csv; https://raw.githubusercontent.com/buffertse/airline-data/main/derived/baggage-summary.csv
air-algerie,Air Algerie,AH,Algeria,Scheduled,no,en,,Africa,https://airalgerie.dz,,https://airalgerie.dz/en/plan-your-trip/baggage/checked-baggage,https://airalgerie.dz/en/plan-your-trip/baggage/cabin-baggage,https://airalgerie.dz/en/plan-your-trip/baggage,,,https://airalgerie.dz/en/legal-notice/general-conditions-of-carriage-2/,,no,,0,0,no,no,no,https://airalgerie.dz/en/legal-notice/general-conditions-of-carriage-2/,band;help_root;fare_conditions_url;checkin_url;article_selector;,,air-alg-rie-1121,https://raw.githubusercontent.com/buffertse/airline-data/main/data/airlines.csv; https://raw.githubusercontent.com/buffertse/airline-data/main/data/airline-links.csv
air-alsie,Air Alsie,6I,Denmark,Scheduled,no,,,Europe,https://alsieexpress.dk,https://www.alsie.com/contact-us,,,,,,https://www.alsie.com/fleet/falcon-2000/ph-cgv,,no,,0,0,no,yes,no,https://www.alsie.com/fleet/falcon-2000/ph-cgv,locale;band;baggage_checked_url;baggage_carryon_url;baggage_fees_url;fare_conditions_url;checkin_url;article_selector;,"Missing fields filled from buffertse/airline-data, which records official airline domains and deep links sourced from airline websites.",air-alsie-1007,https://raw.githubusercontent.com/buffertse/airline-data/main/data/airlines.csv; https://raw.githubusercontent.com/buffertse/airline-data/main/data/airline-links.csv
air-anka,Air Anka,6K,Turkey,Scheduled,no,,,Europe,,,,,,,,,,no,,0,0,no,no,no,,locale;band;official_website;help_root;baggage_checked_url;baggage_carryon_url;baggage_fees_url;fare_conditions_url;checkin_url;conditions_of_carriage_url;article_selector;,,,
air-antilles,Air Antilles,4I,France,Low-cost,no,,,Europe,https://izair.com.tr,,,,,,,,,no,,0,0,no,no,no,,locale;band;help_root;baggage_checked_url;baggage_carryon_url;baggage_fees_url;fare_conditions_url;checkin_url;conditions_of_carriage_url;article_selector;,,izair-397,https://raw.githubusercontent.com/buffertse/airline-data/main/data/airlines.csv; https://raw.githubusercontent.com/buffertse/airline-data/main/data/airline-links.csv
air-arabia,Air Arabia,G9,United Arab Emirates,Low-cost,yes,en,manual-priority,Asia,https://www.airarabia.com/ar-ae/help/frequently-asked-questions/faq-source/special-assistance/baby-stroller,https://www.airarabia.com/ar-ae/help/frequently-asked-questions/faq-source/special-assistance/baby-stroller,https://www.airarabia.com/en/faqs/checked-baggage,https://www.airarabia.com/ar/checked-and-hand-baggages,https://www.airarabia.com/en/faqs/checked-baggage,,,https://www.airarabia.com/en/about-us/conditions-of-carriage,,yes,2026-09-03,0,4,no,yes,no,https://www.airarabia.com/en/about-us/conditions-of-carriage,fare_conditions_url;checkin_url;article_selector;,"4/6 urls imported from filled priority CSV; Missing fields filled from buffertse/airline-data, which records official airline domains and deep links sourced from airline websites.",air-arabia-1124,https://raw.githubusercontent.com/buffertse/airline-data/main/data/airlines.csv; https://raw.githubusercontent.com/buffertse/airline-data/main/data/airline-links.csv
air-arabia-abu-dhabi,Air Arabia Abu Dhabi,3L,United Arab Emirates,Low-cost,no,,,Middle East,,,,,,,,,,no,,0,0,no,no,no,,locale;band;official_website;help_root;baggage_checked_url;baggage_carryon_url;baggage_fees_url;fare_conditions_url;checkin_url;conditions_of_carriage_url;article_selector;,,,
air-arabia-egypt,Air Arabia Egypt,E5,Egypt,Low-cost,yes,en,manual-priority,Africa,https://www.airarabia.com,,https://www.airarabia.com/ar/help/baggage-enquiries/checked-baggage_baggage-enquiries,https://www.airarabia.com/ar/checked-and-hand-baggages,https://www.airarabia.com/ar/help/baggage-enquiries/checked-baggage_baggage-enquiries,,,https://www.airarabia.com/en/about-us/conditions-of-carriage,,yes,2026-09-03,0,4,no,yes,no,https://www.airarabia.com/en/about-us/conditions-of-carriage,help_root;fare_conditions_url;checkin_url;article_selector;,"4/6 urls imported from filled priority CSV; Missing fields filled from buffertse/airline-data, which records official airline domains and deep links sourced from airline websites.",air-arabia-egypt-1123,https://raw.githubusercontent.com/buffertse/airline-data/main/data/airlines.csv; https://raw.githubusercontent.com/buffertse/airline-data/main/data/airline-links.csv
air-arabia-maroc,Air Arabia Maroc,3O,Morocco,Low-cost,no,,,Africa,,,,,,,,,,no,,0,0,no,yes,no,,locale;band;official_website;help_root;baggage_checked_url;baggage_carryon_url;baggage_fees_url;fare_conditions_url;checkin_url;conditions_of_carriage_url;article_selector;,,,
air-astana,Air Astana,KC,Kazakhstan,Scheduled,yes,en,manual-priority,Asia,https://help.airastana.com/hc/en-gb,https://help.airastana.com/hc/en-gb,https://airastana.com/global-en/information/checked-baggage,https://airastana.com/ind-en/information/carry-on-baggage,https://airastana.com/global-en/information/checked-baggage,,,,,yes,2026-09-03,0,3,no,yes,no,,fare_conditions_url;checkin_url;conditions_of_carriage_url;article_selector;,"3/6 urls imported from filled priority CSV; Missing fields filled from buffertse/airline-data, which records official airline domains and deep links sourced from airline websites.",air-astana-1127,https://raw.githubusercontent.com/buffertse/airline-data/main/data/airlines.csv; https://raw.githubusercontent.com/buffertse/airline-data/main/data/airline-links.csv
air-atlanta,Air Atlanta,CC,Iceland,Scheduled,no,,,Europe,https://www.cmairlines.com,,,,,,,https://www.cmairlines.com/wp-content/uploads/2019/12/C-2-2019-11-Package-policies-EN.pdf,,no,,0,0,no,no,no,https://www.cmairlines.com/wp-content/uploads/2019/12/C-2-2019-11-Package-policies-EN.pdf,locale;band;help_root;baggage_checked_url;baggage_carryon_url;baggage_fees_url;fare_conditions_url;checkin_url;article_selector;,,air-atlanta-icelandic-1126,https://raw.githubusercontent.com/buffertse/airline-data/main/data/airlines.csv; https://raw.githubusercontent.com/buffertse/airline-data/main/data/airline-links.csv
air-atlanta-europe,Air Atlanta Europe,CT,United Kingdom,Scheduled,no,en,,Europe,https://airatlanta.com,,,,,,,,,no,,0,0,no,no,no,,band;help_root;baggage_checked_url;baggage_carryon_url;baggage_fees_url;fare_conditions_url;checkin_url;conditions_of_carriage_url;article_selector;,,air-atlanta-europe-1393,https://raw.githubusercontent.com/buffertse/airline-data/main/data/airlines.csv; https://raw.githubusercontent.com/buffertse/airline-data/main/data/airline-links.csv
air-austral,Air Austral,UU,France,Scheduled,yes,en,manual-priority,Europe,https://www.air-austral.com/en/help.html,https://www.air-austral.com/en/help.html,https://www.air-austral.com/en/prepare-your-flight/your-baggage/checked-baggage.html,https://www.air-austral.com/en/prepare-your-flight/your-baggage/carry-on-baggage.html,https://www.air-austral.com/en/prepare-your-flight/your-baggage/checked-baggage.html,,,https://www.air-austral.com/en/general-conditions-of-carriage.html,,yes,2026-09-03,0,4,no,yes,no,https://www.air-austral.com/en/general-conditions-of-carriage.html,fare_conditions_url;checkin_url;article_selector;,"4/6 urls imported from filled priority CSV; conditions_of_carriage_url prefilled from Duffel refs; please verify.; Missing fields filled from buffertse/airline-data, which records official airline domains and deep links sourced from airline websites.",air-austral-1128,https://raw.githubusercontent.com/buffertse/airline-data/main/data/airlines.csv; https://raw.githubusercontent.com/buffertse/airline-data/main/data/airline-links.csv
air-berlin,Air Berlin,HE,Germany,Scheduled,no,,,Europe,,,,,,,,,,no,,0,0,no,no,no,,locale;band;official_website;help_root;baggage_checked_url;baggage_carryon_url;baggage_fees_url;fare_conditions_url;checkin_url;conditions_of_carriage_url;article_selector;,,,
air-botswana,Air Botswana,BP,Botswana,Scheduled,yes,en,manual-priority,Africa,https://www.airbotswana.co.bw/contact-us,https://www.airbotswana.co.bw/contact-us,https://www.airbotswana.co.bw/please-inspect-your-baggage-immediately-after-claiming-it-your-destination,https://www.airbotswana.co.bw/please-inspect-your-baggage-immediately-after-claiming-it-your-destination,https://www.airbotswana.co.bw/please-inspect-your-baggage-immediately-after-claiming-it-your-destination,,,https://www.airbotswana.co.bw/general-conditions-carriage,,yes,2026-09-03,0,4,no,yes,no,https://www.airbotswana.co.bw/general-conditions-carriage,fare_conditions_url;checkin_url;article_selector;,"4/6 urls imported from filled priority CSV; conditions_of_carriage_url prefilled from Duffel refs; please verify.; Missing fields filled from buffertse/airline-data, which records official airline domains and deep links sourced from airline websites.",air-botswana-1129,https://raw.githubusercontent.com/buffertse/airline-data/main/data/airlines.csv; https://raw.githubusercontent.com/buffertse/airline-data/main/data/airline-links.csv
air-burkina,Air Burkina,2J,Burkina Faso,Scheduled,yes,en,manual-priority,Africa,https://air-burkina.com,,https://air-burkina.com/en/plan-a-trip/luggage/checked-baggage,https://air-burkina.com/preparer-son-voyage/bagages/franchise-bagages,https://air-burkina.com/en/plan-a-trip/luggage/checked-baggage,,,"https://air-burkina.com/en/general-conditions-of-carriage#:~:text=The%20passenger%20is%20required%20to,departure%20formalities%20to%20be%20completed.",,yes,2026-09-03,4,0,no,yes,no,"https://air-burkina.com/en/general-conditions-of-carriage#:~:text=The%20passenger%20is%20required%20to,departure%20formalities%20to%20be%20completed.",help_root;fare_conditions_url;checkin_url;article_selector;,"4/6 urls imported from filled priority CSV; conditions_of_carriage_url prefilled from Duffel refs; please verify.; Missing fields filled from buffertse/airline-data, which records official airline domains and deep links sourced from airline websites.",air-burkina-1131,https://raw.githubusercontent.com/buffertse/airline-data/main/data/airlines.csv; https://raw.githubusercontent.com/buffertse/airline-data/main/data/airline-links.csv; https://raw.githubusercontent.com/buffertse/airline-data/main/derived/baggage-summary.csv
air-busan,Air Busan,BX,South Korea,Low-cost,no,,,Asia,,,,,,,,,,no,,0,0,no,yes,no,,locale;band;official_website;help_root;baggage_checked_url;baggage_carryon_url;baggage_fees_url;fare_conditions_url;checkin_url;conditions_of_carriage_url;article_selector;,,,
air-cairo,Air Cairo,SM,Egypt,Scheduled,no,en,,Africa,https://aircairo.com,,https://aircairo.com/en-ae/baggage,https://aircairo.com/en-ae/baggage,https://aircairo.com/en-ae/baggage,,,,,no,,0,0,no,no,no,,band;help_root;fare_conditions_url;checkin_url;conditions_of_carriage_url;article_selector;,,air-cairo-176,https://raw.githubusercontent.com/buffertse/airline-data/main/data/airlines.csv; https://raw.githubusercontent.com/buffertse/airline-data/main/data/airline-links.csv
air-caledonie,Air Caledonie,TY,New Caledonia,Scheduled,no,en,,Australia/Pacific,https://air-caledonie.nc,,https://www.air-caledonie.nc/en/travel/luggage/checked-baggage,https://www.air-caledonie.nc/en/travel/luggage/carryon-luggage,https://www.air-caledonie.nc/en/travel/luggage,,,,,no,,0,0,no,no,no,,band;help_root;fare_conditions_url;checkin_url;conditions_of_carriage_url;article_selector;,,air-cal-donie-1133,https://raw.githubusercontent.com/buffertse/airline-data/main/data/airlines.csv; https://raw.githubusercontent.com/buffertse/airline-data/main/data/airline-links.csv
air-cambodia,Air Cambodia,K6,Cambodia,Scheduled,yes,en,manual-priority,Asia,https://www.cambodiaangkorair.com,,,,,,,https://www.cambodiaangkorair.com/post-category/34/terms-and-conditions,,yes,2026-09-03,0,1,no,yes,no,https://www.cambodiaangkorair.com/post-category/34/terms-and-conditions,help_root;baggage_checked_url;baggage_carryon_url;baggage_fees_url;fare_conditions_url;checkin_url;article_selector;,1/6 urls imported from filled priority CSV; conditions_of_carriage_url prefilled from Duffel refs; please verify.,air-cambodia-1010,https://raw.githubusercontent.com/buffertse/airline-data/main/data/airlines.csv; https://raw.githubusercontent.com/buffertse/airline-data/main/data/airline-links.csv
air-canada-express,Air Canada Express,QK,Canada,Scheduled,no,en,,North America,https://flyjazz.ca,,,,,,,,,no,,0,0,no,no,no,,band;help_root;baggage_checked_url;baggage_carryon_url;baggage_fees_url;fare_conditions_url;checkin_url;conditions_of_carriage_url;article_selector;,,jazz-aviation-413,https://raw.githubusercontent.com/buffertse/airline-data/main/data/airlines.csv; https://raw.githubusercontent.com/buffertse/airline-data/main/data/airline-links.csv
air-canada-rouge,Air Canada Rouge,RV,Canada,Low-cost,no,en,,North America,https://flyrouge.com,https://flyrouge.com/content/aircanada/ca/en/aco/home/fly/customer-support.html,https://www.flyrouge.com/content/dam/aircanada/portal/documents/PDF/en/military_baggage_policy.pdf,https://www.flyrouge.com/content/dam/aircanada/portal/documents/PDF/en/military_baggage_policy.pdf,https://www.flyrouge.com/content/dam/aircanada/portal/documents/PDF/en/military_baggage_policy.pdf,,,,,no,,0,0,no,no,no,,band;fare_conditions_url;checkin_url;conditions_of_carriage_url;article_selector;,,air-canada-rouge-896,https://raw.githubusercontent.com/buffertse/airline-data/main/data/airlines.csv; https://raw.githubusercontent.com/buffertse/airline-data/main/data/airline-links.csv
air-caraibes,Air Caraibes,TX,"France (Guadeloupe, overseas territory)",Scheduled,no,en,,,https://en.aircaraibes.com,,https://www.aircaraibes.com/en/before-travel/baggages,https://www.aircaraibes.com/en/before-travel/baggages,https://www.aircaraibes.com/en/before-travel/baggages,,,https://en.aircaraibes.com/en/general-conditions-sale-and-carriage,,no,,0,0,no,no,no,https://en.aircaraibes.com/en/general-conditions-sale-and-carriage,band;region;help_root;fare_conditions_url;checkin_url;article_selector;,,air-cara-bes-1134,https://raw.githubusercontent.com/buffertse/airline-data/main/data/airlines.csv; https://raw.githubusercontent.com/buffertse/airline-data/main/data/airline-links.csv
air-cargo-carriers-llc,"Air Cargo Carriers, LLC.",2Q,United States,Scheduled,no,en,,North America,https://aircar.com,,,,,,,,,no,,0,0,no,yes,no,,band;help_root;baggage_checked_url;baggage_carryon_url;baggage_fees_url;fare_conditions_url;checkin_url;conditions_of_carriage_url;article_selector;,"Missing fields filled from buffertse/airline-data, which records official airline domains and deep links sourced from airline websites.",air-cargo-carriers-686,https://raw.githubusercontent.com/buffertse/airline-data/main/data/airlines.csv; https://raw.githubusercontent.com/buffertse/airline-data/main/data/airline-links.csv
air-cargo-germany,Air Cargo Germany,6U,Germany,Scheduled,no,,,Europe,,,,,,,,,,no,,0,0,no,no,no,,locale;band;official_website;help_root;baggage_checked_url;baggage_carryon_url;baggage_fees_url;fare_conditions_url;checkin_url;conditions_of_carriage_url;article_selector;,,,
air-century,Air Century,Y2,Dominican Republic,Scheduled,no,en,,Caribbean,https://aircentury.com,,https://aircentury.com/en/baggage,https://aircentury.com/en/baggage,https://aircentury.com/en/baggage,,,,,no,,0,0,no,no,no,,band;help_root;fare_conditions_url;checkin_url;conditions_of_carriage_url;article_selector;,,air-century-1242,https://raw.githubusercontent.com/buffertse/airline-data/main/data/airlines.csv; https://raw.githubusercontent.com/buffertse/airline-data/main/data/airline-links.csv
air-changan,Air Changan,9H,China,Scheduled,yes,en,manual-priority,Asia,https://www.airchangan.com,,https://www.airchangan.com/acEntry/baggage,https://www.airchangan.com/acEntry/baggage,https://www.airchangan.com/acEntry/baggage,,,,,yes,2026-09-03,0,3,no,yes,no,,help_root;fare_conditions_url;checkin_url;conditions_of_carriage_url;article_selector;,"3/6 urls imported from filled priority CSV; Missing fields filled from buffertse/airline-data, which records official airline domains and deep links sourced from airline websites.",air-changan-60,https://raw.githubusercontent.com/buffertse/airline-data/main/data/airlines.csv; https://raw.githubusercontent.com/buffertse/airline-data/main/data/airline-links.csv
air-china,Air China,CA,China,Scheduled,yes,en-cn,1b,East Asia,https://www.airchina.co.uk,,https://www.airchina.com.cn/en/info/travel-prep/baggage/checked-baggage.shtml,https://www.airchina.com.cn/en/info/travel-prep/baggage/carry-on-baggage.shtml,https://www.airchina.com.cn/en/info/travel-prep/baggage/excess-baggage.shtml,https://www.airchina.com.cn/en/info/travel-prep/fare-rules.shtml,https://www.airchina.com.cn/en/info/online-check-in/,https://www.airchina.com.cn/en/info/travel-prep/conditions-of-carriage.shtml,,yes,2026-09-03,0,6,no,yes,no,https://www.airchina.co.uk/GB/GB/General-Conditions-of-Carriage-for-Passengers-and-Baggage,help_root;article_selector;,6/6 urls,air-china-1844,C:\Users\kspellman\Documents\Codex\2026-08-24\vie\work\airline_research_data.json; https://raw.githubusercontent.com/buffertse/airline-data/main/data/airlines.csv; https://raw.githubusercontent.com/buffertse/airline-data/main/data/airline-links.csv
air-congo,Air Congo,4H,Democratic Republic of the Congo,Scheduled,no,en,,Africa,https://uabdl.com,,https://www.air-congo.com/en/information/baggage-information,https://www.air-congo.com/en/information/baggage-information/carry-on-baggage,https://www.air-congo.com/en/information/baggage-information,,,https://www.air-congo.com/en/information/essential-information/conditions-of-carriage,,no,,0,0,no,no,no,https://www.air-congo.com/en/information/essential-information/conditions-of-carriage,band;help_root;fare_conditions_url;checkin_url;article_selector;,,air-congo-301,https://raw.githubusercontent.com/buffertse/airline-data/main/data/airlines.csv; https://raw.githubusercontent.com/buffertse/airline-data/main/data/airline-links.csv
air-corsica,Air Corsica,XK,France,Scheduled,yes,en,manual-priority,Europe,https://www.aircorsica.com,,https://www.aircorsica.com/flights/cabin-hold-baggage.html,https://www.aircorsica.com/flights/cabin-hold-baggage.html,https://www.aircorsica.com/flights/cabin-hold-baggage.html,,,https://www.aircorsica.com/flights/conditions-carriage-passengers.html,,yes,2026-09-03,4,0,no,yes,no,https://www.aircorsica.com/flights/conditions-carriage-passengers.html,help_root;fare_conditions_url;checkin_url;article_selector;,"4/6 urls imported from filled priority CSV; conditions_of_carriage_url prefilled from Duffel refs; please verify.; Missing fields filled from buffertse/airline-data, which records official airline domains and deep links sourced from airline websites.",air-corsica-1137,https://raw.githubusercontent.com/buffertse/airline-data/main/data/airlines.csv; https://raw.githubusercontent.com/buffertse/airline-data/main/data/airline-links.csv
air-cote-divoire,Air Cote D'Ivoire,HF,Côte d'Ivoire (Ivory Coast),Scheduled,yes,en,manual-priority,Asia,https://www.aircotedivoire.com,,https://www.aircotedivoire.com/informations/bagages,https://www.aircotedivoire.com/informations/bagages,https://www.aircotedivoire.com/informations/bagages,,,https://www.aircotedivoire.com/en/flight-booking/terms-and-conditions-of-carriage,,yes,2026-09-03,4,0,no,yes,no,https://www.aircotedivoire.com/en/flight-booking/terms-and-conditions-of-carriage,help_root;fare_conditions_url;checkin_url;article_selector;,"4/6 urls imported from filled priority CSV; Missing fields filled from buffertse/airline-data, which records official airline domains and deep links sourced from airline websites.",air-c-te-d-ivoire-1046,https://raw.githubusercontent.com/buffertse/airline-data/main/data/airlines.csv; https://raw.githubusercontent.com/buffertse/airline-data/main/data/airline-links.csv
air-creebec,Air Creebec,YN,Canada,Scheduled,no,en,,North America,https://aircreebec.ca,https://www.aircreebec.ca/help,https://www.aircreebec.ca/baggage,https://www.aircreebec.ca/baggage,https://www.aircreebec.ca/baggage,,,,,no,,0,0,no,no,no,,band;fare_conditions_url;checkin_url;conditions_of_carriage_url;article_selector;,,air-creebec-1138,https://raw.githubusercontent.com/buffertse/airline-data/main/data/airlines.csv; https://raw.githubusercontent.com/buffertse/airline-data/main/data/airline-links.csv
air-dilijans,Air Dilijans,RM,Armenia,Scheduled,yes,en,manual-priority,Asia,https://armeniafly.com,,https://airdilijans.com/non-standard-baggage,https://airdilijans.com/non-standard-baggage,https://airdilijans.com/non-standard-baggage,,,https://armeniafly.com/conditions-of-carriage-en,,yes,2026-09-03,0,4,no,yes,no,https://armeniafly.com/conditions-of-carriage-en,help_root;fare_conditions_url;checkin_url;article_selector;,"4/6 urls imported from filled priority CSV; conditions_of_carriage_url prefilled from Duffel refs; please verify.; Missing fields filled from buffertse/airline-data, which records official airline domains and deep links sourced from airline websites.",air-dilijans-807,https://raw.githubusercontent.com/buffertse/airline-data/main/data/airlines.csv; https://raw.githubusercontent.com/buffertse/airline-data/main/data/airline-links.csv
air-djibouti,Air Djibouti,DJ,Djibouti,Scheduled,no,,,,https://air-djibouti.com,https://air-djibouti.com/contact.php,,,,,,,,no,,0,0,no,yes,no,,locale;band;region;baggage_checked_url;baggage_carryon_url;baggage_fees_url;fare_conditions_url;checkin_url;conditions_of_carriage_url;article_selector;,"Missing fields filled from buffertse/airline-data, which records official airline domains and deep links sourced from airline websites.",air-djibouti-1502,https://raw.githubusercontent.com/buffertse/airline-data/main/data/airlines.csv; https://raw.githubusercontent.com/buffertse/airline-data/main/data/airline-links.csv
air-do,Air Do,HD,Japan,Scheduled,no,en,,Asia,https://airdo.jp,https://www.airdo.jp/en/support/faq/general,https://www.airdo.jp/en/departure/baggage,https://www.airdo.jp/en/departure/baggage/carry-on-baggage,https://www.airdo.jp/en/departure/baggage,,https://www.airdo.jp/en/departure/checkin,https://www.airdo.jp/en/corporate/info/conditions-of-carriage,,no,,0,0,no,no,no,https://www.airdo.jp/en/corporate/info/conditions-of-carriage,band;fare_conditions_url;article_selector;,,air-do-1813,https://raw.githubusercontent.com/buffertse/airline-data/main/data/airlines.csv; https://raw.githubusercontent.com/buffertse/airline-data/main/data/airline-links.csv
air-europa,Air Europa,UX,Spain,Scheduled,yes,en,manual-priority,Europe,https://www.aireuropa.com,,https://www.aireuropa.com/de/en/aea/travel-information/baggage/checked-baggage,https://www.aireuropa.com/de/en/aea/travel-information/baggage/carry-on-luggage,https://www.aireuropa.com/de/en/aea/travel-information/baggage/checked-baggage,,,https://www.aireuropa.com/uk/en/aea/travel-information/terms-and-conditions/conditions-of-carriage.html,,yes,2026-09-03,0,4,no,yes,no,https://www.aireuropa.com/uk/en/aea/travel-information/terms-and-conditions/conditions-of-carriage.html,help_root;fare_conditions_url;checkin_url;article_selector;,"4/6 urls imported from filled priority CSV; conditions_of_carriage_url prefilled from Duffel refs; please verify.; Missing fields filled from buffertse/airline-data, which records official airline domains and deep links sourced from airline websites.",air-europa-980,https://raw.githubusercontent.com/buffertse/airline-data/main/data/airlines.csv; https://raw.githubusercontent.com/buffertse/airline-data/main/data/airline-links.csv
air-europa-express,Air Europa Express,X5,Spain,Scheduled,no,,,Europe,https://www.aireuropa.com,,,,,,,https://www.aireuropa.com/uk/en/aea/travel-information/terms-and-conditions/conditions-of-carriage.html,,no,,0,0,no,no,no,https://www.aireuropa.com/uk/en/aea/travel-information/terms-and-conditions/conditions-of-carriage.html,locale;band;help_root;baggage_checked_url;baggage_carryon_url;baggage_fees_url;fare_conditions_url;checkin_url;article_selector;,,ten-airways-491,https://raw.githubusercontent.com/buffertse/airline-data/main/data/airlines.csv; https://raw.githubusercontent.com/buffertse/airline-data/main/data/airline-links.csv
air-excel,Air Excel,0X,Tanzania,Scheduled,no,,,Africa,,,,,,,,,,no,,0,0,no,no,no,,locale;band;official_website;help_root;baggage_checked_url;baggage_carryon_url;baggage_fees_url;fare_conditions_url;checkin_url;conditions_of_carriage_url;article_selector;,,,
air-flamenco,Air Flamenco,F4,United States,Scheduled,no,en,,North America,https://airflamenco.net,,,,,,,,,no,,0,0,no,no,no,,band;help_root;baggage_checked_url;baggage_carryon_url;baggage_fees_url;fare_conditions_url;checkin_url;conditions_of_carriage_url;article_selector;,,air-flamenco-1243,https://raw.githubusercontent.com/buffertse/airline-data/main/data/airlines.csv; https://raw.githubusercontent.com/buffertse/airline-data/main/data/airline-links.csv
air-france,Air France,AF,France,Scheduled,yes,en-fr,1a,Europe,https://wwws.airfrance.co.uk,,https://wwws.airfrance.fr/en/information/bagages/bagage-cabine-soute,https://wwws.airfrance.fr/en/information/bagages/bagage-cabine-soute,https://wwws.airfrance.fr/en/information/bagages/bagages-supplementaires,https://wwws.airfrance.fr/en/information/legal/edito-cg-transport,https://wwws.airfrance.fr/en/check-in,https://wwws.airfrance.fr/en/information/legal/edito-cg-transport,,yes,2026-09-03,0,6,no,yes,no,https://wwws.airfrance.co.uk/information/legal/edito-cg-airfrance,help_root;article_selector;,6/6 urls,air-france-300,C:\Users\kspellman\Documents\Codex\2026-08-24\vie\work\airline_research_data.json; https://raw.githubusercontent.com/buffertse/airline-data/main/data/airlines.csv; https://raw.githubusercontent.com/buffertse/airline-data/main/data/airline-links.csv
air-greenland,Air Greenland,GL,Greenland,Scheduled,yes,en,manual-priority,Asia,https://as-agl-web-prod.azurewebsites.net,,https://agent.airgreenland.com/hc/en-us/articles/115005305567-Baggage,https://agent.airgreenland.com/hc/en-us/articles/115005305567-Baggage,https://agent.airgreenland.com/hc/en-us/articles/115005305567-Baggage,,,https://as-agl-web-prod.azurewebsites.net/media/5hkdqc4p/provisions-of-carriage-air-greenland.pdf,,yes,2026-09-03,3,1,no,yes,no,https://as-agl-web-prod.azurewebsites.net/media/5hkdqc4p/provisions-of-carriage-air-greenland.pdf,help_root;fare_conditions_url;checkin_url;article_selector;,"4/6 urls imported from filled priority CSV; conditions_of_carriage_url prefilled from Duffel refs; please verify.; Missing fields filled from buffertse/airline-data, which records official airline domains and deep links sourced from airline websites.",air-greenland-1142,https://raw.githubusercontent.com/buffertse/airline-data/main/data/airlines.csv; https://raw.githubusercontent.com/buffertse/airline-data/main/data/airline-links.csv; https://raw.githubusercontent.com/buffertse/airline-data/main/derived/baggage-summary.csv
air-guilin,Air Guilin,GT,China,Scheduled,no,,,Asia,https://airguilin.com,,https://www.airguilin.com/stdair/webckipe/baggagePurchase,https://www.airguilin.com/stdair/webckipe/baggagePurchase,https://www.airguilin.com/stdair/webckipe/baggagePurchase,,https://www.airguilin.com/stdair/webckipe/allChannelCheckIn,,,no,,0,0,no,no,no,,locale;band;help_root;fare_conditions_url;conditions_of_carriage_url;article_selector;,,air-guilin-810,https://raw.githubusercontent.com/buffertse/airline-data/main/data/airlines.csv; https://raw.githubusercontent.com/buffertse/airline-data/main/data/airline-links.csv
air-iceland-connect,Air Iceland Connect,NY,Iceland,Scheduled,no,,,Europe,,,,,,,,,,no,,0,0,no,yes,no,,locale;band;official_website;help_root;baggage_checked_url;baggage_carryon_url;baggage_fees_url;fare_conditions_url;checkin_url;conditions_of_carriage_url;article_selector;,,,
air-incheon,Air Incheon,KJ,South Korea,Scheduled,no,,,Asia,,,,,,,,,,no,,0,0,no,no,no,,locale;band;official_website;help_root;baggage_checked_url;baggage_carryon_url;baggage_fees_url;fare_conditions_url;checkin_url;conditions_of_carriage_url;article_selector;,,,
air-india,Air India,AI,India,Scheduled,yes,en-in,1b,South Asia,https://www.airindia.in,,https://www.airindia.com/in/en/travel-information/baggage-guidelines/checked-baggage.html,https://www.airindia.com/in/en/travel-information/baggage-guidelines/cabin-baggage.html,https://www.airindia.com/in/en/travel-information/baggage-guidelines/excess-baggage.html,https://www.airindia.com/in/en/book/fare-rules.html,https://www.airindia.com/in/en/manage/check-in.html,https://www.airindia.com/in/en/terms-and-conditions/conditions-of-carriage.html,,yes,2026-09-03,0,6,no,yes,no,https://www.airindia.in/terms-conditions.htm,help_root;article_selector;,6/6 urls,,C:\Users\kspellman\Documents\Codex\2026-08-24\vie\work\airline_research_data.json
air-india-express,Air India Express,IX,India,Low-cost,no,,,Asia,https://airindiaexpress.in,,,,,,,,,no,,0,0,no,yes,no,,locale;band;help_root;baggage_checked_url;baggage_carryon_url;baggage_fees_url;fare_conditions_url;checkin_url;conditions_of_carriage_url;article_selector;,"Missing fields filled from buffertse/airline-data, which records official airline domains and deep links sourced from airline websites.",air-india-express-1146,https://raw.githubusercontent.com/buffertse/airline-data/main/data/airlines.csv; https://raw.githubusercontent.com/buffertse/airline-data/main/data/airline-links.csv
air-inuit,Air Inuit,3H,Canada,Scheduled,no,en,,North America,https://airinuit.com,,,,,,,,,no,,0,0,no,no,no,,band;help_root;baggage_checked_url;baggage_carryon_url;baggage_fees_url;fare_conditions_url;checkin_url;conditions_of_carriage_url;article_selector;,,air-inuit-1148,https://raw.githubusercontent.com/buffertse/airline-data/main/data/airlines.csv; https://raw.githubusercontent.com/buffertse/airline-data/main/data/airline-links.csv
air-japan,Air Japan,NQ,Japan,Scheduled,yes,en,manual-priority,Asia,https://www.air-japan.co.jp,,,,,,,https://www.air-japan.co.jp/,,yes,2026-09-03,1,0,no,yes,no,https://www.air-japan.co.jp/,help_root;baggage_checked_url;baggage_carryon_url;baggage_fees_url;fare_conditions_url;checkin_url;article_selector;,1/6 urls imported from filled priority CSV; conditions_of_carriage_url prefilled from Duffel refs; please verify.,air-japan-230,https://raw.githubusercontent.com/buffertse/airline-data/main/data/airlines.csv; https://raw.githubusercontent.com/buffertse/airline-data/main/data/airline-links.csv
air-kbz,Air KBZ,K7,Myanmar,Scheduled,no,,,Asia,,,,,,,,,,no,,0,0,no,no,no,,locale;band;official_website;help_root;baggage_checked_url;baggage_carryon_url;baggage_fees_url;fare_conditions_url;checkin_url;conditions_of_carriage_url;article_selector;,,,
air-kiribati,Air Kiribati,IK,Kiribati,Scheduled,no,en,,,https://kayaairlines.com,,https://ikar.aero/en/baggage,https://ikar.aero/en/baggage,https://ikar.aero/en/baggage,,,,,no,,0,0,no,yes,no,,band;region;help_root;fare_conditions_url;checkin_url;conditions_of_carriage_url;article_selector;,,ikar-1455,https://raw.githubusercontent.com/buffertse/airline-data/main/data/airlines.csv; https://raw.githubusercontent.com/buffertse/airline-data/main/data/airline-links.csv
air-koryo,Air Koryo,JS,North Korea,Scheduled,no,,,,https://airkoryo.com.kp,,,,,,,,,no,,0,0,no,yes,no,,locale;band;region;help_root;baggage_checked_url;baggage_carryon_url;baggage_fees_url;fare_conditions_url;checkin_url;conditions_of_carriage_url;article_selector;,"Missing fields filled from buffertse/airline-data, which records official airline domains and deep links sourced from airline websites.",air-koryo-842,https://raw.githubusercontent.com/buffertse/airline-data/main/data/airlines.csv; https://raw.githubusercontent.com/buffertse/airline-data/main/data/airline-links.csv
air-libya,Air Libya,7I,Libya,Scheduled,no,,,Africa,,,,,,,,,,no,,0,0,no,yes,no,,locale;band;official_website;help_root;baggage_checked_url;baggage_carryon_url;baggage_fees_url;fare_conditions_url;checkin_url;conditions_of_carriage_url;article_selector;,,,
air-link,Air Link,LZ,Australia,Scheduled,no,en,,Australia/Pacific,https://airlinkcargo.co.za,,,,,,,,,no,,0,0,no,no,no,,band;help_root;baggage_checked_url;baggage_carryon_url;baggage_fees_url;fare_conditions_url;checkin_url;conditions_of_carriage_url;article_selector;,,airlink-cargo-828,https://raw.githubusercontent.com/buffertse/airline-data/main/data/airlines.csv; https://raw.githubusercontent.com/buffertse/airline-data/main/data/airline-links.csv
air-lituanica,Air Lituanica,LT,Lithuania,Scheduled,no,,,Europe,,,,,,,,,,no,,0,0,no,no,no,,locale;band;official_website;help_root;baggage_checked_url;baggage_carryon_url;baggage_fees_url;fare_conditions_url;checkin_url;conditions_of_carriage_url;article_selector;,,,
air-macau,Air Macau,NX,Macao,Scheduled,yes,en,manual-priority,Asia,http://www.airmacau.com.mo,,https://www.airmacau.com.mo/mo/flightRules/luggage,https://www.airmacau.com.mo/mo/flightRules/luggage,https://www.airmacau.com.mo/mo/flightRules/luggage,,,http://www.airmacau.com.mo/,,yes,2026-09-03,0,4,no,yes,no,http://www.airmacau.com.mo/,help_root;fare_conditions_url;checkin_url;article_selector;,"4/6 urls imported from filled priority CSV; conditions_of_carriage_url prefilled from Duffel refs; please verify.; Missing fields filled from buffertse/airline-data, which records official airline domains and deep links sourced from airline websites.",air-macau-1152,https://raw.githubusercontent.com/buffertse/airline-data/main/data/airlines.csv; https://raw.githubusercontent.com/buffertse/airline-data/main/data/airline-links.csv
air-madagascar,Air Madagascar,MD,Madagascar,Scheduled,yes,en,manual-priority,Africa,https://madagascarairlines.com,,https://madagascarairlines.com/en/plan-your-trip/baggage.html,https://madagascarairlines.com/en/plan-your-trip/baggage.html,https://madagascarairlines.com/en/plan-your-trip/baggage.html,,,https://madagascarairlines.com/en/informations/general-conditions-of-sale-and-carriage.html,,yes,2026-09-03,0,4,no,yes,no,https://madagascarairlines.com/en/informations/general-conditions-of-sale-and-carriage.html,help_root;fare_conditions_url;checkin_url;article_selector;,"4/6 urls imported from filled priority CSV; conditions_of_carriage_url prefilled from Duffel refs; please verify.; Missing fields filled from buffertse/airline-data, which records official airline domains and deep links sourced from airline websites.",air-madagascar-830,https://raw.githubusercontent.com/buffertse/airline-data/main/data/airlines.csv; https://raw.githubusercontent.com/buffertse/airline-data/main/data/airline-links.csv
air-manas,Air Manas,ZM,Kyrgyzstan,Low-cost,no,,,Asia,,,,,,,,,,no,,0,0,no,no,no,,locale;band;official_website;help_root;baggage_checked_url;baggage_carryon_url;baggage_fees_url;fare_conditions_url;checkin_url;conditions_of_carriage_url;article_selector;,,,
air-mauritius,Air Mauritius,MK,Mauritius,Scheduled,yes,en,manual-priority,Africa,https://www.airmauritius.com/en/help/faq/special-assistance,https://www.airmauritius.com/en/help/faq/special-assistance,https://www.airmauritius.com/en/before-you-fly/baggage/checked-baggage,https://www.airmauritius.com/en/before-you-fly/baggage/carry-on-baggage,https://www.airmauritius.com/en/before-you-fly/baggage/checked-baggage,,,https://www.airmauritius.com/conditions-of-carriage,,yes,2026-09-03,0,4,no,yes,no,https://www.airmauritius.com/conditions-of-carriage,fare_conditions_url;checkin_url;article_selector;,"4/6 urls imported from filled priority CSV; conditions_of_carriage_url prefilled from Duffel refs; please verify.; Missing fields filled from buffertse/airline-data, which records official airline domains and deep links sourced from airline websites.",air-mauritius-1156,https://raw.githubusercontent.com/buffertse/airline-data/main/data/airlines.csv; https://raw.githubusercontent.com/buffertse/airline-data/main/data/airline-links.csv
air-mekong,Air Mekong,P8,Vietnam,Scheduled,no,,,Asia,https://sprintair.eu,,,,,,,,,no,,0,0,no,yes,no,,locale;band;help_root;baggage_checked_url;baggage_carryon_url;baggage_fees_url;fare_conditions_url;checkin_url;conditions_of_carriage_url;article_selector;,,sprintair-1383,https://raw.githubusercontent.com/buffertse/airline-data/main/data/airlines.csv; https://raw.githubusercontent.com/buffertse/airline-data/main/data/airline-links.csv
air-moana,Air Moana,NM,French Polynesia,Scheduled,no,,,Australia/Pacific,,,,,,,,,,no,,0,0,no,yes,no,,locale;band;official_website;help_root;baggage_checked_url;baggage_carryon_url;baggage_fees_url;fare_conditions_url;checkin_url;conditions_of_carriage_url;article_selector;,,,
air-mobility-command,Air Mobility Command,MC,United States,Scheduled,no,en,,North America,,,,,,,,,,no,,0,0,no,no,no,,band;official_website;help_root;baggage_checked_url;baggage_carryon_url;baggage_fees_url;fare_conditions_url;checkin_url;conditions_of_carriage_url;article_selector;,,,
air-moldova,Air Moldova,9U,Moldova,Scheduled,yes,en,manual-priority,Europe,https://www.airmoldova.md,,,,,,,https://www.airmoldova.md/terms-of-carriage-en/,,yes,2026-09-03,1,0,no,yes,no,https://www.airmoldova.md/terms-of-carriage-en/,help_root;baggage_checked_url;baggage_carryon_url;baggage_fees_url;fare_conditions_url;checkin_url;article_selector;,1/6 urls imported from filled priority CSV; conditions_of_carriage_url prefilled from Duffel refs; please verify.,,
air-montenegro,Air Montenegro,4O,Montenegro,Scheduled,no,en,,Europe,https://airmontenegro.com,,https://airmontenegro.com/en/baggage,https://airmontenegro.com/en/baggage,https://airmontenegro.com/en/baggage,,,https://airmontenegro.com/en/contract-of-carriage,,no,,0,0,no,no,no,https://airmontenegro.com/en/contract-of-carriage,band;help_root;fare_conditions_url;checkin_url;article_selector;,,air-montenegro-86,https://raw.githubusercontent.com/buffertse/airline-data/main/data/airlines.csv; https://raw.githubusercontent.com/buffertse/airline-data/main/data/airline-links.csv
air-namibia,Air Namibia,SW,Namibia,Scheduled,no,,,Africa,,,,,,,,,,no,,0,0,no,yes,no,,locale;band;official_website;help_root;baggage_checked_url;baggage_carryon_url;baggage_fees_url;fare_conditions_url;checkin_url;conditions_of_carriage_url;article_selector;,,,
air-new-zealand,Air New Zealand,NZ,New Zealand,Scheduled,yes,en-nz,1a,Australia/Pacific,https://www.airnewzealand.co.uk,,https://www.airnewzealand.com/en-nz/travel-info/baggage,https://www.airnewzealand.com/en-nz/travel-info/baggage,https://www.airnewzealand.com/en-nz/travel-info/baggage,https://www.airnewzealand.com/en-nz/book/fare-rules,,https://www.airnewzealand.com/en-nz/conditions-of-carriage,,yes,2026-09-03,0,5,no,yes,no,https://www.airnewzealand.co.uk/conditions-of-carriage,help_root;checkin_url;article_selector;,"5/6 urls, baggage is one shared page",air-new-zealand-685,C:\Users\kspellman\Documents\Codex\2026-08-24\vie\work\airline_research_data.json; https://raw.githubusercontent.com/buffertse/airline-data/main/data/airlines.csv; https://raw.githubusercontent.com/buffertse/airline-data/main/data/airline-links.csv
air-niamey,Air Niamey,A7,Niger,Low-cost,no,,,Africa,https://calafiaairlines.com,,https://www.calafiaairlines.com/Servicios/Equipaje,https://www.calafiaairlines.com/Servicios/Equipaje,https://www.calafiaairlines.com/Servicios/Equipaje,,https://www.calafiaairlines.com/Web_check_in,,,no,,0,0,no,yes,no,,locale;band;help_root;fare_conditions_url;conditions_of_carriage_url;article_selector;,,calafiaairlines-1273,https://raw.githubusercontent.com/buffertse/airline-data/main/data/airlines.csv; https://raw.githubusercontent.com/buffertse/airline-data/main/data/airline-links.csv
air-niugini,Air Niugini,PX,Papua New Guinea,Scheduled,yes,en,manual-priority,Australia/Pacific,https://www.airniugini.com.pg/help/frequently-asked-questions,https://www.airniugini.com.pg/help/frequently-asked-questions,https://www.airniugini.com.pg/travel-information/baggage,https://www.airniugini.com.pg/en-sg/travel-information/baggage/excess-baggage,https://www.airniugini.com.pg/travel-information/baggage,,,https://www.airniugini.com.pg/conditions-of-carriage/,,yes,2026-09-03,4,0,no,yes,no,https://www.airniugini.com.pg/conditions-of-carriage/,fare_conditions_url;checkin_url;article_selector;,"4/6 urls imported from filled priority CSV; conditions_of_carriage_url prefilled from Duffel refs; please verify.; Missing fields filled from buffertse/airline-data, which records official airline domains and deep links sourced from airline websites.",air-niugini-1158,https://raw.githubusercontent.com/buffertse/airline-data/main/data/airlines.csv; https://raw.githubusercontent.com/buffertse/airline-data/main/data/airline-links.csv; https://raw.githubusercontent.com/buffertse/airline-data/main/derived/baggage-summary.csv
air-north,Air North,4N,Canada,Scheduled,yes,en-ca,manual-priority,North America,https://www.flyairnorth.com,,https://flyairnorth.com/baggage-carry-on/musical-instruments,https://flyairnorth.com/baggage-carry-on,https://flyairnorth.com/baggage-carry-on/musical-instruments,,,https://www.flyairnorth.com/support,,yes,2026-09-03,3,1,no,yes,no,https://www.flyairnorth.com/support,help_root;fare_conditions_url;checkin_url;article_selector;,"4/6 urls imported from filled priority CSV; conditions_of_carriage_url prefilled from Duffel refs; please verify.; Missing fields filled from buffertse/airline-data, which records official airline domains and deep links sourced from airline websites.",air-north-1157,https://raw.githubusercontent.com/buffertse/airline-data/main/data/airlines.csv; https://raw.githubusercontent.com/buffertse/airline-data/main/data/airline-links.csv; https://raw.githubusercontent.com/buffertse/airline-data/main/derived/baggage-summary.csv
air-nostrum,Air Nostrum,YW,Spain,Scheduled,no,,,Europe,https://airnostrum.es,,,,,,,,,no,,0,0,no,yes,no,,locale;band;help_root;baggage_checked_url;baggage_carryon_url;baggage_fees_url;fare_conditions_url;checkin_url;conditions_of_carriage_url;article_selector;,"Missing fields filled from buffertse/airline-data, which records official airline domains and deep links sourced from airline websites.",air-nostrum-1159,https://raw.githubusercontent.com/buffertse/airline-data/main/data/airlines.csv; https://raw.githubusercontent.com/buffertse/airline-data/main/data/airline-links.csv
air-ocean-airlines,Air Ocean Airlines,0O,Ukraine,Scheduled,no,,,Europe,,,,,,,,,,no,,0,0,no,no,no,,locale;band;official_website;help_root;baggage_checked_url;baggage_carryon_url;baggage_fees_url;fare_conditions_url;checkin_url;conditions_of_carriage_url;article_selector;,,,
air-panama,Air Panama,7P,Panama,Scheduled,no,,,Latin America,,,,,,,,,,no,,0,0,no,no,no,,locale;band;official_website;help_root;baggage_checked_url;baggage_carryon_url;baggage_fees_url;fare_conditions_url;checkin_url;conditions_of_carriage_url;article_selector;,,,
air-peace,Air Peace,P4,Honduras,Low-cost,no,,,Latin America,https://flyairpeace.com,,https://flyairpeace.com/baggage-policy,https://flyairpeace.com/baggage-policy,https://flyairpeace.com/baggage-policy,,,,,no,,0,0,no,no,no,,locale;band;help_root;fare_conditions_url;checkin_url;conditions_of_carriage_url;article_selector;,,air-peace-589,https://raw.githubusercontent.com/buffertse/airline-data/main/data/airlines.csv; https://raw.githubusercontent.com/buffertse/airline-data/main/data/airline-links.csv
air-premia,Air Premia,YP,South Korea,Scheduled,no,en,,Asia,https://airpremia.com,https://www.airpremia.com/a/en/support/need/infant,https://www.airpremia.com/a/en/support/ssr/pre-baggage,https://www.airpremia.com/a/en/support/ssr/pre-baggage,https://www.airpremia.com/a/en/support/ssr/pre-baggage,,,,,no,,0,0,no,no,no,,band;fare_conditions_url;checkin_url;conditions_of_carriage_url;article_selector;,,air-premia-63,https://raw.githubusercontent.com/buffertse/airline-data/main/data/airlines.csv; https://raw.githubusercontent.com/buffertse/airline-data/main/data/airline-links.csv
air-rarotonga,Air Rarotonga,GZ,Cook Islands,Scheduled,yes,en,manual-priority,Australia/Pacific,https://airraro.com,,https://airraro.com/passenger-baggage,https://airraro.com/passenger-baggage,https://airraro.com/passenger-baggage,,,,,yes,2026-09-03,0,3,no,yes,no,,help_root;fare_conditions_url;checkin_url;conditions_of_carriage_url;article_selector;,"3/6 urls imported from filled priority CSV; Missing fields filled from buffertse/airline-data, which records official airline domains and deep links sourced from airline websites.",air-rarotonga-1162,https://raw.githubusercontent.com/buffertse/airline-data/main/data/airlines.csv; https://raw.githubusercontent.com/buffertse/airline-data/main/data/airline-links.csv
air-saint-pierre,Air Saint Pierre,PJ,France,Scheduled,yes,en,manual-priority,Europe,https://airsaintpierre.com,,https://airsaintpierre.com/travel-informations/luggage,https://airsaintpierre.com/travel-informations/luggage,https://airsaintpierre.com/travel-informations/luggage,,,https://airsaintpierre.com/general-conditions-of-carriage,,yes,2026-09-03,3,1,no,yes,no,https://airsaintpierre.com/general-conditions-of-carriage,help_root;fare_conditions_url;checkin_url;article_selector;,"4/6 urls imported from filled priority CSV; Missing fields filled from buffertse/airline-data, which records official airline domains and deep links sourced from airline websites.",air-saint-pierre-1163,https://raw.githubusercontent.com/buffertse/airline-data/main/data/airlines.csv; https://raw.githubusercontent.com/buffertse/airline-data/main/data/airline-links.csv; https://raw.githubusercontent.com/buffertse/airline-data/main/derived/baggage-summary.csv
air-samarkand,Air Samarkand,9S,Uzbekistan,Scheduled,no,,,Asia,,,,,,,,,,no,,0,0,no,no,no,,locale;band;official_website;help_root;baggage_checked_url;baggage_carryon_url;baggage_fees_url;fare_conditions_url;checkin_url;conditions_of_carriage_url;article_selector;,,,
air-seoul,Air Seoul,RS,South Korea,Low-cost,no,,,Asia,,,,,,,,,,no,,0,0,no,no,no,,locale;band;official_website;help_root;baggage_checked_url;baggage_carryon_url;baggage_fees_url;fare_conditions_url;checkin_url;conditions_of_carriage_url;article_selector;,,,
air-serbia,Air Serbia,JU,Serbia,Scheduled,yes,en,manual-priority,Europe,https://www.airserbia.com,,,,,,,https://www.airserbia.com/en/footer_copy_menu/legal/general-conditions-of-carriage,,yes,2026-09-03,0,1,no,yes,no,https://www.airserbia.com/en/footer_copy_menu/legal/general-conditions-of-carriage,help_root;baggage_checked_url;baggage_carryon_url;baggage_fees_url;fare_conditions_url;checkin_url;article_selector;,1/6 urls imported from filled priority CSV; conditions_of_carriage_url prefilled from Duffel refs; please verify.,,
air-seychelles,Air Seychelles,HM,Seychelles,Scheduled,yes,en,manual-priority,Asia,https://www.airseychelles.com,,,,,,,https://www.airseychelles.com/en/conditions-of-carriage,,yes,2026-09-03,0,1,no,yes,no,https://www.airseychelles.com/en/conditions-of-carriage,help_root;baggage_checked_url;baggage_carryon_url;baggage_fees_url;fare_conditions_url;checkin_url;article_selector;,1/6 urls imported from filled priority CSV; conditions_of_carriage_url prefilled from Duffel refs; please verify.,,
air-tahiti,Air Tahiti,VT,French Polynesia,Scheduled,yes,en,manual-priority,Australia/Pacific,https://www.airtahitinui.com,,,,,,,https://www.airtahitinui.com/uk-en/conditions-carriage,,yes,2026-09-03,0,1,no,yes,no,https://www.airtahitinui.com/uk-en/conditions-carriage,help_root;baggage_checked_url;baggage_carryon_url;baggage_fees_url;fare_conditions_url;checkin_url;article_selector;,1/6 urls imported from filled priority CSV; conditions_of_carriage_url prefilled from Duffel refs; please verify.,,
air-tahiti-nui,Air Tahiti Nui,TN,France,Scheduled,yes,en,manual-priority,Europe,https://www.airtahitinui.com,,https://au.airtahitinui.com/excess-baggage,https://us.airtahitinui.com/baggage-allowances,https://au.airtahitinui.com/excess-baggage,,,https://www.airtahitinui.com/uk-en/conditions-carriage,,yes,2026-09-03,3,1,no,yes,no,https://www.airtahitinui.com/uk-en/conditions-carriage,help_root;fare_conditions_url;checkin_url;article_selector;,"4/6 urls imported from filled priority CSV; conditions_of_carriage_url prefilled from Duffel refs; please verify.; Missing fields filled from buffertse/airline-data, which records official airline domains and deep links sourced from airline websites.",air-tahiti-nui-987,https://raw.githubusercontent.com/buffertse/airline-data/main/data/airlines.csv; https://raw.githubusercontent.com/buffertse/airline-data/main/data/airline-links.csv; https://raw.githubusercontent.com/buffertse/airline-data/main/derived/baggage-summary.csv
air-tanzania,Air Tanzania,TC,Tanzania,Scheduled,yes,en-tz,manual-priority,Africa,https://www.airtanzania.co.tz,,https://airtanzania.co.tz/baggage,https://airtanzania.co.tz/baggage,https://airtanzania.co.tz/baggage,,,https://www.airtanzania.co.tz/,,yes,2026-09-03,4,0,no,yes,no,https://www.airtanzania.co.tz/,help_root;fare_conditions_url;checkin_url;article_selector;,"4/6 urls imported from filled priority CSV; conditions_of_carriage_url prefilled from Duffel refs; please verify.; Missing fields filled from buffertse/airline-data, which records official airline domains and deep links sourced from airline websites.",air-tanzania-corporation-427,https://raw.githubusercontent.com/buffertse/airline-data/main/data/airlines.csv; https://raw.githubusercontent.com/buffertse/airline-data/main/data/airline-links.csv
air-thanlwin,Air Thanlwin,ST,Myanmar,Scheduled,no,,,Asia,https://sitaair.com.np,,,,,,,,,no,,0,0,no,yes,no,,locale;band;help_root;baggage_checked_url;baggage_carryon_url;baggage_fees_url;fare_conditions_url;checkin_url;conditions_of_carriage_url;article_selector;,,sita-air-442,https://raw.githubusercontent.com/buffertse/airline-data/main/data/airlines.csv; https://raw.githubusercontent.com/buffertse/airline-data/main/data/airline-links.csv
air-timor,Air Timor,6C,Timor-Leste,Scheduled,no,,,,https://aerosucre.com.co,https://aerosucre.com.co/contacto,,,,,,,,no,,0,0,no,no,no,,locale;band;region;baggage_checked_url;baggage_carryon_url;baggage_fees_url;fare_conditions_url;checkin_url;conditions_of_carriage_url;article_selector;,,aerosucre-1022,https://raw.githubusercontent.com/buffertse/airline-data/main/data/airlines.csv; https://raw.githubusercontent.com/buffertse/airline-data/main/data/airline-links.csv
air-tindi,Air Tindi,8T,Canada,Scheduled,yes,en-ca,manual-priority,North America,https://airtindi.com,,https://airtindi.com/travel-information/baggage,https://airtindi.com/travel-information/carry-on,https://airtindi.com/travel-information/baggage,,,,,yes,2026-09-03,0,3,no,yes,no,,help_root;fare_conditions_url;checkin_url;conditions_of_carriage_url;article_selector;,"3/6 urls imported from filled priority CSV; Missing fields filled from buffertse/airline-data, which records official airline domains and deep links sourced from airline websites.",air-tindi-1167,https://raw.githubusercontent.com/buffertse/airline-data/main/data/airlines.csv; https://raw.githubusercontent.com/buffertse/airline-data/main/data/airline-links.csv
air-transat,Air Transat,TS,Canada,Scheduled,yes,en-ca,manual-priority,North America,https://www.airtransat.com,,https://www.airtransat.com/en-CA/Travel-information/Baggage,https://www.airtransat.com/en-CA/Travel-information/Baggage,https://www.airtransat.com/de-DE/baggage-and-optional-services-fees,,,https://www.airtransat.com/en-GB/legal-notice-uk/general-terms-and-conditions,,yes,2026-09-03,3,1,no,yes,no,https://www.airtransat.com/en-GB/legal-notice-uk/general-terms-and-conditions,help_root;fare_conditions_url;checkin_url;article_selector;,"4/6 urls imported from filled priority CSV; conditions_of_carriage_url prefilled from Duffel refs; please verify.; Missing fields filled from buffertse/airline-data, which records official airline domains and deep links sourced from airline websites.",air-transat-1169,https://raw.githubusercontent.com/buffertse/airline-data/main/data/airlines.csv; https://raw.githubusercontent.com/buffertse/airline-data/main/data/airline-links.csv
air-transport-association-of-americadba-airlines-for-america,Air Transport Association of Americad\b\a Airlines for America,XD,United States,Scheduled,no,en,,North America,,,,,,,,,,no,,0,0,no,no,no,,band;official_website;help_root;baggage_checked_url;baggage_carryon_url;baggage_fees_url;fare_conditions_url;checkin_url;conditions_of_carriage_url;article_selector;,,,
air-transport-international-llc,Air Transport International L.L.C.,8C,United States,Scheduled,no,en,,North America,https://airtransport.cc,,,,,,,,,no,,0,0,no,yes,no,,band;help_root;baggage_checked_url;baggage_carryon_url;baggage_fees_url;fare_conditions_url;checkin_url;conditions_of_carriage_url;article_selector;,"Missing fields filled from buffertse/airline-data, which records official airline domains and deep links sourced from airline websites.",air-transport-international-1168,https://raw.githubusercontent.com/buffertse/airline-data/main/data/airlines.csv; https://raw.githubusercontent.com/buffertse/airline-data/main/data/airline-links.csv
air-travel,Air Travel,A6,China,Scheduled,no,,,Asia,,,,,,,,,,no,,0,0,no,no,no,,locale;band;official_website;help_root;baggage_checked_url;baggage_carryon_url;baggage_fees_url;fare_conditions_url;checkin_url;conditions_of_carriage_url;article_selector;,,,
air-vanuatu,Air Vanuatu,NF,Vanuatu,Scheduled,yes,en,manual-priority,Australia/Pacific,https://www.airvanuatu.com,,https://staging.airvanuatu.com/travel-info/baggage,https://staging.airvanuatu.com/travel-info/baggage,https://staging.airvanuatu.com/travel-info/baggage,,https://staging.airvanuatu.com/plan-and-book/online-check-in,https://www.airvanuatu.com/travel-info/conditions-of-carriage,,yes,2026-09-03,1,4,no,yes,no,https://www.airvanuatu.com/travel-info/conditions-of-carriage,help_root;fare_conditions_url;article_selector;,"5/6 urls imported from filled priority CSV; conditions_of_carriage_url prefilled from Duffel refs; please verify.; Missing fields filled from buffertse/airline-data, which records official airline domains and deep links sourced from airline websites.",air-vanuatu-1170,https://raw.githubusercontent.com/buffertse/airline-data/main/data/airlines.csv; https://raw.githubusercontent.com/buffertse/airline-data/main/data/airline-links.csv
air-wisconsin,Air Wisconsin,ZW,United States,Scheduled,no,en,,North America,https://airwis.com,https://www.airwis.com/Contact,,,,,,,,no,,0,0,no,no,no,,band;baggage_checked_url;baggage_carryon_url;baggage_fees_url;fare_conditions_url;checkin_url;conditions_of_carriage_url;article_selector;,,air-wisconsin-1172,https://raw.githubusercontent.com/buffertse/airline-data/main/data/airlines.csv; https://raw.githubusercontent.com/buffertse/airline-data/main/data/airline-links.csv
air-x-charter,Air X Charter,AX,Malta,Scheduled,no,en,,Europe,,,,,,,,,,no,,0,0,no,no,no,,band;official_website;help_root;baggage_checked_url;baggage_carryon_url;baggage_fees_url;fare_conditions_url;checkin_url;conditions_of_carriage_url;article_selector;,,,
air-zimbabwe,Air Zimbabwe,UM,Zimbabwe,Scheduled,yes,en,manual-priority,Africa,https://www.airzimbabwe.aero/call-centre-customer-service,https://www.airzimbabwe.aero/call-centre-customer-service,https://www.airzimbabwe.aero/baggage,https://www.airzimbabwe.aero/baggage,https://www.airzimbabwe.aero/baggage,,,,,yes,2026-09-03,0,3,no,yes,no,,fare_conditions_url;checkin_url;conditions_of_carriage_url;article_selector;,"3/6 urls imported from filled priority CSV; Missing fields filled from buffertse/airline-data, which records official airline domains and deep links sourced from airline websites.",air-zimbabwe-1173,https://raw.githubusercontent.com/buffertse/airline-data/main/data/airlines.csv; https://raw.githubusercontent.com/buffertse/airline-data/main/data/airline-links.csv; https://raw.githubusercontent.com/buffertse/airline-data/main/derived/baggage-summary.csv
airasia,AirAsia,AK,Malaysia,Low-cost,yes,en-my,1a,Southeast Asia,https://www.airasia.com,https://support.airasia.com/s,https://support.airasia.com/s/article/Checked-baggage-en,https://support.airasia.com/s/article/Cabin-baggage-en,https://www.airasia.com/aa/about-us/en/gb/fees-and-charges.html,https://support.airasia.com/s/article/Fares-and-fare-rules-en,https://support.airasia.com/s/article/Check-in-en,https://www.airasia.com/aa/about-us/en/gb/terms-and-conditions-carriage.html,,yes,2026-09-03,0,6,no,yes,no,,article_selector;,6/6 urls,airasia,C:\Users\kspellman\Documents\Codex\2026-08-24\vie\work\airline_research_data.json; https://raw.githubusercontent.com/buffertse/airline-data/main/data/airlines.csv; https://raw.githubusercontent.com/buffertse/airline-data/main/data/airline-links.csv
airasia-cambodia,AirAsia Cambodia,KT,Cambodia,Low-cost,no,,,Asia,https://airasia.com,,,,,,,,,no,,0,0,no,no,no,,locale;band;help_root;baggage_checked_url;baggage_carryon_url;baggage_fees_url;fare_conditions_url;checkin_url;conditions_of_carriage_url;article_selector;,,transaviabaltika-1208,https://raw.githubusercontent.com/buffertse/airline-data/main/data/airlines.csv; https://raw.githubusercontent.com/buffertse/airline-data/main/data/airline-links.csv
airasia-x,AirAsia X,D7,Malaysia,Low-cost,yes,en-my,1b,Southeast Asia,https://www.airasia.com,,https://support.airasia.com/s/article/Checked-baggage-en,https://support.airasia.com/s/article/Cabin-baggage-en,https://www.airasia.com/aa/about-us/en/gb/fees-and-charges.html,https://support.airasia.com/s/article/Fares-and-fare-rules-en,https://support.airasia.com/s/article/Check-in-en,https://www.airasia.com/aa/about-us/en/gb/terms-and-conditions-carriage.html,,yes,2026-09-03,0,6,no,yes,no,,help_root;article_selector;,6/6 urls,,C:\Users\kspellman\Documents\Codex\2026-08-24\vie\work\airline_research_data.json
airborneo,AirBorneo,MY,Malaysia,Scheduled,no,,,Asia,,,,,,,,,,no,,0,0,no,no,no,,locale;band;official_website;help_root;baggage_checked_url;baggage_carryon_url;baggage_fees_url;fare_conditions_url;checkin_url;conditions_of_carriage_url;article_selector;,,,
airbridgecargo,AirBridgeCargo,RU,Russia,Scheduled,yes,en,manual-priority,Europe,https://www.airbridgecargo.com,,,,,,,https://www.airbridgecargo.com/page/47/en/page/95/conditions-of-carriage,,yes,2026-09-03,1,0,no,yes,no,https://www.airbridgecargo.com/en/page/95/conditions-of-carriage,help_root;baggage_checked_url;baggage_carryon_url;baggage_fees_url;fare_conditions_url;checkin_url;article_selector;,"1/6 urls imported from filled priority CSV; Missing fields filled from buffertse/airline-data, which records official airline domains and deep links sourced from airline websites.",airbridgecargo-airlines-1118,https://raw.githubusercontent.com/buffertse/airline-data/main/data/airlines.csv; https://raw.githubusercontent.com/buffertse/airline-data/main/data/airline-links.csv
airconnect,AirConnect,KS,Romania,Scheduled,no,en,,Europe,https://air-connect.com,,https://air-connect.com/en/baggage-information,https://air-connect.com/en/baggage-information,https://air-connect.com/en/baggage-information,,https://air-connect.com/en/how-to-check-in,,,no,,0,0,no,no,no,,band;help_root;fare_conditions_url;conditions_of_carriage_url;article_selector;,,air-connect-170,https://raw.githubusercontent.com/buffertse/airline-data/main/data/airlines.csv; https://raw.githubusercontent.com/buffertse/airline-data/main/data/airline-links.csv
airdolomiti,AirDolomiti,EN,Italy,Scheduled,no,,,Europe,https://www.airdolomiti.eu,,https://www.airdolomiti.de/baggage/hand-luggage,https://www.airdolomiti.de/baggage/hand-luggage,https://www.airdolomiti.de/baggage/hand-luggage,,https://www.airdolomiti.de/online-check-in-anleitung,https://www.airdolomiti.eu/legal-info/air-carrier-liability,,no,,0,0,no,no,no,https://www.airdolomiti.eu/legal-info/air-carrier-liability,locale;band;help_root;fare_conditions_url;article_selector;,,air-dolomiti-498,https://raw.githubusercontent.com/buffertse/airline-data/main/data/airlines.csv; https://raw.githubusercontent.com/buffertse/airline-data/main/data/airline-links.csv
airexplore,AirExplore,ED,Slovakia,Scheduled,no,,,Europe,,,,,,,,,,no,,0,0,no,no,no,,locale;band;official_website;help_root;baggage_checked_url;baggage_carryon_url;baggage_fees_url;fare_conditions_url;checkin_url;conditions_of_carriage_url;article_selector;,,,
airkenya,AirKenya,P2,Kenya,Scheduled,yes,en-ke,manual-priority,Africa,https://airkenya.com/contact,https://airkenya.com/contact,https://airkenya.com/baggage-policy,https://airkenya.com/baggage-policy,https://airkenya.com/baggage-policy,,,,,yes,2026-09-03,0,3,no,yes,no,,fare_conditions_url;checkin_url;conditions_of_carriage_url;article_selector;,"3/6 urls imported from filled priority CSV; Missing fields filled from buffertse/airline-data, which records official airline domains and deep links sourced from airline websites.",airkenya-express-1177,https://raw.githubusercontent.com/buffertse/airline-data/main/data/airlines.csv; https://raw.githubusercontent.com/buffertse/airline-data/main/data/airline-links.csv
airswift,AirSWIFT,T6,Philippines,Scheduled,no,,,Asia,,,,,,,,,,no,,0,0,no,no,no,,locale;band;official_website;help_root;baggage_checked_url;baggage_carryon_url;baggage_fees_url;fare_conditions_url;checkin_url;conditions_of_carriage_url;article_selector;,,,
aircalin,Aircalin,SB,New Caledonia,Scheduled,yes,en,manual-priority,Australia/Pacific,https://us.aircalin.com,,https://us.aircalin.com/en/baggages/checked-baggages,https://us.aircalin.com/en/baggages/cabin-baggages,https://us.aircalin.com/en/baggages/checked-baggages,,,,,yes,2026-09-03,3,0,no,yes,no,,help_root;fare_conditions_url;checkin_url;conditions_of_carriage_url;article_selector;,"3/6 urls imported from filled priority CSV; Missing fields filled from buffertse/airline-data, which records official airline domains and deep links sourced from airline websites.",aircalin-1174,https://raw.githubusercontent.com/buffertse/airline-data/main/data/airlines.csv; https://raw.githubusercontent.com/buffertse/airline-data/main/data/airline-links.csv
airfast-indonesia,Airfast Indonesia,1T,Indonesia,Scheduled,no,,,Asia,https://freespiritairlines.com.au,,,,,,,,,no,,0,0,no,no,no,,locale;band;help_root;baggage_checked_url;baggage_carryon_url;baggage_fees_url;fare_conditions_url;checkin_url;conditions_of_carriage_url;article_selector;,,airfast-indonesia-1176,https://raw.githubusercontent.com/buffertse/airline-data/main/data/airlines.csv; https://raw.githubusercontent.com/buffertse/airline-data/main/data/airline-links.csv
airhub-airlines,Airhub Airlines,RE,Malta,Scheduled,no,en,,Europe,https://airhubairlines.com,,,,,,,,,no,,0,0,no,no,no,,band;help_root;baggage_checked_url;baggage_carryon_url;baggage_fees_url;fare_conditions_url;checkin_url;conditions_of_carriage_url;article_selector;,,airhub-airlines-144,https://raw.githubusercontent.com/buffertse/airline-data/main/data/airlines.csv; https://raw.githubusercontent.com/buffertse/airline-data/main/data/airline-links.csv
airline-urga,Airline Urga,3N,Ukraine,Scheduled,no,,,Europe,https://urga.com.ua,,,,,,,,,no,,0,0,no,yes,no,,locale;band;help_root;baggage_checked_url;baggage_carryon_url;baggage_fees_url;fare_conditions_url;checkin_url;conditions_of_carriage_url;article_selector;,,air-urga-898,https://raw.githubusercontent.com/buffertse/airline-data/main/data/airlines.csv; https://raw.githubusercontent.com/buffertse/airline-data/main/data/airline-links.csv
airlink,Airlink,4Z,Austria,Scheduled,yes,en,manual-priority,Europe,https://www.flyairlink.com,,,,,,,https://www.flyairlink.com/en/za/conditions-of-carriage,,yes,2026-09-03,0,1,no,yes,no,https://www.flyairlink.com/en/za/conditions-of-carriage,help_root;baggage_checked_url;baggage_carryon_url;baggage_fees_url;fare_conditions_url;checkin_url;article_selector;,1/6 urls imported from filled priority CSV; conditions_of_carriage_url prefilled from Duffel refs; please verify.,airlink-cargo-828,https://raw.githubusercontent.com/buffertse/airline-data/main/data/airlines.csv; https://raw.githubusercontent.com/buffertse/airline-data/main/data/airline-links.csv
airmax-sa,Airmax S.A.,X8,Peru,Scheduled,no,,,Latin America,,,,,,,,,,no,,0,0,no,no,no,,locale;band;official_website;help_root;baggage_checked_url;baggage_carryon_url;baggage_fees_url;fare_conditions_url;checkin_url;conditions_of_carriage_url;article_selector;,,,
airnorth,Airnorth,TL,Australia,Scheduled,yes,en-au,manual-priority,Australia/Pacific,https://www.airnorth.com.au,,https://www.airnorth.com.au/checked-baggage,https://www.airnorth.com.au/carry-on-baggage,https://www.airnorth.com.au/checked-baggage,,,https://www.airnorth.com.au/plan/fare-information/conditions-of-carriage/,,yes,2026-09-03,4,0,no,yes,no,https://www.airnorth.com.au/plan/fare-information/conditions-of-carriage/,help_root;fare_conditions_url;checkin_url;article_selector;,"4/6 urls imported from filled priority CSV; conditions_of_carriage_url prefilled from Duffel refs; please verify.; Missing fields filled from buffertse/airline-data, which records official airline domains and deep links sourced from airline websites.",airnorth-1179,https://raw.githubusercontent.com/buffertse/airline-data/main/data/airlines.csv; https://raw.githubusercontent.com/buffertse/airline-data/main/data/airline-links.csv
airshop-bv,Airshop B.V.,FF,Netherlands,Scheduled,no,,,Europe,,,,,,,,,,no,,0,0,no,no,no,,locale;band;official_website;help_root;baggage_checked_url;baggage_carryon_url;baggage_fees_url;fare_conditions_url;checkin_url;conditions_of_carriage_url;article_selector;,,,
airzena,Airzena,LV,Georgia,Scheduled,no,,,Europe,,,,,,,,,,no,,0,0,no,no,no,,locale;band;official_website;help_root;baggage_checked_url;baggage_carryon_url;baggage_fees_url;fare_conditions_url;checkin_url;conditions_of_carriage_url;article_selector;,,,
ajet,Ajet,VF,Cyprus,Low-cost,yes,en,manual-priority,Europe,https://ajet.com/en/contact,https://ajet.com/en/contact,https://ajet.com/en/services/free-baggage-allowance,https://ajet.com/en/services/free-baggage-allowance,https://ajet.com/en/services/free-baggage-allowance,,,,,yes,2026-09-03,0,3,no,yes,no,,fare_conditions_url;checkin_url;conditions_of_carriage_url;article_selector;,"3/6 urls imported from filled priority CSV; Missing fields filled from buffertse/airline-data, which records official airline domains and deep links sourced from airline websites.",ajet-1275,https://raw.githubusercontent.com/buffertse/airline-data/main/data/airlines.csv; https://raw.githubusercontent.com/buffertse/airline-data/main/data/airline-links.csv; https://raw.githubusercontent.com/buffertse/airline-data/main/derived/baggage-summary.csv
ak-bars-aero,Ak Bars Aero,2B,Russia,Low-cost,no,,,Europe,,,,,,,,,,no,,0,0,no,no,no,,locale;band;official_website;help_root;baggage_checked_url;baggage_carryon_url;baggage_fees_url;fare_conditions_url;checkin_url;conditions_of_carriage_url;article_selector;,,,
akasa-air,Akasa Air,QP,India,Low-cost,no,,,Asia,,,,,,,,,,no,,0,0,no,no,no,,locale;band;official_website;help_root;baggage_checked_url;baggage_carryon_url;baggage_fees_url;fare_conditions_url;checkin_url;conditions_of_carriage_url;article_selector;,,,
aklak-air,Aklak Air,6L,Canada,Scheduled,yes,en-ca,manual-priority,North America,https://aklakair.ca/contact-us,https://aklakair.ca/contact-us,https://aklakair.ca/policies/baggage-policy,https://aklakair.ca/policies/baggage-policy,https://aklakair.ca/policies/baggage-policy,,,,,yes,2026-09-03,2,1,no,yes,no,,fare_conditions_url;checkin_url;conditions_of_carriage_url;article_selector;,"3/6 urls imported from filled priority CSV; Missing fields filled from buffertse/airline-data, which records official airline domains and deep links sourced from airline websites.",aklak-air-1189,https://raw.githubusercontent.com/buffertse/airline-data/main/data/airlines.csv; https://raw.githubusercontent.com/buffertse/airline-data/main/data/airline-links.csv
almasria-universal-airlines,AlMasria Universal Airlines,UJ,Egypt,Scheduled,no,,,Africa,https://magnicharters.com.mx,https://almasriaairlines.com/contact-us,,,,,,,,no,,0,0,no,yes,no,,locale;band;baggage_checked_url;baggage_carryon_url;baggage_fees_url;fare_conditions_url;checkin_url;conditions_of_carriage_url;article_selector;,"Missing fields filled from buffertse/airline-data, which records official airline domains and deep links sourced from airline websites.",almasria-universal-airlines-1511,https://raw.githubusercontent.com/buffertse/airline-data/main/data/airlines.csv; https://raw.githubusercontent.com/buffertse/airline-data/main/data/airline-links.csv
alaska-airlines,Alaska Airlines,AS,United States,Scheduled,yes,en-us,1b,North America,https://www.alaskaair.com,,https://www.alaskaair.com/content/travel-info/baggage/checked-bags,https://www.alaskaair.com/content/travel-info/baggage/carry-on-luggage,https://www.alaskaair.com/content/travel-info/baggage/checked-bags,https://www.alaskaair.com/content/travel-info/flight-experience/fare-types,https://www.alaskaair.com/content/travel-info/at-the-airport/airport-check-in,https://www.alaskaair.com/content/legal/contract-of-carriage,,yes,2026-09-03,0,6,no,yes,no,https://www.alaskaair.com/content/legal/contract-of-carriage/rule-1,help_root;article_selector;,6/6 urls,alaska-airlines-1738,C:\Users\kspellman\Documents\Codex\2026-08-24\vie\work\airline_research_data.json; https://raw.githubusercontent.com/buffertse/airline-data/main/data/airlines.csv; https://raw.githubusercontent.com/buffertse/airline-data/main/data/airline-links.csv
alaska-seaplanes,Alaska Seaplanes,J5,United States,Scheduled,no,en,,North America,,,,,,,,,,no,,0,0,no,no,no,,band;official_website;help_root;baggage_checked_url;baggage_carryon_url;baggage_fees_url;fare_conditions_url;checkin_url;conditions_of_carriage_url;article_selector;,,,
albastar,AlbaStar,AP,Spain,Scheduled,no,,,Europe,,,,,,,,,,no,,0,0,no,no,no,,locale;band;official_website;help_root;baggage_checked_url;baggage_carryon_url;baggage_fees_url;fare_conditions_url;checkin_url;conditions_of_carriage_url;article_selector;,,,
alexandria-airlines,Alexandria Airlines,DQ,Egypt,Scheduled,no,,,Africa,https://alexandriaairlines.net,,,,,,,,,no,,0,0,no,no,no,,locale;band;help_root;baggage_checked_url;baggage_carryon_url;baggage_fees_url;fare_conditions_url;checkin_url;conditions_of_carriage_url;article_selector;,,alexandria-airlines-317,https://raw.githubusercontent.com/buffertse/airline-data/main/data/airlines.csv; https://raw.githubusercontent.com/buffertse/airline-data/main/data/airline-links.csv
all-nippon-airways,All Nippon Airways,NH,Japan,Scheduled,yes,en,manual-priority,Asia,https://www.ana.co.jp/en/jp/guide/reservation/support/domestic/family,https://www.ana.co.jp/en/jp/guide/reservation/support/domestic/family,https://www.ana.co.jp/en/in/travel-information/baggage-information/checked-baggage,https://www.ana.co.jp/en/us/travel-information/baggage-information/carry-on,https://www.ana.co.jp/en/in/travel-information/baggage-information/checked-baggage,,,https://www.ana.co.jp/en/gb/siteinfo/international/conditions-of-carriage/,,yes,2026-09-03,0,4,no,yes,no,https://www.ana.co.jp/en/gb/siteinfo/international/conditions-of-carriage/,fare_conditions_url;checkin_url;article_selector;,"4/6 urls imported from filled priority CSV; conditions_of_carriage_url prefilled from Duffel refs; please verify.; Missing fields filled from buffertse/airline-data, which records official airline domains and deep links sourced from airline websites.",ana,https://raw.githubusercontent.com/buffertse/airline-data/main/data/airlines.csv; https://raw.githubusercontent.com/buffertse/airline-data/main/data/airline-links.csv
allegiant-air,Allegiant Air,G4,United States,Low-cost,yes,en-us,manual-priority,North America,https://www.allegiantair.com,,https://www.allegiantair.com/baggage-1,https://www.allegiantair.com/baggage-1,https://www.allegiantair.com/popup/optional-services-fees,https://www.allegiantair.com/terms-and-conditions,https://www.allegiantair.com/seating-checking-boarding,https://www.allegiantair.com/contract-carriage,,yes,2026-09-03,0,1,no,yes,no,https://www.allegiantair.com/contract-carriage,help_root;article_selector;,1/6 urls imported from filled priority CSV; conditions_of_carriage_url prefilled from Duffel refs; please verify.,,
alliance-air,Alliance Air,9I,India,Scheduled,no,en,,Asia,https://allianceair.in,,https://plone.allianceair.in/allianceair/en/pages/baggageinfo,https://plone.allianceair.in/allianceair/en/pages/baggageinfo,https://plone.allianceair.in/allianceair/en/pages/baggageinfo,,,https://allianceair.in/conditions-of-carriage,,no,,0,0,no,no,no,https://allianceair.in/conditions-of-carriage,band;help_root;fare_conditions_url;checkin_url;article_selector;,,alliance-air-371,https://raw.githubusercontent.com/buffertse/airline-data/main/data/airlines.csv; https://raw.githubusercontent.com/buffertse/airline-data/main/data/airline-links.csv
alliance-airlines,Alliance Airlines,QQ,Australia,Scheduled,no,en,,Australia/Pacific,https://www.allianceairlines.com.au,https://www.allianceairlines.com.au/contact-us,https://www.allianceairlines.com.au/when-we-fly/before-you-fly/baggage-information,https://www.allianceairlines.com.au/when-we-fly/before-you-fly/baggage-information,https://www.allianceairlines.com.au/when-we-fly/before-you-fly/baggage-information,,,https://www.allianceairlines.com.au/terms-conditions,,no,,0,0,no,no,no,https://www.allianceairlines.com.au/terms-conditions,band;fare_conditions_url;checkin_url;article_selector;,,alliance-airlines-847,https://raw.githubusercontent.com/buffertse/airline-data/main/data/airlines.csv; https://raw.githubusercontent.com/buffertse/airline-data/main/data/airline-links.csv
alpha-air-transport,Alpha Air Transport,7U,Canada,Scheduled,no,en,,North America,,,,,,,,,,no,,0,0,no,no,no,,band;official_website;help_root;baggage_checked_url;baggage_carryon_url;baggage_fees_url;fare_conditions_url;checkin_url;conditions_of_carriage_url;article_selector;,,,
alsa-grupo-slu,Alsa Grupo SLU,5I,Spain,Scheduled,no,,,Europe,,,,,,,,,,no,,0,0,no,no,no,,locale;band;official_website;help_root;baggage_checked_url;baggage_carryon_url;baggage_fees_url;fare_conditions_url;checkin_url;conditions_of_carriage_url;article_selector;,,,
amadeus-it-group-sa,Amadeus IT Group SA,1A,Spain,Scheduled,no,,,Europe,,,,,,,,,,no,,0,0,no,no,no,,locale;band;official_website;help_root;baggage_checked_url;baggage_carryon_url;baggage_fees_url;fare_conditions_url;checkin_url;conditions_of_carriage_url;article_selector;,,,
amakusa-airlines,Amakusa Airlines,MZ,Japan,Scheduled,no,,,Asia,,,,,,,,,,no,,0,0,no,yes,no,,locale;band;official_website;help_root;baggage_checked_url;baggage_carryon_url;baggage_fees_url;fare_conditions_url;checkin_url;conditions_of_carriage_url;article_selector;,,,
amaszonas,Amaszonas,Z8,Bolivia,Scheduled,no,,,Latin America,,,,,,,,,,no,,0,0,no,no,no,,locale;band;official_website;help_root;baggage_checked_url;baggage_carryon_url;baggage_fees_url;fare_conditions_url;checkin_url;conditions_of_carriage_url;article_selector;,,,
amaszonas-uruguay,Amaszonas Uruguay,Z7,Uruguay,Scheduled,no,,,Latin America,,,,,,,,,,no,,0,0,no,no,no,,locale;band;official_website;help_root;baggage_checked_url;baggage_carryon_url;baggage_fees_url;fare_conditions_url;checkin_url;conditions_of_carriage_url;article_selector;,,,
amelia,Amelia,8R,France,Scheduled,no,,,Europe,,,,,,,,,,no,,0,0,no,no,no,,locale;band;official_website;help_root;baggage_checked_url;baggage_carryon_url;baggage_fees_url;fare_conditions_url;checkin_url;conditions_of_carriage_url;article_selector;,,,
american-eagle,American Eagle,ZZ,United States,Scheduled,no,en,,North America,https://duffelairways.com,,,,,,,https://duffelairways.com/dummy-url/conditions-of-carriage,,no,,0,0,no,no,no,https://duffelairways.com/dummy-url/conditions-of-carriage,band;help_root;baggage_checked_url;baggage_carryon_url;baggage_fees_url;fare_conditions_url;checkin_url;article_selector;,,,
amerijet-international-inc,Amerijet International Inc.,M6,United States,Scheduled,no,en,,North America,https://amerijet.com,https://amerijet.com/help-and-support-center,,,,,,,,no,,0,0,no,yes,no,,band;baggage_checked_url;baggage_carryon_url;baggage_fees_url;fare_conditions_url;checkin_url;conditions_of_carriage_url;article_selector;,"Missing fields filled from buffertse/airline-data, which records official airline domains and deep links sourced from airline websites.",amerijet-international-1791,https://raw.githubusercontent.com/buffertse/airline-data/main/data/airlines.csv; https://raw.githubusercontent.com/buffertse/airline-data/main/data/airline-links.csv
amtrak,Amtrak,2V,United States,Scheduled,no,en,,North America,,,,,,,,,,no,,0,0,no,no,no,,band;official_website;help_root;baggage_checked_url;baggage_carryon_url;baggage_fees_url;fare_conditions_url;checkin_url;conditions_of_carriage_url;article_selector;,,,
andes-lineas-aereas,Andes Lineas Aereas,O4,Argentina,Scheduled,no,,,Latin America,,,,,,,,,,no,,0,0,no,no,no,,locale;band;official_website;help_root;baggage_checked_url;baggage_carryon_url;baggage_fees_url;fare_conditions_url;checkin_url;conditions_of_carriage_url;article_selector;,,,
angara-airlines,Angara Airlines,2G,Russia,Scheduled,no,,,Europe,,,,,,,,,,no,,0,0,no,no,no,,locale;band;official_website;help_root;baggage_checked_url;baggage_carryon_url;baggage_fees_url;fare_conditions_url;checkin_url;conditions_of_carriage_url;article_selector;,,,
anguilla-air-services,Anguilla Air Services,Q3,Russia,Scheduled,no,,,Europe,,,,,,,,,,no,,0,0,no,no,no,,locale;band;official_website;help_root;baggage_checked_url;baggage_carryon_url;baggage_fees_url;fare_conditions_url;checkin_url;conditions_of_carriage_url;article_selector;,,,
animawings,Animawings,A2,Romania,Scheduled,no,,,Europe,,,,,,,,,,no,,0,0,no,no,no,,locale;band;official_website;help_root;baggage_checked_url;baggage_carryon_url;baggage_fees_url;fare_conditions_url;checkin_url;conditions_of_carriage_url;article_selector;,,,
arajet,Arajet,DM,Dominican Republic,Low-cost,no,,,Caribbean,,,,,,,,,,no,,0,0,no,no,no,,locale;band;official_website;help_root;baggage_checked_url;baggage_carryon_url;baggage_fees_url;fare_conditions_url;checkin_url;conditions_of_carriage_url;article_selector;,,,
arctic-transportation-services-inc-ryan-air,"Arctic Transportation Services, Inc Ryan Air",7S,United States,Scheduled,no,en,,North America,,,,,,,,,,no,,0,0,no,no,no,,band;official_website;help_root;baggage_checked_url;baggage_carryon_url;baggage_fees_url;fare_conditions_url;checkin_url;conditions_of_carriage_url;article_selector;,,,
ariana-afghan-airlines,Ariana Afghan Airlines,FG,Afghanistan,Scheduled,yes,en,manual-priority,Asia,https://www.flyariana.com,,https://www.flyariana.com/Plan-and-Book/Baggage,https://www.flyariana.com/Plan-and-Book/Baggage,https://www.flyariana.com/Plan-and-Book/Baggage,,,https://www.flyariana.com/FooterLinks/Legal,,yes,2026-09-03,1,3,no,yes,no,https://www.flyariana.com/FooterLinks/Legal,help_root;fare_conditions_url;checkin_url;article_selector;,"4/6 urls imported from filled priority CSV; conditions_of_carriage_url prefilled from Duffel refs; please verify.; Missing fields filled from buffertse/airline-data, which records official airline domains and deep links sourced from airline websites.",ariana-afghan-airlines-1527,https://raw.githubusercontent.com/buffertse/airline-data/main/data/airlines.csv; https://raw.githubusercontent.com/buffertse/airline-data/main/data/airline-links.csv; https://raw.githubusercontent.com/buffertse/airline-data/main/derived/baggage-summary.csv
arik-air,Arik Air,W3,Nigeria,Scheduled,no,en,,Africa,https://arikair.com,,,,,,,,,no,,0,0,no,yes,no,,band;help_root;baggage_checked_url;baggage_carryon_url;baggage_fees_url;fare_conditions_url;checkin_url;conditions_of_carriage_url;article_selector;,"Missing fields filled from buffertse/airline-data, which records official airline domains and deep links sourced from airline websites.",arik-air-1531,https://raw.githubusercontent.com/buffertse/airline-data/main/data/airlines.csv; https://raw.githubusercontent.com/buffertse/airline-data/main/data/airline-links.csv
arkhangelsk-2,Arkhangelsk-2,АЧ,Russia,Scheduled,no,,,Europe,,,,,,,,,,no,,0,0,no,no,no,,locale;band;official_website;help_root;baggage_checked_url;baggage_carryon_url;baggage_fees_url;fare_conditions_url;checkin_url;conditions_of_carriage_url;article_selector;,,,
arkia,Arkia,IZ,Israel,Scheduled,yes,en,manual-priority,Asia,https://www.arkia.co.il,,,,,,,https://www.arkia.co.il/content/movil-domestic,,yes,2026-09-03,0,1,no,yes,no,https://www.arkia.co.il/content/movil-domestic,help_root;baggage_checked_url;baggage_carryon_url;baggage_fees_url;fare_conditions_url;checkin_url;article_selector;,1/6 urls imported from filled priority CSV; conditions_of_carriage_url prefilled from Duffel refs; please verify.,,
arktika,Arktika,СИ,Russia,Scheduled,no,,,Europe,,,,,,,,,,no,,0,0,no,no,no,,locale;band;official_website;help_root;baggage_checked_url;baggage_carryon_url;baggage_fees_url;fare_conditions_url;checkin_url;conditions_of_carriage_url;article_selector;,,,
armenia-airways,Armenia Airways,6A,Armenia,Scheduled,no,,,Asia,https://armeniaairways.am,,https://www.armeniaairways.am/baggage,https://www.armeniaairways.am/baggage,https://www.armeniaairways.am/baggage,,,,,no,,0,0,no,no,no,,locale;band;help_root;fare_conditions_url;checkin_url;conditions_of_carriage_url;article_selector;,,armenia-airways-1493,https://raw.githubusercontent.com/buffertse/airline-data/main/data/airlines.csv; https://raw.githubusercontent.com/buffertse/airline-data/main/data/airline-links.csv
armenian-airlines,Armenian Airlines,JI,Armenia,Scheduled,no,en,,Asia,https://armenianairlines.am,,https://armenianairlines.am/en/baggage/checked-baggage,https://armenianairlines.am/en/baggage,https://armenianairlines.am/en/baggage,,,,,no,,0,0,no,no,no,,band;help_root;fare_conditions_url;checkin_url;conditions_of_carriage_url;article_selector;,,armenian-airlines-217,https://raw.githubusercontent.com/buffertse/airline-data/main/data/airlines.csv; https://raw.githubusercontent.com/buffertse/airline-data/main/data/airline-links.csv
aruba-airlines,Aruba Airlines,AG,Aruba,Scheduled,no,,,Caribbean,https://arubaairlines.com,https://www.aslairlines.ie/contact,,,,,,,,no,,0,0,no,no,no,,locale;band;baggage_checked_url;baggage_carryon_url;baggage_fees_url;fare_conditions_url;checkin_url;conditions_of_carriage_url;article_selector;,,asl-airlines-ireland-1136,https://raw.githubusercontent.com/buffertse/airline-data/main/data/airlines.csv; https://raw.githubusercontent.com/buffertse/airline-data/main/data/airline-links.csv
ascend-airways,Ascend Airways,YD,Belarus,Scheduled,no,,,Europe,,,,,,,,,,no,,0,0,no,no,no,,locale;band;official_website;help_root;baggage_checked_url;baggage_carryon_url;baggage_fees_url;fare_conditions_url;checkin_url;conditions_of_carriage_url;article_selector;,,,
aserca-airlines,Aserca Airlines,R7,Venezuela,Scheduled,no,,,Latin America,,,,,,,,,,no,,0,0,no,yes,no,,locale;band;official_website;help_root;baggage_checked_url;baggage_carryon_url;baggage_fees_url;fare_conditions_url;checkin_url;conditions_of_carriage_url;article_selector;,,,
asian-wings-airways,Asian Wings Airways,YJ,Burma,Scheduled,no,,,,https://asianwingsair.com,,,,,,,,,no,,0,0,no,no,no,,locale;band;region;help_root;baggage_checked_url;baggage_carryon_url;baggage_fees_url;fare_conditions_url;checkin_url;conditions_of_carriage_url;article_selector;,,amc-airlines-936,https://raw.githubusercontent.com/buffertse/airline-data/main/data/airlines.csv; https://raw.githubusercontent.com/buffertse/airline-data/main/data/airline-links.csv
asiana-airlines,Asiana Airlines,OZ,South Korea,Scheduled,yes,en,manual-priority,Asia,https://flyasiana.com,,https://flyasiana.com/C/GB/EN/ready/baggage,https://flyasiana.com/C/GB/EN/ready/baggage,https://flyasiana.com/C/GB/EN/ready/baggage,,,https://flyasiana.com/C/GB/EN/contents/terms-of-transportation-and-notification,,yes,2026-09-03,0,4,no,yes,no,https://flyasiana.com/C/GB/EN/contents/terms-of-transportation-and-notification,help_root;fare_conditions_url;checkin_url;article_selector;,"4/6 urls imported from filled priority CSV; conditions_of_carriage_url prefilled from Duffel refs; please verify.; Missing fields filled from buffertse/airline-data, which records official airline domains and deep links sourced from airline websites.",asiana-airlines-721,https://raw.githubusercontent.com/buffertse/airline-data/main/data/airlines.csv; https://raw.githubusercontent.com/buffertse/airline-data/main/data/airline-links.csv
asman-airlines,Asman Airlines,MN,Kyrgyzstan,Low-cost,no,,,Asia,,,,,,,,,,no,,0,0,no,no,no,,locale;band;official_website;help_root;baggage_checked_url;baggage_carryon_url;baggage_fees_url;fare_conditions_url;checkin_url;conditions_of_carriage_url;article_selector;,,,
atlantic-airways,Atlantic Airways,RC,Faroe Islands,Low-cost,yes,en,manual-priority,Asia,https://www.atlanticairways.com,,https://www.atlantic.fo/alt-um-ferðina/ferðatreytir/conditions-of-carriage-for-passengers-and-baggage,https://www.atlantic.fo/alt-um-ferðina/ferðatreytir/conditions-of-carriage-for-passengers-and-baggage,https://www.atlantic.fo/alt-um-ferðina/ferðatreytir/conditions-of-carriage-for-passengers-and-baggage,,,https://www.atlanticairways.com/media/1523/iata_conditions-of-contract_en.pdf,,yes,2026-09-03,0,4,no,yes,no,https://www.atlanticairways.com/media/1523/iata_conditions-of-contract_en.pdf,help_root;fare_conditions_url;checkin_url;article_selector;,"4/6 urls imported from filled priority CSV; conditions_of_carriage_url prefilled from Duffel refs; please verify.; Missing fields filled from buffertse/airline-data, which records official airline domains and deep links sourced from airline websites.",atlantic-airways-449,https://raw.githubusercontent.com/buffertse/airline-data/main/data/airlines.csv; https://raw.githubusercontent.com/buffertse/airline-data/main/data/airline-links.csv
atlas-air,Atlas Air,5Y,United States,Scheduled,yes,en-us,manual-priority,North America,https://www.atlasair.com,,https://www.atlasair.com/page_widgets/text-widget-passenger-services-baggage,https://www.atlasair.com/page_widgets/text-widget-passenger-services-baggage,https://www.atlasair.com/page_widgets/text-widget-passenger-services-baggage,https://www.atlasair.com/,https://www.atlasair.com/,https://jumpseat.atlasair.com/aa/ConditionsofCarriage.pdf,,yes,2026-09-03,0,4,no,yes,no,https://jumpseat.atlasair.com/aa/ConditionsofCarriage.pdf,help_root;article_selector;,"4/6 urls imported from filled priority CSV; Missing fields filled from buffertse/airline-data, which records official airline domains and deep links sourced from airline websites.",atlas-air-1666,https://raw.githubusercontent.com/buffertse/airline-data/main/data/airlines.csv; https://raw.githubusercontent.com/buffertse/airline-data/main/data/airline-links.csv
atran,Atran,V8,Russia,Scheduled,no,,,Europe,https://atran.ru,https://www.atran.ru/ru/contacts,,,,,,,,no,,0,0,no,yes,no,,locale;band;baggage_checked_url;baggage_carryon_url;baggage_fees_url;fare_conditions_url;checkin_url;conditions_of_carriage_url;article_selector;,"Missing fields filled from buffertse/airline-data, which records official airline domains and deep links sourced from airline websites.",atran-169,https://raw.githubusercontent.com/buffertse/airline-data/main/data/airlines.csv; https://raw.githubusercontent.com/buffertse/airline-data/main/data/airline-links.csv
auric-air,Auric Air,UI,Tanzania,Scheduled,no,,,Africa,https://auricair.com,https://www.auricair.com/General/contact,https://auricair.com/General/baggage_policy,https://auricair.com/General/baggage_policy,https://auricair.com/General/baggage_policy,,,,,no,,0,0,no,no,no,,locale;band;fare_conditions_url;checkin_url;conditions_of_carriage_url;article_selector;,,auric-air-1269,https://raw.githubusercontent.com/buffertse/airline-data/main/data/airlines.csv; https://raw.githubusercontent.com/buffertse/airline-data/main/data/airline-links.csv
aurigny,Aurigny,GR,Guernsey,Scheduled,no,,,,https://www.aurigny.com,,,,,,,https://www.aurigny.com/legal/conditions-carriage,,no,,0,0,no,no,no,https://www.aurigny.com/legal/conditions-carriage,locale;band;region;help_root;baggage_checked_url;baggage_carryon_url;baggage_fees_url;fare_conditions_url;checkin_url;article_selector;,,,
aurora,Aurora,HZ,Russia,Scheduled,no,,,Europe,https://flyaurora.ru,,,,,,,,,no,,0,0,no,no,no,,locale;band;help_root;baggage_checked_url;baggage_carryon_url;baggage_fees_url;fare_conditions_url;checkin_url;conditions_of_carriage_url;article_selector;,,aurora-451,https://raw.githubusercontent.com/buffertse/airline-data/main/data/airlines.csv; https://raw.githubusercontent.com/buffertse/airline-data/main/data/airline-links.csv
austral-lineas-aereas,Austral Lineas Aereas,AU,Argentina,Scheduled,no,,,Latin America,,,,,,,,,,no,,0,0,no,no,no,,locale;band;official_website;help_root;baggage_checked_url;baggage_carryon_url;baggage_fees_url;fare_conditions_url;checkin_url;conditions_of_carriage_url;article_selector;,,,
australian-airlines,Australian Airlines,AO,Australia,Scheduled,no,en,,Australia/Pacific,,,,,,,,,,no,,0,0,no,no,no,,band;official_website;help_root;baggage_checked_url;baggage_carryon_url;baggage_fees_url;fare_conditions_url;checkin_url;conditions_of_carriage_url;article_selector;,,,
austrian-airlines,Austrian Airlines,OS,Austria,Scheduled,yes,en,manual-priority,Europe,https://www.austrian.com,,https://www.austrian.com/at/en/baggage,https://www.austrian.com/at/en/baggage,https://www.austrian.com/at/en/baggage,,,https://www.austrian.com/es/en/legal/conditions-of-carriage,,yes,2026-09-03,0,4,no,yes,no,https://www.austrian.com/es/en/legal/conditions-of-carriage,help_root;fare_conditions_url;checkin_url;article_selector;,"4/6 urls imported from filled priority CSV; conditions_of_carriage_url prefilled from Duffel refs; please verify.; Missing fields filled from buffertse/airline-data, which records official airline domains and deep links sourced from airline websites.",austrian-airlines-1690,https://raw.githubusercontent.com/buffertse/airline-data/main/data/airlines.csv; https://raw.githubusercontent.com/buffertse/airline-data/main/data/airline-links.csv
avelo-airlines,Avelo Airlines,XP,United States,Low-cost,no,en,,North America,https://aveloair.com,https://www.aveloair.com/help,https://www.aveloair.com/baggage-limitations-of-liability,https://www.aveloair.com/help/carry-on-bags,https://www.aveloair.com/baggage-limitations-of-liability,,,https://www.aveloair.com/contract-of-carriage,,no,,0,0,no,no,no,https://www.aveloair.com/contract-of-carriage,band;fare_conditions_url;checkin_url;article_selector;,,avelo-airlines-1729,https://raw.githubusercontent.com/buffertse/airline-data/main/data/airlines.csv; https://raw.githubusercontent.com/buffertse/airline-data/main/data/airline-links.csv
avia-traffic-company,Avia Traffic Company,ТФ,Kyrgyzstan,Scheduled,no,,,Asia,https://aero.kg,https://aero.kg/contacts/address,,,,,,,,no,,0,0,no,no,no,,locale;band;baggage_checked_url;baggage_carryon_url;baggage_fees_url;fare_conditions_url;checkin_url;conditions_of_carriage_url;article_selector;,,avia-traffic-company-1061,https://raw.githubusercontent.com/buffertse/airline-data/main/data/airlines.csv; https://raw.githubusercontent.com/buffertse/airline-data/main/data/airline-links.csv
aviacon-zitotrans-air-company-jsc,Aviacon Zitotrans Air Company JSC,ZR,Russia,Scheduled,no,,,Europe,https://flypuntoazul.gq,,,,,,,,,no,,0,0,no,no,no,,locale;band;help_root;baggage_checked_url;baggage_carryon_url;baggage_fees_url;fare_conditions_url;checkin_url;conditions_of_carriage_url;article_selector;,,aviacon-zitotrans-747,https://raw.githubusercontent.com/buffertse/airline-data/main/data/airlines.csv; https://raw.githubusercontent.com/buffertse/airline-data/main/data/airline-links.csv
avialeasing-aviation-company,Avialeasing Aviation Company,V2,Uzbekistan,Scheduled,no,,,Asia,,,,,,,,,,no,,0,0,no,no,no,,locale;band;official_website;help_root;baggage_checked_url;baggage_carryon_url;baggage_fees_url;fare_conditions_url;checkin_url;conditions_of_carriage_url;article_selector;,,,
avianca,Avianca,AV,Colombia,Scheduled,yes,en,manual-priority,South America,https://www.avianca.com,,https://ayuda.avianca.com/hc/en-us/sections/13768649925787-Checked-baggage,https://ayuda.avianca.com/hc/en-us/sections/13467208526619-Carry-on-baggage,https://ayuda.avianca.com/hc/en-us/sections/13768649925787-Checked-baggage,,,https://www.avianca.com/uk/en/sobre-nosotros/informacion-legal/contrato-transporte/,,yes,2026-09-03,3,1,no,yes,no,https://www.avianca.com/uk/en/sobre-nosotros/informacion-legal/contrato-transporte/,help_root;fare_conditions_url;checkin_url;article_selector;,"4/6 urls imported from filled priority CSV; conditions_of_carriage_url prefilled from Duffel refs; please verify.; Missing fields filled from buffertse/airline-data, which records official airline domains and deep links sourced from airline websites.",avianca-953,https://raw.githubusercontent.com/buffertse/airline-data/main/data/airlines.csv; https://raw.githubusercontent.com/buffertse/airline-data/main/data/airline-links.csv
avianca-brazil,Avianca Brazil,O6,Brazil,Scheduled,no,,,Latin America,,,,,,,,,,no,,0,0,no,no,no,,locale;band;official_website;help_root;baggage_checked_url;baggage_carryon_url;baggage_fees_url;fare_conditions_url;checkin_url;conditions_of_carriage_url;article_selector;,,,
avianca-costa-rica,Avianca Costa Rica,LR,Costa Rica,Scheduled,yes,en,manual-priority,North America,https://www.avianca.com/en/about-us/contact-us,https://www.avianca.com/en/about-us/contact-us,https://ayuda.avianca.com/hc/en-us/sections/13768649925787-Checked-baggage,https://ayuda.avianca.com/hc/en-us/sections/13467208526619-Carry-on-baggage,https://ayuda.avianca.com/hc/en-us/sections/13768649925787-Checked-baggage,,https://ayuda.avianca.com/hc/en-us/sections/13499963148955-Check-in,https://www.avianca.com/uk/en/sobre-nosotros/informacion-legal/contrato-transporte/,,yes,2026-09-03,4,1,no,yes,no,https://www.avianca.com/uk/en/sobre-nosotros/informacion-legal/contrato-transporte/,fare_conditions_url;article_selector;,"5/6 urls imported from filled priority CSV; conditions_of_carriage_url prefilled from Duffel refs; please verify.; Missing fields filled from buffertse/airline-data, which records official airline domains and deep links sourced from airline websites.",avianca-costa-rica-14,https://raw.githubusercontent.com/buffertse/airline-data/main/data/airlines.csv; https://raw.githubusercontent.com/buffertse/airline-data/main/data/airline-links.csv
avianca-ecuador,Avianca Ecuador,2K,Ecuador,Scheduled,yes,en,manual-priority,South America,https://www.avianca.com/en/about-us/contact-us,https://www.avianca.com/en/about-us/contact-us,https://ayuda.avianca.com/hc/en-us/sections/13768649925787-Checked-baggage,https://ayuda.avianca.com/hc/en-us/sections/13467208526619-Carry-on-baggage,https://ayuda.avianca.com/hc/en-us/sections/13768649925787-Checked-baggage,,,https://avianca.com/otr/en/about-us/legal-documentation/contract-of-carriage/,,yes,2026-09-03,3,0,no,yes,no,https://avianca.com/otr/en/about-us/legal-documentation/contract-of-carriage/,fare_conditions_url;checkin_url;article_selector;,"3/6 urls imported from filled priority CSV; conditions_of_carriage_url prefilled from Duffel refs; please verify.; Missing fields filled from buffertse/airline-data, which records official airline domains and deep links sourced from airline websites.",avianca-ecuador-657,https://raw.githubusercontent.com/buffertse/airline-data/main/data/airlines.csv; https://raw.githubusercontent.com/buffertse/airline-data/main/data/airline-links.csv
avianca-el-salvador,Avianca El Salvador,TA,El Salvador,Scheduled,no,,,Latin America,https://www.avianca.com,,,,,,,https://www.avianca.com/uk/en/sobre-nosotros/informacion-legal/contrato-transporte/,,no,,0,0,no,no,no,https://www.avianca.com/uk/en/sobre-nosotros/informacion-legal/contrato-transporte/,locale;band;help_root;baggage_checked_url;baggage_carryon_url;baggage_fees_url;fare_conditions_url;checkin_url;article_selector;,,,
avianca-guatemala,Avianca Guatemala,GU,Guatemala,Scheduled,no,,,Latin America,,,,,,,,,,no,,0,0,no,no,no,,locale;band;official_website;help_root;baggage_checked_url;baggage_carryon_url;baggage_fees_url;fare_conditions_url;checkin_url;conditions_of_carriage_url;article_selector;,,,
avianca-peru,Avianca Peru,T0,Peru,Scheduled,no,,,Latin America,,,,,,,,,,no,,0,0,no,no,no,,locale;band;official_website;help_root;baggage_checked_url;baggage_carryon_url;baggage_fees_url;fare_conditions_url;checkin_url;conditions_of_carriage_url;article_selector;,,,
aviastar-tu,Aviastar-TU,4B,Russia,Scheduled,yes,en,manual-priority,Europe,https://www.boutiqueair.com,,,,,,,https://www.boutiqueair.com/pages/terms,,yes,2026-09-03,0,1,no,yes,no,https://www.boutiqueair.com/pages/terms,help_root;baggage_checked_url;baggage_carryon_url;baggage_fees_url;fare_conditions_url;checkin_url;article_selector;,1/6 urls imported from filled priority CSV; conditions_of_carriage_url prefilled from Duffel refs; please verify.,aviastar-tu-688,https://raw.githubusercontent.com/buffertse/airline-data/main/data/airlines.csv; https://raw.githubusercontent.com/buffertse/airline-data/main/data/airline-links.csv
avion-express-lithuania,Avion Express Lithuania,X9,Lithuania,Scheduled,no,,,Europe,https://avionexpress.aero,https://avionexpress.aero/contacts,,,,,,,,no,,0,0,no,yes,no,,locale;band;baggage_checked_url;baggage_carryon_url;baggage_fees_url;fare_conditions_url;checkin_url;conditions_of_carriage_url;article_selector;,"Missing fields filled from buffertse/airline-data, which records official airline domains and deep links sourced from airline websites.",avion-express-1707,https://raw.githubusercontent.com/buffertse/airline-data/main/data/airlines.csv; https://raw.githubusercontent.com/buffertse/airline-data/main/data/airline-links.csv
avion-express-malta,Avion Express Malta,4X,Malta,Scheduled,no,en,,Europe,https://avionexpressmalta.aero,,,,,,,,,no,,0,0,no,yes,no,,band;help_root;baggage_checked_url;baggage_carryon_url;baggage_fees_url;fare_conditions_url;checkin_url;conditions_of_carriage_url;article_selector;,"Missing fields filled from buffertse/airline-data, which records official airline domains and deep links sourced from airline websites.",avion-express-malta-264,https://raw.githubusercontent.com/buffertse/airline-data/main/data/airlines.csv; https://raw.githubusercontent.com/buffertse/airline-data/main/data/airline-links.csv
avior-airlines,Avior Airlines,3R,Venezuela,Scheduled,no,en,,Latin America,https://aviorair.com,,https://aviorair.com/en/equipajedemano,https://aviorair.com/en/equipajedemano,https://aviorair.com/en/equipajedemano,,,,,no,,0,0,no,no,no,,band;help_root;fare_conditions_url;checkin_url;conditions_of_carriage_url;article_selector;,,avior-airlines-1708,https://raw.githubusercontent.com/buffertse/airline-data/main/data/airlines.csv; https://raw.githubusercontent.com/buffertse/airline-data/main/data/airline-links.csv
azerbaijan-airlines,Azerbaijan Airlines,J2,Azerbaijan,Scheduled,yes,en,manual-priority,Asia,https://help.azal.az/hc/en-us/articles/36299412204562-How-do-I-know-which-fare-is-best-for-me,https://help.azal.az/hc/en-us/articles/36299412204562-How-do-I-know-which-fare-is-best-for-me,https://help.azal.az/hc/en-us/articles/36484496277266-What-items-are-restricted-in-baggage,https://help.azal.az/hc/en-us/articles/36291641558162-Where-can-I-find-hand-baggage-rules,https://help.azal.az/hc/en-us/articles/36484496277266-What-items-are-restricted-in-baggage,,,https://www.azal.az/en/information/rules-and-conditions,,yes,2026-09-03,3,1,no,yes,no,https://www.azal.az/en/information/rules-and-conditions,fare_conditions_url;checkin_url;article_selector;,"4/6 urls imported from filled priority CSV; conditions_of_carriage_url prefilled from Duffel refs; please verify.; Missing fields filled from buffertse/airline-data, which records official airline domains and deep links sourced from airline websites.",azerbaijan-airlines-982,https://raw.githubusercontent.com/buffertse/airline-data/main/data/airlines.csv; https://raw.githubusercontent.com/buffertse/airline-data/main/data/airline-links.csv
azimuth,Azimuth,A4,Russia,Scheduled,no,en,,Europe,https://aerocon.bo,https://azimuth.ru/en/about/contacts,https://azimuth.ru/en/passengers/baggage,https://azimuth.ru/en/passengers/baggage,https://azimuth.ru/en/passengers/baggage,,,,,no,,0,0,no,no,no,,band;fare_conditions_url;checkin_url;conditions_of_carriage_url;article_selector;,,azimuth-952,https://raw.githubusercontent.com/buffertse/airline-data/main/data/airlines.csv; https://raw.githubusercontent.com/buffertse/airline-data/main/data/airline-links.csv
aztec-airways,Aztec Airways,AJ,United States,Scheduled,no,en,,North America,https://flyaero.com,https://flyaero.com/support,,,,,,,,no,,0,0,no,no,no,,band;baggage_checked_url;baggage_carryon_url;baggage_fees_url;fare_conditions_url;checkin_url;conditions_of_carriage_url;article_selector;,,aero-contractors-1023,https://raw.githubusercontent.com/buffertse/airline-data/main/data/airlines.csv; https://raw.githubusercontent.com/buffertse/airline-data/main/data/airline-links.csv
azul-airlines,Azul Airlines,AD,Brazil,Low-cost,no,en,,Latin America,https://www.voeazul.com.br,,https://en.tripstack.voeazul.com.br/c/faq/baggage-baggage-information/difference-hand-and-checked-baggage,https://www.voeazul.com.br/fr/en/your-trip/plan/luggage/carry-on-and-personal-luggage,https://www.voeazul.com.br/fr/en/your-trip/plan/luggage,,https://interline.voeazul.com.br/CheckinOnLine.html,https://www.voeazul.com.br/en/for-your-trip/international-flights/contract-of-carriage,,no,,0,0,no,no,no,https://www.voeazul.com.br/en/for-your-trip/international-flights/contract-of-carriage,band;help_root;fare_conditions_url;article_selector;,,q794272-1714,https://raw.githubusercontent.com/buffertse/airline-data/main/data/airlines.csv; https://raw.githubusercontent.com/buffertse/airline-data/main/data/airline-links.csv
ba-cityflyer,BA Cityflyer,CJ,United Kingdom,Scheduled,no,en,,Europe,,,,,,,,,,no,,0,0,no,no,no,,band;official_website;help_root;baggage_checked_url;baggage_carryon_url;baggage_fees_url;fare_conditions_url;checkin_url;conditions_of_carriage_url;article_selector;,,,
ba-euroflyer,BA Euroflyer,A0,United Kingdom,Scheduled,no,en,,Europe,,,,,,,,,,no,,0,0,no,no,no,,band;official_website;help_root;baggage_checked_url;baggage_carryon_url;baggage_fees_url;fare_conditions_url;checkin_url;conditions_of_carriage_url;article_selector;,,,
bb-airways,BB Airways,BO,Nepal,Scheduled,no,,,Asia,,,,,,,,,,no,,0,0,no,no,no,,locale;band;official_website;help_root;baggage_checked_url;baggage_carryon_url;baggage_fees_url;fare_conditions_url;checkin_url;conditions_of_carriage_url;article_selector;,,,
bbn-airlines,BBN Airlines,B5,Indonesia,Scheduled,no,,,Asia,https://bbnairlines.aero,https://bbnairlines.aero/contact-us,,,,,,,,no,,0,0,no,no,no,,locale;band;baggage_checked_url;baggage_carryon_url;baggage_fees_url;fare_conditions_url;checkin_url;conditions_of_carriage_url;article_selector;,,bbn-airlines-t-rkiye-385,https://raw.githubusercontent.com/buffertse/airline-data/main/data/airlines.csv; https://raw.githubusercontent.com/buffertse/airline-data/main/data/airline-links.csv
bh-air,BH Air,8H,Bulgaria,Scheduled,no,,,Europe,,,,,,,,,,no,,0,0,no,no,no,,locale;band;official_website;help_root;baggage_checked_url;baggage_carryon_url;baggage_fees_url;fare_conditions_url;checkin_url;conditions_of_carriage_url;article_selector;,,,
bmi-regional,BMI regional,BM,United Kingdom,Scheduled,no,en,,Europe,,,,,,,,,,no,,0,0,no,no,no,,band;official_website;help_root;baggage_checked_url;baggage_carryon_url;baggage_fees_url;fare_conditions_url;checkin_url;conditions_of_carriage_url;article_selector;,,,
bqb-lineas-aereas,BQB Lineas Aereas,5Q,Uruguay,Scheduled,no,,,Latin America,,,,,,,,,,no,,0,0,no,no,no,,locale;band;official_website;help_root;baggage_checked_url;baggage_carryon_url;baggage_fees_url;fare_conditions_url;checkin_url;conditions_of_carriage_url;article_selector;,,,
bra,BRA,TF,Sweden,Scheduled,no,,,Europe,,,,,,,,,,no,,0,0,no,no,no,,locale;band;official_website;help_root;baggage_checked_url;baggage_carryon_url;baggage_fees_url;fare_conditions_url;checkin_url;conditions_of_carriage_url;article_selector;,,,
bvi-airways,BVI Airways,XV,British Virgin Islands,Scheduled,no,,,Caribbean,,,,,,,,,,no,,0,0,no,yes,no,,locale;band;official_website;help_root;baggage_checked_url;baggage_carryon_url;baggage_fees_url;fare_conditions_url;checkin_url;conditions_of_carriage_url;article_selector;,,,
badr-airlines,Badr Airlines,J4,Sudan,Scheduled,no,en,,Africa,https://buffaloairways.com,https://badrairlines.com/en/contact.php,,,,,,,,no,,0,0,no,no,no,,band;baggage_checked_url;baggage_carryon_url;baggage_fees_url;fare_conditions_url;checkin_url;conditions_of_carriage_url;article_selector;,,badr-airlines-1722,https://raw.githubusercontent.com/buffertse/airline-data/main/data/airlines.csv; https://raw.githubusercontent.com/buffertse/airline-data/main/data/airline-links.csv
bahamasair,Bahamasair,UP,Bahamas,Scheduled,no,en,,Caribbean,https://www.bahamasair.com,,https://www.bahamasair.com/baggage,https://www.bahamasair.com/baggage-information/carry-on-allowance,https://www.bahamasair.com/baggage,,,https://www.bahamasair.com/other-policies-forms/conditions-of-carriage,,no,,0,0,no,no,no,https://www.bahamasair.com/other-policies-forms/conditions-of-carriage,band;help_root;fare_conditions_url;checkin_url;article_selector;,,q800208-1723,https://raw.githubusercontent.com/buffertse/airline-data/main/data/airlines.csv; https://raw.githubusercontent.com/buffertse/airline-data/main/data/airline-links.csv
balkan,Balkan,БА,Bulgaria,Scheduled,no,,,Europe,,,,,,,,,,no,,0,0,no,no,no,,locale;band;official_website;help_root;baggage_checked_url;baggage_carryon_url;baggage_fees_url;fare_conditions_url;checkin_url;conditions_of_carriage_url;article_selector;,,,
bamboo-airways,Bamboo Airways,QH,Vietnam,Scheduled,no,en,,Asia,https://www.bambooairways.com,,https://www.bambooairways.com/gl/en/travel-info/baggage-info,https://www.bambooairways.com/gl/en/travel-info/baggage-info/carry-on-baggage,https://www.bambooairways.com/gl/en/travel-info/baggage-info,,,https://www.bambooairways.com/global-en/terms-and-conditions/conditions-of-carriage/,,no,,0,0,no,no,no,https://www.bambooairways.com/global-en/terms-and-conditions/conditions-of-carriage/,band;help_root;fare_conditions_url;checkin_url;article_selector;,,bamboo-airways-1332,https://raw.githubusercontent.com/buffertse/airline-data/main/data/airlines.csv; https://raw.githubusercontent.com/buffertse/airline-data/main/data/airline-links.csv
bangkok-airways,Bangkok Airways,PG,Thailand,Scheduled,yes,en-th,1b,Southeast Asia,https://www.bangkokair.com,,https://www.bangkokair.com/baggage-allowance,https://www.bangkokair.com/carry-on-baggage,https://www.bangkokair.com/excess-baggage,https://www.bangkokair.com/fare-rules,https://www.bangkokair.com/check-in,https://www.bangkokair.com/conditions-of-carriage,,yes,2026-09-03,0,6,no,yes,no,https://www.bangkokair.com/conditions/conditions-of-carriage,help_root;article_selector;,"parked — 403 on all six paths, blocked rather than a URL problem",bangkok-airways-1730,C:\Users\kspellman\Documents\Codex\2026-08-24\vie\work\airline_research_data.json; https://raw.githubusercontent.com/buffertse/airline-data/main/data/airlines.csv; https://raw.githubusercontent.com/buffertse/airline-data/main/data/airline-links.csv
bassaka-air,Bassaka Air,5B,Cambodia,Scheduled,no,,,Asia,https://euroasiaair.kz,,,,,,,,,no,,0,0,no,no,no,,locale;band;help_root;baggage_checked_url;baggage_carryon_url;baggage_fees_url;fare_conditions_url;checkin_url;conditions_of_carriage_url;article_selector;,,chanchangi-airlines-1437,https://raw.githubusercontent.com/buffertse/airline-data/main/data/airlines.csv; https://raw.githubusercontent.com/buffertse/airline-data/main/data/airline-links.csv
batik-air,Batik Air,ID,Indonesia,Scheduled,no,,,Asia,,,,,,,,,,no,,0,0,no,yes,no,,locale;band;official_website;help_root;baggage_checked_url;baggage_carryon_url;baggage_fees_url;fare_conditions_url;checkin_url;conditions_of_carriage_url;article_selector;,,,
batik-air-malaysia,Batik Air Malaysia,OD,Malaysia,Scheduled,no,,,Asia,https://www.malindoair.com,,,,,,,https://www.malindoair.com/terms-and-conditions,,no,,0,0,no,no,no,https://www.malindoair.com/terms-and-conditions,locale;band;help_root;baggage_checked_url;baggage_carryon_url;baggage_fees_url;fare_conditions_url;checkin_url;article_selector;,,,
beond,BeOnd,B4,Maldives,Scheduled,no,,,Asia,https://zanair.com,,https://zanair.com/luggage-allowance,https://zanair.com/luggage-allowance,https://zanair.com/luggage-allowance,,,,,no,,0,0,no,no,no,,locale;band;help_root;fare_conditions_url;checkin_url;conditions_of_carriage_url;article_selector;,,zanair-414,https://raw.githubusercontent.com/buffertse/airline-data/main/data/airlines.csv; https://raw.githubusercontent.com/buffertse/airline-data/main/data/airline-links.csv
bearskin-airlines,Bearskin Airlines,JV,Canada,Scheduled,no,en,,North America,https://bearskinairlines.com,,,,,,,,,no,,0,0,no,yes,no,,band;help_root;baggage_checked_url;baggage_carryon_url;baggage_fees_url;fare_conditions_url;checkin_url;conditions_of_carriage_url;article_selector;,"Missing fields filled from buffertse/airline-data, which records official airline domains and deep links sourced from airline websites.",bearskin-airlines-1734,https://raw.githubusercontent.com/buffertse/airline-data/main/data/airlines.csv; https://raw.githubusercontent.com/buffertse/airline-data/main/data/airline-links.csv
bees-airline,Bees Airline,7B,Ukraine,Low-cost,no,,,Europe,,,,,,,,,,no,,0,0,no,no,no,,locale;band;official_website;help_root;baggage_checked_url;baggage_carryon_url;baggage_fees_url;fare_conditions_url;checkin_url;conditions_of_carriage_url;article_selector;,,,
beijing-capital-airlines,Beijing Capital Airlines,JD,China,Scheduled,yes,en,manual-priority,Asia,https://intl.jdair.net,,,,,,,https://intl.jdair.net/news/index?id=73&valueMenuaid=75,,yes,2026-09-03,0,1,no,yes,no,https://intl.jdair.net/news/index?id=73&valueMenuaid=75,help_root;baggage_checked_url;baggage_carryon_url;baggage_fees_url;fare_conditions_url;checkin_url;article_selector;,1/6 urls imported from filled priority CSV; conditions_of_carriage_url prefilled from Duffel refs; please verify.,,
belavia,Belavia,B2,Belarus,Scheduled,no,,,Europe,,,,,,,,,,no,,0,0,no,no,no,,locale;band;official_website;help_root;baggage_checked_url;baggage_carryon_url;baggage_fees_url;fare_conditions_url;checkin_url;conditions_of_carriage_url;article_selector;,,,
bemidji-airlines,Bemidji Airlines,CH,United States,Scheduled,no,en,,North America,,,,,,,,,,no,,0,0,no,yes,no,,band;official_website;help_root;baggage_checked_url;baggage_carryon_url;baggage_fees_url;fare_conditions_url;checkin_url;conditions_of_carriage_url;article_selector;,,,
bering-air,Bering Air,8E,United States,Scheduled,yes,en-us,manual-priority,North America,https://www.beringair.com,,https://www.beringair.com/faqs/nome-excess-baggage-rates,https://www.beringair.com/faqs/nome-excess-baggage-rates,https://www.beringair.com/faqs/nome-excess-baggage-rates,https://www.beringair.com/,https://www.beringair.com/,https://www.beringair.com/,,yes,2026-09-03,0,3,no,yes,no,,help_root;article_selector;,"3/6 urls imported from filled priority CSV; Missing fields filled from buffertse/airline-data, which records official airline domains and deep links sourced from airline websites.",bering-air-1063,https://raw.githubusercontent.com/buffertse/airline-data/main/data/airlines.csv; https://raw.githubusercontent.com/buffertse/airline-data/main/data/airline-links.csv
berjaya-air,Berjaya Air,J8,Malaysia,Scheduled,no,,,Asia,https://berjaya-air.com,https://www.berjaya-air.com/contact,,,,,,,,no,,0,0,no,yes,no,,locale;band;baggage_checked_url;baggage_carryon_url;baggage_fees_url;fare_conditions_url;checkin_url;conditions_of_carriage_url;article_selector;,"Missing fields filled from buffertse/airline-data, which records official airline domains and deep links sourced from airline websites.",berjaya-air-1736,https://raw.githubusercontent.com/buffertse/airline-data/main/data/airlines.csv; https://raw.githubusercontent.com/buffertse/airline-data/main/data/airline-links.csv
bermudair,BermudAir,2T,Bermuda,Scheduled,no,en,,North America,,,,,,,,,,no,,0,0,no,no,no,,band;official_website;help_root;baggage_checked_url;baggage_carryon_url;baggage_fees_url;fare_conditions_url;checkin_url;conditions_of_carriage_url;article_selector;,,,
berniq-airways,Berniq Airways,NB,Libya,Scheduled,no,,,Africa,,,,,,,,,,no,,0,0,no,no,no,,locale;band;official_website;help_root;baggage_checked_url;baggage_carryon_url;baggage_fees_url;fare_conditions_url;checkin_url;conditions_of_carriage_url;article_selector;,,,
bhutan-airlines,Bhutan Airlines,B3,Bhutan,Scheduled,yes,en,manual-priority,Asia,https://www.bhutanairlines.bt,,https://www.bhutanairlines.bt/travel-tools/baggage-and-cargo,https://www.bhutanairlines.bt/services/in-flight-services/baggage-baggage,https://www.bhutanairlines.bt/travel-tools/baggage-and-cargo,,,,,yes,2026-09-03,3,0,no,yes,no,,help_root;fare_conditions_url;checkin_url;conditions_of_carriage_url;article_selector;,"3/6 urls imported from filled priority CSV; Missing fields filled from buffertse/airline-data, which records official airline domains and deep links sourced from airline websites.",bhutan-airlines-800,https://raw.githubusercontent.com/buffertse/airline-data/main/data/airlines.csv; https://raw.githubusercontent.com/buffertse/airline-data/main/data/airline-links.csv; https://raw.githubusercontent.com/buffertse/airline-data/main/derived/baggage-summary.csv
biman-bangladesh-airlines,Biman Bangladesh Airlines,BG,Bangladesh,Scheduled,no,,,Asia,https://www.biman-airlines.com,,,,,,,https://www.biman-airlines.com/termsConditions#Carriage-for-Passengers-and-Baggage,,no,,0,0,no,no,no,https://www.biman-airlines.com/termsConditions#Carriage-for-Passengers-and-Baggage,locale;band;help_root;baggage_checked_url;baggage_carryon_url;baggage_fees_url;fare_conditions_url;checkin_url;article_selector;,,,
binter-canarias,Binter Canarias,NT,Spain,Scheduled,yes,en,manual-priority,Europe,https://www.bintercanarias.com,,https://www.bintercanarias.com/en/extra-checked-baggage,https://www.bintercanarias.com/es/informacion/equipaje-de-mano,https://www.bintercanarias.com/en/extra-checked-baggage,,,https://www.bintercanarias.com/eng/information/contract-of-carriage,,yes,2026-09-03,0,4,no,yes,no,https://www.bintercanarias.com/eng/information/contract-of-carriage,help_root;fare_conditions_url;checkin_url;article_selector;,"4/6 urls imported from filled priority CSV; conditions_of_carriage_url prefilled from Duffel refs; please verify.; Missing fields filled from buffertse/airline-data, which records official airline domains and deep links sourced from airline websites.",binter-canarias-1770,https://raw.githubusercontent.com/buffertse/airline-data/main/data/airlines.csv; https://raw.githubusercontent.com/buffertse/airline-data/main/data/airline-links.csv; https://raw.githubusercontent.com/buffertse/airline-data/main/derived/baggage-summary.csv
blue-air,Blue Air,0B,Romania,Low-cost,no,,,Europe,,,,,,,,,,no,,0,0,no,yes,no,,locale;band;official_website;help_root;baggage_checked_url;baggage_carryon_url;baggage_fees_url;fare_conditions_url;checkin_url;conditions_of_carriage_url;article_selector;,,,
blue-bird-airways,Blue Bird Airways,BZ,Kenya,Scheduled,no,en,,Africa,https://bluedartaviation.com,,https://www.bluebirdair.com/TRAVEL-INFORMATION/Checked-baggage,https://booking.bluebirdair.com/TRAVEL-INFORMATION/CARRY-ON-ITEMS,https://www.bluebirdair.com/engre/he/gr/he/he/baggage_information.html,,,,,no,,0,0,no,no,no,,band;help_root;fare_conditions_url;checkin_url;conditions_of_carriage_url;article_selector;,,bluebird-airways-868,https://raw.githubusercontent.com/buffertse/airline-data/main/data/airlines.csv; https://raw.githubusercontent.com/buffertse/airline-data/main/data/airline-links.csv
blue-islands,Blue Islands,SI,United Kingdom,Scheduled,no,en,,Europe,https://susiair.com,,,,,,,,,no,,0,0,no,yes,no,,band;help_root;baggage_checked_url;baggage_carryon_url;baggage_fees_url;fare_conditions_url;checkin_url;conditions_of_carriage_url;article_selector;,,susi-air-945,https://raw.githubusercontent.com/buffertse/airline-data/main/data/airlines.csv; https://raw.githubusercontent.com/buffertse/airline-data/main/data/airline-links.csv
blue1,Blue1,KF,Finland,Scheduled,yes,en,manual-priority,Europe,https://www.airbelgium.com,,,,,,,https://www.airbelgium.com/en/legal/general-terms-and-conditions-of-carriage/,,yes,2026-09-03,0,1,no,yes,no,https://www.airbelgium.com/en/legal/general-terms-and-conditions-of-carriage/,help_root;baggage_checked_url;baggage_carryon_url;baggage_fees_url;fare_conditions_url;checkin_url;article_selector;,1/6 urls imported from filled priority CSV; conditions_of_carriage_url prefilled from Duffel refs; please verify.,,
boliviana-de-aviacion,Boliviana de Aviación,OB,Bolivia,Scheduled,yes,en,manual-priority,South America,https://www.boa.bo,,https://www.boa.bo/Contenido/baggage-cc5xiep3,https://www.boa.bo/Contenido/baggage-cc5xiep3,https://www.boa.bo/Contenido/baggage-cc5xiep3,,,https://www.boa.bo/content/docs/contrato_transporte_en.pdf,,yes,2026-09-03,0,4,no,yes,no,https://www.boa.bo/content/docs/contrato_transporte_en.pdf,help_root;fare_conditions_url;checkin_url;article_selector;,"4/6 urls imported from filled priority CSV; conditions_of_carriage_url prefilled from Duffel refs; please verify.; Missing fields filled from buffertse/airline-data, which records official airline domains and deep links sourced from airline websites.",boliviana-de-aviaci-n-1786,https://raw.githubusercontent.com/buffertse/airline-data/main/data/airlines.csv; https://raw.githubusercontent.com/buffertse/airline-data/main/data/airline-links.csv
bonza,Bonza,AB,Australia,Low-cost,no,en,,Australia/Pacific,,,,,,,,,,no,,0,0,no,no,no,,band;official_website;help_root;baggage_checked_url;baggage_carryon_url;baggage_fees_url;fare_conditions_url;checkin_url;conditions_of_carriage_url;article_selector;,,,
breeze-airways,Breeze Airways,MX,United States,Low-cost,no,en,,North America,https://flybreeze.com,https://www.flybreeze.com/support,,,,,,,,no,,0,0,no,yes,no,,band;baggage_checked_url;baggage_carryon_url;baggage_fees_url;fare_conditions_url;checkin_url;conditions_of_carriage_url;article_selector;,"Missing fields filled from buffertse/airline-data, which records official airline domains and deep links sourced from airline websites.",breeze-airways-1406,https://raw.githubusercontent.com/buffertse/airline-data/main/data/airlines.csv; https://raw.githubusercontent.com/buffertse/airline-data/main/data/airline-links.csv
bringer-air-cargo,Bringer Air Cargo,E6,Brazil,Scheduled,no,,,Latin America,,,,,,,,,,no,,0,0,no,no,no,,locale;band;official_website;help_root;baggage_checked_url;baggage_carryon_url;baggage_fees_url;fare_conditions_url;checkin_url;conditions_of_carriage_url;article_selector;,,,
brit-air,Brit Air,DB,France,Scheduled,no,,,Europe,,,,,,,,,,no,,0,0,no,yes,no,,locale;band;official_website;help_root;baggage_checked_url;baggage_carryon_url;baggage_fees_url;fare_conditions_url;checkin_url;conditions_of_carriage_url;article_selector;,,,
british-airways,British Airways,BA,United Kingdom,Scheduled,yes,en-gb,1a,Europe,https://www.britishairways.com,,https://www.britishairways.com/content/information/baggage-essentials/checked-baggage-allowances,https://www.britishairways.com/content/information/baggage-essentials/hand-baggage-allowances,https://www.britishairways.com/content/information/baggage-essentials/extra-overweight-baggage,https://www.britishairways.com/content/information/terms-and-conditions/conditions-of-carriage,https://www.britishairways.com/content/information/checking-in-and-boarding,https://www.britishairways.com/content/information/terms-and-conditions/conditions-of-carriage,,yes,2026-09-03,0,6,no,yes,yes,https://www.britishairways.com/en-gb/information/legal/british-airways/general-conditions-of-carriage,help_root;article_selector;,6/6 urls,,C:\Users\kspellman\Documents\Codex\2026-08-24\vie\work\airline_research_data.json
brussels-airlines,Brussels Airlines,SN,Belgium,Scheduled,yes,en,manual-priority,Europe,https://www.brusselsairlines.com,,https://www.brusselsairlines.com/ao/en/extra-services/baggage/checked-baggage,https://www.brusselsairlines.com/ao/en/extra-services/baggage/checked-baggage,https://www.brusselsairlines.com/ao/en/extra-services/baggage/checked-baggage,,,https://www.brusselsairlines.com/de/en/legal-notices/terms-and-conditions-conditions-of-carriage,,yes,2026-09-03,0,4,no,yes,yes,https://www.brusselsairlines.com/de/en/legal-notices/terms-and-conditions-conditions-of-carriage,help_root;fare_conditions_url;checkin_url;article_selector;,"4/6 urls imported from filled priority CSV; conditions_of_carriage_url prefilled from Duffel refs; please verify.; Missing fields filled from buffertse/airline-data, which records official airline domains and deep links sourced from airline websites.",brussels-airlines-462,https://raw.githubusercontent.com/buffertse/airline-data/main/data/airlines.csv; https://raw.githubusercontent.com/buffertse/airline-data/main/data/airline-links.csv
buddha-air,Buddha Air,U4,Nepal,Scheduled,yes,en,manual-priority,Asia,https://www.buddhaair.com,,https://www.buddhaair.com/detail/baggage,https://www.buddhaair.com/blog/cabin-or-carry-on-luggage-rules-what-you-need-to-know,https://www.buddhaair.com/detail/baggage,,,,,yes,2026-09-03,0,3,no,yes,yes,,help_root;fare_conditions_url;checkin_url;conditions_of_carriage_url;article_selector;,"3/6 urls imported from filled priority CSV; Missing fields filled from buffertse/airline-data, which records official airline domains and deep links sourced from airline websites.",buddha-air-1618,https://raw.githubusercontent.com/buffertse/airline-data/main/data/airlines.csv; https://raw.githubusercontent.com/buffertse/airline-data/main/data/airline-links.csv
buffalo-airways-ltd,Buffalo Airways Ltd.,J0,Canada,Scheduled,no,en,,North America,,,,,,,,,,no,,0,0,no,no,no,,band;official_website;help_root;baggage_checked_url;baggage_carryon_url;baggage_fees_url;fare_conditions_url;checkin_url;conditions_of_carriage_url;article_selector;,,,
bul-air,Bul Air,LB,India,Scheduled,no,,,Asia,https://bulair.bg,,,,,,,,,no,,0,0,no,no,no,,locale;band;help_root;baggage_checked_url;baggage_carryon_url;baggage_fees_url;fare_conditions_url;checkin_url;conditions_of_carriage_url;article_selector;,,bul-air-878,https://raw.githubusercontent.com/buffertse/airline-data/main/data/airlines.csv; https://raw.githubusercontent.com/buffertse/airline-data/main/data/airline-links.csv
bulgaria-air,Bulgaria Air,FB,Bulgaria,Scheduled,yes,en,manual-priority,Europe,https://www.air.bg,,,,,,,https://www.air.bg/en/customer-support/general-conditions-of-carriage/,,yes,2026-09-03,0,1,no,no,yes,https://www.air.bg/en/customer-support/general-conditions-of-carriage/,help_root;baggage_checked_url;baggage_carryon_url;baggage_fees_url;fare_conditions_url;checkin_url;article_selector;,1/6 urls imported from filled priority CSV; conditions_of_carriage_url prefilled from Duffel refs; please verify.,q822130-1737,https://raw.githubusercontent.com/buffertse/airline-data/main/data/airlines.csv; https://raw.githubusercontent.com/buffertse/airline-data/main/data/airline-links.csv
buraq-air,Buraq Air,UZ,Libya,Scheduled,no,,,Africa,https://buraq.aero,,https://buraq.aero/baggage-policy,https://buraq.aero/baggage-policy,https://buraq.aero/baggage-policy,,,,,no,,0,0,no,no,no,,locale;band;help_root;fare_conditions_url;checkin_url;conditions_of_carriage_url;article_selector;,,buraq-air-662,https://raw.githubusercontent.com/buffertse/airline-data/main/data/airlines.csv; https://raw.githubusercontent.com/buffertse/airline-data/main/data/airline-links.csv
buta-airways,Buta Airways,55,Azerbaijan,Low-cost,no,,,Asia,,,,,,,,,,no,,0,0,no,no,yes,,locale;band;official_website;help_root;baggage_checked_url;baggage_carryon_url;baggage_fees_url;fare_conditions_url;checkin_url;conditions_of_carriage_url;article_selector;,,,
buzz,Buzz,RR,Poland,Low-cost,no,,,Europe,https://www.buzzair.com,,,,,,,https://www.buzzair.com/en/terms-conditions-of-carriage/,,no,,0,0,no,no,no,https://www.buzzair.com/en/terms-conditions-of-carriage/,locale;band;help_root;baggage_checked_url;baggage_carryon_url;baggage_fees_url;fare_conditions_url;checkin_url;article_selector;,,royal-air-force-507,https://raw.githubusercontent.com/buffertse/airline-data/main/data/airlines.csv; https://raw.githubusercontent.com/buffertse/airline-data/main/data/airline-links.csv
ceiba-intercontinental,CEIBA Intercontinental,C2,Equatorial Guinea,Scheduled,no,,,Africa,https://airt.net,,,,,,,,,no,,0,0,no,yes,no,,locale;band;help_root;baggage_checked_url;baggage_carryon_url;baggage_fees_url;fare_conditions_url;checkin_url;conditions_of_carriage_url;article_selector;,"Missing fields filled from buffertse/airline-data, which records official airline domains and deep links sourced from airline websites.",ceiba-intercontinental-1613,https://raw.githubusercontent.com/buffertse/airline-data/main/data/airlines.csv; https://raw.githubusercontent.com/buffertse/airline-data/main/data/airline-links.csv
cjsc-royal-flight-airlines,CJSC Royal Flight airlines,4R,Russia,Scheduled,no,,,Europe,,,,,,,,,,no,,0,0,no,no,no,,locale;band;official_website;help_root;baggage_checked_url;baggage_carryon_url;baggage_fees_url;fare_conditions_url;checkin_url;conditions_of_carriage_url;article_selector;,,,
cm-airlines,CM Airlines,H5,Honduras,Scheduled,yes,en,manual-priority,Asia,https://www.cmairlines.com,,https://www.cmairlines.com/equipaje-en,https://www.cmairlines.com/equipaje-en,https://www.cmairlines.com/equipaje-en,,,,,yes,2026-09-03,3,0,no,no,yes,,help_root;fare_conditions_url;checkin_url;conditions_of_carriage_url;article_selector;,"3/6 urls imported from filled priority CSV; Missing fields filled from buffertse/airline-data, which records official airline domains and deep links sourced from airline websites.",cm-airlines-1305,https://raw.githubusercontent.com/buffertse/airline-data/main/data/airlines.csv; https://raw.githubusercontent.com/buffertse/airline-data/main/data/airline-links.csv; https://raw.githubusercontent.com/buffertse/airline-data/main/derived/baggage-summary.csv
csa-czech-airlines,CSA Czech Airlines,OK,Czech Republic,Scheduled,yes,en,manual-priority,Europe,https://www.csa.cz,,,,,,,https://www.csa.cz/gb-en/travel-information/before-the-flight/conditions-of-carriage/,,yes,2026-09-03,0,1,no,yes,yes,https://www.csa.cz/gb-en/travel-information/before-the-flight/conditions-of-carriage/,help_root;baggage_checked_url;baggage_carryon_url;baggage_fees_url;fare_conditions_url;checkin_url;article_selector;,1/6 urls imported from filled priority CSV; conditions_of_carriage_url prefilled from Duffel refs; please verify.,,
cabo-verde-airlines,Cabo Verde Airlines,VR,Cape Verde,Scheduled,yes,en,manual-priority,Asia,https://caboverdeairlines.com/en/need-help/offices.html,https://caboverdeairlines.com/en/need-help/offices.html,https://www.caboverdeairlines.com/informacoes-de-viagem/no-aeroporto/bagagem.html,https://caboverdeairlines.com/en/travel-information/at-the-airport/baggage-info,https://www.caboverdeairlines.com/informacoes-de-viagem/no-aeroporto/bagagem.html,,,https://caboverdeairlines.com/general-terms-and-conditions/,,yes,2026-09-03,0,4,no,yes,yes,https://caboverdeairlines.com/general-terms-and-conditions/,fare_conditions_url;checkin_url;article_selector;,"4/6 urls imported from filled priority CSV; conditions_of_carriage_url prefilled from Duffel refs; please verify.; Missing fields filled from buffertse/airline-data, which records official airline domains and deep links sourced from airline websites.",cabo-verde-airlines-1543,https://raw.githubusercontent.com/buffertse/airline-data/main/data/airlines.csv; https://raw.githubusercontent.com/buffertse/airline-data/main/data/airline-links.csv; https://raw.githubusercontent.com/buffertse/airline-data/main/derived/baggage-summary.csv
caicos-express-airways,Caicos Express Airways,9Q,Turks and Caicos Islands,Scheduled,no,,,,,,,,,,,,,no,,0,0,no,no,no,,locale;band;region;official_website;help_root;baggage_checked_url;baggage_carryon_url;baggage_fees_url;fare_conditions_url;checkin_url;conditions_of_carriage_url;article_selector;,,,
calima-aviacion-sl,Calima Aviacion S.L,3C,Spain,Scheduled,no,,,Europe,https://www.airchathams.co.nz,,,,,,,https://www.airchathams.co.nz/terms-and-conditions,,no,,0,0,no,no,no,https://www.airchathams.co.nz/terms-and-conditions,locale;band;help_root;baggage_checked_url;baggage_carryon_url;baggage_fees_url;fare_conditions_url;checkin_url;article_selector;,,deccan-360-965,https://raw.githubusercontent.com/buffertse/airline-data/main/data/airlines.csv; https://raw.githubusercontent.com/buffertse/airline-data/main/data/airline-links.csv
calm-air,Calm Air,MO,Canada,Scheduled,yes,en-ca,manual-priority,North America,https://www.calmair.com,,https://www.calmair.com/before-you-fly/baggage,https://www.calmair.com/before-you-fly/baggage/carry-on,https://www.calmair.com/before-you-fly/baggage,,,https://www.calmair.com/before-you-fly/passenger-rights,,yes,2026-09-03,4,0,no,yes,yes,https://www.calmair.com/before-you-fly/passenger-rights,help_root;fare_conditions_url;checkin_url;article_selector;,"4/6 urls imported from filled priority CSV; conditions_of_carriage_url prefilled from Duffel refs; please verify.; Missing fields filled from buffertse/airline-data, which records official airline domains and deep links sourced from airline websites.",calm-air-1817,https://raw.githubusercontent.com/buffertse/airline-data/main/data/airlines.csv; https://raw.githubusercontent.com/buffertse/airline-data/main/data/airline-links.csv
camair-co,Camair-Co,QC,Cameroon,Scheduled,no,,,Africa,https://www.camair-co.cm,,,,,,,https://www.camair-co.cm/,,no,,0,0,no,no,no,https://www.camair-co.cm/,locale;band;help_root;baggage_checked_url;baggage_carryon_url;baggage_fees_url;fare_conditions_url;checkin_url;article_selector;,,,
cambodia-airways,Cambodia Airways,KR,Cambodia,Scheduled,no,,,Asia,https://cambodia-airways.com,,,,,,,,,no,,0,0,no,no,no,,locale;band;help_root;baggage_checked_url;baggage_carryon_url;baggage_fees_url;fare_conditions_url;checkin_url;conditions_of_carriage_url;article_selector;,,cambodia-airways-1404,https://raw.githubusercontent.com/buffertse/airline-data/main/data/airlines.csv; https://raw.githubusercontent.com/buffertse/airline-data/main/data/airline-links.csv
canadian-north,Canadian North,5T,Canada,Scheduled,yes,en-ca,manual-priority,North America,https://canadiannorth.com/contact,https://canadiannorth.com/contact,https://canadiannorth.com/advisory/new-our-checked-baggage-policies-have-changed,https://canadiannorth.com/advisory/new-our-checked-baggage-policies-have-changed,https://canadiannorth.com/advisory/new-our-checked-baggage-policies-have-changed,,,,,yes,2026-09-03,3,0,no,yes,no,,fare_conditions_url;checkin_url;conditions_of_carriage_url;article_selector;,"3/6 urls imported from filled priority CSV; Missing fields filled from buffertse/airline-data, which records official airline domains and deep links sourced from airline websites.",canadian-north-18,https://raw.githubusercontent.com/buffertse/airline-data/main/data/airlines.csv; https://raw.githubusercontent.com/buffertse/airline-data/main/data/airline-links.csv
canaryfly,Canaryfly,PM,Spain,Scheduled,no,en,,Europe,https://canaryfly.es,,https://www.canaryfly.es/en/frequently-asked-questions/baggage/checked-baggage-weight-limit,https://www.canaryfly.es/en/frequently-asked-questions/baggage,https://www.canaryfly.es/en/frequently-asked-questions/baggage/excess-baggage-weight-cost,,,https://www.canaryfly.es/en/legal-information/general-conditions,,no,,0,0,no,no,no,https://www.canaryfly.es/en/legal-information/general-conditions,band;help_root;fare_conditions_url;checkin_url;article_selector;,,canaryfly-435,https://raw.githubusercontent.com/buffertse/airline-data/main/data/airlines.csv; https://raw.githubusercontent.com/buffertse/airline-data/main/data/airline-links.csv
cape-air,Cape Air,9K,United States,Scheduled,no,en,,North America,https://capeair.com,,https://www.capeair.com/baggage,https://www.capeair.com/flying_with_us/carryons.html,https://www.capeair.com/baggage,,,,,no,,0,0,no,no,no,,band;help_root;fare_conditions_url;checkin_url;conditions_of_carriage_url;article_selector;,,cape-air-19,https://raw.githubusercontent.com/buffertse/airline-data/main/data/airlines.csv; https://raw.githubusercontent.com/buffertse/airline-data/main/data/airline-links.csv
cargojet-airways-ltd,Cargojet Airways Ltd.,W8,Canada,Scheduled,no,en,,North America,https://cargojet.com,https://cargojet.com/contact,,,,,,,,no,,0,0,no,no,no,,band;baggage_checked_url;baggage_carryon_url;baggage_fees_url;fare_conditions_url;checkin_url;conditions_of_carriage_url;article_selector;,,cargojet-1017,https://raw.githubusercontent.com/buffertse/airline-data/main/data/airlines.csv; https://raw.githubusercontent.com/buffertse/airline-data/main/data/airline-links.csv
cargolux,Cargolux,CV,Luxembourg,Scheduled,no,,,Europe,https://cargolux.com,https://www.cargolux.com/contact,,,,,,https://www.cargolux.com/contact-us/Conditions-of-carriage,,no,,0,0,no,no,no,https://www.cargolux.com/contact-us/Conditions-of-carriage,locale;band;baggage_checked_url;baggage_carryon_url;baggage_fees_url;fare_conditions_url;checkin_url;article_selector;,,cargolux-21,https://raw.githubusercontent.com/buffertse/airline-data/main/data/airlines.csv; https://raw.githubusercontent.com/buffertse/airline-data/main/data/airline-links.csv
caribbean-air-export-import-inc,Caribbean Air Export Import Inc.,CB,United Kingdom,Scheduled,no,en,,Europe,,,,,,,,,,no,,0,0,no,no,no,,band;official_website;help_root;baggage_checked_url;baggage_carryon_url;baggage_fees_url;fare_conditions_url;checkin_url;conditions_of_carriage_url;article_selector;,,,
caribbean-airlines,Caribbean Airlines,BW,Trinidad and Tobago,Scheduled,no,en,,Caribbean,https://www.caribbean-airlines.com,,https://www.caribbean-airlines.com/index.php/plan-a-book/baggage-information,https://www.caribbean-airlines.com/index.php/plan-a-book/baggage-information,https://www.caribbean-airlines.com/index.php/plan-a-book/baggage-information,,,https://www.caribbean-airlines.com/#/legal-and-privacy/general-conditions-of-carriage,,no,,0,0,no,no,no,https://www.caribbean-airlines.com/#/legal-and-privacy/general-conditions-of-carriage,band;help_root;fare_conditions_url;checkin_url;article_selector;,,q1036118-22,https://raw.githubusercontent.com/buffertse/airline-data/main/data/airlines.csv; https://raw.githubusercontent.com/buffertse/airline-data/main/data/airline-links.csv
carpatair,Carpatair,V3,Romania,Scheduled,yes,en,manual-priority,Europe,https://www.carpatair.com/contact,https://www.carpatair.com/contact,https://www.carpatair.com/baggage-rules,https://www.carpatair.com/baggage-rules,https://www.carpatair.com/baggage-rules,,,,,yes,2026-09-03,3,0,no,yes,no,,fare_conditions_url;checkin_url;conditions_of_carriage_url;article_selector;,"3/6 urls imported from filled priority CSV; Missing fields filled from buffertse/airline-data, which records official airline domains and deep links sourced from airline websites.",carpatair-1747,https://raw.githubusercontent.com/buffertse/airline-data/main/data/airlines.csv; https://raw.githubusercontent.com/buffertse/airline-data/main/data/airline-links.csv; https://raw.githubusercontent.com/buffertse/airline-data/main/derived/baggage-summary.csv
cathay-pacific,Cathay Pacific,CX,Hong Kong,Scheduled,yes,en-hk,1a,East Asia,https://www.cathaypacific.com,https://www.cathaypacific.com/cx/en_US/prepare-trip/help-for-passengers/travelling-with-children/infants.html,https://www.cathaypacific.com/cx/en_HK/baggage/checked-baggage.html,https://www.cathaypacific.com/cx/en_HK/baggage/cabin-baggage.html,https://www.cathaypacific.com/cx/en_HK/baggage/extra-baggage-charges.html,https://www.cathaypacific.com/cx/en_HK/book-a-trip/fare-types.html,https://www.cathaypacific.com/cx/en_HK/manage-booking/check-in.html,https://www.cathaypacific.com/cx/en_HK/legal-and-privacy/conditions-of-carriage.html,,yes,2026-09-03,0,6,no,yes,no,https://www.cathaypacific.com/content/dam/cx/legal-and-privacy/general-conditions-of-carriage-for-passengers-baggage-en.pdf,article_selector;,6/6 urls,cathay-pacific-1837,C:\Users\kspellman\Documents\Codex\2026-08-24\vie\work\airline_research_data.json; https://raw.githubusercontent.com/buffertse/airline-data/main/data/airlines.csv; https://raw.githubusercontent.com/buffertse/airline-data/main/data/airline-links.csv
cayman-airways,Cayman Airways,KX,Cayman Islands,Scheduled,yes,en,manual-priority,North America,https://www.caymanairways.com,,https://www.caymanairways.com/baggage-policy,https://www.caymanairways.com/baggage-policy,https://www.caymanairways.com/cal-introduces-new-baggage-fee-structure,,,https://www.caymanairways.com/contract-of-carriage,,yes,2026-09-03,4,0,no,yes,no,https://www.caymanairways.com/contract-of-carriage,help_root;fare_conditions_url;checkin_url;article_selector;,"4/6 urls imported from filled priority CSV; conditions_of_carriage_url prefilled from Duffel refs; please verify.; Missing fields filled from buffertse/airline-data, which records official airline domains and deep links sourced from airline websites.",cayman-airways-43,https://raw.githubusercontent.com/buffertse/airline-data/main/data/airlines.csv; https://raw.githubusercontent.com/buffertse/airline-data/main/data/airline-links.csv
cebgo,Cebgo,DG,Philippines,Low-cost,no,,,Asia,,,,,,,,,,no,,0,0,no,no,no,,locale;band;official_website;help_root;baggage_checked_url;baggage_carryon_url;baggage_fees_url;fare_conditions_url;checkin_url;conditions_of_carriage_url;article_selector;,,,
cebu-pacific,Cebu Pacific,5J,Philippines,Low-cost,yes,en-ph,1b,Southeast Asia,https://www.cebupacificair.com,,https://www.cebupacificair.com/en-PH/pages/travel-info/baggage-information/checked-baggage,https://www.cebupacificair.com/en-PH/pages/travel-info/baggage-information/carry-on-baggage,https://www.cebupacificair.com/en-PH/pages/travel-info/fees-summary,https://www.cebupacificair.com/en-PH/pages/plan-trip/fare-bundles,https://www.cebupacificair.com/en-PH/pages/manage/check-in,https://www.cebupacificair.com/en-PH/pages/about/conditions-of-carriage,,yes,2026-09-03,0,6,no,yes,no,,help_root;article_selector;,6/6 urls,cebu-pacific-1831,C:\Users\kspellman\Documents\Codex\2026-08-24\vie\work\airline_research_data.json; https://raw.githubusercontent.com/buffertse/airline-data/main/data/airlines.csv; https://raw.githubusercontent.com/buffertse/airline-data/main/data/airline-links.csv
cemair,CemAir,5Z,South Africa,Scheduled,yes,en-za,manual-priority,Africa,https://www.cemair.co.za/Contact-Us.html,https://www.cemair.co.za/Contact-Us.html,,,,,,https://www.flycemair.co.za/general_r/extras_and_info.php,,yes,2026-09-03,0,1,no,no,yes,https://www.flycemair.co.za/general_r/extras_and_info.php,baggage_checked_url;baggage_carryon_url;baggage_fees_url;fare_conditions_url;checkin_url;article_selector;,"1/6 urls imported from filled priority CSV; conditions_of_carriage_url prefilled from Duffel refs; please verify.; Missing fields filled from buffertse/airline-data, which records official airline domains and deep links sourced from airline websites.",cemair-1065,https://raw.githubusercontent.com/buffertse/airline-data/main/data/airlines.csv; https://raw.githubusercontent.com/buffertse/airline-data/main/data/airline-links.csv
central-airlines,Central Airlines,I9,China,Scheduled,no,,,Asia,,,,,,,,,,no,,0,0,no,no,no,,locale;band;official_website;help_root;baggage_checked_url;baggage_carryon_url;baggage_fees_url;fare_conditions_url;checkin_url;conditions_of_carriage_url;article_selector;,,,
central-mountain-air,Central Mountain Air,9M,Canada,Scheduled,no,en,,North America,https://flycma.com,https://www.flycma.com/contact-us,,,,,,,,no,,0,0,no,yes,yes,,band;baggage_checked_url;baggage_carryon_url;baggage_fees_url;fare_conditions_url;checkin_url;conditions_of_carriage_url;article_selector;,"Missing fields filled from buffertse/airline-data, which records official airline domains and deep links sourced from airline websites.",central-mountain-air-1743,https://raw.githubusercontent.com/buffertse/airline-data/main/data/airlines.csv; https://raw.githubusercontent.com/buffertse/airline-data/main/data/airline-links.csv
centrum-air,Centrum Air,C6,Uzbekistan,Low-cost,no,en,,Asia,https://centrum-air.com,,https://centrum-air.com/en/baggage,https://centrum-air.com/en/baggage,https://centrum-air.com/en/baggage,,,,,no,,0,0,no,no,no,,band;help_root;fare_conditions_url;checkin_url;conditions_of_carriage_url;article_selector;,,centrum-air-283,https://raw.githubusercontent.com/buffertse/airline-data/main/data/airlines.csv; https://raw.githubusercontent.com/buffertse/airline-data/main/data/airline-links.csv
chair-airlines,Chair Airlines,GM,Switzerland,Scheduled,no,,,Europe,https://asiacargonetworkgroup.com,,,,,,,,,no,,0,0,no,no,yes,,locale;band;help_root;baggage_checked_url;baggage_carryon_url;baggage_fees_url;fare_conditions_url;checkin_url;conditions_of_carriage_url;article_selector;,,asia-cargo-airlines-1479,https://raw.githubusercontent.com/buffertse/airline-data/main/data/airlines.csv; https://raw.githubusercontent.com/buffertse/airline-data/main/data/airline-links.csv
chalair-aviation,Chalair Aviation,CE,France,Scheduled,no,,,Europe,https://chalair.fr,,https://en.chalair.fr/bagages,https://en.chalair.fr/bagages,https://en.chalair.fr/bagages,,,,,no,,0,0,no,no,no,,locale;band;help_root;fare_conditions_url;checkin_url;conditions_of_carriage_url;article_selector;,,chalair-aviation-791,https://raw.githubusercontent.com/buffertse/airline-data/main/data/airlines.csv; https://raw.githubusercontent.com/buffertse/airline-data/main/data/airline-links.csv
challenge-air-cargo-ltd,Challenge Air Cargo Ltd,X6,Malta,Scheduled,no,en,,Europe,,,,,,,,,,no,,0,0,no,no,no,,band;official_website;help_root;baggage_checked_url;baggage_carryon_url;baggage_fees_url;fare_conditions_url;checkin_url;conditions_of_carriage_url;article_selector;,,,
challenge-airlines-be,Challenge Airlines BE,X7,Belgium,Scheduled,no,,,Europe,https://challenge.aero,,,,,,,,,no,,0,0,no,no,no,,locale;band;help_root;baggage_checked_url;baggage_carryon_url;baggage_fees_url;fare_conditions_url;checkin_url;conditions_of_carriage_url;article_selector;,,challenge-aero-859,https://raw.githubusercontent.com/buffertse/airline-data/main/data/airlines.csv; https://raw.githubusercontent.com/buffertse/airline-data/main/data/airline-links.csv
challenge-airlines-il,Challenge Airlines IL,5C,Israel,Scheduled,no,,,Middle East,https://cal-cargo.com,,,,,,,,,no,,0,0,no,no,no,,locale;band;help_root;baggage_checked_url;baggage_carryon_url;baggage_fees_url;fare_conditions_url;checkin_url;conditions_of_carriage_url;article_selector;,,nature-air-1829,https://raw.githubusercontent.com/buffertse/airline-data/main/data/airlines.csv; https://raw.githubusercontent.com/buffertse/airline-data/main/data/airline-links.csv
charter-air-transport-inc,"Charter Air Transport, Inc.",VC,United States,Low-cost,no,en,,North America,https://airways.voyav.com,,,,,,,,,no,,0,0,no,no,no,,band;help_root;baggage_checked_url;baggage_carryon_url;baggage_fees_url;fare_conditions_url;checkin_url;conditions_of_carriage_url;article_selector;,,voyageur-airways-1109,https://raw.githubusercontent.com/buffertse/airline-data/main/data/airlines.csv; https://raw.githubusercontent.com/buffertse/airline-data/main/data/airline-links.csv
chautauqua-airlines,Chautauqua Airlines,RP,United States,Scheduled,no,en,,North America,,,,,,,,,,no,,0,0,no,yes,no,,band;official_website;help_root;baggage_checked_url;baggage_carryon_url;baggage_fees_url;fare_conditions_url;checkin_url;conditions_of_carriage_url;article_selector;,,,
chengdu-airlines,Chengdu Airlines,EU,China,Scheduled,no,,,Asia,,,,,,,,,,no,,0,0,no,yes,yes,,locale;band;official_website;help_root;baggage_checked_url;baggage_carryon_url;baggage_fees_url;fare_conditions_url;checkin_url;conditions_of_carriage_url;article_selector;,,,
china-airlines,China Airlines,CI,Taiwan,Scheduled,yes,en-tw,1b,East Asia,https://www.china-airlines.com,,https://www.china-airlines.com/au/en/fly/prepare-for-the-fly/baggage/checked-baggage,https://www.china-airlines.com/au/en/fly/prepare-for-the-fly/baggage/carry-on-baggage,https://www.china-airlines.com/au/en/fly/prepare-for-the-fly/baggage/excess-baggage,https://www.china-airlines.com/au/en/booking/book-flights/fare-family,https://www.china-airlines.com/au/en/fly/at-the-airport/online-check-in,https://www.china-airlines.com/au/en/terms-and-conditions/conditions-of-carriage,,yes,2026-09-03,0,6,no,yes,no,https://www.china-airlines.com/us/en/terms-and-conditions/transportation-clauses,help_root;article_selector;,6/6 urls,china-airlines-1845,C:\Users\kspellman\Documents\Codex\2026-08-24\vie\work\airline_research_data.json; https://raw.githubusercontent.com/buffertse/airline-data/main/data/airlines.csv; https://raw.githubusercontent.com/buffertse/airline-data/main/data/airline-links.csv
china-cargo-airlines,China Cargo Airlines,CK,China,Scheduled,no,,,Asia,,,,,,,,,,no,,0,0,no,yes,no,,locale;band;official_website;help_root;baggage_checked_url;baggage_carryon_url;baggage_fees_url;fare_conditions_url;checkin_url;conditions_of_carriage_url;article_selector;,,,
china-eastern,China Eastern,MU,China,Scheduled,yes,en-cn,1b,East Asia,https://uk.ceair.com,,https://us.ceair.com/newCMS/us/en/content/en_Header/headerBottom/service/baggage/checked-baggage/,https://us.ceair.com/newCMS/us/en/content/en_Header/headerBottom/service/baggage/carry-on-baggage/,https://us.ceair.com/newCMS/us/en/content/en_Header/headerBottom/service/baggage/excess-baggage/,https://us.ceair.com/newCMS/us/en/content/en_Header/headerBottom/service/booking/fare-rules/,https://us.ceair.com/newCMS/us/en/content/en_Header/headerBottom/service/check-in/,https://us.ceair.com/newCMS/us/en/content/en_Header/headerBottom/service/conditions-of-carriage/,,yes,2026-09-03,0,6,no,yes,no,https://uk.ceair.com/newCMS/uk/en/content/en_Footer/AboutUS/201904/t20190404_5758.html,help_root;article_selector;,6/6 urls,china-eastern-airlines-929,C:\Users\kspellman\Documents\Codex\2026-08-24\vie\work\airline_research_data.json; https://raw.githubusercontent.com/buffertse/airline-data/main/data/airlines.csv; https://raw.githubusercontent.com/buffertse/airline-data/main/data/airline-links.csv
china-express-airlines,China Express Airlines,G5,China,Scheduled,yes,en,manual-priority,Asia,https://www.chinaexpressair.com/help/indexNotice/indexNotice.html,https://www.chinaexpressair.com/help/indexNotice/indexNotice.html,https://www.chinaexpressair.com/b2cweb/luggage,https://www.chinaexpressair.com/b2cweb/luggage,https://www.chinaexpressair.com/b2cweb/luggage,,,,,yes,2026-09-03,0,3,no,yes,yes,,fare_conditions_url;checkin_url;conditions_of_carriage_url;article_selector;,"3/6 urls imported from filled priority CSV; Missing fields filled from buffertse/airline-data, which records official airline domains and deep links sourced from airline websites.",china-express-airlines-75,https://raw.githubusercontent.com/buffertse/airline-data/main/data/airlines.csv; https://raw.githubusercontent.com/buffertse/airline-data/main/data/airline-links.csv
china-postal-airlines-ltd,China Postal Airlines Ltd.,CF,China,Scheduled,no,,,Asia,,,,,,,,,,no,,0,0,no,no,no,,locale;band;official_website;help_root;baggage_checked_url;baggage_carryon_url;baggage_fees_url;fare_conditions_url;checkin_url;conditions_of_carriage_url;article_selector;,,,
china-southern-airlines,China Southern Airlines,CZ,China,Scheduled,yes,en,manual-priority,Asia,https://www.csair.com,,https://extra.csair.com/content/extraLuggage/index.html,https://csair.com/sg/en/tourguide/luggage_service/carryon_luggage,https://extra.csair.com/content/extraLuggage/index.html,,,https://www.csair.com/cn/tourguide/booking/orders/order/gjysztj/,,yes,2026-09-03,1,3,no,yes,no,https://www.csair.com/cn/tourguide/booking/orders/order/gjysztj/,help_root;fare_conditions_url;checkin_url;article_selector;,"4/6 urls imported from filled priority CSV; conditions_of_carriage_url prefilled from Duffel refs; please verify.; Missing fields filled from buffertse/airline-data, which records official airline domains and deep links sourced from airline websites.",china-southern-airlines-927,https://raw.githubusercontent.com/buffertse/airline-data/main/data/airlines.csv; https://raw.githubusercontent.com/buffertse/airline-data/main/data/airline-links.csv
china-united-airlines,China United Airlines,KN,China,Low-cost,no,,,Asia,,,,,,,,,,no,,0,0,no,yes,yes,,locale;band;official_website;help_root;baggage_checked_url;baggage_carryon_url;baggage_fees_url;fare_conditions_url;checkin_url;conditions_of_carriage_url;article_selector;,,,
chongqing-airlines,Chongqing Airlines,OQ,China,Scheduled,no,,,Asia,,,,,,,,,,no,,0,0,no,yes,yes,,locale;band;official_website;help_root;baggage_checked_url;baggage_carryon_url;baggage_fees_url;fare_conditions_url;checkin_url;conditions_of_carriage_url;article_selector;,,,
chu-kong-passenger-transport-co-ltd,Chu Kong Passenger Transport Co. Ltd.,3A,China,Scheduled,no,,,Asia,,,,,,,,,,no,,0,0,no,no,no,,locale;band;official_website;help_root;baggage_checked_url;baggage_carryon_url;baggage_fees_url;fare_conditions_url;checkin_url;conditions_of_carriage_url;article_selector;,,,
cimber,Cimber,QA,Denmark,Scheduled,no,,,Europe,,,,,,,,,,no,,0,0,no,yes,no,,locale;band;official_website;help_root;baggage_checked_url;baggage_carryon_url;baggage_fees_url;fare_conditions_url;checkin_url;conditions_of_carriage_url;article_selector;,,,
cinnamon-air,Cinnamon Air,C7,Sri Lanka,Scheduled,no,,,Asia,https://c7.aero,,,,,,,,,no,,0,0,no,no,no,,locale;band;help_root;baggage_checked_url;baggage_carryon_url;baggage_fees_url;fare_conditions_url;checkin_url;conditions_of_carriage_url;article_selector;,,cinnamon-air-1321,https://raw.githubusercontent.com/buffertse/airline-data/main/data/airlines.csv; https://raw.githubusercontent.com/buffertse/airline-data/main/data/airline-links.csv
citilink,Citilink,QG,Indonesia,Low-cost,no,,,Asia,https://citilink.co.id,,,,,,,,,no,,0,0,no,yes,yes,,locale;band;help_root;baggage_checked_url;baggage_carryon_url;baggage_fees_url;fare_conditions_url;checkin_url;conditions_of_carriage_url;article_selector;,"Missing fields filled from buffertse/airline-data, which records official airline domains and deep links sourced from airline websites.",citilink-99,https://raw.githubusercontent.com/buffertse/airline-data/main/data/airlines.csv; https://raw.githubusercontent.com/buffertse/airline-data/main/data/airline-links.csv
cityjet,Cityjet,WX,Ireland,Scheduled,no,en,,Europe,https://www.cityjet.com,https://www.cityjet.com/contact-us,,,,,,https://www.cityjet.com/terms-and-conditions/,,no,,0,0,no,no,no,https://www.cityjet.com/terms-and-conditions/,band;baggage_checked_url;baggage_carryon_url;baggage_fees_url;fare_conditions_url;checkin_url;article_selector;,,cityjet-503,https://raw.githubusercontent.com/buffertse/airline-data/main/data/airlines.csv; https://raw.githubusercontent.com/buffertse/airline-data/main/data/airline-links.csv
clic,Clic,VE,Colombia,Low-cost,no,,,Latin America,https://clicair.co,,,,,,https://clicair.co/web-check-in,,,no,,0,0,no,no,no,,locale;band;help_root;baggage_checked_url;baggage_carryon_url;baggage_fees_url;fare_conditions_url;conditions_of_carriage_url;article_selector;,,clic-air-292,https://raw.githubusercontent.com/buffertse/airline-data/main/data/airlines.csv; https://raw.githubusercontent.com/buffertse/airline-data/main/data/airline-links.csv
coastal-aviation,Coastal Aviation,CQ,United States,Scheduled,no,en,,North America,,,,,,,,,,no,,0,0,no,no,no,,band;official_website;help_root;baggage_checked_url;baggage_carryon_url;baggage_fees_url;fare_conditions_url;checkin_url;conditions_of_carriage_url;article_selector;,,,
cobalt-air,Cobalt Air,CO,Cyprus,Scheduled,no,,,Europe,,,,,,,,,,no,,0,0,no,no,no,,locale;band;official_website;help_root;baggage_checked_url;baggage_carryon_url;baggage_fees_url;fare_conditions_url;checkin_url;conditions_of_carriage_url;article_selector;,,,
colorful-guizhou-airlines,Colorful Guizhou Airlines,GY,China,Low-cost,no,,,Asia,,,,,,,,,,no,,0,0,no,no,no,,locale;band;official_website;help_root;baggage_checked_url;baggage_carryon_url;baggage_fees_url;fare_conditions_url;checkin_url;conditions_of_carriage_url;article_selector;,,,
commutair,CommutAir,C5,United States,Scheduled,no,en,,North America,https://commuteair.com,https://www.commuteair.com/contact-us,,,,,,,,no,,0,0,no,no,no,,band;baggage_checked_url;baggage_carryon_url;baggage_fees_url;fare_conditions_url;checkin_url;conditions_of_carriage_url;article_selector;,,commuteair-1346,https://raw.githubusercontent.com/buffertse/airline-data/main/data/airlines.csv; https://raw.githubusercontent.com/buffertse/airline-data/main/data/airline-links.csv
compass-airlines,Compass Airlines,CP,United States,Scheduled,no,en,,North America,https://mscaircargo.com,https://www.mscaircargo.com/en/contact,,,,,,,,no,,0,0,no,no,no,,band;baggage_checked_url;baggage_carryon_url;baggage_fees_url;fare_conditions_url;checkin_url;conditions_of_carriage_url;article_selector;,,msc-air-108,https://raw.githubusercontent.com/buffertse/airline-data/main/data/airlines.csv; https://raw.githubusercontent.com/buffertse/airline-data/main/data/airline-links.csv
condor,Condor,DF,Germany,Scheduled,no,en,,Europe,https://condor.com,https://www.condor.com/eu/help-contact/faq.jsp,https://www.condor.com/en-gb/information-services/baggage/checked-baggage,https://www.condor.com/en-gb/information-services/baggage,https://www.condor.com/en-gb/information-services/baggage,,,,,no,,0,0,no,no,no,,band;fare_conditions_url;checkin_url;conditions_of_carriage_url;article_selector;,,condor-flugdienst-959,https://raw.githubusercontent.com/buffertse/airline-data/main/data/airlines.csv; https://raw.githubusercontent.com/buffertse/airline-data/main/data/airline-links.csv
conquest-air-inc,"Conquest Air, Inc.",C4,Mexico,Scheduled,no,,,Latin America,,,,,,,,,,no,,0,0,no,no,no,,locale;band;official_website;help_root;baggage_checked_url;baggage_carryon_url;baggage_fees_url;fare_conditions_url;checkin_url;conditions_of_carriage_url;article_selector;,,,
contour-airlines,Contour Airlines,LF,United States,Scheduled,no,en,,North America,https://flycfm.com,https://www.contourairlines.com/need-help/changes-cancellations,https://www.contourairlines.com/16-policies/baggage-information,https://www.contourairlines.com/16-policies/baggage-information,https://www.contourairlines.com/16-policies/baggage-information,,,https://www.contourairlines.com/images/pdfs/Contour_Contract_Of_Carriage_Effective_July_27_2026.pdf,,no,,0,0,no,no,no,https://www.contourairlines.com/images/pdfs/Contour_Contract_Of_Carriage_Effective_July_27_2026.pdf,band;fare_conditions_url;checkin_url;article_selector;,,contour-airlines-1384,https://raw.githubusercontent.com/buffertse/airline-data/main/data/airlines.csv; https://raw.githubusercontent.com/buffertse/airline-data/main/data/airline-links.csv
conviasa,Conviasa,V0,Venezuela,Scheduled,yes,en,manual-priority,South America,https://conviasa.aero,,https://conviasa.aero/en/guiapasajero/equipajefacturado,https://www.conviasa.aero/en/guiapasajero/franquiciadeequipaje,https://conviasa.aero/en/guiapasajero/equipajefacturado,,,,,yes,2026-09-03,0,3,no,yes,no,,help_root;fare_conditions_url;checkin_url;conditions_of_carriage_url;article_selector;,"3/6 urls imported from filled priority CSV; Missing fields filled from buffertse/airline-data, which records official airline domains and deep links sourced from airline websites.",conviasa-1554,https://raw.githubusercontent.com/buffertse/airline-data/main/data/airlines.csv; https://raw.githubusercontent.com/buffertse/airline-data/main/data/airline-links.csv; https://raw.githubusercontent.com/buffertse/airline-data/main/derived/baggage-summary.csv
copa-airlines,Copa Airlines,CM,Panama,Scheduled,yes,en,manual-priority,North America,https://www.copaair.com,,https://www.copaair.com/en-gs/travel-information/baggage-information/checked-baggage/,https://www.copaair.com/en-gs/travel-information/baggage-information/carry-on/,https://www.copaair.com/en-gs/travel-information/baggage-information/,,https://www.copaair.com/en-gs/discover-copa-airlines/digital-experience/web-checkin/,https://www.copaair.com/en/web/us/contract-of-carriage,,yes,2026-09-03,0,1,no,yes,no,https://www.copaair.com/en/web/us/contract-of-carriage,help_root;fare_conditions_url;article_selector;,1/6 urls imported from filled priority CSV; conditions_of_carriage_url prefilled from Duffel refs; please verify.,,
corendon-airlines,Corendon Airlines,XC,Turkey,Scheduled,no,,,Europe,https://corendon-airlines.com,,,,,,,,,no,,0,0,no,yes,yes,,locale;band;help_root;baggage_checked_url;baggage_carryon_url;baggage_fees_url;fare_conditions_url;checkin_url;conditions_of_carriage_url;article_selector;,"Missing fields filled from buffertse/airline-data, which records official airline domains and deep links sourced from airline websites.",corendon-airlines-1542,https://raw.githubusercontent.com/buffertse/airline-data/main/data/airlines.csv; https://raw.githubusercontent.com/buffertse/airline-data/main/data/airline-links.csv
corendon-airlines-europe,Corendon Airlines Europe,XR,Malta,Scheduled,yes,en,manual-priority,Asia,https://www.corendonairlines.com,,https://www.corendonairlines.com/baggage-allowance/for-infants,https://www.corendonairlines.com/baggage-allowance/baggage-seat-charges,https://www.corendonairlines.com/baggage-allowance/baggage-seat-charges,,,,,yes,2026-09-03,0,3,no,yes,no,,help_root;fare_conditions_url;checkin_url;conditions_of_carriage_url;article_selector;,"3/6 urls imported from filled priority CSV; Missing fields filled from buffertse/airline-data, which records official airline domains and deep links sourced from airline websites.",corendon-airlines-europe-1396,https://raw.githubusercontent.com/buffertse/airline-data/main/data/airlines.csv; https://raw.githubusercontent.com/buffertse/airline-data/main/data/airline-links.csv; https://raw.githubusercontent.com/buffertse/airline-data/main/derived/baggage-summary.csv
corendon-dutch-airlines,Corendon Dutch Airlines,CD,Netherlands,Scheduled,no,,,Europe,,,,,,,,,,no,,0,0,no,no,no,,locale;band;official_website;help_root;baggage_checked_url;baggage_carryon_url;baggage_fees_url;fare_conditions_url;checkin_url;conditions_of_carriage_url;article_selector;,,,
corsair-international,Corsair International,SS,France,Scheduled,yes,en,manual-priority,Europe,https://www.flycorsair.com,,,,,,,https://www.flycorsair.com/en/legal/general-sale-and-transport-conditions,,yes,2026-09-03,0,1,no,yes,yes,https://www.flycorsair.com/en/legal/general-sale-and-transport-conditions,help_root;baggage_checked_url;baggage_carryon_url;baggage_fees_url;fare_conditions_url;checkin_url;article_selector;,1/6 urls imported from filled priority CSV; conditions_of_carriage_url prefilled from Duffel refs; please verify.,,
croatia-airlines,Croatia Airlines,OU,Croatia,Scheduled,yes,en,manual-priority,Europe,https://www.croatiaairlines.com,,https://www.croatiaairlines.com/Baggage/Checked-baggage,https://www.croatiaairlines.com/Baggage/Hand-baggage,https://www.croatiaairlines.com/resources/documents/excess_baggage_charges.pdf,,,https://www.croatiaairlines.com/Legal-information/General-conditions-of-carriage,,yes,2026-09-03,2,2,no,yes,no,https://www.croatiaairlines.com/Legal-information/General-conditions-of-carriage,help_root;fare_conditions_url;checkin_url;article_selector;,"4/6 urls imported from filled priority CSV; conditions_of_carriage_url prefilled from Duffel refs; please verify.; Missing fields filled from buffertse/airline-data, which records official airline domains and deep links sourced from airline websites.",croatia-airlines-955,https://raw.githubusercontent.com/buffertse/airline-data/main/data/airlines.csv; https://raw.githubusercontent.com/buffertse/airline-data/main/data/airline-links.csv
cronos-airlines,Cronos Airlines,C8,Equatorial Guinea,Scheduled,no,,,Africa,https://cronosair.com,,,,,,,,,no,,0,0,no,yes,no,,locale;band;help_root;baggage_checked_url;baggage_carryon_url;baggage_fees_url;fare_conditions_url;checkin_url;conditions_of_carriage_url;article_selector;,,cargolux-italia-1436,https://raw.githubusercontent.com/buffertse/airline-data/main/data/airlines.csv; https://raw.githubusercontent.com/buffertse/airline-data/main/data/airline-links.csv
crown-airlines,Crown Airlines,FQ,United States,Scheduled,no,en,,North America,,,,,,,,,,no,,0,0,no,no,no,,band;official_website;help_root;baggage_checked_url;baggage_carryon_url;baggage_fees_url;fare_conditions_url;checkin_url;conditions_of_carriage_url;article_selector;,,,
cubana,Cubana,CU,Cuba,Scheduled,no,,,Caribbean,https://cubana.cu,,https://www.cubana.cu/4/equipaje,https://www.cubana.cu/4/equipaje,https://www.cubana.cu/4/equipaje,,,,,no,,0,0,no,no,no,,locale;band;help_root;fare_conditions_url;checkin_url;conditions_of_carriage_url;article_selector;,,cubana-de-aviaci-n-1754,https://raw.githubusercontent.com/buffertse/airline-data/main/data/airlines.csv; https://raw.githubusercontent.com/buffertse/airline-data/main/data/airline-links.csv
cyprus-airways,Cyprus Airways,CY,Cyprus,Scheduled,yes,en,manual-priority,Europe,https://fr.cyprusairways.com,,https://fr.cyprusairways.com/en/baggage,https://fr.cyprusairways.com/en/baggage,https://fr.cyprusairways.com/en/baggage,,,,,yes,2026-09-03,0,3,no,yes,no,,help_root;fare_conditions_url;checkin_url;conditions_of_carriage_url;article_selector;,"3/6 urls imported from filled priority CSV; Missing fields filled from buffertse/airline-data, which records official airline domains and deep links sourced from airline websites.",cyprus-airways-908,https://raw.githubusercontent.com/buffertse/airline-data/main/data/airlines.csv; https://raw.githubusercontent.com/buffertse/airline-data/main/data/airline-links.csv
dhl-aero-expreso-sa,DHL Aero Expreso S.A.,D5,Panama,Scheduled,no,,,Latin America,,,,,,,,,,no,,0,0,no,no,no,,locale;band;official_website;help_root;baggage_checked_url;baggage_carryon_url;baggage_fees_url;fare_conditions_url;checkin_url;conditions_of_carriage_url;article_selector;,,,
dhl-air-limited,DHL Air Limited,D0,United Kingdom,Scheduled,yes,en-gb,manual-priority,Europe,https://www.dhl.com,,https://www.dhl.com/discover/en-us/ship-with-dhl/services/ship-your-luggage-ahead-with-dhl-express,https://www.dhl.com/discover/en-us/ship-with-dhl/services/ship-your-luggage-ahead-with-dhl-express,https://www.dhl.com/discover/en-us/ship-with-dhl/services/ship-your-luggage-ahead-with-dhl-express,,,,,yes,2026-09-03,0,3,no,yes,no,,help_root;fare_conditions_url;checkin_url;conditions_of_carriage_url;article_selector;,"3/6 urls imported from filled priority CSV; Missing fields filled from buffertse/airline-data, which records official airline domains and deep links sourced from airline websites.",dhl-air-uk-1745,https://raw.githubusercontent.com/buffertse/airline-data/main/data/airlines.csv; https://raw.githubusercontent.com/buffertse/airline-data/main/data/airline-links.csv
dhl-aviation-eemea-bscc,DHL Aviation EEMEA B.S.C.(c),ES,Bahrain,Scheduled,no,en,,Middle East,https://estafeta.com,https://wwwqa.estafeta.com/en/contacto,,,,,,,,no,,0,0,no,no,no,,band;baggage_checked_url;baggage_carryon_url;baggage_fees_url;fare_conditions_url;checkin_url;conditions_of_carriage_url;article_selector;,,estafeta-carga-a-rea-1205,https://raw.githubusercontent.com/buffertse/airline-data/main/data/airlines.csv; https://raw.githubusercontent.com/buffertse/airline-data/main/data/airline-links.csv
dhl-de-guatemala,DHL de Guatemala,L3,Guatemala,Scheduled,no,,,Latin America,,,,,,,,,,no,,0,0,no,no,no,,locale;band;official_website;help_root;baggage_checked_url;baggage_carryon_url;baggage_fees_url;fare_conditions_url;checkin_url;conditions_of_carriage_url;article_selector;,,,
dot-lt,DOT LT,R6,Lithuania,Scheduled,no,,,Europe,https://dot.lt,,,,,,,,,no,,0,0,no,yes,no,,locale;band;help_root;baggage_checked_url;baggage_carryon_url;baggage_fees_url;fare_conditions_url;checkin_url;conditions_of_carriage_url;article_selector;,,dot-lt-680,https://raw.githubusercontent.com/buffertse/airline-data/main/data/airlines.csv; https://raw.githubusercontent.com/buffertse/airline-data/main/data/airline-links.csv
daallo-airlines,Daallo Airlines,D3,Djibouti,Scheduled,no,,,,,,,,,,,,,no,,0,0,no,yes,yes,,locale;band;region;official_website;help_root;baggage_checked_url;baggage_carryon_url;baggage_fees_url;fare_conditions_url;checkin_url;conditions_of_carriage_url;article_selector;,,,
dan-air,Dan Air,DN,India,Low-cost,no,,,Asia,,,,,,,,,,no,,0,0,no,no,no,,locale;band;official_website;help_root;baggage_checked_url;baggage_carryon_url;baggage_fees_url;fare_conditions_url;checkin_url;conditions_of_carriage_url;article_selector;,,,
dana-air,Dana Air,9J,Nigeria,Scheduled,no,en,,Africa,,,,,,,,,,no,,0,0,no,yes,no,,band;official_website;help_root;baggage_checked_url;baggage_carryon_url;baggage_fees_url;fare_conditions_url;checkin_url;conditions_of_carriage_url;article_selector;,,,
danish-air-transport,Danish Air Transport,DX,Denmark,Scheduled,no,en,,Europe,https://dat.dk,,https://dat.dk/en/travel-information/luggage,https://dat.dk/en/travel-information/luggage,https://dat.dk/en/travel-information/luggage,,,,,no,,0,0,no,no,yes,,band;help_root;fare_conditions_url;checkin_url;conditions_of_carriage_url;article_selector;,,dat-206,https://raw.githubusercontent.com/buffertse/airline-data/main/data/airlines.csv; https://raw.githubusercontent.com/buffertse/airline-data/main/data/airline-links.csv
delta-air-lines,Delta Air Lines,DL,United States,Scheduled,yes,en-us,manual-priority,North America,https://www.delta.com,,https://de.delta.com/baggage/landing.action,https://de.delta.com/cn/de/baggage/carry-on-baggage,https://de.delta.com/cn/de/baggage/checked-baggage/previous-baggage-fees,https://www.delta.com/us/en/legal/contract-of-carriage-us,https://www.delta.com/us/en/check-in-security/overview,https://www.delta.com/gb/en/legal/contract-of-carriage-igr,,yes,2026-09-03,0,4,no,yes,no,https://www.delta.com/gb/en/legal/contract-of-carriage-igr,help_root;article_selector;,"4/6 urls imported from filled priority CSV; conditions_of_carriage_url prefilled from Duffel refs; please verify.; Missing fields filled from buffertse/airline-data, which records official airline domains and deep links sourced from airline websites.",delta-air-lines-640,https://raw.githubusercontent.com/buffertse/airline-data/main/data/airlines.csv; https://raw.githubusercontent.com/buffertse/airline-data/main/data/airline-links.csv
denver-air-connection-dac,Denver Air Connection (DAC),KG,United States,Scheduled,no,en,,North America,https://aerogaviota.com,https://www.keylimeair.com/contact-us,,,,,,,,no,,0,0,no,no,no,,band;baggage_checked_url;baggage_carryon_url;baggage_fees_url;fare_conditions_url;checkin_url;conditions_of_carriage_url;article_selector;,,key-lime-air-1499,https://raw.githubusercontent.com/buffertse/airline-data/main/data/airlines.csv; https://raw.githubusercontent.com/buffertse/airline-data/main/data/airline-links.csv
department-of-national-defence,Department of National Defence,YF,Canada,Scheduled,no,en,,North America,,,,,,,,,,no,,0,0,no,no,no,,band;official_website;help_root;baggage_checked_url;baggage_carryon_url;baggage_fees_url;fare_conditions_url;checkin_url;conditions_of_carriage_url;article_selector;,,,
deutsche-bahn-ag,Deutsche Bahn AG,2A,Germany,Scheduled,no,,,Europe,https://airastra.com,,https://airastra.com/baggage,https://airastra.com/baggage,https://airastra.com/baggage,,,,,no,,0,0,no,no,no,,locale;band;help_root;fare_conditions_url;checkin_url;conditions_of_carriage_url;article_selector;,,air-astra-188,https://raw.githubusercontent.com/buffertse/airline-data/main/data/airlines.csv; https://raw.githubusercontent.com/buffertse/airline-data/main/data/airline-links.csv
discover-airlines,Discover Airlines,4Y,Germany,Low-cost,no,,,Europe,https://www.discover-airlines.com,,,,,,,https://www.discover-airlines.com/en/general-conditions-of-carriage/,,no,,0,0,no,no,no,https://www.discover-airlines.com/en/general-conditions-of-carriage/,locale;band;help_root;baggage_checked_url;baggage_carryon_url;baggage_fees_url;fare_conditions_url;checkin_url;article_selector;,,discover-airlines-40,https://raw.githubusercontent.com/buffertse/airline-data/main/data/airlines.csv; https://raw.githubusercontent.com/buffertse/airline-data/main/data/airline-links.csv
dniproavia,Dniproavia,Z6,Ukraine,Scheduled,no,,,Europe,,,,,,,,,,no,,0,0,no,yes,yes,,locale;band;official_website;help_root;baggage_checked_url;baggage_carryon_url;baggage_fees_url;fare_conditions_url;checkin_url;conditions_of_carriage_url;article_selector;,,,
dokasch,DoKaSch,3D,North Macedonia,Scheduled,no,,,Europe,https://apiairlines.com,https://apiairlines.com/th/contact-us,,,,,,,,no,,0,0,no,no,no,,locale;band;baggage_checked_url;baggage_carryon_url;baggage_fees_url;fare_conditions_url;checkin_url;conditions_of_carriage_url;article_selector;,,air-people-international-1192,https://raw.githubusercontent.com/buffertse/airline-data/main/data/airlines.csv; https://raw.githubusercontent.com/buffertse/airline-data/main/data/airline-links.csv
dobrolet,Dobrolet,QD,Russia,Scheduled,no,,,Europe,https://jcairlines.com,,,,,,,https://jcairlines.com/travel-info/transportation-rule.html,,no,,0,0,no,no,no,https://jcairlines.com/travel-info/transportation-rule.html,locale;band;help_root;baggage_checked_url;baggage_carryon_url;baggage_fees_url;fare_conditions_url;checkin_url;article_selector;,,,
donavia,Donavia,D9,Russia,Scheduled,no,,,Europe,,,,,,,,,,no,,0,0,no,yes,no,,locale;band;official_website;help_root;baggage_checked_url;baggage_carryon_url;baggage_fees_url;fare_conditions_url;checkin_url;conditions_of_carriage_url;article_selector;,,,
donghai-airlines,Donghai Airlines,DZ,China,Scheduled,no,,,Asia,,,,,,,,,,no,,0,0,no,yes,yes,,locale;band;official_website;help_root;baggage_checked_url;baggage_carryon_url;baggage_fees_url;fare_conditions_url;checkin_url;conditions_of_carriage_url;article_selector;,,,
drukair,Drukair,KB,Bhutan,Scheduled,no,,,Asia,https://drukair.com.bt,https://drukair.com.bt/help-2/help-and-faqs,https://drukair.com.bt/experience/before-you-fly/baggage-allowance,https://drukair.com.bt/experience/before-you-fly/baggage-allowance,https://drukair.com.bt/experience/before-you-fly/baggage-allowance,,https://drukair.com.bt/experience/before-you-fly/web-check-in,https://drukair.com.bt/terms-and-conditions/conditions-of-carriage,,no,,0,0,no,no,no,https://drukair.com.bt/terms-and-conditions/conditions-of-carriage,locale;band;fare_conditions_url;article_selector;,,drukair-1797,https://raw.githubusercontent.com/buffertse/airline-data/main/data/airlines.csv; https://raw.githubusercontent.com/buffertse/airline-data/main/data/airline-links.csv
e-savtravel,E-Savtravel,L1,Brazil,Scheduled,no,,,Latin America,,,,,,,,,,no,,0,0,no,no,no,,locale;band;official_website;help_root;baggage_checked_url;baggage_carryon_url;baggage_fees_url;fare_conditions_url;checkin_url;conditions_of_carriage_url;article_selector;,,,
el-al,EL AL,LY,Israel,Scheduled,no,,,Middle East,https://www.elal.com,,,,,,,https://www.elal.com/en/About-ELAL/Legal/Pages/Conditions-of-Carriage.aspx,,no,,0,0,no,no,no,https://www.elal.com/en/About-ELAL/Legal/Pages/Conditions-of-Carriage.aspx,locale;band;help_root;baggage_checked_url;baggage_carryon_url;baggage_fees_url;fare_conditions_url;checkin_url;article_selector;,,el-al-israel-airlines-ltd-710,https://raw.githubusercontent.com/buffertse/airline-data/main/data/airlines.csv; https://raw.githubusercontent.com/buffertse/airline-data/main/data/airline-links.csv
eva-air,EVA Air,BR,Taiwan,Scheduled,yes,en-tw,1b,East Asia,https://www.evaair.com,https://www.evaair.com/en-at/customer-services/faq/detail.html,https://www.evaair.com/en-global/fly-prepare/baggage/free-baggage/checked-baggage/,https://www.evaair.com/en-global/fly-prepare/baggage/free-baggage/carry-on-baggage/,https://www.evaair.com/en-global/fly-prepare/baggage/extra-baggage/,https://www.evaair.com/en-global/plan-and-book/fare-family/,https://www.evaair.com/en-global/fly-prepare/check-in/online-check-in/,https://www.evaair.com/en-global/customer-services/tariffs-and-conditions/conditions-of-carriage/,,yes,2026-09-03,0,6,no,yes,no,https://www.evaair.com/en-us/website-disclaimer/conditions-of-carriage/,article_selector;,6/6 urls,eva-air-1585,C:\Users\kspellman\Documents\Codex\2026-08-24\vie\work\airline_research_data.json; https://raw.githubusercontent.com/buffertse/airline-data/main/data/airlines.csv; https://raw.githubusercontent.com/buffertse/airline-data/main/data/airline-links.csv
eagle-atlantic-airlines,Eagle Atlantic Airlines,E2,Ghana,Low-cost,no,en,,Africa,https://www.eurowings.com,,,,,,,https://www.eurowings.com/en/legal-information/general-conditions-of-carriage.html,,no,,0,0,no,no,no,https://www.eurowings.com/en/legal-information/general-conditions-of-carriage.html,band;help_root;baggage_checked_url;baggage_carryon_url;baggage_fees_url;fare_conditions_url;checkin_url;article_selector;,,,
eaglexpress-air-charter-sdnbhddbaeaglexpress-air,Eaglexpress Air Charter Sdn.Bhd.dbaEaglexpress Air,9A,Malaysia,Scheduled,no,,,Asia,https://eaglexpressair.com,https://eaglexpressair.com/contact,,,,,,,,no,,0,0,no,no,no,,locale;band;baggage_checked_url;baggage_carryon_url;baggage_fees_url;fare_conditions_url;checkin_url;conditions_of_carriage_url;article_selector;,,eaglexpress-1793,https://raw.githubusercontent.com/buffertse/airline-data/main/data/airlines.csv; https://raw.githubusercontent.com/buffertse/airline-data/main/data/airline-links.csv
eastar-jet,Eastar Jet,ZE,South Korea,Low-cost,yes,en,manual-priority,Asia,https://main.eastarjet.com,,,,,,,https://main.eastarjet.com/pdf/domestic_conditions_of_carriage_en.pdf,,yes,2026-09-03,0,1,no,yes,no,https://main.eastarjet.com/pdf/domestic_conditions_of_carriage_en.pdf,help_root;baggage_checked_url;baggage_carryon_url;baggage_fees_url;fare_conditions_url;checkin_url;article_selector;,"1/6 urls imported from filled priority CSV; Missing fields filled from buffertse/airline-data, which records official airline domains and deep links sourced from airline websites.",eastar-jet-1287,https://raw.githubusercontent.com/buffertse/airline-data/main/data/airlines.csv; https://raw.githubusercontent.com/buffertse/airline-data/main/data/airline-links.csv
eastern-air-lines,Eastern Air Lines,EA,United States,Scheduled,no,en,,North America,,,,,,,,,,no,,0,0,no,no,no,,band;official_website;help_root;baggage_checked_url;baggage_carryon_url;baggage_fees_url;fare_conditions_url;checkin_url;conditions_of_carriage_url;article_selector;,,,
eastern-airlines-llc,"Eastern Airlines, LLC",2D,United States,Scheduled,no,en,,North America,https://iflyea.com,,,,,,,https://iflyea.com/contract-of-carriage/?v=2069589015,,no,,0,0,no,no,no,https://iflyea.com/contract-of-carriage/?v=2069589015,band;help_root;baggage_checked_url;baggage_carryon_url;baggage_fees_url;fare_conditions_url;checkin_url;article_selector;,,,
eastern-airways,Eastern Airways,T3,United Kingdom,Low-cost,no,en,,Europe,https://easternairways.com,,,,,,,,,no,,0,0,no,yes,no,,band;help_root;baggage_checked_url;baggage_carryon_url;baggage_fees_url;fare_conditions_url;checkin_url;conditions_of_carriage_url;article_selector;,"Missing fields filled from buffertse/airline-data, which records official airline domains and deep links sourced from airline websites.",eastern-airways-291,https://raw.githubusercontent.com/buffertse/airline-data/main/data/airlines.csv; https://raw.githubusercontent.com/buffertse/airline-data/main/data/airline-links.csv
ecojet,EcoJet,8J,Bolivia,Scheduled,no,,,Latin America,https://ecojet.com.bo,,,,,,,,,no,,0,0,no,no,no,,locale;band;help_root;baggage_checked_url;baggage_carryon_url;baggage_fees_url;fare_conditions_url;checkin_url;conditions_of_carriage_url;article_selector;,,ecojet-477,https://raw.githubusercontent.com/buffertse/airline-data/main/data/airlines.csv; https://raw.githubusercontent.com/buffertse/airline-data/main/data/airline-links.csv
edelweiss-air,Edelweiss Air,WK,Switzerland,Scheduled,yes,en,manual-priority,Europe,https://www.flyedelweiss.com/ch/en/customer-service/faq/travel-with-kids.html,https://www.flyedelweiss.com/ch/en/customer-service/faq/travel-with-kids.html,https://www.flyedelweiss.com/ch/de/prepare/baggage/free-baggage/checked-baggage.html,https://www.flyedelweiss.com/gb/en/prepare/baggage/free-baggage/hand-baggage.html,https://www.flyedelweiss.com/ch/de/prepare/baggage/free-baggage/checked-baggage.html,,,,,yes,2026-09-03,3,0,no,yes,no,,fare_conditions_url;checkin_url;conditions_of_carriage_url;article_selector;,"3/6 urls imported from filled priority CSV; Missing fields filled from buffertse/airline-data, which records official airline domains and deep links sourced from airline websites.",edelweiss-air-1533,https://raw.githubusercontent.com/buffertse/airline-data/main/data/airlines.csv; https://raw.githubusercontent.com/buffertse/airline-data/main/data/airline-links.csv
egyptair,Egyptair,MS,Egypt,Scheduled,yes,en,manual-priority,Africa,https://www.egyptair.com,,,,,,,https://www.egyptair.com/en/Pages/Conditions-of-Carriage.aspx,,yes,2026-09-03,0,1,no,yes,no,https://www.egyptair.com/en/Pages/Conditions-of-Carriage.aspx,help_root;baggage_checked_url;baggage_carryon_url;baggage_fees_url;fare_conditions_url;checkin_url;article_selector;,1/6 urls imported from filled priority CSV; conditions_of_carriage_url prefilled from Duffel refs; please verify.,egyptair-cargo-312,https://raw.githubusercontent.com/buffertse/airline-data/main/data/airlines.csv; https://raw.githubusercontent.com/buffertse/airline-data/main/data/airline-links.csv
electra-airways,Electra Airways,3E,Bulgaria,Scheduled,no,,,Europe,https://electra-airways.com,,,,,,,https://www.electra-airways.com/wp-content/uploads/2023/10/Conditions-of-carriage_19.07.pdf,,no,,0,0,no,no,no,https://www.electra-airways.com/wp-content/uploads/2023/10/Conditions-of-carriage_19.07.pdf,locale;band;help_root;baggage_checked_url;baggage_carryon_url;baggage_fees_url;fare_conditions_url;checkin_url;article_selector;,,electra-airways-1283,https://raw.githubusercontent.com/buffertse/airline-data/main/data/airlines.csv; https://raw.githubusercontent.com/buffertse/airline-data/main/data/airline-links.csv
electronic-data-systems-corporation,Electronic Data Systems Corporation,1Y,United States,Scheduled,no,en,,North America,,,,,,,,,,no,,0,0,no,no,no,,band;official_website;help_root;baggage_checked_url;baggage_carryon_url;baggage_fees_url;fare_conditions_url;checkin_url;conditions_of_carriage_url;article_selector;,,,
ellinair,Ellinair,EL,Greece,Scheduled,no,,,Europe,,,,,,,,,,no,,0,0,no,no,yes,,locale;band;official_website;help_root;baggage_checked_url;baggage_carryon_url;baggage_fees_url;fare_conditions_url;checkin_url;conditions_of_carriage_url;article_selector;,,,
emetebe-airlines,Emetebe Airlines,0A,Ecuador,Scheduled,no,,,Latin America,,,,,,,,,,no,,0,0,no,no,no,,locale;band;official_website;help_root;baggage_checked_url;baggage_carryon_url;baggage_fees_url;fare_conditions_url;checkin_url;conditions_of_carriage_url;article_selector;,,,
emirates,Emirates,EK,United Arab Emirates,Scheduled,yes,en-ae,1a,Middle East,https://www.emirates.com,https://www.emirates.com/il/english/help/faq-topics/our-network-and-codeshares,https://www.emirates.com/ae/english/before-you-fly/baggage/checked-baggage/,https://www.emirates.com/ae/english/before-you-fly/baggage/cabin-baggage-rules/,https://www.emirates.com/ae/english/before-you-fly/baggage/purchase-additional-baggage-allowance/,https://www.emirates.com/ae/english/book/fare-types/,https://www.emirates.com/ae/english/manage-booking/online-check-in/,https://www.emirates.com/ae/english/before-you-fly/rules-and-notices/conditions-of-carriage/,,yes,2026-09-03,0,6,no,yes,yes,https://www.emirates.com/uk/english/before-you-fly/travel/rules-and-notices/,article_selector;,6/6 urls,emirates,C:\Users\kspellman\Documents\Codex\2026-08-24\vie\work\airline_research_data.json; https://raw.githubusercontent.com/buffertse/airline-data/main/data/airlines.csv; https://raw.githubusercontent.com/buffertse/airline-data/main/data/airline-links.csv
empire-airlines,Empire Airlines,EM,United States,Scheduled,no,en,,North America,https://empireairlines.com,https://www.empireairlines.com/contact,,,,,,,,no,,0,0,no,no,no,,band;baggage_checked_url;baggage_carryon_url;baggage_fees_url;fare_conditions_url;checkin_url;conditions_of_carriage_url;article_selector;,,empire-airlines-1357,https://raw.githubusercontent.com/buffertse/airline-data/main/data/airlines.csv; https://raw.githubusercontent.com/buffertse/airline-data/main/data/airline-links.csv
endeavor-air,Endeavor Air,9E,United States,Scheduled,no,en,,North America,https://endeavorair.com,https://www.endeavorair.com/content/endeavor-air/en_us/contact-us.html,,,,,,,,no,,0,0,no,no,no,,band;baggage_checked_url;baggage_carryon_url;baggage_fees_url;fare_conditions_url;checkin_url;conditions_of_carriage_url;article_selector;,,endeavor-air-174,https://raw.githubusercontent.com/buffertse/airline-data/main/data/airlines.csv; https://raw.githubusercontent.com/buffertse/airline-data/main/data/airline-links.csv
enter-air,Enter Air,E4,Poland,Scheduled,no,,,Europe,https://enterair.pl,,,,,,,,,no,,0,0,no,no,yes,,locale;band;help_root;baggage_checked_url;baggage_carryon_url;baggage_fees_url;fare_conditions_url;checkin_url;conditions_of_carriage_url;article_selector;,"Missing fields filled from buffertse/airline-data, which records official airline domains and deep links sourced from airline websites.",enter-air-337,https://raw.githubusercontent.com/buffertse/airline-data/main/data/airlines.csv; https://raw.githubusercontent.com/buffertse/airline-data/main/data/airline-links.csv
envoy-air,Envoy Air,MQ,United States,Scheduled,no,en,,North America,https://envoyair.com,https://www.envoyair.com/contact,,,,,,,,no,,0,0,no,yes,no,,band;baggage_checked_url;baggage_carryon_url;baggage_fees_url;fare_conditions_url;checkin_url;conditions_of_carriage_url;article_selector;,"Missing fields filled from buffertse/airline-data, which records official airline domains and deep links sourced from airline websites.",envoy-air-1012,https://raw.githubusercontent.com/buffertse/airline-data/main/data/airlines.csv; https://raw.githubusercontent.com/buffertse/airline-data/main/data/airline-links.csv
equaflight,Equaflight,E7,Republic of the Congo,Scheduled,no,,,,,,,,,,,,,no,,0,0,no,no,no,,locale;band;region;official_website;help_root;baggage_checked_url;baggage_carryon_url;baggage_fees_url;fare_conditions_url;checkin_url;conditions_of_carriage_url;article_selector;,,,
eritrean-airlines,Eritrean Airlines,B8,Eritrea,Scheduled,no,,,Africa,,,,,,,,,,no,,0,0,no,yes,no,,locale;band;official_website;help_root;baggage_checked_url;baggage_carryon_url;baggage_fees_url;fare_conditions_url;checkin_url;conditions_of_carriage_url;article_selector;,,,
ernest-airlines,Ernest Airlines,EG,Italy,Low-cost,no,,,Europe,,,,,,,,,,no,,0,0,no,no,yes,,locale;band;official_website;help_root;baggage_checked_url;baggage_carryon_url;baggage_fees_url;fare_conditions_url;checkin_url;conditions_of_carriage_url;article_selector;,,,
eswatini-air,Eswatini Air,RN,Eswatini,Scheduled,no,,,,,,,,,,,,,no,,0,0,no,no,no,,locale;band;region;official_website;help_root;baggage_checked_url;baggage_carryon_url;baggage_fees_url;fare_conditions_url;checkin_url;conditions_of_carriage_url;article_selector;,,,
ethiopian-airlines,Ethiopian Airlines,ET,Ethiopia,Scheduled,yes,en,manual-priority,Africa,https://www.ethiopianairlines.com,,https://www.ethiopianairlines.com/ga/en/information/baggage-information/free-baggage-allowance,https://www.ethiopianairlines.com/information/baggage-information/carry-on-baggage,https://www.ethiopianairlines.com/ga/en/information/baggage-information/free-baggage-allowance,,,https://www.ethiopianairlines.com/aa/information/essential-information/conditions-of-carriage,,yes,2026-09-03,3,1,no,yes,no,https://www.ethiopianairlines.com/aa/information/essential-information/conditions-of-carriage,help_root;fare_conditions_url;checkin_url;article_selector;,"4/6 urls imported from filled priority CSV; conditions_of_carriage_url prefilled from Duffel refs; please verify.; Missing fields filled from buffertse/airline-data, which records official airline domains and deep links sourced from airline websites.",ethiopian-airlines-798,https://raw.githubusercontent.com/buffertse/airline-data/main/data/airlines.csv; https://raw.githubusercontent.com/buffertse/airline-data/main/data/airline-links.csv
etihad-airways,Etihad Airways,EY,United Arab Emirates,Scheduled,yes,en,manual-priority,Asia,https://www.etihad.com,,https://www.etihad.com/en/help/faq/baggage,https://www.etihad.com/en/help/faq/baggage,https://www.etihad.com/en/help/faq/baggage,,,https://www.etihad.com/en-gb/legal/conditions-of-carriage,,yes,2026-09-03,0,4,no,yes,no,https://www.etihad.com/en-gb/legal/conditions-of-carriage,help_root;fare_conditions_url;checkin_url;article_selector;,"4/6 urls imported from filled priority CSV; conditions_of_carriage_url prefilled from Duffel refs; please verify.; Missing fields filled from buffertse/airline-data, which records official airline domains and deep links sourced from airline websites.",etihad-airways-724,https://raw.githubusercontent.com/buffertse/airline-data/main/data/airlines.csv; https://raw.githubusercontent.com/buffertse/airline-data/main/data/airline-links.csv; https://raw.githubusercontent.com/buffertse/airline-data/main/derived/baggage-summary.csv
euro-asia-air,Euro-Asia Air,6Z,Kazakhstan,Scheduled,no,,,Asia,,,,,,,,,,no,,0,0,no,no,no,,locale;band;official_website;help_root;baggage_checked_url;baggage_carryon_url;baggage_fees_url;fare_conditions_url;checkin_url;conditions_of_carriage_url;article_selector;,,,
euroatlantic-airways,EuroAtlantic Airways,YU,Portugal,Scheduled,no,,,Europe,https://flyeuroatlantic.pt,,,,,,,,,no,,0,0,no,yes,yes,,locale;band;help_root;baggage_checked_url;baggage_carryon_url;baggage_fees_url;fare_conditions_url;checkin_url;conditions_of_carriage_url;article_selector;,"Missing fields filled from buffertse/airline-data, which records official airline domains and deep links sourced from airline websites.",euroatlantic-airways-1476,https://raw.githubusercontent.com/buffertse/airline-data/main/data/airlines.csv; https://raw.githubusercontent.com/buffertse/airline-data/main/data/airline-links.csv
euroairlines,Euroairlines,Q4,Spain,Scheduled,no,,,Europe,https://starlinkaviation.com,https://starlinkaviation.com/contact,,,,,,,,no,,0,0,no,no,no,,locale;band;baggage_checked_url;baggage_carryon_url;baggage_fees_url;fare_conditions_url;checkin_url;conditions_of_carriage_url;article_selector;,,starlink-aviation-1668,https://raw.githubusercontent.com/buffertse/airline-data/main/data/airlines.csv; https://raw.githubusercontent.com/buffertse/airline-data/main/data/airline-links.csv
eurolot,Eurolot,K2,Poland,Scheduled,no,,,Europe,https://yutebethel.com,,https://yutebethel.com/damaged/lost-baggage-1,https://yutebethel.com/damaged/lost-baggage-1,https://yutebethel.com/damaged/lost-baggage-1,,,,,no,,0,0,no,no,no,,locale;band;help_root;fare_conditions_url;checkin_url;conditions_of_carriage_url;article_selector;,,yute-commuter-service-392,https://raw.githubusercontent.com/buffertse/airline-data/main/data/airlines.csv; https://raw.githubusercontent.com/buffertse/airline-data/main/data/airline-links.csv
european-air-charter,European Air Charter,H6,United Kingdom,Scheduled,no,en,,Europe,https://euaircharter.com,https://euaircharter.com/contact,,,,,,,,no,,0,0,no,yes,no,,band;baggage_checked_url;baggage_carryon_url;baggage_fees_url;fare_conditions_url;checkin_url;conditions_of_carriage_url;article_selector;,"Missing fields filled from buffertse/airline-data, which records official airline domains and deep links sourced from airline websites.",european-air-charter-2,https://raw.githubusercontent.com/buffertse/airline-data/main/data/airlines.csv; https://raw.githubusercontent.com/buffertse/airline-data/main/data/airline-links.csv
european-air-transport,European Air Transport,QY,Belgium,Scheduled,no,,,Europe,,,,,,,,,,no,,0,0,no,no,no,,locale;band;official_website;help_root;baggage_checked_url;baggage_carryon_url;baggage_fees_url;fare_conditions_url;checkin_url;conditions_of_carriage_url;article_selector;,,,
european-cargo-services-bv,European Cargo Services BV,EJ,Netherlands,Scheduled,no,,,Europe,,,,,,,,,,no,,0,0,no,no,no,,locale;band;official_website;help_root;baggage_checked_url;baggage_carryon_url;baggage_fees_url;fare_conditions_url;checkin_url;conditions_of_carriage_url;article_selector;,,,
eurostar,Eurostar,9F,United Kingdom,Scheduled,no,en,,Europe,,,,,,,,,,no,,0,0,no,no,no,,band;official_website;help_root;baggage_checked_url;baggage_carryon_url;baggage_fees_url;fare_conditions_url;checkin_url;conditions_of_carriage_url;article_selector;,,,
eurowings,Eurowings,EW,Germany,Low-cost,yes,en-de,1b,Europe,https://www.eurowings.com,,https://www.eurowings.com/en/information/luggage/checked-luggage.html,https://www.eurowings.com/en/information/luggage/hand-luggage.html,https://www.eurowings.com/en/information/luggage/excess-luggage.html,https://www.eurowings.com/en/information/at-the-airport/fares.html,https://www.eurowings.com/en/information/at-the-airport/check-in.html,https://www.eurowings.com/en/information/legal/conditions-of-carriage.html,,yes,2026-09-03,0,6,no,yes,yes,https://www.eurowings.com/en/legal-information/general-conditions-of-carriage.html,help_root;article_selector;,6/6 urls,eurowings-515,C:\Users\kspellman\Documents\Codex\2026-08-24\vie\work\airline_research_data.json; https://raw.githubusercontent.com/buffertse/airline-data/main/data/airlines.csv; https://raw.githubusercontent.com/buffertse/airline-data/main/data/airline-links.csv
everts-air-cargo,Everts Air Cargo,5V,United States,Scheduled,no,en,,North America,https://evertsair.com,https://evertsair.com/index.php/contact,,,,,,,,no,,0,0,no,yes,no,,band;baggage_checked_url;baggage_carryon_url;baggage_fees_url;fare_conditions_url;checkin_url;conditions_of_carriage_url;article_selector;,"Missing fields filled from buffertse/airline-data, which records official airline domains and deep links sourced from airline websites.",everts-air-377,https://raw.githubusercontent.com/buffertse/airline-data/main/data/airlines.csv; https://raw.githubusercontent.com/buffertse/airline-data/main/data/airline-links.csv
express-airline,Express Airline,7A,Tunisia,Scheduled,no,en,,Africa,https://express-aircargo.com,https://express-aircargo.com/en/contact,,,,,,,,no,,0,0,no,no,no,,band;baggage_checked_url;baggage_carryon_url;baggage_fees_url;fare_conditions_url;checkin_url;conditions_of_carriage_url;article_selector;,,express-air-cargo-892,https://raw.githubusercontent.com/buffertse/airline-data/main/data/airlines.csv; https://raw.githubusercontent.com/buffertse/airline-data/main/data/airline-links.csv
expressjet,ExpressJet,EV,United States,Scheduled,no,en,,North America,https://expressjet.com,,,,,,,,,no,,0,0,no,yes,no,,band;help_root;baggage_checked_url;baggage_carryon_url;baggage_fees_url;fare_conditions_url;checkin_url;conditions_of_carriage_url;article_selector;,"Missing fields filled from buffertse/airline-data, which records official airline domains and deep links sourced from airline websites.",expressjet-1843,https://raw.githubusercontent.com/buffertse/airline-data/main/data/airlines.csv; https://raw.githubusercontent.com/buffertse/airline-data/main/data/airline-links.csv
eznis-airways,Eznis Airways,MG,Mongolia,Scheduled,no,,,Asia,https://eznis.com,,https://www.eznis.com/index.php/baggage,https://www.eznis.com/index.php/baggage,https://www.eznis.com/index.php/baggage,,,,,no,,0,0,no,no,no,,locale;band;help_root;fare_conditions_url;checkin_url;conditions_of_carriage_url;article_selector;,,eznis-airways-381,https://raw.githubusercontent.com/buffertse/airline-data/main/data/airlines.csv; https://raw.githubusercontent.com/buffertse/airline-data/main/data/airline-links.csv
fat-far-eastern-air-transport,FAT Far Eastern Air Transport,FE,Taiwan (Republic of China),Scheduled,no,,,,https://748airservices.com,,,,,,,,,no,,0,0,no,yes,no,,locale;band;region;help_root;baggage_checked_url;baggage_carryon_url;baggage_fees_url;fare_conditions_url;checkin_url;conditions_of_carriage_url;article_selector;,,748-air-services-578,https://raw.githubusercontent.com/buffertse/airline-data/main/data/airlines.csv; https://raw.githubusercontent.com/buffertse/airline-data/main/data/airline-links.csv
flyone-armenia,FLYONE Armenia,3F,Armenia,Low-cost,no,,,Asia,,,,,,,,,,no,,0,0,no,no,no,,locale;band;official_website;help_root;baggage_checked_url;baggage_carryon_url;baggage_fees_url;fare_conditions_url;checkin_url;conditions_of_carriage_url;article_selector;,,,
flyyo,FLYYO,4D,Romania,Scheduled,no,,,Europe,https://flyairsinai.com,https://flyairsinai.com/contact-us,,,,,,https://flyairsinai.com/general-conditions,,no,,0,0,no,no,no,https://flyairsinai.com/general-conditions,locale;band;baggage_checked_url;baggage_carryon_url;baggage_fees_url;fare_conditions_url;checkin_url;article_selector;,,air-sinai-331,https://raw.githubusercontent.com/buffertse/airline-data/main/data/airlines.csv; https://raw.githubusercontent.com/buffertse/airline-data/main/data/airline-links.csv
fastjet-zimbabwe,Fastjet Zimbabwe,FN,Zimbabwe,Scheduled,no,en,,Africa,https://www.fastjet.com,,https://www.fastjet.com/flying-with-us/baggage-allowances,https://www.fastjet.com/flying-with-us/baggage-allowances,https://www.fastjet.com/flying-with-us/baggage-allowances,,,https://www.fastjet.com/upload/Documents/Terms%20and%20Conditions/fastjet%20Terms%20and%20Conditions%20-%20Feb%202019%20(1).pdf,,no,,0,0,no,no,no,https://www.fastjet.com/upload/Documents/Terms%20and%20Conditions/fastjet%20Terms%20and%20Conditions%20-%20Feb%202019%20(1).pdf,band;help_root;fare_conditions_url;checkin_url;article_selector;,,fastjet-zimbabwe-719,https://raw.githubusercontent.com/buffertse/airline-data/main/data/airlines.csv; https://raw.githubusercontent.com/buffertse/airline-data/main/data/airline-links.csv
fedex,FedEx,FX,United States,Scheduled,no,en,,North America,,,,,,,,,,no,,0,0,no,yes,no,,band;official_website;help_root;baggage_checked_url;baggage_carryon_url;baggage_fees_url;fare_conditions_url;checkin_url;conditions_of_carriage_url;article_selector;,,,
federal-air,Federal Air,7V,South Africa,Scheduled,no,en,,Africa,https://fedair.com,,https://fedair.com/fly-with-us/baggage,https://fedair.com/fly-with-us/baggage,https://fedair.com/fly-with-us/baggage,,,,,no,,0,0,no,no,no,,band;help_root;fare_conditions_url;checkin_url;conditions_of_carriage_url;article_selector;,,federal-air-391,https://raw.githubusercontent.com/buffertse/airline-data/main/data/airlines.csv; https://raw.githubusercontent.com/buffertse/airline-data/main/data/airline-links.csv
fiji-airways,Fiji Airways,FJ,Fiji,Scheduled,yes,en-fj,1b,Australia/Pacific,https://www.fijiairways.com,,https://www.fijiairways.com/en-fj/manage/baggage/checked-baggage,https://www.fijiairways.com/en-fj/manage/baggage/carry-on-baggage,https://www.fijiairways.com/en-fj/manage/baggage/excess-baggage,https://www.fijiairways.com/en-fj/book/fare-types,https://www.fijiairways.com/en-fj/manage/check-in,https://www.fijiairways.com/en-fj/about-fiji-airways/conditions-of-carriage,,yes,2026-09-03,0,6,no,yes,yes,https://www.fijiairways.com/en-gb/conditions-of-carriage,help_root;article_selector;,6/6 urls,fiji-airways-1161,C:\Users\kspellman\Documents\Codex\2026-08-24\vie\work\airline_research_data.json; https://raw.githubusercontent.com/buffertse/airline-data/main/data/airlines.csv; https://raw.githubusercontent.com/buffertse/airline-data/main/data/airline-links.csv
finistair,Finist'air,0D,France,Scheduled,no,,,Europe,,,,,,,,,,no,,0,0,no,no,no,,locale;band;official_website;help_root;baggage_checked_url;baggage_carryon_url;baggage_fees_url;fare_conditions_url;checkin_url;conditions_of_carriage_url;article_selector;,,,
firefly,Firefly,FY,Malaysia,Scheduled,yes,en-my,manual-priority,Asia,https://askfy.fireflyz.com.my,,https://askfy.fireflyz.com.my/s/topic/0TOJ1000000CahUOAS/checked-baggage-allowance,https://askfy.fireflyz.com.my/s/topic/0TOJ1000000CahUOAS/checked-baggage-allowance,https://askfy.fireflyz.com.my/s/topic/0TOJ1000000CahUOAS/checked-baggage-allowance,,https://booking.fireflyz.com.my/WebCheckIn.aspx,https://www.fireflyz.com.my/flights/general-conditions-carriage,,yes,2026-09-03,0,5,no,yes,yes,https://www.fireflyz.com.my/my/en/general-conditions-of-carriage.html,help_root;fare_conditions_url;article_selector;,"5/6 urls imported from filled priority CSV; Missing fields filled from buffertse/airline-data, which records official airline domains and deep links sourced from airline websites.",firefly-401,https://raw.githubusercontent.com/buffertse/airline-data/main/data/airlines.csv; https://raw.githubusercontent.com/buffertse/airline-data/main/data/airline-links.csv
first-air,First Air,7F,Canada,Scheduled,no,en,,North America,,,,,,,,,,no,,0,0,no,yes,yes,,band;official_website;help_root;baggage_checked_url;baggage_carryon_url;baggage_fees_url;fare_conditions_url;checkin_url;conditions_of_carriage_url;article_selector;,,,
fitsair,FitsAir,8D,Sri Lanka,Low-cost,no,,,Asia,https://servantair.com,,,,,,,,,no,,0,0,no,no,no,,locale;band;help_root;baggage_checked_url;baggage_carryon_url;baggage_fees_url;fare_conditions_url;checkin_url;conditions_of_carriage_url;article_selector;,,servant-air-1096,https://raw.githubusercontent.com/buffertse/airline-data/main/data/airlines.csv; https://raw.githubusercontent.com/buffertse/airline-data/main/data/airline-links.csv
flair-airlines,Flair Airlines,F8,Canada,Low-cost,no,en,,North America,https://flyflair.com,,,,,,,,,no,,0,0,no,no,yes,,band;help_root;baggage_checked_url;baggage_carryon_url;baggage_fees_url;fare_conditions_url;checkin_url;conditions_of_carriage_url;article_selector;,,air2there-1115,https://raw.githubusercontent.com/buffertse/airline-data/main/data/airlines.csv; https://raw.githubusercontent.com/buffertse/airline-data/main/data/airline-links.csv
flexflight,FlexFlight,W2,Denmark,Scheduled,no,,,Europe,https://globeair.com,https://flexflight.dk/contact-us,,,,,,,,no,,0,0,no,no,no,,locale;band;baggage_checked_url;baggage_carryon_url;baggage_fees_url;fare_conditions_url;checkin_url;conditions_of_carriage_url;article_selector;,,flexflight-617,https://raw.githubusercontent.com/buffertse/airline-data/main/data/airlines.csv; https://raw.githubusercontent.com/buffertse/airline-data/main/data/airline-links.csv
flightlink,Flightlink,YS,Tanzania,Scheduled,no,,,Africa,,,,,,,,,,no,,0,0,no,no,no,,locale;band;official_website;help_root;baggage_checked_url;baggage_carryon_url;baggage_fees_url;fare_conditions_url;checkin_url;conditions_of_carriage_url;article_selector;,,,
fly-all-ways,Fly All Ways,8W,Suriname,Scheduled,no,en,,Latin America,https://flyallways.com,,,,,,,,,no,,0,0,no,no,yes,,band;help_root;baggage_checked_url;baggage_carryon_url;baggage_fees_url;fare_conditions_url;checkin_url;conditions_of_carriage_url;article_selector;,,private-wings-1258,https://raw.githubusercontent.com/buffertse/airline-data/main/data/airlines.csv; https://raw.githubusercontent.com/buffertse/airline-data/main/data/airline-links.csv
fly-arna,Fly Arna,G6,Armenia,Low-cost,no,,,Asia,https://globalxair.com,https://globalxair.com/contact,,,,,,https://globalxair.com/wp-content/uploads/2024/08/globalx_air_contract_of_carriage_2021_final.pdf,,no,,0,0,no,no,no,https://globalxair.com/wp-content/uploads/2024/08/globalx_air_contract_of_carriage_2021_final.pdf,locale;band;baggage_checked_url;baggage_carryon_url;baggage_fees_url;fare_conditions_url;checkin_url;article_selector;,,q112649027-127,https://raw.githubusercontent.com/buffertse/airline-data/main/data/airlines.csv; https://raw.githubusercontent.com/buffertse/airline-data/main/data/airline-links.csv
fly-baghdad,Fly Baghdad,IF,Iraq,Scheduled,no,,,Middle East,https://flybaghdad.net,,,,,,,,,no,,0,0,no,no,yes,,locale;band;help_root;baggage_checked_url;baggage_carryon_url;baggage_fees_url;fare_conditions_url;checkin_url;conditions_of_carriage_url;article_selector;,"Missing fields filled from buffertse/airline-data, which records official airline domains and deep links sourced from airline websites.",fly-baghdad-675,https://raw.githubusercontent.com/buffertse/airline-data/main/data/airlines.csv; https://raw.githubusercontent.com/buffertse/airline-data/main/data/airline-links.csv
fly-branson-travel-dba-branson-airexpress,Fly Branson Travel dba Branson AirExpress,1X,United States,Scheduled,no,en,,North America,,,,,,,,,,no,,0,0,no,no,no,,band;official_website;help_root;baggage_checked_url;baggage_carryon_url;baggage_fees_url;fare_conditions_url;checkin_url;conditions_of_carriage_url;article_selector;,,,
fly-caminter,Fly CamInter,EF,Cambodia,Low-cost,no,,,Asia,https://eznis.com,,https://www.eznis.com/index.php/baggage,https://www.eznis.com/index.php/baggage,https://www.eznis.com/index.php/baggage,,,,,no,,0,0,no,no,no,,locale;band;help_root;fare_conditions_url;checkin_url;conditions_of_carriage_url;article_selector;,,eznis-airways-381,https://raw.githubusercontent.com/buffertse/airline-data/main/data/airlines.csv; https://raw.githubusercontent.com/buffertse/airline-data/main/data/airline-links.csv
fly-jordan,Fly Jordan,F0,Jordan,Scheduled,no,,,Middle East,,,,,,,,,,no,,0,0,no,no,no,,locale;band;official_website;help_root;baggage_checked_url;baggage_carryon_url;baggage_fees_url;fare_conditions_url;checkin_url;conditions_of_carriage_url;article_selector;,,,
fly-lili,Fly Lili,FL,Romania,Scheduled,no,en,,Europe,https://flylili.com,,https://www.flylili.com/en/baggage,https://www.flylili.com/en/assets/docs/Safety Regulations for Liquids in Hand Baggage.pdf,https://www.flylili.com/en/baggage,,,,,no,,0,0,no,no,no,,band;help_root;fare_conditions_url;checkin_url;conditions_of_carriage_url;article_selector;,,fly-lili-228,https://raw.githubusercontent.com/buffertse/airline-data/main/data/airlines.csv; https://raw.githubusercontent.com/buffertse/airline-data/main/data/airline-links.csv
fly-one,Fly One,5F,Moldova,Low-cost,yes,en,manual-priority,Europe,https://flyone.eu,,,,,,,https://flyone.eu/en/About-FLYONE/General-Rules,,yes,2026-09-03,0,1,no,no,yes,https://flyone.eu/en/About-FLYONE/General-Rules,help_root;baggage_checked_url;baggage_carryon_url;baggage_fees_url;fare_conditions_url;checkin_url;article_selector;,1/6 urls imported from filled priority CSV; conditions_of_carriage_url prefilled from Duffel refs; please verify.,flyone-858,https://raw.githubusercontent.com/buffertse/airline-data/main/data/airlines.csv; https://raw.githubusercontent.com/buffertse/airline-data/main/data/airline-links.csv
fly-one-romania,Fly One (Romania),OE,Moldova,Low-cost,no,,,Europe,https://cairoaviation.com,,,,,,,,,no,,0,0,no,no,no,,locale;band;help_root;baggage_checked_url;baggage_carryon_url;baggage_fees_url;fare_conditions_url;checkin_url;conditions_of_carriage_url;article_selector;,,cairo-aviation-1605,https://raw.githubusercontent.com/buffertse/airline-data/main/data/airlines.csv; https://raw.githubusercontent.com/buffertse/airline-data/main/data/airline-links.csv
fly-oya,Fly Oya,YI,Libya,Scheduled,no,,,Africa,,,,,,,,,,no,,0,0,no,no,no,,locale;band;official_website;help_root;baggage_checked_url;baggage_carryon_url;baggage_fees_url;fare_conditions_url;checkin_url;conditions_of_carriage_url;article_selector;,,,
fly-pro,Fly Pro,FP,United States,Scheduled,no,en,,North America,https://freedomairguam.com,,https://www.freedomairguam.com/baggage_policy/index.html,https://www.freedomairguam.com/baggage_policy/index.html,https://www.freedomairguam.com/baggage_policy/index.html,,,,,no,,0,0,no,no,no,,band;help_root;fare_conditions_url;checkin_url;conditions_of_carriage_url;article_selector;,,freedom-air-1451,https://raw.githubusercontent.com/buffertse/airline-data/main/data/airlines.csv; https://raw.githubusercontent.com/buffertse/airline-data/main/data/airline-links.csv
fly-red-sea,Fly Red Sea,Z4,Saudi Arabia,Scheduled,no,,,Middle East,https://zagrosjet.com,,,,,,,,,no,,0,0,no,no,no,,locale;band;help_root;baggage_checked_url;baggage_carryon_url;baggage_fees_url;fare_conditions_url;checkin_url;conditions_of_carriage_url;article_selector;,,zagrosjet-1798,https://raw.githubusercontent.com/buffertse/airline-data/main/data/airlines.csv; https://raw.githubusercontent.com/buffertse/airline-data/main/data/airline-links.csv
fly2sky,Fly2Sky,F6,Bulgaria,Scheduled,no,,,Europe,https://fly2sky.aero,,,,,,,,,no,,0,0,no,no,no,,locale;band;help_root;baggage_checked_url;baggage_carryon_url;baggage_fees_url;fare_conditions_url;checkin_url;conditions_of_carriage_url;article_selector;,,fly2sky-1405,https://raw.githubusercontent.com/buffertse/airline-data/main/data/airlines.csv; https://raw.githubusercontent.com/buffertse/airline-data/main/data/airline-links.csv
flyals,FlyALS,0F,Kenya,Scheduled,no,en,,Africa,,,,,,,,,,no,,0,0,no,no,no,,band;official_website;help_root;baggage_checked_url;baggage_carryon_url;baggage_fees_url;fare_conditions_url;checkin_url;conditions_of_carriage_url;article_selector;,,,
flyaden,FlyAden,DH,Yemen,Scheduled,no,,,Middle East,,,,,,,,,,no,,0,0,no,no,no,,locale;band;official_website;help_root;baggage_checked_url;baggage_carryon_url;baggage_fees_url;fare_conditions_url;checkin_url;conditions_of_carriage_url;article_selector;,,,
flyarystan,FlyArystan,FS,Kazakhstan,Low-cost,no,,,Asia,https://freespiritairlines.com.au,,,,,,,,,no,,0,0,no,no,yes,,locale;band;help_root;baggage_checked_url;baggage_carryon_url;baggage_fees_url;fare_conditions_url;checkin_url;conditions_of_carriage_url;article_selector;,,airfast-indonesia-1176,https://raw.githubusercontent.com/buffertse/airline-data/main/data/airlines.csv; https://raw.githubusercontent.com/buffertse/airline-data/main/data/airline-links.csv
flybosnia,FlyBosnia,6W,Bosnia and Herzegovina,Scheduled,no,,,Europe,https://flybosnia.ba,,,,,,,,,no,,0,0,no,no,yes,,locale;band;help_root;baggage_checked_url;baggage_carryon_url;baggage_fees_url;fare_conditions_url;checkin_url;conditions_of_carriage_url;article_selector;,"Missing fields filled from buffertse/airline-data, which records official airline domains and deep links sourced from airline websites.",flybosnia-1461,https://raw.githubusercontent.com/buffertse/airline-data/main/data/airlines.csv; https://raw.githubusercontent.com/buffertse/airline-data/main/data/airline-links.csv
flyegypt,FlyEgypt,FT,Egypt,Scheduled,no,,,Africa,https://frost.aero,https://frost.aero/contact,,,,,,https://frost.aero/conditions-of-carriage,,no,,0,0,no,no,yes,https://frost.aero/conditions-of-carriage,locale;band;baggage_checked_url;baggage_carryon_url;baggage_fees_url;fare_conditions_url;checkin_url;article_selector;,,frost-air-282,https://raw.githubusercontent.com/buffertse/airline-data/main/data/airlines.csv; https://raw.githubusercontent.com/buffertse/airline-data/main/data/airline-links.csv
flygabon,FlyGabon,J7,Gabon,Scheduled,no,,,Africa,,,,,,,,,,no,,0,0,no,no,no,,locale;band;official_website;help_root;baggage_checked_url;baggage_carryon_url;baggage_fees_url;fare_conditions_url;checkin_url;conditions_of_carriage_url;article_selector;,,,
flyjinnah,FlyJinnah,9P,Pakistan,Low-cost,no,en,,Asia,https://flyjinnah.com,https://www.flyjinnah.com/en/help/faqs,https://www.flyjinnah.com/en/about-us/checked-baggage,https://www.flyjinnah.com/en/about-us/hand-baggage,https://www.flyjinnah.com/en/help/baggage-enquiries,,,https://www.flyjinnah.com/en/about-us/conditions-of-carriage,,no,,0,0,no,no,no,https://www.flyjinnah.com/en/about-us/conditions-of-carriage,band;fare_conditions_url;checkin_url;article_selector;,,fly-jinnah-116,https://raw.githubusercontent.com/buffertse/airline-data/main/data/airlines.csv; https://raw.githubusercontent.com/buffertse/airline-data/main/data/airline-links.csv
flykhiva,FlyKhiva,2U,Uzbekistan,Scheduled,no,,,Asia,,,,,,,,,,no,,0,0,no,no,no,,locale;band;official_website;help_root;baggage_checked_url;baggage_carryon_url;baggage_fees_url;fare_conditions_url;checkin_url;conditions_of_carriage_url;article_selector;,,,
flynamibia,FlyNamibia,WV,Namibia,Scheduled,no,,,Africa,https://westair.com.na,,,,,,,https://www.westair.com.na/conditions-of-carriage,,no,,0,0,no,no,no,https://www.westair.com.na/conditions-of-carriage,locale;band;help_root;baggage_checked_url;baggage_carryon_url;baggage_fees_url;fare_conditions_url;checkin_url;article_selector;,,westair-aviation-837,https://raw.githubusercontent.com/buffertse/airline-data/main/data/airlines.csv; https://raw.githubusercontent.com/buffertse/airline-data/main/data/airline-links.csv
flyone-asia,FlyOne Asia,7Q,Thailand,Low-cost,no,,,Asia,https://eliteairways.net,,,,,,,,,no,,0,0,no,no,no,,locale;band;help_root;baggage_checked_url;baggage_carryon_url;baggage_fees_url;fare_conditions_url;checkin_url;conditions_of_carriage_url;article_selector;,,elite-airways-522,https://raw.githubusercontent.com/buffertse/airline-data/main/data/airlines.csv; https://raw.githubusercontent.com/buffertse/airline-data/main/data/airline-links.csv
flysafair,FlySafair,FA,South Africa,Low-cost,no,en,,Africa,https://flysafair.co.za,,https://www.flysafair.co.za/travel-tools/extras/luggage-policy,https://www.flysafair.co.za/travel-tools/extras/luggage-policy,https://www.flysafair.co.za/travel-tools/extras/luggage-policy,,,,,no,,0,0,no,no,no,,band;help_root;fare_conditions_url;checkin_url;conditions_of_carriage_url;article_selector;,,flysafair-534,https://raw.githubusercontent.com/buffertse/airline-data/main/data/airlines.csv; https://raw.githubusercontent.com/buffertse/airline-data/main/data/airline-links.csv
flybe,Flybe,BE,United Kingdom,Low-cost,no,en,,Europe,,,,,,,,,,no,,0,0,no,yes,no,,band;official_website;help_root;baggage_checked_url;baggage_carryon_url;baggage_fees_url;fare_conditions_url;checkin_url;conditions_of_carriage_url;article_selector;,,,
flybondi,Flybondi,FO,Argentina,Low-cost,no,,,Latin America,,,,,,,,,,no,,0,0,no,no,no,,locale;band;official_website;help_root;baggage_checked_url;baggage_carryon_url;baggage_fees_url;fare_conditions_url;checkin_url;conditions_of_carriage_url;article_selector;,,,
flybusteam,Flybusteam,ГЭ,Russia,Scheduled,no,,,Europe,,,,,,,,,,no,,0,0,no,no,no,,locale;band;official_website;help_root;baggage_checked_url;baggage_carryon_url;baggage_fees_url;fare_conditions_url;checkin_url;conditions_of_carriage_url;article_selector;,,,
flydubai,flydubai,FZ,United Arab Emirates,Low-cost,yes,en-ae,1b,Middle East,https://www.flydubai.com,,https://www.flydubai.com/en/flying-with-us/baggage/checked-baggage,https://www.flydubai.com/en/flying-with-us/baggage/hand-baggage,https://www.flydubai.com/en/flying-with-us/baggage/excess-baggage,https://www.flydubai.com/en/flying-with-us/fare-types,https://www.flydubai.com/en/flying-with-us/check-in,https://www.flydubai.com/en/information/legal/conditions-of-carriage,,yes,2026-09-03,0,6,no,yes,no,https://www.flydubai.com/en/information/policies/conditions-of-carriage,help_root;article_selector;,6/6 urls,flydubai-32,C:\Users\kspellman\Documents\Codex\2026-08-24\vie\work\airline_research_data.json; https://raw.githubusercontent.com/buffertse/airline-data/main/data/airlines.csv; https://raw.githubusercontent.com/buffertse/airline-data/main/data/airline-links.csv
flynas,Flynas,XY,Saudi Arabia,Low-cost,no,en,,Middle East,https://static.flynas.com,,https://help.flynas.com/en/baggage-services,https://help.flynas.com/en/baggage-services,https://help.flynas.com/en/baggage-services,,,https://static.flynas.com/images/terms_and_conditions/EN-TERMS-AND-CONDITIONS-OF-CARRIAGE-21Jun2022-V26.pdf,,no,,0,0,no,no,no,https://static.flynas.com/images/terms_and_conditions/EN-TERMS-AND-CONDITIONS-OF-CARRIAGE-21Jun2022-V26.pdf,band;help_root;fare_conditions_url;checkin_url;article_selector;,,q1189080-229,https://raw.githubusercontent.com/buffertse/airline-data/main/data/airlines.csv; https://raw.githubusercontent.com/buffertse/airline-data/main/data/airline-links.csv
freebird-airlines,Freebird Airlines,FH,Turkey,Scheduled,no,,,Europe,https://freebirdairlines.com,,https://www.freebirdairlines.com/checked-baggage,,,,,,,no,,0,0,no,no,no,,locale;band;help_root;baggage_carryon_url;baggage_fees_url;fare_conditions_url;checkin_url;conditions_of_carriage_url;article_selector;,,freebird-airlines-411,https://raw.githubusercontent.com/buffertse/airline-data/main/data/airlines.csv; https://raw.githubusercontent.com/buffertse/airline-data/main/data/airline-links.csv
freedom-airline-express,Freedom Airline Express,4F,United States,Scheduled,no,en,,North America,,,,,,,,,,no,,0,0,no,no,no,,band;official_website;help_root;baggage_checked_url;baggage_carryon_url;baggage_fees_url;fare_conditions_url;checkin_url;conditions_of_carriage_url;article_selector;,,,
french-armed-forces,French Armed Forces,RD,France,Scheduled,no,,,Europe,,,,,,,,,,no,,0,0,no,no,no,,locale;band;official_website;help_root;baggage_checked_url;baggage_carryon_url;baggage_fees_url;fare_conditions_url;checkin_url;conditions_of_carriage_url;article_selector;,,,
french-bee,French Bee,BF,France,Low-cost,no,en,,Europe,https://frenchbee.com,https://support.frenchbee.com/hc/en-us/categories/360002384771-Children-and-babies,https://ca.frenchbee.com/en/services-fares/our-services/checked-baggage,https://www.frenchbee.com/en/services-fares/our-services/hand-baggage,https://ca.frenchbee.com/en/organize-my-trip/at-the-airport/baggage,,,,,no,,0,0,no,no,no,,band;fare_conditions_url;checkin_url;conditions_of_carriage_url;article_selector;,,french-bee-787,https://raw.githubusercontent.com/buffertse/airline-data/main/data/airlines.csv; https://raw.githubusercontent.com/buffertse/airline-data/main/data/airline-links.csv
frontier-airlines,Frontier Airlines,F9,United States,Low-cost,yes,en-us,manual-priority,North America,https://faq.flyfrontier.com/help/bags-and-seats,https://faq.flyfrontier.com/help/bags-and-seats,https://www.flyfrontier.com/baggage,https://www.flyfrontier.com/DEALS/SALES/PROMO-CODE/CARRYON,https://www.flyfrontier.com/baggage,https://faq.flyfrontier.com/help/check-in,https://www.flyfrontier.com/travel/my-trips/check-in/,https://www.flyfrontier.com/legal/contract-of-carriage,,yes,2026-09-03,4,0,no,yes,no,https://www.flyfrontier.com/legal/contract-of-carriage,article_selector;,"4/6 urls imported from filled priority CSV; conditions_of_carriage_url prefilled from Duffel refs; please verify.; Missing fields filled from buffertse/airline-data, which records official airline domains and deep links sourced from airline websites.",frontier-airlines-165,https://raw.githubusercontent.com/buffertse/airline-data/main/data/airlines.csv; https://raw.githubusercontent.com/buffertse/airline-data/main/data/airline-links.csv
fuji-dream-airlines,Fuji Dream Airlines,JH,Japan,Scheduled,no,,,Asia,https://fujidreamairlines.com,,,,,,,,,no,,0,0,no,no,yes,,locale;band;help_root;baggage_checked_url;baggage_carryon_url;baggage_fees_url;fare_conditions_url;checkin_url;conditions_of_carriage_url;article_selector;,"Missing fields filled from buffertse/airline-data, which records official airline domains and deep links sourced from airline websites.",fuji-dream-airlines-308,https://raw.githubusercontent.com/buffertse/airline-data/main/data/airlines.csv; https://raw.githubusercontent.com/buffertse/airline-data/main/data/airline-links.csv
fuzhou-airlines,Fuzhou Airlines,FU,China,Scheduled,yes,en,manual-priority,Asia,https://www.fuzhou-air.cn/micro/main/help/640de5a7b008a77243c6b5d0,https://www.fuzhou-air.cn/micro/main/help/640de5a7b008a77243c6b5d0,,,,,https://www.fuzhou-air.cn/micro/main/checkin,,,yes,2026-09-03,0,1,no,no,yes,,baggage_checked_url;baggage_carryon_url;baggage_fees_url;fare_conditions_url;conditions_of_carriage_url;article_selector;,"1/6 urls imported from filled priority CSV; Missing fields filled from buffertse/airline-data, which records official airline domains and deep links sourced from airline websites.",fuzhou-airlines-532,https://raw.githubusercontent.com/buffertse/airline-data/main/data/airlines.csv; https://raw.githubusercontent.com/buffertse/airline-data/main/data/airline-links.csv
gp-aviation,GP Aviation,IV,Bulgaria,Scheduled,no,,,Europe,https://gp-aviation.net,,,,,,,,,no,,0,0,no,no,no,,locale;band;help_root;baggage_checked_url;baggage_carryon_url;baggage_fees_url;fare_conditions_url;checkin_url;conditions_of_carriage_url;article_selector;,,gp-aviation-146,https://raw.githubusercontent.com/buffertse/airline-data/main/data/airlines.csv; https://raw.githubusercontent.com/buffertse/airline-data/main/data/airline-links.csv
gx-airlines,GX Airlines,GX,China,Scheduled,yes,en,manual-priority,Asia,https://www.gxairlines.com,,https://www.gxairlines.com/stdair/webckipe/baggagePurchase,https://www.gxairlines.com/stdair/webckipe/baggagePurchase,https://www.gxairlines.com/stdair/webckipe/baggagePurchase,,https://www.gxairlines.com/stdair/webckipe/allChannelCheckIn,,,yes,2026-09-03,0,4,no,no,yes,,help_root;fare_conditions_url;conditions_of_carriage_url;article_selector;,"4/6 urls imported from filled priority CSV; Missing fields filled from buffertse/airline-data, which records official airline domains and deep links sourced from airline websites.",gx-airlines-694,https://raw.githubusercontent.com/buffertse/airline-data/main/data/airlines.csv; https://raw.githubusercontent.com/buffertse/airline-data/main/data/airline-links.csv
galileo-international,Galileo International,1V,United States,Scheduled,no,en,,North America,,,,,,,,,,no,,0,0,no,no,no,,band;official_website;help_root;baggage_checked_url;baggage_carryon_url;baggage_fees_url;fare_conditions_url;checkin_url;conditions_of_carriage_url;article_selector;,,,
gambia-bird-airlines,Gambia Bird Airlines,3G,Gambia,Scheduled,no,en,,Africa,,,,,,,,,,no,,0,0,no,no,no,,band;official_website;help_root;baggage_checked_url;baggage_carryon_url;baggage_fees_url;fare_conditions_url;checkin_url;conditions_of_carriage_url;article_selector;,,,
garuda-indonesia,Garuda Indonesia,GA,Indonesia,Scheduled,yes,en-id,1b,Southeast Asia,https://www.garuda-indonesia.com,https://www.garuda-indonesia.com/ae/en/contact/faq,https://www.garuda-indonesia.com/id/en/garuda-indonesia-experience/on-ground/baggage/index,https://www.garuda-indonesia.com/id/en/garuda-indonesia-experience/on-ground/baggage/cabin-baggage,https://www.garuda-indonesia.com/id/en/garuda-indonesia-experience/on-ground/baggage/excess-baggage,https://www.garuda-indonesia.com/id/en/booking/fare-rules,https://www.garuda-indonesia.com/id/en/garuda-indonesia-experience/on-ground/check-in/index,https://www.garuda-indonesia.com/id/en/terms-and-conditions/conditions-of-carriage,,yes,2026-09-03,0,6,no,yes,no,https://www.garuda-indonesia.com/uk/en/contact/condition-of-carriage,article_selector;,6/6 urls,garuda-indonesia-1322,C:\Users\kspellman\Documents\Codex\2026-08-24\vie\work\airline_research_data.json; https://raw.githubusercontent.com/buffertse/airline-data/main/data/airlines.csv; https://raw.githubusercontent.com/buffertse/airline-data/main/data/airline-links.csv
gazpromavia,Gazpromavia,4G,Russia,Scheduled,no,,,Europe,,,,,,,,,,no,,0,0,no,no,no,,locale;band;official_website;help_root;baggage_checked_url;baggage_carryon_url;baggage_fees_url;fare_conditions_url;checkin_url;conditions_of_carriage_url;article_selector;,,,
georgian-airways,Georgian Airways,A9,Georgia,Scheduled,yes,en,manual-priority,Asia,https://www.georgian-airways.com,,https://georgian-airways.com/en/information/baggage,https://dev.georgian-airways.com/en/service/baggage-information,https://georgian-airways.com/en/information/baggage,,https://georgian-airways.com/en/checkin,https://www.georgian-airways.com/en/information/conditions,,yes,2026-09-03,4,1,no,yes,no,https://www.georgian-airways.com/en/information/conditions,help_root;fare_conditions_url;article_selector;,"5/6 urls imported from filled priority CSV; conditions_of_carriage_url prefilled from Duffel refs; please verify.; Missing fields filled from buffertse/airline-data, which records official airline domains and deep links sourced from airline websites.",georgian-airways-1796,https://raw.githubusercontent.com/buffertse/airline-data/main/data/airlines.csv; https://raw.githubusercontent.com/buffertse/airline-data/main/data/airline-links.csv; https://raw.githubusercontent.com/buffertse/airline-data/main/derived/baggage-summary.csv
georgian-wings,Georgian Wings,D4,Georgia,Low-cost,no,,,Europe,,,,,,,,,,no,,0,0,no,no,no,,locale;band;official_website;help_root;baggage_checked_url;baggage_carryon_url;baggage_fees_url;fare_conditions_url;checkin_url;conditions_of_carriage_url;article_selector;,,,
german-airways,German Airways,ZQ,Germany,Scheduled,no,en,,Europe,https://airmontenegro.com,,https://airmontenegro.com/en/baggage,https://airmontenegro.com/en/baggage,https://airmontenegro.com/en/baggage,,,https://airmontenegro.com/en/contract-of-carriage,,no,,0,0,no,no,no,https://airmontenegro.com/en/contract-of-carriage,band;help_root;fare_conditions_url;checkin_url;article_selector;,,air-montenegro-86,https://raw.githubusercontent.com/buffertse/airline-data/main/data/airlines.csv; https://raw.githubusercontent.com/buffertse/airline-data/main/data/airline-links.csv
getjet-airlines,GetJet Airlines,GW,Russia,Scheduled,no,,,Europe,https://getjet.aero,,https://getjet.aero/for-passengers/baggage/checked-baggage,https://getjet.aero/for-passengers/baggage/hand-baggage,https://getjet.aero/faq/baggage-faqs,,,,,no,,0,0,no,no,no,,locale;band;help_root;fare_conditions_url;checkin_url;conditions_of_carriage_url;article_selector;,,getjet-airlines-962,https://raw.githubusercontent.com/buffertse/airline-data/main/data/airlines.csv; https://raw.githubusercontent.com/buffertse/airline-data/main/data/airline-links.csv
ghadames-air,Ghadames Air,NJ,Libya,Scheduled,no,,,Africa,,,,,,,,,,no,,0,0,no,no,no,,locale;band;official_website;help_root;baggage_checked_url;baggage_carryon_url;baggage_fees_url;fare_conditions_url;checkin_url;conditions_of_carriage_url;article_selector;,,,
global-aviation-gea,Global Aviation (GEA),IG,South Africa,Scheduled,no,en,,Africa,,,,,,,,,,no,,0,0,no,no,no,,band;official_website;help_root;baggage_checked_url;baggage_carryon_url;baggage_fees_url;fare_conditions_url;checkin_url;conditions_of_carriage_url;article_selector;,,,
global-aviation-services-group,Global Aviation Services Group,5S,Libya,Scheduled,no,,,Africa,,,,,,,,,,no,,0,0,no,no,no,,locale;band;official_website;help_root;baggage_checked_url;baggage_carryon_url;baggage_fees_url;fare_conditions_url;checkin_url;conditions_of_carriage_url;article_selector;,,,
global-feeder-services,Global Feeder Services,GC,United States,Scheduled,no,en,,North America,,,,,,,,,,no,,0,0,no,no,no,,band;official_website;help_root;baggage_checked_url;baggage_carryon_url;baggage_fees_url;fare_conditions_url;checkin_url;conditions_of_carriage_url;article_selector;,,,
globeair,GlobeAir,0K,Austria,Scheduled,no,,,Europe,,,,,,,,,,no,,0,0,no,no,no,,locale;band;official_website;help_root;baggage_checked_url;baggage_carryon_url;baggage_fees_url;fare_conditions_url;checkin_url;conditions_of_carriage_url;article_selector;,,,
globus-airlines,Globus Airlines,GH,Russia,Scheduled,no,,,Europe,,,,,,,,,,no,,0,0,no,yes,no,,locale;band;official_website;help_root;baggage_checked_url;baggage_carryon_url;baggage_fees_url;fare_conditions_url;checkin_url;conditions_of_carriage_url;article_selector;,,,
globus-lls,Globus LLС,XT,Russia,Scheduled,no,,,Europe,,,,,,,,,,no,,0,0,no,no,no,,locale;band;official_website;help_root;baggage_checked_url;baggage_carryon_url;baggage_fees_url;fare_conditions_url;checkin_url;conditions_of_carriage_url;article_selector;,,,
gojet-airlines,GoJet Airlines,G7,United States,Scheduled,no,en,,North America,https://gojetairlines.com,https://gojetairlines.com/contact-us,,,,,,,,no,,0,0,no,yes,no,,band;baggage_checked_url;baggage_carryon_url;baggage_fees_url;fare_conditions_url;checkin_url;conditions_of_carriage_url;article_selector;,"Missing fields filled from buffertse/airline-data, which records official airline domains and deep links sourced from airline websites.",gojet-airlines-llc-460,https://raw.githubusercontent.com/buffertse/airline-data/main/data/airlines.csv; https://raw.githubusercontent.com/buffertse/airline-data/main/data/airline-links.csv
gol-transportes-aereos,Gol Transportes Aéreos,G3,Brazil,Low-cost,yes,en,manual-priority,South America,https://www.voegol.com.br,,https://www.voegol.com.br/en-US/nh/bagagens,https://www.voegol.com.br/en-US/nh/bagagens,https://www.voegol.com.br/en-US/nh/bagagens,,,https://www.voegol.com.br/en-us/legal-information/passenger-air-transportation-agreement,,yes,2026-09-03,0,1,no,yes,no,https://www.voegol.com.br/en-us/legal-information/passenger-air-transportation-agreement,help_root;fare_conditions_url;checkin_url;article_selector;,1/6 urls imported from filled priority CSV; conditions_of_carriage_url prefilled from Duffel refs; please verify.,gol-transportes-a-reos-1564,https://raw.githubusercontent.com/buffertse/airline-data/main/data/airlines.csv; https://raw.githubusercontent.com/buffertse/airline-data/main/data/airline-links.csv
grand-canyon-scenic-airlines,Grand Canyon Scenic Airlines,YR,United States,Scheduled,yes,en-us,manual-priority,North America,https://www.grandcanyonairlines.com/contact,https://www.grandcanyonairlines.com/contact,https://www.scenic.com/contract-of-carriage,https://www.scenic.com/contract-of-carriage,https://www.scenic.com/contract-of-carriage,https://www.scenic.com/contract-of-carriage,https://www.scenic.com/,https://www.grandcanyonairlines.com/contract-of-carriage,,yes,2026-09-03,1,0,no,yes,no,https://www.grandcanyonairlines.com/contract-of-carriage,article_selector;,"1/6 urls imported from filled priority CSV; Missing fields filled from buffertse/airline-data, which records official airline domains and deep links sourced from airline websites.",grand-canyon-airlines-874,https://raw.githubusercontent.com/buffertse/airline-data/main/data/airlines.csv; https://raw.githubusercontent.com/buffertse/airline-data/main/data/airline-links.csv
grand-china-air,Grand China Air,CN,China,Scheduled,no,,,Asia,,,,,,,,,,no,,0,0,no,yes,yes,,locale;band;official_website;help_root;baggage_checked_url;baggage_carryon_url;baggage_fees_url;fare_conditions_url;checkin_url;conditions_of_carriage_url;article_selector;,,,
grant-aviation,Grant Aviation,GV,United States,Scheduled,no,en,,North America,https://flygrant.com,,,,,,,,,no,,0,0,no,no,no,,band;help_root;baggage_checked_url;baggage_carryon_url;baggage_fees_url;fare_conditions_url;checkin_url;conditions_of_carriage_url;article_selector;,,sky-gabon-1655,https://raw.githubusercontent.com/buffertse/airline-data/main/data/airlines.csv; https://raw.githubusercontent.com/buffertse/airline-data/main/data/airline-links.csv
great-lakes-airlines,Great Lakes Airlines,ZK,United States,Scheduled,no,en,,North America,,,,,,,,,,no,,0,0,no,yes,no,,band;official_website;help_root;baggage_checked_url;baggage_carryon_url;baggage_fees_url;fare_conditions_url;checkin_url;conditions_of_carriage_url;article_selector;,,,
greater-bay-airlines,Greater Bay Airlines,HB,Hong Kong,Low-cost,no,,,Asia,,,,,,,,,,no,,0,0,no,no,no,,locale;band;official_website;help_root;baggage_checked_url;baggage_carryon_url;baggage_fees_url;fare_conditions_url;checkin_url;conditions_of_carriage_url;article_selector;,,,
green-africa-airways,Green Africa Airways,Q9,Nigeria,Scheduled,no,en,,Africa,,,,,,,,,,no,,0,0,no,no,no,,band;official_website;help_root;baggage_checked_url;baggage_carryon_url;baggage_fees_url;fare_conditions_url;checkin_url;conditions_of_carriage_url;article_selector;,,,
grumeti-air,Grumeti Air,0G,Libya,Scheduled,no,,,Africa,,,,,,,,,,no,,0,0,no,no,no,,locale;band;official_website;help_root;baggage_checked_url;baggage_carryon_url;baggage_fees_url;fare_conditions_url;checkin_url;conditions_of_carriage_url;article_selector;,,,
gulf-air,Gulf Air,GF,Bahrain,Scheduled,yes,en,manual-priority,Asia,https://www.gulfair.com,,https://www.gulfair.com/help/baggage/personal-items,https://www.gulfair.com/help/baggage/personal-items,https://www.gulfair.com/help/baggage/personal-items,,,https://www.gulfair.com/transparency/conditions-of-carriage,,yes,2026-09-03,0,4,no,yes,no,https://www.gulfair.com/transparency/conditions-of-carriage,help_root;fare_conditions_url;checkin_url;article_selector;,"4/6 urls imported from filled priority CSV; conditions_of_carriage_url prefilled from Duffel refs; please verify.; Missing fields filled from buffertse/airline-data, which records official airline domains and deep links sourced from airline websites.",gulf-air-1260,https://raw.githubusercontent.com/buffertse/airline-data/main/data/airlines.csv; https://raw.githubusercontent.com/buffertse/airline-data/main/data/airline-links.csv
gullivair,GullivAir,G2,Bulgaria,Scheduled,no,,,Europe,,,,,,,,,,no,,0,0,no,no,no,,locale;band;official_website;help_root;baggage_checked_url;baggage_carryon_url;baggage_fees_url;fare_conditions_url;checkin_url;conditions_of_carriage_url;article_selector;,,,
guyane-express-fly,Guyane Express Fly,G8,French Guiana,Low-cost,no,,,,,,,,,,,,,no,,0,0,no,no,no,,locale;band;region;official_website;help_root;baggage_checked_url;baggage_carryon_url;baggage_fees_url;fare_conditions_url;checkin_url;conditions_of_carriage_url;article_selector;,,,
hk-express,HK Express,UO,Hong Kong SAR of China,Low-cost,yes,en-hk,1b,East Asia,https://www.hkexpress.com,https://www.hkexpress.com/Need-help/Customer-Care/flight-bookings-faq,https://www.hkexpress.com/en-hk/plan/travel-information/baggage/checked-baggage/,https://www.hkexpress.com/en-hk/plan/travel-information/baggage/cabin-baggage/,https://www.hkexpress.com/en-hk/plan/travel-information/fees-and-charges/,https://www.hkexpress.com/en-hk/plan/fare-types/,https://www.hkexpress.com/en-hk/plan/travel-information/check-in/,https://www.hkexpress.com/en-hk/about-us/conditions-of-carriage/,,yes,2026-09-03,0,6,no,yes,yes,,article_selector;,6/6 urls,hk-express-352,C:\Users\kspellman\Documents\Codex\2026-08-24\vie\work\airline_research_data.json; https://raw.githubusercontent.com/buffertse/airline-data/main/data/airlines.csv; https://raw.githubusercontent.com/buffertse/airline-data/main/data/airline-links.csv
hop,HOP!,A5,France,Low-cost,no,en,,Europe,https://hop.fr,https://www.hop.fr/en/contact,,,,,,,,no,,0,0,no,no,yes,,band;baggage_checked_url;baggage_carryon_url;baggage_fees_url;fare_conditions_url;checkin_url;conditions_of_carriage_url;article_selector;,"Missing fields filled from buffertse/airline-data, which records official airline domains and deep links sourced from airline websites.",air-france-hop-1047,https://raw.githubusercontent.com/buffertse/airline-data/main/data/airlines.csv; https://raw.githubusercontent.com/buffertse/airline-data/main/data/airline-links.csv
hahn-air,Hahn Air,H1,Germany,Scheduled,no,,,Europe,https://hahnair.com,,,,,,,,,no,,0,0,no,no,no,,locale;band;help_root;baggage_checked_url;baggage_carryon_url;baggage_fees_url;fare_conditions_url;checkin_url;conditions_of_carriage_url;article_selector;,,hahn-air-1259,https://raw.githubusercontent.com/buffertse/airline-data/main/data/airlines.csv; https://raw.githubusercontent.com/buffertse/airline-data/main/data/airline-links.csv
hahn-air-technologies,Hahn Air Technologies,X1,Germany,Scheduled,no,,,Europe,,,,,,,,,,no,,0,0,no,no,no,,locale;band;official_website;help_root;baggage_checked_url;baggage_carryon_url;baggage_fees_url;fare_conditions_url;checkin_url;conditions_of_carriage_url;article_selector;,,,
hainan-airlines,Hainan Airlines,HU,China,Scheduled,yes,en,manual-priority,Asia,https://www.hainanairlines.com,,https://www.hainanairlines.com/go/Baggage/Checked_Baggage_before_25JUL.pdf,https://www.hainanairlines.com/go/Baggage/Checked_Baggage_before_25JUL.pdf,https://www.hainanairlines.com/go/Baggage/Checked_Baggage_before_25JUL.pdf,,,https://www.hainanairlines.com/HUPortal/dyn/portal/DisplayPage?LANGUAGE=GB&COUNTRY_SITE=GB&SITE=CBHZCBHZ&PAGE=TECO,,yes,2026-09-03,0,4,no,yes,yes,https://www.hainanairlines.com/HUPortal/dyn/portal/DisplayPage?LANGUAGE=GB&COUNTRY_SITE=GB&SITE=CBHZCBHZ&PAGE=TECO,help_root;fare_conditions_url;checkin_url;article_selector;,"4/6 urls imported from filled priority CSV; conditions_of_carriage_url prefilled from Duffel refs; please verify.; Missing fields filled from buffertse/airline-data, which records official airline domains and deep links sourced from airline websites.",hainan-airlines-932,https://raw.githubusercontent.com/buffertse/airline-data/main/data/airlines.csv; https://raw.githubusercontent.com/buffertse/airline-data/main/data/airline-links.csv
halcyonair,Halcyonair,7Z,Cape Verde,Scheduled,no,en,,Africa,https://flyzair.com,,https://www.flyzair.com/travel-info/baggage/checked-baggage,https://www.flyzair.com/travel-info/baggage/cabin-baggage,https://www.flyzair.com/travel-info/baggage,,,https://www.flyzair.com/en/conditions-of-carriage,,no,,0,0,no,yes,no,https://www.flyzair.com/en/conditions-of-carriage,band;help_root;fare_conditions_url;checkin_url;article_selector;,,z-air-1069,https://raw.githubusercontent.com/buffertse/airline-data/main/data/airlines.csv; https://raw.githubusercontent.com/buffertse/airline-data/main/data/airline-links.csv
harbour-air-seaplanes,Harbour Air Seaplanes,YB,Canada,Scheduled,no,en,,North America,https://harbourair.com,,https://harbourair.com/luggage,https://harbourair.com/luggage,https://harbourair.com/luggage,,,,,no,,0,0,no,no,no,,band;help_root;fare_conditions_url;checkin_url;conditions_of_carriage_url;article_selector;,,harbour-air-852,https://raw.githubusercontent.com/buffertse/airline-data/main/data/airlines.csv; https://raw.githubusercontent.com/buffertse/airline-data/main/data/airline-links.csv
hawaiian-airlines,Hawaiian Airlines,HA,United States,Scheduled,yes,en-us,manual-priority,North America,https://www.hawaiianairlines.com/content/ha/about-us/help-contact,https://www.hawaiianairlines.com/content/ha/about-us/help-contact,https://www.hawaiianairlines.com/en-au/content/travel-info/baggage/overview,https://www.hawaiianairlines.com/content/travel-info/baggage/carry-on-luggage,https://www.hawaiianairlines.com/content/travel-info/baggage/baggage-fee-waivers-exceptions,https://www.hawaiianairlines.com/en-au/content/legal/contract-of-carriage,https://www.hawaiianairlines.com/checkin/,https://www.hawaiianairlines.com/legal/international-contract-of-carriage,,yes,2026-09-03,0,3,no,yes,yes,https://www.hawaiianairlines.com/legal/international-contract-of-carriage,article_selector;,"3/6 urls imported from filled priority CSV; conditions_of_carriage_url prefilled from Duffel refs; please verify.; Missing fields filled from buffertse/airline-data, which records official airline domains and deep links sourced from airline websites.",hawaiian-airlines-1500,https://raw.githubusercontent.com/buffertse/airline-data/main/data/airlines.csv; https://raw.githubusercontent.com/buffertse/airline-data/main/data/airline-links.csv
hawkair,Hawkair,BH,Canada,Scheduled,no,en,,North America,,,,,,,,,,no,,0,0,no,yes,no,,band;official_website;help_root;baggage_checked_url;baggage_carryon_url;baggage_fees_url;fare_conditions_url;checkin_url;conditions_of_carriage_url;article_selector;,,,
hayways,Hayways,Y5,Armenia,Low-cost,no,,,Asia,,,,,,,,,,no,,0,0,no,no,no,,locale;band;official_website;help_root;baggage_checked_url;baggage_carryon_url;baggage_fees_url;fare_conditions_url;checkin_url;conditions_of_carriage_url;article_selector;,,,
hebei-airlines,Hebei Airlines,NS,China,Scheduled,no,,,Asia,https://hbhk.com.cn,,,,,,,,,no,,0,0,no,no,yes,,locale;band;help_root;baggage_checked_url;baggage_carryon_url;baggage_fees_url;fare_conditions_url;checkin_url;conditions_of_carriage_url;article_selector;,"Missing fields filled from buffertse/airline-data, which records official airline domains and deep links sourced from airline websites.",hebei-airlines-81,https://raw.githubusercontent.com/buffertse/airline-data/main/data/airlines.csv; https://raw.githubusercontent.com/buffertse/airline-data/main/data/airline-links.csv
heli-air-monaco,Heli Air Monaco,YO,Monaco,Scheduled,no,en,,,https://heliairmonaco.com,https://www.heliairmonaco.com/en/contact.html,,,,,,,,no,,0,0,no,yes,no,,band;region;baggage_checked_url;baggage_carryon_url;baggage_fees_url;fare_conditions_url;checkin_url;conditions_of_carriage_url;article_selector;,"Missing fields filled from buffertse/airline-data, which records official airline domains and deep links sourced from airline websites.",heli-air-monaco-1644,https://raw.githubusercontent.com/buffertse/airline-data/main/data/airlines.csv; https://raw.githubusercontent.com/buffertse/airline-data/main/data/airline-links.csv
helicopteros-del-sureste,Helicópteros del Sureste,UV,Spain,Scheduled,no,,,Europe,,,,,,,,,,no,,0,0,no,no,no,,locale;band;official_website;help_root;baggage_checked_url;baggage_carryon_url;baggage_fees_url;fare_conditions_url;checkin_url;conditions_of_carriage_url;article_selector;,,,
helijet,Helijet,JB,Canada,Scheduled,no,en,,North America,https://helijet.com,,,,,,,,,no,,0,0,no,yes,no,,band;help_root;baggage_checked_url;baggage_carryon_url;baggage_fees_url;fare_conditions_url;checkin_url;conditions_of_carriage_url;article_selector;,"Missing fields filled from buffertse/airline-data, which records official airline domains and deep links sourced from airline websites.",helijet-1073,https://raw.githubusercontent.com/buffertse/airline-data/main/data/airlines.csv; https://raw.githubusercontent.com/buffertse/airline-data/main/data/airline-links.csv
helvetic-airways,Helvetic Airways,2L,Switzerland,Scheduled,yes,en,manual-priority,Europe,https://www.helvetic.com/en/help,https://www.helvetic.com/en/help,,,,,,https://www.helvetic.com/en/travelinfo,,yes,2026-09-03,0,1,no,yes,yes,https://www.helvetic.com/en/travelinfo,baggage_checked_url;baggage_carryon_url;baggage_fees_url;fare_conditions_url;checkin_url;article_selector;,"1/6 urls imported from filled priority CSV; conditions_of_carriage_url prefilled from Duffel refs; please verify.; Missing fields filled from buffertse/airline-data, which records official airline domains and deep links sourced from airline websites.",helvetic-airways-454,https://raw.githubusercontent.com/buffertse/airline-data/main/data/airlines.csv; https://raw.githubusercontent.com/buffertse/airline-data/main/data/airline-links.csv
heron-aviation,Heron Aviation,0V,Germany,Scheduled,no,,,Europe,,,,,,,,,,no,,0,0,no,no,no,,locale;band;official_website;help_root;baggage_checked_url;baggage_carryon_url;baggage_fees_url;fare_conditions_url;checkin_url;conditions_of_carriage_url;article_selector;,,,
heston-airlines,Heston Airlines,HN,Lithuania,Scheduled,no,,,Europe,https://heston.aero,,,,,,,,,no,,0,0,no,no,no,,locale;band;help_root;baggage_checked_url;baggage_carryon_url;baggage_fees_url;fare_conditions_url;checkin_url;conditions_of_carriage_url;article_selector;,,heston-airlines-87,https://raw.githubusercontent.com/buffertse/airline-data/main/data/airlines.csv; https://raw.githubusercontent.com/buffertse/airline-data/main/data/airline-links.csv
hi-fly-ltd,Hi Fly Ltd,5M,Portugal,Scheduled,no,,,Europe,https://flymontserrat.com,https://hifly.aero/contacts,,,,,,,,no,,0,0,no,no,no,,locale;band;baggage_checked_url;baggage_carryon_url;baggage_fees_url;fare_conditions_url;checkin_url;conditions_of_carriage_url;article_selector;,,hi-fly-malta-433,https://raw.githubusercontent.com/buffertse/airline-data/main/data/airlines.csv; https://raw.githubusercontent.com/buffertse/airline-data/main/data/airline-links.csv
hisky,HiSky,H7,Moldova,Scheduled,no,,,Europe,https://taron-avia.am,https://www.eagleair-ug.com/contact-us,,,,,https://reservations.eagleair-ug.com/checkin/index,,,no,,0,0,no,no,no,,locale;band;baggage_checked_url;baggage_carryon_url;baggage_fees_url;fare_conditions_url;conditions_of_carriage_url;article_selector;,,eagle-air-1441,https://raw.githubusercontent.com/buffertse/airline-data/main/data/airlines.csv; https://raw.githubusercontent.com/buffertse/airline-data/main/data/airline-links.csv
hisky-europe,HiSky Europe,H4,Romania,Low-cost,no,en,,Europe,https://hisky.aero,,https://hisky.aero/en/baggage,https://hisky.aero/en/baggage,https://hisky.aero/en/baggage,,,,,no,,0,0,no,no,no,,band;help_root;fare_conditions_url;checkin_url;conditions_of_carriage_url;article_selector;,,hisky-europe-270,https://raw.githubusercontent.com/buffertse/airline-data/main/data/airlines.csv; https://raw.githubusercontent.com/buffertse/airline-data/main/data/airline-links.csv
himalaya-airlines,Himalaya Airlines,H9,Nepal,Scheduled,yes,en,manual-priority,Asia,https://www.himalaya-airlines.com/contact/faqs,https://www.himalaya-airlines.com/contact/faqs,https://www.himalaya-airlines.com/services/baggage-information/746-checked-baggage,https://www.himalaya-airlines.com/services/baggage-information/747-hand-baggage,https://www.himalaya-airlines.com/services/baggage-information/746-checked-baggage,,https://www.himalaya-airlines.com/services/online-check-in,https://www.himalaya-airlines.com/travel-ha/general-conditions-of-carriage,,yes,2026-09-03,1,4,no,no,yes,https://www.himalaya-airlines.com/travel-ha/general-conditions-of-carriage,fare_conditions_url;article_selector;,"5/6 urls imported from filled priority CSV; conditions_of_carriage_url prefilled from Duffel refs; please verify.; Missing fields filled from buffertse/airline-data, which records official airline domains and deep links sourced from airline websites.",himalaya-airlines-600,https://raw.githubusercontent.com/buffertse/airline-data/main/data/airlines.csv; https://raw.githubusercontent.com/buffertse/airline-data/main/data/airline-links.csv
hinterland-aviation,Hinterland Aviation,OI,Australia,Scheduled,no,en,,Australia/Pacific,https://hinterlandaviation.com.au,https://www.hinterlandaviation.com.au/contact,,,,,,,,no,,0,0,no,no,no,,band;baggage_checked_url;baggage_carryon_url;baggage_fees_url;fare_conditions_url;checkin_url;conditions_of_carriage_url;article_selector;,,hinterland-aviation-421,https://raw.githubusercontent.com/buffertse/airline-data/main/data/airlines.csv; https://raw.githubusercontent.com/buffertse/airline-data/main/data/airline-links.csv
hong-kong-air-cargo-carrier-limited,Hong Kong Air Cargo Carrier Limited,RH,Hong Kong,Scheduled,no,,,Asia,,,,,,,,,,no,,0,0,no,no,no,,locale;band;official_website;help_root;baggage_checked_url;baggage_carryon_url;baggage_fees_url;fare_conditions_url;checkin_url;conditions_of_carriage_url;article_selector;,,,
hong-kong-airlines,Hong Kong Airlines,HX,Hong Kong SAR of China,Scheduled,yes,en,manual-priority,Asia,https://www.hongkongairlines.com,,https://www.hongkongairlines.com/en_HK/hx/Checked+baggage,https://www.hongkongairlines.com/en_CN/fly-with-us/baggage/checkedbaggage,https://www.hongkongairlines.com/en_HK/hx/Checked+baggage,,,https://www.hongkongairlines.com/en_HK/footer/legal-privacy/home,,yes,2026-09-03,1,3,no,yes,yes,https://www.hongkongairlines.com/en_HK/footer/legal-privacy/home,help_root;fare_conditions_url;checkin_url;article_selector;,"4/6 urls imported from filled priority CSV; conditions_of_carriage_url prefilled from Duffel refs; please verify.; Missing fields filled from buffertse/airline-data, which records official airline domains and deep links sourced from airline websites.",hong-kong-airlines-20,https://raw.githubusercontent.com/buffertse/airline-data/main/data/airlines.csv; https://raw.githubusercontent.com/buffertse/airline-data/main/data/airline-links.csv; https://raw.githubusercontent.com/buffertse/airline-data/main/derived/baggage-summary.csv
horizon-air,Horizon Air,QX,United States,Scheduled,no,en,,North America,,,,,,,,,,no,,0,0,no,yes,no,,band;official_website;help_root;baggage_checked_url;baggage_carryon_url;baggage_fees_url;fare_conditions_url;checkin_url;conditions_of_carriage_url;article_selector;,,,
humo-air,Humo Air,HJ,Uzbekistan,Low-cost,no,,,Asia,https://tasmancargo.com,,,,,,,,,no,,0,0,no,no,no,,locale;band;help_root;baggage_checked_url;baggage_carryon_url;baggage_fees_url;fare_conditions_url;checkin_url;conditions_of_carriage_url;article_selector;,,tasman-cargo-airlines-131,https://raw.githubusercontent.com/buffertse/airline-data/main/data/airlines.csv; https://raw.githubusercontent.com/buffertse/airline-data/main/data/airline-links.csv
hunnu-air,Hunnu Air,MR,Germany,Scheduled,yes,en,manual-priority,Europe,https://www.hunnuair.com/en/contacts,https://www.hunnuair.com/en/contacts,,,https://www.hunnuair.com/cn/baggagefee,,,,,yes,2026-09-03,0,1,no,yes,yes,,baggage_checked_url;baggage_carryon_url;fare_conditions_url;checkin_url;conditions_of_carriage_url;article_selector;,"1/6 urls imported from filled priority CSV; Missing fields filled from buffertse/airline-data, which records official airline domains and deep links sourced from airline websites.",hunnu-air-1792,https://raw.githubusercontent.com/buffertse/airline-data/main/data/airlines.csv; https://raw.githubusercontent.com/buffertse/airline-data/main/data/airline-links.csv
hydro-quebec,Hydro - Quebec,0Q,Canada,Scheduled,no,en,,North America,,,,,,,,,,no,,0,0,no,no,no,,band;official_website;help_root;baggage_checked_url;baggage_carryon_url;baggage_fees_url;fare_conditions_url;checkin_url;conditions_of_carriage_url;article_selector;,,,
heli-securite-helicopter-airline,Héli Sécurité Hélicopter Airline,HS,France,Scheduled,no,,,Europe,,,,,,,,,,no,,0,0,no,no,no,,locale;band;official_website;help_root;baggage_checked_url;baggage_carryon_url;baggage_fees_url;fare_conditions_url;checkin_url;conditions_of_carriage_url;article_selector;,,,
iata-clearing-houseinternational-air-transport-association,IATA - Clearing HouseInternational Air Transport Association,XB,Canada,Scheduled,no,en,,North America,,,,,,,,,,no,,0,0,no,no,no,,band;official_website;help_root;baggage_checked_url;baggage_carryon_url;baggage_fees_url;fare_conditions_url;checkin_url;conditions_of_carriage_url;article_selector;,,,
ibc-airways,IBC Airways,II,United States,Scheduled,no,en,,North America,https://ibcairways.com,https://ibcairways.com/index.php/contact-us,,,,,,,,no,,0,0,no,no,no,,band;baggage_checked_url;baggage_carryon_url;baggage_fees_url;fare_conditions_url;checkin_url;conditions_of_carriage_url;article_selector;,,ibc-airways-415,https://raw.githubusercontent.com/buffertse/airline-data/main/data/airlines.csv; https://raw.githubusercontent.com/buffertse/airline-data/main/data/airline-links.csv
ihy-izmir-havayollari-as,IHY Izmir Havayollari A.S.,44,Turkey,Scheduled,no,,,Europe,,,,,,,,,,no,,0,0,no,no,no,,locale;band;official_website;help_root;baggage_checked_url;baggage_carryon_url;baggage_fees_url;fare_conditions_url;checkin_url;conditions_of_carriage_url;article_selector;,,,
infini-travel-information-inc,"INFINI Travel Information, Inc.",1F,Japan,Scheduled,no,,,Asia,,,,,,,,,,no,,0,0,no,no,no,,locale;band;official_website;help_root;baggage_checked_url;baggage_carryon_url;baggage_fees_url;fare_conditions_url;checkin_url;conditions_of_carriage_url;article_selector;,,,
iryo,IRYO,I6,Spain,Scheduled,no,,,Europe,,,,,,,,,,no,,0,0,no,no,no,,locale;band;official_website;help_root;baggage_checked_url;baggage_carryon_url;baggage_fees_url;fare_conditions_url;checkin_url;conditions_of_carriage_url;article_selector;,,,
ita-airways,ITA Airways,AZ,Italy,Scheduled,yes,en-it,1b,Europe,https://www.ita-airways.com,,https://www.ita-airways.com/en_en/fly-ita/baggage/checked-baggage.html,https://www.ita-airways.com/en_en/fly-ita/baggage/hand-baggage.html,https://www.ita-airways.com/en_en/fly-ita/baggage/excess-baggage.html,https://www.ita-airways.com/en_en/fly-ita/fare-rules.html,https://www.ita-airways.com/en_en/fly-ita/check-in.html,https://www.ita-airways.com/en_en/footer/terms-and-conditions/conditions-of-carriage.html,,yes,2026-09-03,0,6,no,yes,no,https://www.ita-airways.com/en_il/booking/general-conditions-of-carriage.html,help_root;article_selector;,6/6 urls,ita-airways-91,C:\Users\kspellman\Documents\Codex\2026-08-24\vie\work\airline_research_data.json; https://raw.githubusercontent.com/buffertse/airline-data/main/data/airlines.csv; https://raw.githubusercontent.com/buffertse/airline-data/main/data/airline-links.csv
ita-software-inc,ITA Software Inc.,1U,United States,Scheduled,no,en,,North America,,,,,,,,,,no,,0,0,no,no,no,,band;official_website;help_root;baggage_checked_url;baggage_carryon_url;baggage_fees_url;fare_conditions_url;checkin_url;conditions_of_carriage_url;article_selector;,,,
iberia,Iberia,IB,Spain,Scheduled,yes,en-es,1b,Europe,https://www.iberia.com,,https://www.iberia.com/es/baggage/allowance-in-hold/,https://www.iberia.com/es/baggage/hand-luggage/,https://www.iberia.com/es/baggage/excess-baggage/,https://www.iberia.com/es/fares/,https://www.iberia.com/es/online-checkin/,https://www.iberia.com/es/general-conditions-of-carriage/,,yes,2026-09-03,0,6,no,yes,no,https://www.iberia.com/gb/bills/conditions/,help_root;article_selector;,6/6 urls,iberia-633,C:\Users\kspellman\Documents\Codex\2026-08-24\vie\work\airline_research_data.json; https://raw.githubusercontent.com/buffertse/airline-data/main/data/airlines.csv; https://raw.githubusercontent.com/buffertse/airline-data/main/data/airline-links.csv
iberia-express,Iberia Express,I2,Spain,Low-cost,yes,en,manual-priority,Europe,https://www.iberiaexpress.com,,https://www.iberiaexpress.com/en/general-info/passenger-information/before-you-go/baggage/checked-baggage,https://www.iberiaexpress.com/en/general-info/passenger-information/before-you-go/baggage/hand-baggage,https://www.iberiaexpress.com/en/general-info/passenger-information/before-you-go/baggage/checked-baggage,,,https://www.iberiaexpress.com/en/general-info/contact/general-terms-and-conditions/general-conditions-of-carriage,,yes,2026-09-03,0,4,no,yes,no,https://www.iberiaexpress.com/en/general-info/contact/general-terms-and-conditions/general-conditions-of-carriage,help_root;fare_conditions_url;checkin_url;article_selector;,"4/6 urls imported from filled priority CSV; conditions_of_carriage_url prefilled from Duffel refs; please verify.; Missing fields filled from buffertse/airline-data, which records official airline domains and deep links sourced from airline websites.",iberia-express-506,https://raw.githubusercontent.com/buffertse/airline-data/main/data/airlines.csv; https://raw.githubusercontent.com/buffertse/airline-data/main/data/airline-links.csv
iberojet,Iberojet,E9,United States,Scheduled,no,en,,North America,https://orbest.com,,,,,,,,,no,,0,0,no,no,no,,band;help_root;baggage_checked_url;baggage_carryon_url;baggage_fees_url;fare_conditions_url;checkin_url;conditions_of_carriage_url;article_selector;,,orbest-853,https://raw.githubusercontent.com/buffertse/airline-data/main/data/airlines.csv; https://raw.githubusercontent.com/buffertse/airline-data/main/data/airline-links.csv
ibex-airlines,Ibex Airlines,FW,Japan,Scheduled,no,,,Asia,,,,,,,,,,no,,0,0,no,yes,no,,locale;band;official_website;help_root;baggage_checked_url;baggage_carryon_url;baggage_fees_url;fare_conditions_url;checkin_url;conditions_of_carriage_url;article_selector;,,,
ibom-air,Ibom Air,QI,Denmark,Scheduled,no,,,Europe,,,,,,,,,,no,,0,0,no,no,no,,locale;band;official_website;help_root;baggage_checked_url;baggage_carryon_url;baggage_fees_url;fare_conditions_url;checkin_url;conditions_of_carriage_url;article_selector;,,,
icelandair,Icelandair,FI,Iceland,Scheduled,yes,en,manual-priority,Europe,https://www.icelandair.com/support,https://www.icelandair.com/support,https://www.icelandair.com/support/baggage,https://www.icelandair.com/support/baggage,https://www.icelandair.com/support/baggage,,,https://www.icelandair.com/support/terms-and-conditions/conditions-of-carriage/,,yes,2026-09-03,0,4,no,yes,no,https://www.icelandair.com/support/terms-and-conditions/conditions-of-carriage/,fare_conditions_url;checkin_url;article_selector;,"4/6 urls imported from filled priority CSV; conditions_of_carriage_url prefilled from Duffel refs; please verify.; Missing fields filled from buffertse/airline-data, which records official airline domains and deep links sourced from airline websites.",icelandair-738,https://raw.githubusercontent.com/buffertse/airline-data/main/data/airlines.csv; https://raw.githubusercontent.com/buffertse/airline-data/main/data/airline-links.csv
ikar,Ikar,EO,Russia,Low-cost,no,en,,Europe,https://kayaairlines.com,,https://ikar.aero/en/baggage,https://ikar.aero/en/baggage,https://ikar.aero/en/baggage,,,,,no,,0,0,no,no,no,,band;help_root;fare_conditions_url;checkin_url;conditions_of_carriage_url;article_selector;,,ikar-1455,https://raw.githubusercontent.com/buffertse/airline-data/main/data/airlines.csv; https://raw.githubusercontent.com/buffertse/airline-data/main/data/airline-links.csv
indigo,IndiGo,6E,India,Low-cost,yes,en-in,1b,South Asia,https://www.goindigo.in,,https://www.goindigo.in/baggage/checked-baggage.html,https://www.goindigo.in/baggage/hand-baggage.html,https://www.goindigo.in/baggage/excess-baggage.html,https://www.goindigo.in/information/fare-rules.html,https://www.goindigo.in/check-in.html,https://www.goindigo.in/information/conditions-of-carriage.html,,yes,2026-09-03,0,6,no,yes,no,https://www.goindigo.in/information/conditions-of-carriage.html,help_root;article_selector;,6/6 urls,indigo-52,C:\Users\kspellman\Documents\Codex\2026-08-24\vie\work\airline_research_data.json; https://raw.githubusercontent.com/buffertse/airline-data/main/data/airlines.csv; https://raw.githubusercontent.com/buffertse/airline-data/main/data/airline-links.csv
indonesia-airasia,Indonesia AirAsia,QZ,Indonesia,Low-cost,no,,,Asia,,,,,,,,,,no,,0,0,no,no,no,,locale;band;official_website;help_root;baggage_checked_url;baggage_carryon_url;baggage_fees_url;fare_conditions_url;checkin_url;conditions_of_carriage_url;article_selector;,,,
innoaviation,InnoAviation,I3,Iran,Scheduled,no,,,Middle East,,,,,,,,,,no,,0,0,no,no,no,,locale;band;official_website;help_root;baggage_checked_url;baggage_carryon_url;baggage_fees_url;fare_conditions_url;checkin_url;conditions_of_carriage_url;article_selector;,,,
insel-air-aruba,Insel Air Aruba,8I,Aruba,Scheduled,no,,,Caribbean,,,,,,,,,,no,,0,0,no,no,no,,locale;band;official_website;help_root;baggage_checked_url;baggage_carryon_url;baggage_fees_url;fare_conditions_url;checkin_url;conditions_of_carriage_url;article_selector;,,,
intercaribbean-airways,InterCaribbean Airways,JY,Turks and Caicos Islands,Scheduled,no,,,,https://intercaribbean.com,,,,,,,,,no,,0,0,no,yes,no,,locale;band;region;help_root;baggage_checked_url;baggage_carryon_url;baggage_fees_url;fare_conditions_url;checkin_url;conditions_of_carriage_url;article_selector;,"Missing fields filled from buffertse/airline-data, which records official airline domains and deep links sourced from airline websites.",intercaribbean-airways-1248,https://raw.githubusercontent.com/buffertse/airline-data/main/data/airlines.csv; https://raw.githubusercontent.com/buffertse/airline-data/main/data/airline-links.csv
iraero,IrAero,IO,Russia,Scheduled,no,,,Europe,https://iraero.ru,,,,,,,,,no,,0,0,no,yes,yes,,locale;band;help_root;baggage_checked_url;baggage_carryon_url;baggage_fees_url;fare_conditions_url;checkin_url;conditions_of_carriage_url;article_selector;,"Missing fields filled from buffertse/airline-data, which records official airline domains and deep links sourced from airline websites.",iraero-679,https://raw.githubusercontent.com/buffertse/airline-data/main/data/airlines.csv; https://raw.githubusercontent.com/buffertse/airline-data/main/data/airline-links.csv
iran-air,Iran Air,IR,Iran,Scheduled,no,,,Middle East,,,,,,,,,,no,,0,0,no,no,no,,locale;band;official_website;help_root;baggage_checked_url;baggage_carryon_url;baggage_fees_url;fare_conditions_url;checkin_url;conditions_of_carriage_url;article_selector;,,,
iran-airtour,Iran Airtour,B9,Iran,Scheduled,no,,,Middle East,https://iranairtour.ir,,,,,,,,,no,,0,0,no,no,no,,locale;band;help_root;baggage_checked_url;baggage_carryon_url;baggage_fees_url;fare_conditions_url;checkin_url;conditions_of_carriage_url;article_selector;,,q1336559-327,https://raw.githubusercontent.com/buffertse/airline-data/main/data/airlines.csv; https://raw.githubusercontent.com/buffertse/airline-data/main/data/airline-links.csv
iran-aseman-airlines,Iran Aseman Airlines,EP,Iran,Scheduled,no,,,Middle East,,,,,,,,,,no,,0,0,no,no,no,,locale;band;official_website;help_root;baggage_checked_url;baggage_carryon_url;baggage_fees_url;fare_conditions_url;checkin_url;conditions_of_carriage_url;article_selector;,,,
iraqi-airways,Iraqi Airways,IA,Iraq,Scheduled,no,,,Middle East,https://iraqiairways.com.iq,,,,,,,,,no,,0,0,no,yes,yes,,locale;band;help_root;baggage_checked_url;baggage_carryon_url;baggage_fees_url;fare_conditions_url;checkin_url;conditions_of_carriage_url;article_selector;,"Missing fields filled from buffertse/airline-data, which records official airline domains and deep links sourced from airline websites.",iraqi-airways-1759,https://raw.githubusercontent.com/buffertse/airline-data/main/data/airlines.csv; https://raw.githubusercontent.com/buffertse/airline-data/main/data/airline-links.csv
island-air,Island Air,WP,Mexico,Scheduled,no,,,Latin America,,,,,,,,,,no,,0,0,no,no,yes,,locale;band;official_website;help_root;baggage_checked_url;baggage_carryon_url;baggage_fees_url;fare_conditions_url;checkin_url;conditions_of_carriage_url;article_selector;,,,
island-air-express,Island Air Express,I4,United States,Scheduled,no,en,,North America,https://interislandairlines.com,https://interislandairlines.com/Contact+Us.html,,,,,,,,no,,0,0,no,no,no,,band;baggage_checked_url;baggage_carryon_url;baggage_fees_url;fare_conditions_url;checkin_url;conditions_of_carriage_url;article_selector;,,interisland-airlines-1187,https://raw.githubusercontent.com/buffertse/airline-data/main/data/airlines.csv; https://raw.githubusercontent.com/buffertse/airline-data/main/data/airline-links.csv
islena-de-inversiones-sa-de-cvdba-islena-airlines,Islena de Inversiones S.A. de C.V.dba Islena Airlines,WC,Honduras,Scheduled,no,,,Latin America,,,,,,,,,,no,,0,0,no,no,no,,locale;band;official_website;help_root;baggage_checked_url;baggage_carryon_url;baggage_fees_url;fare_conditions_url;checkin_url;conditions_of_carriage_url;article_selector;,,,
israir-airlines,Israir Airlines,6H,Israel,Scheduled,yes,en,manual-priority,Asia,https://www.israirairlines.com,,https://www.israir.co.il/Info/Baggage_Policy.html,https://www.israir.co.il/Passengers_Info/Baggage_Policy_English.html,https://www.israir.co.il/Info/Baggage_Policy.html,,https://www.israir.co.il/Passengers_Info/Online_Check_In_Policy_English,https://www.israirairlines.com/,,yes,2026-09-03,2,3,no,yes,yes,https://www.israirairlines.com/,help_root;fare_conditions_url;article_selector;,"5/6 urls imported from filled priority CSV; conditions_of_carriage_url prefilled from Duffel refs; please verify.; Missing fields filled from buffertse/airline-data, which records official airline domains and deep links sourced from airline websites.",israir-airlines-1411,https://raw.githubusercontent.com/buffertse/airline-data/main/data/airlines.csv; https://raw.githubusercontent.com/buffertse/airline-data/main/data/airline-links.csv; https://raw.githubusercontent.com/buffertse/airline-data/main/derived/baggage-summary.csv
itek-air,Itek Air,GI,Kyrgyzstan,Scheduled,no,,,Asia,,,,,,,,,,no,,0,0,no,no,no,,locale;band;official_website;help_root;baggage_checked_url;baggage_carryon_url;baggage_fees_url;fare_conditions_url;checkin_url;conditions_of_carriage_url;article_selector;,,,
izhavia,Izhavia,I8,Russia,Scheduled,no,,,Europe,https://izhavia.su,https://indonesia-air.com/contact-us,,,,,,,,no,,0,0,no,yes,yes,,locale;band;baggage_checked_url;baggage_carryon_url;baggage_fees_url;fare_conditions_url;checkin_url;conditions_of_carriage_url;article_selector;,,indonesia-air-transport-958,https://raw.githubusercontent.com/buffertse/airline-data/main/data/airlines.csv; https://raw.githubusercontent.com/buffertse/airline-data/main/data/airline-links.csv
jandm-alaska-air,J&M Alaska Air,JN,United States,Scheduled,no,en,,North America,,,,,,,,,,no,,0,0,no,no,no,,band;official_website;help_root;baggage_checked_url;baggage_carryon_url;baggage_fees_url;fare_conditions_url;checkin_url;conditions_of_carriage_url;article_selector;,,,
jsc-sirena-travel,"JSC ""Sirena-Travel""",1H,Russia,Scheduled,no,,,Europe,,,,,,,,,,no,,0,0,no,no,no,,locale;band;official_website;help_root;baggage_checked_url;baggage_carryon_url;baggage_fees_url;fare_conditions_url;checkin_url;conditions_of_carriage_url;article_selector;,,,
jsc-aircompany-atma,JSC Aircompany ATMA,IM,Kazakhstan,Scheduled,no,,,Asia,https://airatma.com,,,,,,,,,no,,0,0,no,no,no,,locale;band;help_root;baggage_checked_url;baggage_carryon_url;baggage_fees_url;fare_conditions_url;checkin_url;conditions_of_carriage_url;article_selector;,,menajet-1557,https://raw.githubusercontent.com/buffertse/airline-data/main/data/airlines.csv; https://raw.githubusercontent.com/buffertse/airline-data/main/data/airline-links.csv
jsc-kazaviaspas,JSC Kazaviaspas,ZS,Kazakhstan,Scheduled,no,,,Asia,https://kazaviaspas.kz,,,,,,,,,no,,0,0,no,no,no,,locale;band;help_root;baggage_checked_url;baggage_carryon_url;baggage_fees_url;fare_conditions_url;checkin_url;conditions_of_carriage_url;article_selector;,,kazaviaspas-849,https://raw.githubusercontent.com/buffertse/airline-data/main/data/airlines.csv; https://raw.githubusercontent.com/buffertse/airline-data/main/data/airline-links.csv
jsc-transport-automated-informationsystems-tais,JSC Transport Automated InformationSystems - TAIS,1M,Russia,Scheduled,no,,,Europe,,,,,,,,,,no,,0,0,no,no,no,,locale;band;official_website;help_root;baggage_checked_url;baggage_carryon_url;baggage_fees_url;fare_conditions_url;checkin_url;conditions_of_carriage_url;article_selector;,,,
jambojet,Jambojet,JM,Kenya,Low-cost,no,en,,Africa,,,,,,,,,,no,,0,0,no,no,yes,,band;official_website;help_root;baggage_checked_url;baggage_carryon_url;baggage_fees_url;fare_conditions_url;checkin_url;conditions_of_carriage_url;article_selector;,,,
japan-air-commuter,Japan Air Commuter,JC,Japan,Scheduled,no,,,Asia,,,,,,,,,,no,,0,0,no,yes,no,,locale;band;official_website;help_root;baggage_checked_url;baggage_carryon_url;baggage_fees_url;fare_conditions_url;checkin_url;conditions_of_carriage_url;article_selector;,,,
japan-airlines,Japan Airlines,JL,Japan,Scheduled,yes,en-jp,1a,East Asia,https://www.jal.co.jp,,https://www.jal.co.jp/jp/en/inter/baggage/checked/,https://www.jal.co.jp/jp/en/inter/baggage/inflight/,https://www.jal.co.jp/jp/en/inter/baggage/over/,https://www.jal.co.jp/jp/en/inter/fare/,https://www.jal.co.jp/jp/en/inter/boarding/online-checkin/,https://www.jal.co.jp/jp/en/inter/carriage/,,yes,2026-09-03,0,6,no,yes,no,https://www.jal.co.jp/jp/en/inter/carriage/220920/,help_root;article_selector;,6/6 urls,,C:\Users\kspellman\Documents\Codex\2026-08-24\vie\work\airline_research_data.json
japan-transocean-air,Japan Transocean Air,NU,Japan,Scheduled,no,,,Asia,https://en.jta-okinawa.com,,,,,,,,,no,,0,0,no,yes,no,,locale;band;help_root;baggage_checked_url;baggage_carryon_url;baggage_fees_url;fare_conditions_url;checkin_url;conditions_of_carriage_url;article_selector;,"Missing fields filled from buffertse/airline-data, which records official airline domains and deep links sourced from airline websites.",japan-transocean-air-1435,https://raw.githubusercontent.com/buffertse/airline-data/main/data/airlines.csv; https://raw.githubusercontent.com/buffertse/airline-data/main/data/airline-links.csv
jazeera-airways,Jazeera Airways,J9,Kuwait,Low-cost,yes,en,manual-priority,Asia,https://www.jazeeraairways.com/en-kw/help/faqs,https://www.jazeeraairways.com/en-kw/help/faqs,https://www.jazeeraairways.com/en-ae/plan/baggage-allowance/checked-baggage,https://www.jazeeraairways.com/en/plan/baggage-allowance/cabin-baggage,https://aem.jazeeraairways.com/en/add-ons/baggage-upgrades/extra-baggage-charges,,,https://www.jazeeraairways.com/en-kw/terms-and-conditions,,yes,2026-09-03,4,0,no,yes,yes,https://www.jazeeraairways.com/en-kw/terms-and-conditions,fare_conditions_url;checkin_url;article_selector;,"4/6 urls imported from filled priority CSV; conditions_of_carriage_url prefilled from Duffel refs; please verify.; Missing fields filled from buffertse/airline-data, which records official airline domains and deep links sourced from airline websites.",jazeera-airways-61,https://raw.githubusercontent.com/buffertse/airline-data/main/data/airlines.csv; https://raw.githubusercontent.com/buffertse/airline-data/main/data/airline-links.csv
jeju-air,Jeju Air,7C,Republic of Korea,Low-cost,yes,en,manual-priority,Asia,https://www.jejuair.net/en/linkService/help/main.do,https://www.jejuair.net/en/linkService/help/main.do,https://www.jejuair.net/en/additionalService/service/preorderedBaggage.do,https://www.jejuair.net/en/linkService/boardingProcessGuide/cabinBaggage.do,https://www.jejuair.net/en/additionalService/service/preorderedBaggage.do,,,https://www.jejuair.net/en/terms/page/carriageTemrs.do,,yes,2026-09-03,0,4,no,yes,yes,https://www.jejuair.net/en/terms/page/carriageTemrs.do,fare_conditions_url;checkin_url;article_selector;,"4/6 urls imported from filled priority CSV; conditions_of_carriage_url prefilled from Duffel refs; please verify.; Missing fields filled from buffertse/airline-data, which records official airline domains and deep links sourced from airline websites.",jeju-air-1271,https://raw.githubusercontent.com/buffertse/airline-data/main/data/airlines.csv; https://raw.githubusercontent.com/buffertse/airline-data/main/data/airline-links.csv
jet-airways,Jet Airways,9W,India,Scheduled,no,,,Asia,,,,,,,,,,no,,0,0,no,yes,yes,,locale;band;official_website;help_root;baggage_checked_url;baggage_carryon_url;baggage_fees_url;fare_conditions_url;checkin_url;conditions_of_carriage_url;article_selector;,,,
jet-airways-inc,Jet Airways Inc.,QJ,United States,Scheduled,no,en,,North America,,,,,,,,,,no,,0,0,no,no,no,,band;official_website;help_root;baggage_checked_url;baggage_carryon_url;baggage_fees_url;fare_conditions_url;checkin_url;conditions_of_carriage_url;article_selector;,,,
jet-asia-airways,Jet Asia Airways,JF,Thailand,Scheduled,no,,,Asia,,,,,,,,,,no,,0,0,no,yes,no,,locale;band;official_website;help_root;baggage_checked_url;baggage_carryon_url;baggage_fees_url;fare_conditions_url;checkin_url;conditions_of_carriage_url;article_selector;,,,
jet-aviation-business,Jet Aviation Business,PP,Switzerland,Scheduled,no,,,Europe,https://jetaviation.com,,,,,,,,,no,,0,0,no,yes,no,,locale;band;help_root;baggage_checked_url;baggage_carryon_url;baggage_fees_url;fare_conditions_url;checkin_url;conditions_of_carriage_url;article_selector;,"Missing fields filled from buffertse/airline-data, which records official airline domains and deep links sourced from airline websites.",jet-aviation-1808,https://raw.githubusercontent.com/buffertse/airline-data/main/data/airlines.csv; https://raw.githubusercontent.com/buffertse/airline-data/main/data/airline-links.csv
jet-ops,Jet Ops,J6,United Arab Emirates,Scheduled,no,,,Middle East,,,,,,,,,,no,,0,0,no,no,no,,locale;band;official_website;help_root;baggage_checked_url;baggage_carryon_url;baggage_fees_url;fare_conditions_url;checkin_url;conditions_of_carriage_url;article_selector;,,,
jet2com,Jet2.com,LS,United Kingdom,Low-cost,yes,en-gb,manual-priority,Europe,https://app.jet2.com,,https://app.jet2.com/en/baggage,https://www.jet2.com/en/baggage,https://app.jet2.com/en/baggage,,,,,yes,2026-09-03,2,1,no,yes,yes,,help_root;fare_conditions_url;checkin_url;conditions_of_carriage_url;article_selector;,"3/6 urls imported from filled priority CSV; Missing fields filled from buffertse/airline-data, which records official airline domains and deep links sourced from airline websites.",jet2-com-167,https://raw.githubusercontent.com/buffertse/airline-data/main/data/airlines.csv; https://raw.githubusercontent.com/buffertse/airline-data/main/data/airline-links.csv; https://raw.githubusercontent.com/buffertse/airline-data/main/derived/baggage-summary.csv
jetair-caribbean,JetAir Caribbean,4J,Curaçao,Scheduled,no,,,Caribbean,,,,,,,,,,no,,0,0,no,no,no,,locale;band;official_website;help_root;baggage_checked_url;baggage_carryon_url;baggage_fees_url;fare_conditions_url;checkin_url;conditions_of_carriage_url;article_selector;,,,
jetlite,JetLite,S2,India,Low-cost,no,,,Asia,,,,,,,,,,no,,0,0,no,no,no,,locale;band;official_website;help_root;baggage_checked_url;baggage_carryon_url;baggage_fees_url;fare_conditions_url;checkin_url;conditions_of_carriage_url;article_selector;,,,
jetsmart,JetSmart,JA,Chile,Low-cost,no,,,Latin America,https://jetsmart.com,,,,,,,,,no,,0,0,no,no,yes,,locale;band;help_root;baggage_checked_url;baggage_carryon_url;baggage_fees_url;fare_conditions_url;checkin_url;conditions_of_carriage_url;article_selector;,"Missing fields filled from buffertse/airline-data, which records official airline domains and deep links sourced from airline websites.",jetsmart-943,https://raw.githubusercontent.com/buffertse/airline-data/main/data/airlines.csv; https://raw.githubusercontent.com/buffertse/airline-data/main/data/airline-links.csv
jetsmart-argentina,JetSmart Argentina,WJ,Argentina,Low-cost,no,,,Latin America,https://jetsmart.com,,,,,,,,,no,,0,0,no,no,no,,locale;band;help_root;baggage_checked_url;baggage_carryon_url;baggage_fees_url;fare_conditions_url;checkin_url;conditions_of_carriage_url;article_selector;,,jetsmart-argentina-1615,https://raw.githubusercontent.com/buffertse/airline-data/main/data/airlines.csv; https://raw.githubusercontent.com/buffertse/airline-data/main/data/airline-links.csv
jetsmart-peru,JetSmart Peru,JZ,Peru,Low-cost,no,,,Latin America,,,,,,,,,,no,,0,0,no,no,no,,locale;band;official_website;help_root;baggage_checked_url;baggage_carryon_url;baggage_fees_url;fare_conditions_url;checkin_url;conditions_of_carriage_url;article_selector;,,,
jetairfly,Jetairfly,TB,Belgium,Low-cost,no,en,,Europe,https://www.tuifly.be,,https://www.tuifly.be/en/checked-luggage,https://www.tuifly.be/en/contactform/allowed-baggage-and-handbaggage,https://www.tuifly.be/en/checked-luggage,,,https://www.tuifly.be/en/legal/conditions_de_transport,,no,,0,0,no,no,no,https://www.tuifly.be/en/legal/conditions_de_transport,band;help_root;fare_conditions_url;checkin_url;article_selector;,,tui-fly-belgium-1344,https://raw.githubusercontent.com/buffertse/airline-data/main/data/airlines.csv; https://raw.githubusercontent.com/buffertse/airline-data/main/data/airline-links.csv
jetstar,Jetstar,JQ,Australia,Low-cost,yes,en-au,1a,Australia/Pacific,https://www.jetstar.com,,https://www.jetstar.com/au/en/help/articles/checked-baggage,https://www.jetstar.com/au/en/help/articles/carry-on-baggage,https://www.jetstar.com/au/en/help/articles/fees-and-charges,https://www.jetstar.com/au/en/help/articles/fares,https://www.jetstar.com/au/en/help/articles/online-check-in,https://www.jetstar.com/au/en/conditions-of-carriage,,yes,2026-09-03,0,6,no,yes,no,https://www.jetstar.com/au/en/conditions-of-carriage-jq,help_root;article_selector;,6/6 urls,jetstar-airways-1680,C:\Users\kspellman\Documents\Codex\2026-08-24\vie\work\airline_research_data.json; https://raw.githubusercontent.com/buffertse/airline-data/main/data/airlines.csv; https://raw.githubusercontent.com/buffertse/airline-data/main/data/airline-links.csv
jetstar-asia,Jetstar Asia,3K,Singapore,Low-cost,yes,en-sg,manual-priority,Asia,https://www.jetstar.com,,https://www.jetstar.com/au/en/flights/baggage,https://www.jetstar.com/sg/en/flights/baggage/carry-on-baggage,https://www.jetstar.com/au/en/help/excess-baggage-charges-at-the-airport,,,https://www.jetstar.com/jp/en/conditions-of-carriage-3k,,yes,2026-09-03,0,4,no,yes,no,https://www.jetstar.com/jp/en/conditions-of-carriage-3k,help_root;fare_conditions_url;checkin_url;article_selector;,"4/6 urls imported from filled priority CSV; conditions_of_carriage_url prefilled from Duffel refs; please verify.; Missing fields filled from buffertse/airline-data, which records official airline domains and deep links sourced from airline websites.",jetstar-asia-airways-1807,https://raw.githubusercontent.com/buffertse/airline-data/main/data/airlines.csv; https://raw.githubusercontent.com/buffertse/airline-data/main/data/airline-links.csv
jetstar-japan,Jetstar Japan,GK,Japan,Low-cost,yes,en,manual-priority,Asia,https://www.jetstar.com,,,,,,,https://www.jetstar.com/jp/en/conditions-of-carriage-gk,,yes,2026-09-03,0,1,no,yes,yes,https://www.jetstar.com/jp/en/conditions-of-carriage-gk,help_root;baggage_checked_url;baggage_carryon_url;baggage_fees_url;fare_conditions_url;checkin_url;article_selector;,1/6 urls imported from filled priority CSV; conditions_of_carriage_url prefilled from Duffel refs; please verify.,,
jiangxi-air,Jiangxi Air,RY,China,Low-cost,no,,,Asia,https://airjiangxi.com,,,,,,,,,no,,0,0,no,no,yes,,locale;band;help_root;baggage_checked_url;baggage_carryon_url;baggage_fees_url;fare_conditions_url;checkin_url;conditions_of_carriage_url;article_selector;,"Missing fields filled from buffertse/airline-data, which records official airline domains and deep links sourced from airline websites.",jiangxi-air-585,https://raw.githubusercontent.com/buffertse/airline-data/main/data/airlines.csv; https://raw.githubusercontent.com/buffertse/airline-data/main/data/airline-links.csv
jin-air,Jin Air,LJ,South Korea,Low-cost,no,,,Asia,,,,,,,,,,no,,0,0,no,no,yes,,locale;band;official_website;help_root;baggage_checked_url;baggage_carryon_url;baggage_fees_url;fare_conditions_url;checkin_url;conditions_of_carriage_url;article_selector;,,,
jonair,Jonair,0N,Sweden,Scheduled,no,,,Europe,,,,,,,,,,no,,0,0,no,no,no,,locale;band;official_website;help_root;baggage_checked_url;baggage_carryon_url;baggage_fees_url;fare_conditions_url;checkin_url;conditions_of_carriage_url;article_selector;,,,
jonika-airlines,Jonika Airlines,JO,Ukraine,Low-cost,no,,,Europe,https://jet-time.dk,,,,,,,,,no,,0,0,no,no,no,,locale;band;help_root;baggage_checked_url;baggage_carryon_url;baggage_fees_url;fare_conditions_url;checkin_url;conditions_of_carriage_url;article_selector;,,jet-time-1836,https://raw.githubusercontent.com/buffertse/airline-data/main/data/airlines.csv; https://raw.githubusercontent.com/buffertse/airline-data/main/data/airline-links.csv
jordan-aviation,Jordan Aviation,R5,Jordan,Scheduled,no,,,Middle East,,,,,,,,,,no,,0,0,no,yes,yes,,locale;band;official_website;help_root;baggage_checked_url;baggage_carryon_url;baggage_fees_url;fare_conditions_url;checkin_url;conditions_of_carriage_url;article_selector;,,,
joy-air,Joy Air,JR,China,Scheduled,no,,,Asia,,,,,,,,,,no,,0,0,no,no,no,,locale;band;official_website;help_root;baggage_checked_url;baggage_carryon_url;baggage_fees_url;fare_conditions_url;checkin_url;conditions_of_carriage_url;article_selector;,,,
juneyao-airlines,Juneyao Airlines,HO,China,Scheduled,yes,en,manual-priority,Asia,https://global.juneyaoair.com,,https://global.juneyaoair.com/checkedBaggage,https://global.juneyaoair.com/carryOnBaggage,https://global.juneyaoair.com/checkedBaggage,,,https://global.juneyaoair.com/servicehelp/new/General%20Conditions%20of%20Carriage,,yes,2026-09-03,3,1,no,no,yes,https://global.juneyaoair.com/servicehelp/new/General%20Conditions%20of%20Carriage,help_root;fare_conditions_url;checkin_url;article_selector;,"4/6 urls imported from filled priority CSV; conditions_of_carriage_url prefilled from Duffel refs; please verify.; Missing fields filled from buffertse/airline-data, which records official airline domains and deep links sourced from airline websites.",q1713277-548,https://raw.githubusercontent.com/buffertse/airline-data/main/data/airlines.csv; https://raw.githubusercontent.com/buffertse/airline-data/main/data/airline-links.csv
k-mile-air-co-ltd,K-Mile Air Co. Ltd,8K,Thailand,Scheduled,no,,,Asia,,,,,,,,,,no,,0,0,no,no,no,,locale;band;official_website;help_root;baggage_checked_url;baggage_carryon_url;baggage_fees_url;fare_conditions_url;checkin_url;conditions_of_carriage_url;article_selector;,,,
kc-international-airlines,KC International Airlines,3Q,Cambodia,Scheduled,no,,,Asia,,,,,,,,,,no,,0,0,no,no,no,,locale;band;official_website;help_root;baggage_checked_url;baggage_carryon_url;baggage_fees_url;fare_conditions_url;checkin_url;conditions_of_carriage_url;article_selector;,,,
klm-cityhopper,KLM Cityhopper,WA,Netherlands,Scheduled,no,,,Europe,,,,,,,,,,no,,0,0,no,yes,no,,locale;band;official_website;help_root;baggage_checked_url;baggage_carryon_url;baggage_fees_url;fare_conditions_url;checkin_url;conditions_of_carriage_url;article_selector;,,,
klm-royal-dutch-airlines,KLM Royal Dutch Airlines,KL,Netherlands,Scheduled,yes,en,manual-priority,Europe,https://www.klm.com,,https://www.klm.com/information/baggage/checked-baggage-allowance,https://saudi.klm.com/information/baggage/checked-baggage-allowance,https://www.klm.com/information/baggage/checked-baggage-allowance,,,https://www.klm.com/information/legal/conditions-carriage,,yes,2026-09-03,0,4,no,yes,yes,https://www.klm.com/information/legal/conditions-carriage,help_root;fare_conditions_url;checkin_url;article_selector;,"4/6 urls imported from filled priority CSV; conditions_of_carriage_url prefilled from Duffel refs; please verify.; Missing fields filled from buffertse/airline-data, which records official airline domains and deep links sourced from airline websites.",klm-594,https://raw.githubusercontent.com/buffertse/airline-data/main/data/airlines.csv; https://raw.githubusercontent.com/buffertse/airline-data/main/data/airline-links.csv; https://raw.githubusercontent.com/buffertse/airline-data/main/derived/baggage-summary.csv
km-malta-airlines,KM Malta Airlines,KM,Malta,Low-cost,no,en,,Europe,https://airmalta.com,,https://kmmaltairlines.com/en/baggage-information/checked-baggage-allowance,https://kmmaltairlines.com/en/baggage-information/cabin-baggage-allowance,https://kmmaltairlines.com/en/baggage-information/extra-baggage-overweight-baggage-fees,,,https://airmalta.com/en-gb/legal-and-policies/general-conditions-of-carriage,,no,,0,0,no,no,no,https://airmalta.com/en-gb/legal-and-policies/general-conditions-of-carriage,band;help_root;fare_conditions_url;checkin_url;article_selector;,,km-malta-airlines-261,https://raw.githubusercontent.com/buffertse/airline-data/main/data/airlines.csv; https://raw.githubusercontent.com/buffertse/airline-data/main/data/airline-links.csv
kalitta-air,Kalitta Air,K4,United States,Scheduled,no,en,,North America,,,,,,,,,,no,,0,0,no,yes,no,,band;official_website;help_root;baggage_checked_url;baggage_carryon_url;baggage_fees_url;fare_conditions_url;checkin_url;conditions_of_carriage_url;article_selector;,,,
kalstar-aviation,Kalstar Aviation,KD,Indonesia,Scheduled,no,,,Asia,,,,,,,,,,no,,0,0,no,no,yes,,locale;band;official_website;help_root;baggage_checked_url;baggage_carryon_url;baggage_fees_url;fare_conditions_url;checkin_url;conditions_of_carriage_url;article_selector;,,,
kam-air,Kam Air,RQ,Afghanistan,Scheduled,yes,en,manual-priority,Asia,https://www.kamair.com/contact-us,https://www.kamair.com/contact-us,https://www.kamair.com/baggage,https://www.kamair.com/baggage,https://www.kamair.com/baggage,,,https://www.kamair.com/terms-and-conditions#agreement-and-terms,,yes,2026-09-03,4,0,no,yes,yes,https://www.kamair.com/terms-and-conditions#agreement-and-terms,fare_conditions_url;checkin_url;article_selector;,"4/6 urls imported from filled priority CSV; conditions_of_carriage_url prefilled from Duffel refs; please verify.; Missing fields filled from buffertse/airline-data, which records official airline domains and deep links sourced from airline websites.",kam-air-1453,https://raw.githubusercontent.com/buffertse/airline-data/main/data/airlines.csv; https://raw.githubusercontent.com/buffertse/airline-data/main/data/airline-links.csv; https://raw.githubusercontent.com/buffertse/airline-data/main/derived/baggage-summary.csv
kamchatka-air,Kamchatka Air,ДЕ,Russia,Scheduled,no,,,Europe,,,,,,,,,,no,,0,0,no,no,no,,locale;band;official_website;help_root;baggage_checked_url;baggage_carryon_url;baggage_fees_url;fare_conditions_url;checkin_url;conditions_of_carriage_url;article_selector;,,,
kan-air,Kan Air,K8,Thailand,Scheduled,no,,,Asia,https://kanairlines.com,,,,,,,,,no,,0,0,no,yes,no,,locale;band;help_root;baggage_checked_url;baggage_carryon_url;baggage_fees_url;fare_conditions_url;checkin_url;conditions_of_carriage_url;article_selector;,"Missing fields filled from buffertse/airline-data, which records official airline domains and deep links sourced from airline websites.",kan-air-325,https://raw.githubusercontent.com/buffertse/airline-data/main/data/airlines.csv; https://raw.githubusercontent.com/buffertse/airline-data/main/data/airline-links.csv
kartika-airlines,Kartika Airlines,3Y,Indonesia,Scheduled,no,,,Asia,,,,,,,,,,no,,0,0,no,yes,no,,locale;band;official_website;help_root;baggage_checked_url;baggage_carryon_url;baggage_fees_url;fare_conditions_url;checkin_url;conditions_of_carriage_url;article_selector;,,,
kenmore-air,Kenmore Air,M5,United States,Scheduled,no,en,,North America,https://kenmoreair.com,,,,,,,,,no,,0,0,no,yes,no,,band;help_root;baggage_checked_url;baggage_carryon_url;baggage_fees_url;fare_conditions_url;checkin_url;conditions_of_carriage_url;article_selector;,"Missing fields filled from buffertse/airline-data, which records official airline domains and deep links sourced from airline websites.",kenmore-air-963,https://raw.githubusercontent.com/buffertse/airline-data/main/data/airlines.csv; https://raw.githubusercontent.com/buffertse/airline-data/main/data/airline-links.csv
kenn-borek-air,Kenn Borek Air,4K,Canada,Scheduled,yes,en-ca,manual-priority,North America,https://askariaviation.com,https://askariaviation.com/contact-us,,,,,,https://askariaviation.com/,,yes,2026-09-03,0,1,no,yes,no,https://askariaviation.com/,baggage_checked_url;baggage_carryon_url;baggage_fees_url;fare_conditions_url;checkin_url;article_selector;,1/6 urls imported from filled priority CSV; conditions_of_carriage_url prefilled from Duffel refs; please verify.,askari-aviation-1265,https://raw.githubusercontent.com/buffertse/airline-data/main/data/airlines.csv; https://raw.githubusercontent.com/buffertse/airline-data/main/data/airline-links.csv
kenya-airways,Kenya Airways,KQ,Kenya,Scheduled,yes,en-ke,manual-priority,Africa,https://www.kenya-airways.com,,https://www.kenya-airways.com/prepare-for-travel/baggage-information/en,https://www.kenya-airways.com/en/plan/baggage-information/hand-baggage,https://www.kenya-airways.com/prepare-for-travel/baggage-information/en,,,https://www.kenya-airways.com/condition-of-carriage/en/,,yes,2026-09-03,1,3,no,yes,no,https://www.kenya-airways.com/condition-of-carriage/en/,help_root;fare_conditions_url;checkin_url;article_selector;,"4/6 urls imported from filled priority CSV; conditions_of_carriage_url prefilled from Duffel refs; please verify.; Missing fields filled from buffertse/airline-data, which records official airline domains and deep links sourced from airline websites.",kenya-airways-1498,https://raw.githubusercontent.com/buffertse/airline-data/main/data/airlines.csv; https://raw.githubusercontent.com/buffertse/airline-data/main/data/airline-links.csv
khabarovsk-avia,Khabarovsk Avia,НИ,Russia,Scheduled,no,,,Europe,,,,,,,,,,no,,0,0,no,no,no,,locale;band;official_website;help_root;baggage_checked_url;baggage_carryon_url;baggage_fees_url;fare_conditions_url;checkin_url;conditions_of_carriage_url;article_selector;,,,
komiaviatrans,Komiaviatrans,ИГ,Russia,Scheduled,no,,,Europe,https://aceaircargo.com,,https://www.komiaviatrans.ru/files/info/passengers/baggage_allowances.docx,https://www.komiaviatrans.ru/files/info/passengers/baggage_allowances.docx,https://www.komiaviatrans.ru/files/info/passengers/baggage_allowances.docx,,,,,no,,0,0,no,no,no,,locale;band;help_root;fare_conditions_url;checkin_url;conditions_of_carriage_url;article_selector;,,komiaviatrans-1452,https://raw.githubusercontent.com/buffertse/airline-data/main/data/airlines.csv; https://raw.githubusercontent.com/buffertse/airline-data/main/data/airline-links.csv
korean-air,Korean Air,KE,Republic of Korea,Scheduled,yes,en-kr,1b,East Asia,https://www.koreanair.com,https://www.koreanair.com/footer/customer-support/faq,https://www.koreanair.com/contents/plan-your-travel/baggage/checked-baggage,https://www.koreanair.com/contents/plan-your-travel/baggage/carry-on-baggage,https://www.koreanair.com/contents/plan-your-travel/baggage/excess-baggage,https://www.koreanair.com/booking/booking-guide/fare-rules,https://www.koreanair.com/contents/plan-your-travel/at-the-airport/check-in,https://www.koreanair.com/contents/footer/conditions-of-carriage,,yes,2026-09-03,0,6,no,yes,no,https://www.koreanair.com/us/en/footer/terms-and-policies/terms-of-carriage,article_selector;,6/6 urls,q213147-728,C:\Users\kspellman\Documents\Codex\2026-08-24\vie\work\airline_research_data.json; https://raw.githubusercontent.com/buffertse/airline-data/main/data/airlines.csv; https://raw.githubusercontent.com/buffertse/airline-data/main/data/airline-links.csv
korongo-airlines,Korongo Airlines,ZC,Democratic Republic of the Congo,Scheduled,no,,,Africa,,,,,,,,,,no,,0,0,no,no,no,,locale;band;official_website;help_root;baggage_checked_url;baggage_carryon_url;baggage_fees_url;fare_conditions_url;checkin_url;conditions_of_carriage_url;article_selector;,,,
kosmos,Kosmos,ГК,Russia,Scheduled,no,,,Europe,,,,,,,,,,no,,0,0,no,no,no,,locale;band;official_website;help_root;baggage_checked_url;baggage_carryon_url;baggage_fees_url;fare_conditions_url;checkin_url;conditions_of_carriage_url;article_selector;,,,
kostroma-air,Kostroma Air,КБ,Russia,Scheduled,no,,,Europe,,,,,,,,,,no,,0,0,no,no,no,,locale;band;official_website;help_root;baggage_checked_url;baggage_carryon_url;baggage_fees_url;fare_conditions_url;checkin_url;conditions_of_carriage_url;article_selector;,,,
krasavia,KrasAvia,KV,Russia,Scheduled,no,,,Europe,https://asian-express-airline.com,,,,,,,,,no,,0,0,no,no,no,,locale;band;help_root;baggage_checked_url;baggage_carryon_url;baggage_fees_url;fare_conditions_url;checkin_url;conditions_of_carriage_url;article_selector;,,asian-express-airline-752,https://raw.githubusercontent.com/buffertse/airline-data/main/data/airlines.csv; https://raw.githubusercontent.com/buffertse/airline-data/main/data/airline-links.csv
kulula,Kulula,МН,South Africa,Low-cost,no,en,,Africa,,,,,,,,,,no,,0,0,no,no,yes,,band;official_website;help_root;baggage_checked_url;baggage_carryon_url;baggage_fees_url;fare_conditions_url;checkin_url;conditions_of_carriage_url;article_selector;,,,
kunming-airlines,Kunming Airlines,KY,China,Scheduled,no,,,Asia,,,,,,,,,,no,,0,0,no,yes,yes,,locale;band;official_website;help_root;baggage_checked_url;baggage_carryon_url;baggage_fees_url;fare_conditions_url;checkin_url;conditions_of_carriage_url;article_selector;,,,
kuwait-airways,Kuwait Airways,KU,Kuwait,Scheduled,yes,en,manual-priority,Asia,https://www.kuwaitairways.com,,https://kuwaitairways.com/en/services/baggage,https://kuwaitairways.com/en/is/free-carry-on-baggage,https://kuwaitairways.com/en/services/baggage,,,https://www.kuwaitairways.com/en/terms/conditions-of-carriage,,yes,2026-09-03,1,3,no,yes,no,https://www.kuwaitairways.com/en/terms/conditions-of-carriage,help_root;fare_conditions_url;checkin_url;article_selector;,"4/6 urls imported from filled priority CSV; conditions_of_carriage_url prefilled from Duffel refs; please verify.; Missing fields filled from buffertse/airline-data, which records official airline domains and deep links sourced from airline websites.",kuwait-airways-1768,https://raw.githubusercontent.com/buffertse/airline-data/main/data/airlines.csv; https://raw.githubusercontent.com/buffertse/airline-data/main/data/airline-links.csv
kyrgyz-air,Kyrgyz Air,KH,Kyrgyzstan,Scheduled,no,,,Asia,https://ska-arabia.com,,,,,,,,,no,,0,0,no,no,no,,locale;band;help_root;baggage_checked_url;baggage_carryon_url;baggage_fees_url;fare_conditions_url;checkin_url;conditions_of_carriage_url;article_selector;,,aloha-air-cargo-1790,https://raw.githubusercontent.com/buffertse/airline-data/main/data/airlines.csv; https://raw.githubusercontent.com/buffertse/airline-data/main/data/airline-links.csv
lam-mozambique-airlines,LAM Mozambique Airlines,TM,Mozambique,Scheduled,yes,en,manual-priority,Africa,https://www.lam.co.mz,,https://www.lam.co.mz/en/Travel-Information/Baggage,https://www.lam.co.mz/en/Travel-Information/Baggage,https://www.lam.co.mz/en/Travel-Information/Baggage,,,,,yes,2026-09-03,0,3,no,yes,no,,help_root;fare_conditions_url;checkin_url;conditions_of_carriage_url;article_selector;,"3/6 urls imported from filled priority CSV; Missing fields filled from buffertse/airline-data, which records official airline domains and deep links sourced from airline websites.",lam-mozambique-airlines-195,https://raw.githubusercontent.com/buffertse/airline-data/main/data/airlines.csv; https://raw.githubusercontent.com/buffertse/airline-data/main/data/airline-links.csv
lan-chile-cargo,LAN Chile Cargo,UC,Chile,Scheduled,no,en,,Latin America,https://latamcargo.com,https://www.latamcargo.com/en/customercare,,,,,,,,no,,0,0,no,yes,no,,band;baggage_checked_url;baggage_carryon_url;baggage_fees_url;fare_conditions_url;checkin_url;conditions_of_carriage_url;article_selector;,,latam-cargo-chile-316,https://raw.githubusercontent.com/buffertse/airline-data/main/data/airlines.csv; https://raw.githubusercontent.com/buffertse/airline-data/main/data/airline-links.csv
lanhsa,LANHSA,00,Israel,Scheduled,no,,,Middle East,,,,,,,,,,no,,0,0,no,no,no,,locale;band;official_website;help_root;baggage_checked_url;baggage_carryon_url;baggage_fees_url;fare_conditions_url;checkin_url;conditions_of_carriage_url;article_selector;,,,
laser-airlines,LASER Airlines,QL,Venezuela,Scheduled,no,,,Latin America,https://laserairlines.com,,,,,,,,,no,,0,0,no,yes,yes,,locale;band;help_root;baggage_checked_url;baggage_carryon_url;baggage_fees_url;fare_conditions_url;checkin_url;conditions_of_carriage_url;article_selector;,"Missing fields filled from buffertse/airline-data, which records official airline domains and deep links sourced from airline websites.",laser-airlines-1382,https://raw.githubusercontent.com/buffertse/airline-data/main/data/airlines.csv; https://raw.githubusercontent.com/buffertse/airline-data/main/data/airline-links.csv
latam-airlines,LATAM Airlines,LA,Chile,Scheduled,yes,en,manual-priority,South America,https://www.latamairlines.com,,https://www.latamairlines.com/us/en/experience/prepare-your-trip/baggage/checked-baggage,https://www.latamairlines.com/gb/en/experience/prepare-your-trip/baggage/carry-on,https://www.latamairlines.com/au/en/experience/prepare-your-trip/baggage/excess-fees,,,https://www.latamairlines.com/gb/en/legal/transportation-contract-conditions,,yes,2026-09-03,0,4,no,yes,no,https://www.latamairlines.com/gb/en/legal/transportation-contract-conditions,help_root;fare_conditions_url;checkin_url;article_selector;,"4/6 urls imported from filled priority CSV; conditions_of_carriage_url prefilled from Duffel refs; please verify.; Missing fields filled from buffertse/airline-data, which records official airline domains and deep links sourced from airline websites.",latam,https://raw.githubusercontent.com/buffertse/airline-data/main/data/airlines.csv; https://raw.githubusercontent.com/buffertse/airline-data/main/data/airline-links.csv
latam-airlines-brasil,LATAM Airlines Brasil,JJ,Brazil,Scheduled,no,,,Latin America,https://latam.com,,,,,,,,,no,,0,0,no,no,no,,locale;band;help_root;baggage_checked_url;baggage_carryon_url;baggage_fees_url;fare_conditions_url;checkin_url;conditions_of_carriage_url;article_selector;,,latam-brasil-1562,https://raw.githubusercontent.com/buffertse/airline-data/main/data/airlines.csv; https://raw.githubusercontent.com/buffertse/airline-data/main/data/airline-links.csv
latam-airlines-colombia,LATAM Airlines Colombia,4C,Colombia,Scheduled,no,,,Latin America,https://latam.com,,,,,,,,,no,,0,0,no,yes,no,,locale;band;help_root;baggage_checked_url;baggage_carryon_url;baggage_fees_url;fare_conditions_url;checkin_url;conditions_of_carriage_url;article_selector;,"Missing fields filled from buffertse/airline-data, which records official airline domains and deep links sourced from airline websites.",latam-airlines-colombia-1175,https://raw.githubusercontent.com/buffertse/airline-data/main/data/airlines.csv; https://raw.githubusercontent.com/buffertse/airline-data/main/data/airline-links.csv
latam-airlines-ecuador,LATAM Airlines Ecuador,XL,Ecuador,Scheduled,yes,en,manual-priority,South America,https://www.latamairlines.com,,,,,,,https://www.latamairlines.com/gb/en/legal/transportation-contract-conditions,,yes,2026-09-03,0,1,no,yes,no,https://www.latamairlines.com/gb/en/legal/transportation-contract-conditions,help_root;baggage_checked_url;baggage_carryon_url;baggage_fees_url;fare_conditions_url;checkin_url;article_selector;,1/6 urls imported from filled priority CSV; conditions_of_carriage_url prefilled from Duffel refs; please verify.,latam-airlines-ecuador-1520,https://raw.githubusercontent.com/buffertse/airline-data/main/data/airlines.csv; https://raw.githubusercontent.com/buffertse/airline-data/main/data/airline-links.csv
latam-airlines-paraguay,LATAM Airlines Paraguay,PZ,Paraguay,Scheduled,no,,,Latin America,https://latam.com,,,,,,,,,no,,0,0,no,yes,no,,locale;band;help_root;baggage_checked_url;baggage_carryon_url;baggage_fees_url;fare_conditions_url;checkin_url;conditions_of_carriage_url;article_selector;,"Missing fields filled from buffertse/airline-data, which records official airline domains and deep links sourced from airline websites.",latam-airlines-paraguay-999,https://raw.githubusercontent.com/buffertse/airline-data/main/data/airlines.csv; https://raw.githubusercontent.com/buffertse/airline-data/main/data/airline-links.csv
latam-airlines-peru,LATAM Airlines Peru,LP,Peru,Scheduled,no,,,Latin America,https://latam.com,,,,,,,,,no,,0,0,no,yes,no,,locale;band;help_root;baggage_checked_url;baggage_carryon_url;baggage_fees_url;fare_conditions_url;checkin_url;conditions_of_carriage_url;article_selector;,"Missing fields filled from buffertse/airline-data, which records official airline domains and deep links sourced from airline websites.",latam-airlines-peru-173,https://raw.githubusercontent.com/buffertse/airline-data/main/data/airlines.csv; https://raw.githubusercontent.com/buffertse/airline-data/main/data/airline-links.csv
latam-express,LATAM Express,LU,Chile,Scheduled,no,,,Latin America,,,,,,,,,,no,,0,0,no,no,no,,locale;band;official_website;help_root;baggage_checked_url;baggage_carryon_url;baggage_fees_url;fare_conditions_url;checkin_url;conditions_of_carriage_url;article_selector;,,,
leav,LEAV,KK,Turkey,Scheduled,no,en,,Europe,https://leav.com,,https://www.leav.com/en/travel-information/luggage,https://www.leav.com/en/travel-information/luggage,https://www.leav.com/en/travel-information/luggage,,,,,no,,0,0,no,no,no,,band;help_root;fare_conditions_url;checkin_url;conditions_of_carriage_url;article_selector;,,leav-aviation-121,https://raw.githubusercontent.com/buffertse/airline-data/main/data/airlines.csv; https://raw.githubusercontent.com/buffertse/airline-data/main/data/airline-links.csv
lift-airline,LIFT Airline,GE,South Africa,Low-cost,no,en,,Africa,,,,,,,,,,no,,0,0,no,no,no,,band;official_website;help_root;baggage_checked_url;baggage_carryon_url;baggage_fees_url;fare_conditions_url;checkin_url;conditions_of_carriage_url;article_selector;,,,
lot-polish,LOT Polish,LO,Poland,Scheduled,yes,en,manual-priority,Europe,https://www.lot.com/us/en/help-center/contact,https://www.lot.com/us/en/help-center/contact,https://www.lot.com/am/en/journey/baggage,https://www.lot.com/am/en/journey/baggage/long-haul-baggage,https://www.lot.com/am/en/journey/baggage,,,https://www.lot.com/pl/en/regulations/conditions-of-carriage,,yes,2026-09-03,0,4,no,yes,no,https://www.lot.com/pl/en/regulations/conditions-of-carriage,fare_conditions_url;checkin_url;article_selector;,"4/6 urls imported from filled priority CSV; conditions_of_carriage_url prefilled from Duffel refs; please verify.; Missing fields filled from buffertse/airline-data, which records official airline domains and deep links sourced from airline websites.",lot-polish-airlines-682,https://raw.githubusercontent.com/buffertse/airline-data/main/data/airlines.csv; https://raw.githubusercontent.com/buffertse/airline-data/main/data/airline-links.csv; https://raw.githubusercontent.com/buffertse/airline-data/main/derived/baggage-summary.csv
la-compagnie,La Compagnie,B0,France,Scheduled,no,,,Europe,https://lacompagnie.com,,,,,,,,,no,,0,0,no,yes,no,,locale;band;help_root;baggage_checked_url;baggage_carryon_url;baggage_fees_url;fare_conditions_url;checkin_url;conditions_of_carriage_url;article_selector;,"Missing fields filled from buffertse/airline-data, which records official airline domains and deep links sourced from airline websites.",la-compagnie-586,https://raw.githubusercontent.com/buffertse/airline-data/main/data/airlines.csv; https://raw.githubusercontent.com/buffertse/airline-data/main/data/airline-links.csv
la-costena,La Costeña,LC,Nicaragua,Scheduled,no,,,Latin America,,,,,,,,,,no,,0,0,no,no,yes,,locale;band;official_website;help_root;baggage_checked_url;baggage_carryon_url;baggage_fees_url;fare_conditions_url;checkin_url;conditions_of_carriage_url;article_selector;,,,
lanexang-airways-international,Lanexang Airways International,5A,Laos,Scheduled,no,,,Asia,https://lxairways.com,,,,,,,,,no,,0,0,no,no,no,,locale;band;help_root;baggage_checked_url;baggage_carryon_url;baggage_fees_url;fare_conditions_url;checkin_url;conditions_of_carriage_url;article_selector;,,alpine-air-express-1261,https://raw.githubusercontent.com/buffertse/airline-data/main/data/airlines.csv; https://raw.githubusercontent.com/buffertse/airline-data/main/data/airline-links.csv
lanmei-airlines,Lanmei Airlines,LQ,Cambodia,Low-cost,yes,en,manual-priority,Asia,https://lanmeiairlines.com,,,,,,,https://lanmeiairlines.com/lanmeiairlines2.0/default/menus/EN/experience/LMTransport.html,,yes,2026-09-03,0,1,no,no,yes,https://lanmeiairlines.com/lanmeiairlines2.0/default/menus/EN/experience/LMTransport.html,help_root;baggage_checked_url;baggage_carryon_url;baggage_fees_url;fare_conditions_url;checkin_url;article_selector;,1/6 urls imported from filled priority CSV; conditions_of_carriage_url prefilled from Duffel refs; please verify.,,
lao-airlines,Lao Airlines,QV,Laos,Scheduled,yes,en,manual-priority,Asia,https://laoairlines.com,,https://laoairlines.com/en/baggage-optional-service-charges,https://laoairlines.com/en/baggage-optional-service-charges,https://laoairlines.com/lo/baggage-optional-service-charges,,,https://laoairlines.com/en/term-and-condition/#,,yes,2026-09-03,0,4,no,yes,no,https://laoairlines.com/en/term-and-condition/#,help_root;fare_conditions_url;checkin_url;article_selector;,"4/6 urls imported from filled priority CSV; conditions_of_carriage_url prefilled from Duffel refs; please verify.; Missing fields filled from buffertse/airline-data, which records official airline domains and deep links sourced from airline websites.",lao-airlines-1662,https://raw.githubusercontent.com/buffertse/airline-data/main/data/airlines.csv; https://raw.githubusercontent.com/buffertse/airline-data/main/data/airline-links.csv; https://raw.githubusercontent.com/buffertse/airline-data/main/derived/baggage-summary.csv
lao-skyway,Lao Skyway,LK,Laos,Scheduled,no,,,Asia,,,,,,,,,,no,,0,0,no,no,yes,,locale;band;official_website;help_root;baggage_checked_url;baggage_carryon_url;baggage_fees_url;fare_conditions_url;checkin_url;conditions_of_carriage_url;article_selector;,,,
laparkan-airways-inc,"Laparkan Airways, Inc.",LE,United States,Scheduled,no,en,,North America,https://www.stbarthexecutive.com,,,,,,,https://www.stbarthexecutive.com/booking-and-carriage-terms/,,no,,0,0,no,no,no,https://www.stbarthexecutive.com/booking-and-carriage-terms/,band;help_root;baggage_checked_url;baggage_carryon_url;baggage_fees_url;fare_conditions_url;checkin_url;article_selector;,,,
lauda-europe,Lauda Europe,LW,Malta,Scheduled,no,en,,Europe,,,,,,,,,,no,,0,0,no,no,no,,band;official_website;help_root;baggage_checked_url;baggage_carryon_url;baggage_fees_url;fare_conditions_url;checkin_url;conditions_of_carriage_url;article_selector;,,,
level,Level,LL,Spain,Scheduled,no,en,,Europe,https://miamiair.com,https://www.flylevel.com/en/contact-us/help-center,,,,,,,,no,,0,0,no,no,no,,band;baggage_checked_url;baggage_carryon_url;baggage_fees_url;fare_conditions_url;checkin_url;conditions_of_carriage_url;article_selector;,,level-915,https://raw.githubusercontent.com/buffertse/airline-data/main/data/airlines.csv; https://raw.githubusercontent.com/buffertse/airline-data/main/data/airline-links.csv
levu,Levu,6V,Brazil,Scheduled,no,,,Latin America,,,,,,,,,,no,,0,0,no,no,no,,locale;band;official_website;help_root;baggage_checked_url;baggage_carryon_url;baggage_fees_url;fare_conditions_url;checkin_url;conditions_of_carriage_url;article_selector;,,,
liat-air,Liat Air,5L,Antigua and Barbuda,Scheduled,no,,,Caribbean,https://flyliat20.com,,,,,,,,,no,,0,0,no,no,no,,locale;band;help_root;baggage_checked_url;baggage_carryon_url;baggage_fees_url;fare_conditions_url;checkin_url;conditions_of_carriage_url;article_selector;,,liat-air-296,https://raw.githubusercontent.com/buffertse/airline-data/main/data/airlines.csv; https://raw.githubusercontent.com/buffertse/airline-data/main/data/airline-links.csv
libyan-airlines,Libyan Airlines,LN,Libya,Scheduled,no,,,Africa,https://libyanairlines.aero,,,,,,,,,no,,0,0,no,yes,yes,,locale;band;help_root;baggage_checked_url;baggage_carryon_url;baggage_fees_url;fare_conditions_url;checkin_url;conditions_of_carriage_url;article_selector;,"Missing fields filled from buffertse/airline-data, which records official airline domains and deep links sourced from airline websites.",libyan-airlines-51,https://raw.githubusercontent.com/buffertse/airline-data/main/data/airlines.csv; https://raw.githubusercontent.com/buffertse/airline-data/main/data/airline-links.csv
libyan-wings,Libyan Wings,YL,Libya,Scheduled,no,,,Africa,https://libyanwings.ly,,https://libyanwings.ly/baggage,https://libyanwings.ly/baggage,https://libyanwings.ly/baggage,,,,,no,,0,0,no,no,no,,locale;band;help_root;fare_conditions_url;checkin_url;conditions_of_carriage_url;article_selector;,,libyan-wings-880,https://raw.githubusercontent.com/buffertse/airline-data/main/data/airlines.csv; https://raw.githubusercontent.com/buffertse/airline-data/main/data/airline-links.csv
linea-aerea-carguera-de-colombia-sa,Linea Aerea Carguera de Colombia S.A.,L7,Colombia,Scheduled,no,en,,Latin America,https://latamcargo.com,,,,,,,,,no,,0,0,no,no,no,,band;help_root;baggage_checked_url;baggage_carryon_url;baggage_fees_url;fare_conditions_url;checkin_url;conditions_of_carriage_url;article_selector;,,latam-cargo-colombia-1356,https://raw.githubusercontent.com/buffertse/airline-data/main/data/airlines.csv; https://raw.githubusercontent.com/buffertse/airline-data/main/data/airline-links.csv
linear-air,Linear Air,O2,United States,Scheduled,no,en,,North America,https://www.linearair.com,,,,,https://www.linearair.com/terms/,,,,no,,0,0,no,no,no,,band;help_root;baggage_checked_url;baggage_carryon_url;baggage_fees_url;checkin_url;conditions_of_carriage_url;article_selector;,Country and terms checked from Linear Air and ARC public pages.,,https://www.linearair.com/; https://www.linearair.com/terms/; https://www2.arccorp.com/articles-trends/agency-communications/archived-airline-participation-announcements/2018-announcements/linear-air-joins-arc/
link-airways,Link Airways,FC,Australia,Scheduled,yes,en-au,manual-priority,Australia/Pacific,https://www.linkairways.com,,https://www.linkairways.com/Plan-Your-Travel/checked-baggage,https://www.linkairways.com/Plan-Your-Travel/Cabin-Baggage,https://www.linkairways.com/Plan-Your-Travel/checked-baggage,,,https://www.linkairways.com/about-us/conditions-of-carriage,,yes,2026-09-03,4,0,no,no,yes,https://www.linkairways.com/about-us/conditions-of-carriage,help_root;fare_conditions_url;checkin_url;article_selector;,"4/6 urls imported from filled priority CSV; Missing fields filled from buffertse/airline-data, which records official airline domains and deep links sourced from airline websites.",link-airways-885,https://raw.githubusercontent.com/buffertse/airline-data/main/data/airlines.csv; https://raw.githubusercontent.com/buffertse/airline-data/main/data/airline-links.csv
lion-air,Lion Air,JT,Indonesia,Low-cost,yes,en-id,1b,Southeast Asia,https://www.lionair.co.id,,https://www.lionair.co.id/en/prepare-your-trip/baggage/checked-baggage,https://www.lionair.co.id/en/prepare-your-trip/baggage/cabin-baggage,https://www.lionair.co.id/en/prepare-your-trip/baggage/excess-baggage,https://www.lionair.co.id/en/terms-and-conditions,https://www.lionair.co.id/en/prepare-your-trip/web-check-in,https://www.lionair.co.id/en/terms-and-conditions,,yes,2026-09-03,0,6,no,yes,yes,,help_root;article_selector;,6/6 urls,lion-air-50,C:\Users\kspellman\Documents\Codex\2026-08-24\vie\work\airline_research_data.json; https://raw.githubusercontent.com/buffertse/airline-data/main/data/airlines.csv; https://raw.githubusercontent.com/buffertse/airline-data/main/data/airline-links.csv
loganair,Loganair,LM,United Kingdom,Scheduled,yes,en-gb,manual-priority,Europe,https://www.loganair.co.uk/helpcentre/children-infants,https://www.loganair.co.uk/helpcentre/children-infants,https://www.loganair.co.uk/travel-help/luggage,https://www.loganair.co.uk/travel-help/luggage,https://www.loganair.co.uk/travel-help/luggage,,,https://www.loganair.co.uk/travel-help/carriage-conditions/,,yes,2026-09-03,0,4,no,yes,yes,https://www.loganair.co.uk/travel-help/carriage-conditions/,fare_conditions_url;checkin_url;article_selector;,"4/6 urls imported from filled priority CSV; conditions_of_carriage_url prefilled from Duffel refs; please verify.; Missing fields filled from buffertse/airline-data, which records official airline domains and deep links sourced from airline websites.",loganair-1806,https://raw.githubusercontent.com/buffertse/airline-data/main/data/airlines.csv; https://raw.githubusercontent.com/buffertse/airline-data/main/data/airline-links.csv
longtail-aviation,Longtail Aviation,6T,Bermuda,Scheduled,no,en,,North America,https://airmandalay.com,,,,,,,,,no,,0,0,no,no,no,,band;help_root;baggage_checked_url;baggage_carryon_url;baggage_fees_url;fare_conditions_url;checkin_url;conditions_of_carriage_url;article_selector;,,air-mandalay-1154,https://raw.githubusercontent.com/buffertse/airline-data/main/data/airlines.csv; https://raw.githubusercontent.com/buffertse/airline-data/main/data/airline-links.csv
loong-air,Loong Air,GJ,China,Scheduled,no,,,Asia,https://loongair.cn,,,,,,,,,no,,0,0,no,no,yes,,locale;band;help_root;baggage_checked_url;baggage_carryon_url;baggage_fees_url;fare_conditions_url;checkin_url;conditions_of_carriage_url;article_selector;,"Missing fields filled from buffertse/airline-data, which records official airline domains and deep links sourced from airline websites.",loong-air-1304,https://raw.githubusercontent.com/buffertse/airline-data/main/data/airlines.csv; https://raw.githubusercontent.com/buffertse/airline-data/main/data/airline-links.csv
lucky-air,Lucky Air,8L,China,Low-cost,yes,en,manual-priority,Asia,https://www.luckyair.net,,,,,,https://www.luckyair.net/micro/main/checkin,https://www.luckyair.net/help.html?id=5d7714de91c6dd531559d9b7,,yes,2026-09-03,0,2,no,yes,yes,https://www.luckyair.net/help.html?id=5d7714de91c6dd531559d9b7,help_root;baggage_checked_url;baggage_carryon_url;baggage_fees_url;fare_conditions_url;article_selector;,"2/6 urls imported from filled priority CSV; conditions_of_carriage_url prefilled from Duffel refs; please verify.; Missing fields filled from buffertse/airline-data, which records official airline domains and deep links sourced from airline websites.",lucky-air-630,https://raw.githubusercontent.com/buffertse/airline-data/main/data/airlines.csv; https://raw.githubusercontent.com/buffertse/airline-data/main/data/airline-links.csv
lufthansa,Lufthansa,LH,Germany,Scheduled,yes,en-de,1a,Europe,https://www.lufthansa.com,,https://www.lufthansa.com/de/en/checked-baggage,https://www.lufthansa.com/de/en/carry-on-baggage,https://www.lufthansa.com/de/en/excess-baggage,https://www.lufthansa.com/de/en/fares-and-classes,https://www.lufthansa.com/de/en/online-check-in,https://www.lufthansa.com/de/en/conditions-of-carriage,,yes,2026-09-03,0,6,no,yes,yes,https://www.lufthansa.com/gb/en/business-terms-and-conditions-1,help_root;article_selector;,6/6 urls,lufthansa,C:\Users\kspellman\Documents\Codex\2026-08-24\vie\work\airline_research_data.json; https://raw.githubusercontent.com/buffertse/airline-data/main/data/airlines.csv; https://raw.githubusercontent.com/buffertse/airline-data/main/data/airline-links.csv
lufthansa-city-airlines,Lufthansa City Airlines,VL,Bulgaria,Scheduled,no,en,,Europe,https://lufthansa-city.com,,https://www.lufthansa-city.com/en/information/before-your-flight/baggage.html,https://www.lufthansa-city.com/en/information/before-your-flight/baggage.html,https://www.lufthansa-city.com/en/information/before-your-flight/baggage.html,,,,,no,,0,0,no,no,no,,band;help_root;fare_conditions_url;checkin_url;conditions_of_carriage_url;article_selector;,,lufthansa-city-airlines-211,https://raw.githubusercontent.com/buffertse/airline-data/main/data/airlines.csv; https://raw.githubusercontent.com/buffertse/airline-data/main/data/airline-links.csv
lufthansa-cityline,Lufthansa CityLine,CL,Germany,Scheduled,no,,,Europe,https://lufthansacityline.com,,,,,,,,,no,,0,0,no,yes,no,,locale;band;help_root;baggage_checked_url;baggage_carryon_url;baggage_fees_url;fare_conditions_url;checkin_url;conditions_of_carriage_url;article_selector;,"Missing fields filled from buffertse/airline-data, which records official airline domains and deep links sourced from airline websites.",lufthansa-cityline-499,https://raw.githubusercontent.com/buffertse/airline-data/main/data/airlines.csv; https://raw.githubusercontent.com/buffertse/airline-data/main/data/airline-links.csv
lufthansa-systems,Lufthansa Systems,S1,Germany,Scheduled,no,,,Europe,,,,,,,,,,no,,0,0,no,no,no,,locale;band;official_website;help_root;baggage_checked_url;baggage_carryon_url;baggage_fees_url;fare_conditions_url;checkin_url;conditions_of_carriage_url;article_selector;,,,
lulutai-airlines,Lulutai Airlines,L8,Tonga,Scheduled,no,,,,,,,,,,,,,no,,0,0,no,no,no,,locale;band;region;official_website;help_root;baggage_checked_url;baggage_carryon_url;baggage_fees_url;fare_conditions_url;checkin_url;conditions_of_carriage_url;article_selector;,,,
lumiwings,Lumiwings,L9,Greece,Scheduled,no,,,Europe,,,,,,,,,,no,,0,0,no,no,no,,locale;band;official_website;help_root;baggage_checked_url;baggage_carryon_url;baggage_fees_url;fare_conditions_url;checkin_url;conditions_of_carriage_url;article_selector;,,,
luxair,Luxair,LG,Luxembourg,Scheduled,yes,en,manual-priority,Europe,https://www.luxair.lu,,https://www.luxair.lu/sites/default/files/teaser_pdf/2025-03/2025_03_LG%20AIRLINE_PIECE%20CONCEPT_BAGAGES%20INTERNET%20ENG.pdf,https://www.luxair.lu/en/information/cabin-baggage,https://www.luxair.lu/sites/default/files/teaser_pdf/2025-03/2025_03_LG%20AIRLINE_PIECE%20CONCEPT_BAGAGES%20INTERNET%20ENG.pdf,,https://www.luxair.lu/en/checkin,https://www.luxair.lu/en/information/general-conditions-carriage,,yes,2026-09-03,2,3,no,yes,yes,https://www.luxair.lu/en/information/general-conditions-carriage,help_root;fare_conditions_url;article_selector;,"5/6 urls imported from filled priority CSV; conditions_of_carriage_url prefilled from Duffel refs; please verify.; Missing fields filled from buffertse/airline-data, which records official airline domains and deep links sourced from airline websites.",luxair-1600,https://raw.githubusercontent.com/buffertse/airline-data/main/data/airlines.csv; https://raw.githubusercontent.com/buffertse/airline-data/main/data/airline-links.csv
luxwing,Luxwing,BN,Malta,Scheduled,no,en,,Europe,https://luxwing.com,,,,,,,,,no,,0,0,no,no,no,,band;help_root;baggage_checked_url;baggage_carryon_url;baggage_fees_url;fare_conditions_url;checkin_url;conditions_of_carriage_url;article_selector;,,bahrain-air-1727,https://raw.githubusercontent.com/buffertse/airline-data/main/data/airlines.csv; https://raw.githubusercontent.com/buffertse/airline-data/main/data/airline-links.csv
lynden-air-cargo-llc,"Lynden Air Cargo, LLC",L2,United States,Scheduled,no,en,,North America,,,,,,,,,,no,,0,0,no,yes,no,,band;official_website;help_root;baggage_checked_url;baggage_carryon_url;baggage_fees_url;fare_conditions_url;checkin_url;conditions_of_carriage_url;article_selector;,,,
lynx-air,Lynx Air,Y9,Canada,Low-cost,no,en,,North America,,,,,,,,,,no,,0,0,no,no,no,,band;official_website;help_root;baggage_checked_url;baggage_carryon_url;baggage_fees_url;fare_conditions_url;checkin_url;conditions_of_carriage_url;article_selector;,,,
mayair,MAYAir,7M,Mexico,Scheduled,no,,,Latin America,https://mayair.com.mx,,,,,,,,,no,,0,0,no,no,yes,,locale;band;help_root;baggage_checked_url;baggage_carryon_url;baggage_fees_url;fare_conditions_url;checkin_url;conditions_of_carriage_url;article_selector;,"Missing fields filled from buffertse/airline-data, which records official airline domains and deep links sourced from airline websites.",mayair-124,https://raw.githubusercontent.com/buffertse/airline-data/main/data/airlines.csv; https://raw.githubusercontent.com/buffertse/airline-data/main/data/airline-links.csv
mhs-aviation,MHS Aviation,M2,Germany,Scheduled,no,,,Europe,https://mhs-aviation.de,,,,,,,,,no,,0,0,no,no,no,,locale;band;help_root;baggage_checked_url;baggage_carryon_url;baggage_fees_url;fare_conditions_url;checkin_url;conditions_of_carriage_url;article_selector;,,mhs-aviation-472,https://raw.githubusercontent.com/buffertse/airline-data/main/data/airlines.csv; https://raw.githubusercontent.com/buffertse/airline-data/main/data/airline-links.csv
miat-mongolian-airlines,MIAT Mongolian Airlines,OM,Mongolia,Scheduled,yes,en,manual-priority,Asia,https://www.miat.com,,https://miat.com/en/856/checked-baggage,https://miat.com/en/856/checked-baggage,https://miat.com/en/856/checked-baggage,,,https://www.miat.com/,,yes,2026-09-03,3,1,no,yes,yes,https://www.miat.com/,help_root;fare_conditions_url;checkin_url;article_selector;,"4/6 urls imported from filled priority CSV; conditions_of_carriage_url prefilled from Duffel refs; please verify.; Missing fields filled from buffertse/airline-data, which records official airline domains and deep links sourced from airline websites.",miat-mongolian-airlines-1425,https://raw.githubusercontent.com/buffertse/airline-data/main/data/airlines.csv; https://raw.githubusercontent.com/buffertse/airline-data/main/data/airline-links.csv
mng-airlines,MNG Airlines,MB,Turkey,Scheduled,no,,,Europe,https://mngairlines.com,,,,,,,,,no,,0,0,no,yes,no,,locale;band;help_root;baggage_checked_url;baggage_carryon_url;baggage_fees_url;fare_conditions_url;checkin_url;conditions_of_carriage_url;article_selector;,"Missing fields filled from buffertse/airline-data, which records official airline domains and deep links sourced from airline websites.",mng-airlines-635,https://raw.githubusercontent.com/buffertse/airline-data/main/data/airlines.csv; https://raw.githubusercontent.com/buffertse/airline-data/main/data/airline-links.csv
myairline,MYAirline,Z9,Malaysia,Low-cost,no,,,Asia,,,,,,,,,,no,,0,0,no,no,no,,locale;band;official_website;help_root;baggage_checked_url;baggage_carryon_url;baggage_fees_url;fare_conditions_url;checkin_url;conditions_of_carriage_url;article_selector;,,,
magnicharters,Magnicharters,0Z,Mexico,Scheduled,no,,,Latin America,,,,,,,,,,no,,0,0,no,no,yes,,locale;band;official_website;help_root;baggage_checked_url;baggage_carryon_url;baggage_fees_url;fare_conditions_url;checkin_url;conditions_of_carriage_url;article_selector;,,,
mahan-air,Mahan Air,W5,Iran,Scheduled,no,,,Middle East,,,,,,,,,,no,,0,0,no,yes,yes,,locale;band;official_website;help_root;baggage_checked_url;baggage_carryon_url;baggage_fees_url;fare_conditions_url;checkin_url;conditions_of_carriage_url;article_selector;,,,
malawi-airlines,Malawi Airlines,3W,Malawi,Scheduled,no,en,,Africa,https://malawian-airlines.com,,https://www.malawian-airlines.com/aa/information/baggage-information,https://www.malawian-airlines.com/aa/information/baggage-information/carry-on-baggage,https://www.malawian-airlines.com/aa/information/baggage-information,,,https://www.malawian-airlines.com/aa/information/essential-information/conditions-of-carriage,,no,,0,0,no,no,no,https://www.malawian-airlines.com/aa/information/essential-information/conditions-of-carriage,band;help_root;fare_conditions_url;checkin_url;article_selector;,,malawi-airlines-434,https://raw.githubusercontent.com/buffertse/airline-data/main/data/airlines.csv; https://raw.githubusercontent.com/buffertse/airline-data/main/data/airline-links.csv
maldivian,Maldivian,Q2,Maldives,Scheduled,yes,en,manual-priority,Asia,https://maldivian.aero,,https://maldivian.aero/flying-with-us/before-you-fly/baggage-policy.html,https://maldivian.aero/flying-with-us/before-you-fly/baggage-policy.html,https://maldivian.aero/flying-with-us/before-you-fly/high-volume-baggage-charges.html,,,,,yes,2026-09-03,0,3,no,yes,yes,,help_root;fare_conditions_url;checkin_url;conditions_of_carriage_url;article_selector;,"3/6 urls imported from filled priority CSV; Missing fields filled from buffertse/airline-data, which records official airline domains and deep links sourced from airline websites.",maldivian-516,https://raw.githubusercontent.com/buffertse/airline-data/main/data/airlines.csv; https://raw.githubusercontent.com/buffertse/airline-data/main/data/airline-links.csv
malta-air,Malta Air,MW,Malta,Low-cost,no,en,,Europe,https://mokuleleairlines.com,,,,,,,,,no,,0,0,no,no,no,,band;help_root;baggage_checked_url;baggage_carryon_url;baggage_fees_url;fare_conditions_url;checkin_url;conditions_of_carriage_url;article_selector;,,mokulele-airlines-555,https://raw.githubusercontent.com/buffertse/airline-data/main/data/airlines.csv; https://raw.githubusercontent.com/buffertse/airline-data/main/data/airline-links.csv
maluti-sky,Maluti Sky,7D,Lesotho,Scheduled,no,,,,,,,,,,,,,no,,0,0,no,no,no,,locale;band;region;official_website;help_root;baggage_checked_url;baggage_carryon_url;baggage_fees_url;fare_conditions_url;checkin_url;conditions_of_carriage_url;article_selector;,,,
mandarin-airlines,Mandarin Airlines,AE,Taiwan,Scheduled,yes,en,manual-priority,Asia,https://global.csair.com,,https://www.mandarin-airlines.com/english/airport_baggage.htm,https://www.mandarin-airlines.com/english/airport_baggage.htm,https://www.mandarin-airlines.com/english/airport_baggage.htm,,,https://global.csair.com/MO/GB/booking-policy/international-carriage-conditions,,yes,2026-09-03,0,4,no,no,yes,https://global.csair.com/MO/GB/booking-policy/international-carriage-conditions,help_root;fare_conditions_url;checkin_url;article_selector;,"4/6 urls imported from filled priority CSV; conditions_of_carriage_url prefilled from Duffel refs; please verify.; Missing fields filled from buffertse/airline-data, which records official airline domains and deep links sourced from airline websites.",mandarin-airlines-181,https://raw.githubusercontent.com/buffertse/airline-data/main/data/airlines.csv; https://raw.githubusercontent.com/buffertse/airline-data/main/data/airline-links.csv
mango,Mango,JE,South Africa,Low-cost,no,en,,Africa,https://flymango.com,,,,,,,,,no,,0,0,no,yes,yes,,band;help_root;baggage_checked_url;baggage_carryon_url;baggage_fees_url;fare_conditions_url;checkin_url;conditions_of_carriage_url;article_selector;,"Missing fields filled from buffertse/airline-data, which records official airline domains and deep links sourced from airline websites.",mango-207,https://raw.githubusercontent.com/buffertse/airline-data/main/data/airlines.csv; https://raw.githubusercontent.com/buffertse/airline-data/main/data/airline-links.csv
mann-yadanarpon-airlines,Mann Yadanarpon Airlines,7Y,Myanmar,Scheduled,no,,,Asia,https://medairways.com,,https://airmyp.com/extra-baggage,https://airmyp.com/extra-baggage,https://airmyp.com/extra-baggage,,,,,no,,0,0,no,no,no,,locale;band;help_root;fare_conditions_url;checkin_url;conditions_of_carriage_url;article_selector;,,mann-yatanarpon-airlines-537,https://raw.githubusercontent.com/buffertse/airline-data/main/data/airlines.csv; https://raw.githubusercontent.com/buffertse/airline-data/main/data/airline-links.csv
manta-air,Manta Air,NR,Maldives,Scheduled,no,,,Asia,,,,,,,,,,no,,0,0,no,no,no,,locale;band;official_website;help_root;baggage_checked_url;baggage_carryon_url;baggage_fees_url;fare_conditions_url;checkin_url;conditions_of_carriage_url;article_selector;,,,
marabu,Marabu,DI,Germany,Scheduled,no,en,,Europe,https://www.norwegian.com,,https://flymarabu.com/en/checked-baggage,https://flymarabu.com/en/cabin-baggage,https://flymarabu.com/en/baggage,,,https://www.norwegian.com/uk/booking/booking-information/legal/general-conditions-of-carriage/,,no,,0,0,no,no,no,https://www.norwegian.com/uk/booking/booking-information/legal/general-conditions-of-carriage/,band;help_root;fare_conditions_url;checkin_url;article_selector;,,marabu-airlines-210,https://raw.githubusercontent.com/buffertse/airline-data/main/data/airlines.csv; https://raw.githubusercontent.com/buffertse/airline-data/main/data/airline-links.csv
marathon-airlines,Marathon Airlines,O8,Greece,Scheduled,no,,,Europe,https://flymarathon.aero,,,,,,,,,no,,0,0,no,no,no,,locale;band;help_root;baggage_checked_url;baggage_carryon_url;baggage_fees_url;fare_conditions_url;checkin_url;conditions_of_carriage_url;article_selector;,,marathon-airlines-208,https://raw.githubusercontent.com/buffertse/airline-data/main/data/airlines.csv; https://raw.githubusercontent.com/buffertse/airline-data/main/data/airline-links.csv
martinair,Martinair,MP,Netherlands,Scheduled,no,,,Europe,https://martinair.com,https://www.martinair.com/general-contact,,,,,,,,no,,0,0,no,yes,no,,locale;band;baggage_checked_url;baggage_carryon_url;baggage_fees_url;fare_conditions_url;checkin_url;conditions_of_carriage_url;article_selector;,"Missing fields filled from buffertse/airline-data, which records official airline domains and deep links sourced from airline websites.",martinair-1204,https://raw.githubusercontent.com/buffertse/airline-data/main/data/airlines.csv; https://raw.githubusercontent.com/buffertse/airline-data/main/data/airline-links.csv
mas-de-carga-sa-de-cv-dba-masair,Mas de Carga S.A. de C.V. dba Masair,M7,Mexico,Scheduled,no,en,,Latin America,https://masair.com,https://www.masair.com/en/contacto.html,,,,,,,,no,,0,0,no,no,no,,band;baggage_checked_url;baggage_carryon_url;baggage_fees_url;fare_conditions_url;checkin_url;conditions_of_carriage_url;article_selector;,,masair-cargo-mexico-233,https://raw.githubusercontent.com/buffertse/airline-data/main/data/airlines.csv; https://raw.githubusercontent.com/buffertse/airline-data/main/data/airline-links.csv
mauritania-airlines,Mauritania Airlines,L6,Mauritania,Scheduled,no,,,Africa,https://mauritaniaairlines.mr,,https://www.mauritaniaairlines.mr/index.php/franchises-bagages,https://www.mauritaniaairlines.mr/index.php/franchises-bagages,https://www.mauritaniaairlines.mr/index.php/franchises-bagages,,,,,no,,0,0,no,no,no,,locale;band;help_root;fare_conditions_url;checkin_url;conditions_of_carriage_url;article_selector;,,mauritania-airlines-1039,https://raw.githubusercontent.com/buffertse/airline-data/main/data/airlines.csv; https://raw.githubusercontent.com/buffertse/airline-data/main/data/airline-links.csv
mavi-gok-airlines,Mavi Gok Airlines,4M,Turkey,Scheduled,no,en,,Europe,https://mga.aero,,https://mga.aero/en/travel/baggage/standard-free-baggage,https://mga.aero/en/travel/baggage/carry-on-baggage-rules,https://mga.aero/en/travel/baggage/excess-baggage-and-seat-fees,,,,,no,,0,0,no,no,no,,band;help_root;fare_conditions_url;checkin_url;conditions_of_carriage_url;article_selector;,,q113278691-142,https://raw.githubusercontent.com/buffertse/airline-data/main/data/airlines.csv; https://raw.githubusercontent.com/buffertse/airline-data/main/data/airline-links.csv
maximus-air,Maximus Air,6M,United Arab Emirates,Scheduled,no,,,Middle East,,,,,,,,,,no,,0,0,no,no,no,,locale;band;official_website;help_root;baggage_checked_url;baggage_carryon_url;baggage_fees_url;fare_conditions_url;checkin_url;conditions_of_carriage_url;article_selector;,,,
maya-island-air,Maya Island Air,2M,Belize,Scheduled,yes,en,manual-priority,Asia,https://www.mayaislandair.com,,https://www.mayaislandair.com/belize-flights-baggage,https://www.mayaislandair.com/belize-flights-baggage,https://www.mayaislandair.com/belize-flights-baggage,,,https://www.mayaislandair.com/Information/Terms-and-Conditions,,yes,2026-09-03,4,0,no,yes,no,https://www.mayaislandair.com/Information/Terms-and-Conditions,help_root;fare_conditions_url;checkin_url;article_selector;,"4/6 urls imported from filled priority CSV; conditions_of_carriage_url prefilled from Duffel refs; please verify.; Missing fields filled from buffertse/airline-data, which records official airline domains and deep links sourced from airline websites.",maya-island-air-361,https://raw.githubusercontent.com/buffertse/airline-data/main/data/airlines.csv; https://raw.githubusercontent.com/buffertse/airline-data/main/data/airline-links.csv; https://raw.githubusercontent.com/buffertse/airline-data/main/derived/baggage-summary.csv
meraj-airlines,Meraj Airlines,0I,Iran,Scheduled,no,,,Middle East,,,,,,,,,,no,,0,0,no,no,no,,locale;band;official_website;help_root;baggage_checked_url;baggage_carryon_url;baggage_fees_url;fare_conditions_url;checkin_url;conditions_of_carriage_url;article_selector;,,,
mesa-airlines,Mesa Airlines,YV,United States,Scheduled,no,en,,North America,https://mesa-air.com,,,,,,,,,no,,0,0,no,no,no,,band;help_root;baggage_checked_url;baggage_carryon_url;baggage_fees_url;fare_conditions_url;checkin_url;conditions_of_carriage_url;article_selector;,,mesa-airlines-645,https://raw.githubusercontent.com/buffertse/airline-data/main/data/airlines.csv; https://raw.githubusercontent.com/buffertse/airline-data/main/data/airline-links.csv
metrojet,MetroJet,7K,Hong Kong SAR of China,Scheduled,no,,,,,,,,,,,,,no,,0,0,no,no,no,,locale;band;region;official_website;help_root;baggage_checked_url;baggage_carryon_url;baggage_fees_url;fare_conditions_url;checkin_url;conditions_of_carriage_url;article_selector;,,,
middle-east-airlines,Middle East Airlines,ME,Lebanon,Low-cost,yes,en,manual-priority,Asia,https://www.mea.com.lb,,,,,,,https://www.mea.com.lb/english/plan-and-book/legal-notices/conditions-of-carriage,,yes,2026-09-03,0,1,no,yes,no,https://www.mea.com.lb/english/plan-and-book/legal-notices/conditions-of-carriage,help_root;baggage_checked_url;baggage_carryon_url;baggage_fees_url;fare_conditions_url;checkin_url;article_selector;,1/6 urls imported from filled priority CSV; conditions_of_carriage_url prefilled from Duffel refs; please verify.,,
mistral-air,Mistral Air,M4,Italy,Scheduled,no,,,Europe,https://posteaircargo.it,,,,,,,,,no,,0,0,no,no,no,,locale;band;help_root;baggage_checked_url;baggage_carryon_url;baggage_fees_url;fare_conditions_url;checkin_url;conditions_of_carriage_url;article_selector;,,poste-air-cargo-652,https://raw.githubusercontent.com/buffertse/airline-data/main/data/airlines.csv; https://raw.githubusercontent.com/buffertse/airline-data/main/data/airline-links.csv
moldavian-airlines,Moldavian Airlines,2М,Moldova,Scheduled,no,,,Europe,,,,,,,,,,no,,0,0,no,no,no,,locale;band;official_website;help_root;baggage_checked_url;baggage_carryon_url;baggage_fees_url;fare_conditions_url;checkin_url;conditions_of_carriage_url;article_selector;,,,
monacair,Monacair,QM,Monaco,Scheduled,no,,,,https://monacair.mc,,,,,,,,,no,,0,0,no,no,yes,,locale;band;region;help_root;baggage_checked_url;baggage_carryon_url;baggage_fees_url;fare_conditions_url;checkin_url;conditions_of_carriage_url;article_selector;,"Missing fields filled from buffertse/airline-data, which records official airline domains and deep links sourced from airline websites.",monacair-517,https://raw.githubusercontent.com/buffertse/airline-data/main/data/airlines.csv; https://raw.githubusercontent.com/buffertse/airline-data/main/data/airline-links.csv
montenegro-airlines,Montenegro Airlines,YM,Montenegro,Scheduled,no,,,Europe,,,,,,,,,,no,,0,0,no,yes,no,,locale;band;official_website;help_root;baggage_checked_url;baggage_carryon_url;baggage_fees_url;fare_conditions_url;checkin_url;conditions_of_carriage_url;article_selector;,,,
motor-sich-airlines,Motor Sich Airlines,M9,Ukraine,Scheduled,yes,en,manual-priority,Europe,https://flymotorsich.com,,,,,,,https://flymotorsich.com/en/pages/conditions,,yes,2026-09-03,0,1,no,yes,no,https://flymotorsich.com/en/pages/conditions,help_root;baggage_checked_url;baggage_carryon_url;baggage_fees_url;fare_conditions_url;checkin_url;article_selector;,1/6 urls imported from filled priority CSV; conditions_of_carriage_url prefilled from Duffel refs; please verify.,,
myanmar-airways-international,Myanmar Airways International,8M,Myanmar,Scheduled,yes,en,manual-priority,Asia,https://maiair.com,,https://www.maiair.com/plan-your-journey/before-you-fly/checked-baggage,https://www.maiair.com/plan-your-journey/before-you-fly/checked-baggage,https://www.maiair.com/plan-your-journey/before-you-fly/checked-baggage,,,https://maiair.com/plan-your-journey/general-conditions-of-carriage,,yes,2026-09-03,0,4,no,yes,yes,https://maiair.com/plan-your-journey/general-conditions-of-carriage,help_root;fare_conditions_url;checkin_url;article_selector;,"4/6 urls imported from filled priority CSV; conditions_of_carriage_url prefilled from Duffel refs; please verify.; Missing fields filled from buffertse/airline-data, which records official airline domains and deep links sourced from airline websites.",myanmar-airways-international-639,https://raw.githubusercontent.com/buffertse/airline-data/main/data/airlines.csv; https://raw.githubusercontent.com/buffertse/airline-data/main/data/airline-links.csv; https://raw.githubusercontent.com/buffertse/airline-data/main/derived/baggage-summary.csv
myanmar-national-airlines,Myanmar National Airlines,UB,Myanmar,Scheduled,no,,,Asia,https://secure.flymna.com,,,,,,,,,no,,0,0,no,no,yes,,locale;band;help_root;baggage_checked_url;baggage_carryon_url;baggage_fees_url;fare_conditions_url;checkin_url;conditions_of_carriage_url;article_selector;,"Missing fields filled from buffertse/airline-data, which records official airline domains and deep links sourced from airline websites.",myanmar-national-airlines-3,https://raw.githubusercontent.com/buffertse/airline-data/main/data/airlines.csv; https://raw.githubusercontent.com/buffertse/airline-data/main/data/airline-links.csv
myway-airlines,Myway Airlines,MJ,Georgia,Scheduled,yes,en,manual-priority,Asia,https://mywayairlines.com,,,,,,,https://mywayairlines.com/en/381/General-Condition-of-Carriage,,yes,2026-09-03,0,1,no,no,yes,https://mywayairlines.com/en/381/General-Condition-of-Carriage,help_root;baggage_checked_url;baggage_carryon_url;baggage_fees_url;fare_conditions_url;checkin_url;article_selector;,1/6 urls imported from filled priority CSV; conditions_of_carriage_url prefilled from Duffel refs; please verify.,,
nam-air,NAM Air,IN,Indonesia,Scheduled,no,,,Asia,,,,,,,,,,no,,0,0,no,no,yes,,locale;band;official_website;help_root;baggage_checked_url;baggage_carryon_url;baggage_fees_url;fare_conditions_url;checkin_url;conditions_of_carriage_url;article_selector;,,,
norra,NORRA,N7,Finland,Scheduled,no,,,Europe,https://flynorra.com,https://www.flynorra.com/contact-us,,,,,,,,no,,0,0,no,no,no,,locale;band;baggage_checked_url;baggage_carryon_url;baggage_fees_url;fare_conditions_url;checkin_url;conditions_of_carriage_url;article_selector;,,nordic-regional-airlines-407,https://raw.githubusercontent.com/buffertse/airline-data/main/data/airlines.csv; https://raw.githubusercontent.com/buffertse/airline-data/main/data/airline-links.csv
nova-airlines,NOVA Airlines,O9,Sudan,Scheduled,no,,,Africa,https://novaairways.com,,,,,,,,,no,,0,0,no,yes,no,,locale;band;help_root;baggage_checked_url;baggage_carryon_url;baggage_fees_url;fare_conditions_url;checkin_url;conditions_of_carriage_url;article_selector;,"Missing fields filled from buffertse/airline-data, which records official airline domains and deep links sourced from airline websites.",nova-airline-1578,https://raw.githubusercontent.com/buffertse/airline-data/main/data/airlines.csv; https://raw.githubusercontent.com/buffertse/airline-data/main/data/airline-links.csv
nakina-air-service,Nakina Air Service,T2,Canada,Scheduled,no,en,,North America,,,,,,,,,,no,,0,0,no,no,no,,band;official_website;help_root;baggage_checked_url;baggage_carryon_url;baggage_fees_url;fare_conditions_url;checkin_url;conditions_of_carriage_url;article_selector;,,,
naryan-mar-airlines,Naryan-Mar Airlines,НЯ,Russia,Scheduled,no,,,Europe,,,,,,,,,,no,,0,0,no,no,no,,locale;band;official_website;help_root;baggage_checked_url;baggage_carryon_url;baggage_fees_url;fare_conditions_url;checkin_url;conditions_of_carriage_url;article_selector;,,,
national-airlines,National Airlines,N8,United States,Scheduled,yes,en-us,manual-priority,North America,https://www.nationalairlines.com,,https://www.nationalairlines.com/baggage-info,https://www.nationalairlines.com/baggage-info,https://www.nationalairlines.com/baggage-info,https://www.nationalairlines.com/,https://www.nationalairlines.com/,https://www.nationalairlines.com/,,yes,2026-09-03,0,3,no,yes,no,,help_root;article_selector;,"3/6 urls imported from filled priority CSV; Missing fields filled from buffertse/airline-data, which records official airline domains and deep links sourced from airline websites.",national-airlines-1788,https://raw.githubusercontent.com/buffertse/airline-data/main/data/airlines.csv; https://raw.githubusercontent.com/buffertse/airline-data/main/data/airline-links.csv; https://raw.githubusercontent.com/buffertse/airline-data/main/derived/baggage-summary.csv
nauru-airlines,Nauru Airlines,ON,Nauru,Scheduled,yes,en,manual-priority,Australia/Pacific,https://www.nauruair.com,,https://www.nauruair.com/travel-info/baggage,https://www.nauruair.com/travel-info/baggage,https://www.nauruair.com/travel-info/baggage,,,https://www.nauruair.com/travel-info/conditions-of-carriage,,yes,2026-09-03,4,0,no,yes,yes,https://www.nauruair.com/travel-info/conditions-of-carriage,help_root;fare_conditions_url;checkin_url;article_selector;,"4/6 urls imported from filled priority CSV; Missing fields filled from buffertse/airline-data, which records official airline domains and deep links sourced from airline websites.",nauru-airlines-646,https://raw.githubusercontent.com/buffertse/airline-data/main/data/airlines.csv; https://raw.githubusercontent.com/buffertse/airline-data/main/data/airline-links.csv; https://raw.githubusercontent.com/buffertse/airline-data/main/derived/baggage-summary.csv
navios-evolusi-solusindo,Navios Evolusi Solusindo,1J,Indonesia,Scheduled,no,,,Asia,,,,,,,,,,no,,0,0,no,no,no,,locale;band;official_website;help_root;baggage_checked_url;baggage_carryon_url;baggage_fees_url;fare_conditions_url;checkin_url;conditions_of_carriage_url;article_selector;,,,
navitaire,Navitaire,1N,United States,Scheduled,no,en,,North America,,,,,,,,,,no,,0,0,no,no,no,,band;official_website;help_root;baggage_checked_url;baggage_carryon_url;baggage_fees_url;fare_conditions_url;checkin_url;conditions_of_carriage_url;article_selector;,,,
neos,Neos,NO,Italy,Scheduled,yes,en,manual-priority,Europe,https://www.neosair.com,,https://www.neosair.com/en/information/checked-baggages,https://www.neosair.com/en/information/carry-on-baggages,https://www.neosair.com/en/information/checked-baggages,,,,,yes,2026-09-03,0,3,no,yes,yes,,help_root;fare_conditions_url;checkin_url;conditions_of_carriage_url;article_selector;,"3/6 urls imported from filled priority CSV; Missing fields filled from buffertse/airline-data, which records official airline domains and deep links sourced from airline websites.",neos-1631,https://raw.githubusercontent.com/buffertse/airline-data/main/data/airlines.csv; https://raw.githubusercontent.com/buffertse/airline-data/main/data/airline-links.csv
nepal-airlines,Nepal Airlines,RA,Nepal,Scheduled,yes,en,manual-priority,Asia,https://nepalairlines.com.np,,https://www.nepalairlines.com.np/baggage,https://www.nepalairlines.com.np/carry-on-baggage,https://www.nepalairlines.com.np/baggage,,,https://nepalairlines.com.np/instructions,,yes,2026-09-03,0,4,no,no,yes,https://nepalairlines.com.np/instructions,help_root;fare_conditions_url;checkin_url;article_selector;,"4/6 urls imported from filled priority CSV; conditions_of_carriage_url prefilled from Duffel refs; please verify.; Missing fields filled from buffertse/airline-data, which records official airline domains and deep links sourced from airline websites.",nepal-airlines-1446,https://raw.githubusercontent.com/buffertse/airline-data/main/data/airlines.csv; https://raw.githubusercontent.com/buffertse/airline-data/main/data/airline-links.csv
nesma-airlines,Nesma Airlines,NE,Egypt,Scheduled,no,,,Africa,https://nesmaairlines.com,,https://www.nesmaairlines.com/baggage,https://www.nesmaairlines.com/baggage,https://www.nesmaairlines.com/baggage,,,,,no,,0,0,no,no,no,,locale;band;help_root;fare_conditions_url;checkin_url;conditions_of_carriage_url;article_selector;,,nesma-airlines-481,https://raw.githubusercontent.com/buffertse/airline-data/main/data/airlines.csv; https://raw.githubusercontent.com/buffertse/airline-data/main/data/airline-links.csv
new-pacific-airlines,New Pacific Airlines,7H,United States,Low-cost,no,en,,North America,,,,,,,,,,no,,0,0,no,no,no,,band;official_website;help_root;baggage_checked_url;baggage_carryon_url;baggage_fees_url;fare_conditions_url;checkin_url;conditions_of_carriage_url;article_selector;,,,
nexus-airlines,Nexus Airlines,GD,Australia,Scheduled,no,en,,Australia/Pacific,,,,,,,,,,no,,0,0,no,no,no,,band;official_website;help_root;baggage_checked_url;baggage_carryon_url;baggage_fees_url;fare_conditions_url;checkin_url;conditions_of_carriage_url;article_selector;,,,
niger-airlines,Niger Airlines,6N,Niger,Scheduled,no,,,Africa,https://alnaserairlines.com,,,,,,,,,no,,0,0,no,no,no,,locale;band;help_root;baggage_checked_url;baggage_carryon_url;baggage_fees_url;fare_conditions_url;checkin_url;conditions_of_carriage_url;article_selector;,,al-naser-airlines-349,https://raw.githubusercontent.com/buffertse/airline-data/main/data/airlines.csv; https://raw.githubusercontent.com/buffertse/airline-data/main/data/airline-links.csv
niki,Niki,HG,Austria,Low-cost,no,,,Europe,,,,,,,,,,no,,0,0,no,no,yes,,locale;band;official_website;help_root;baggage_checked_url;baggage_carryon_url;baggage_fees_url;fare_conditions_url;checkin_url;conditions_of_carriage_url;article_selector;,,,
nile-air,Nile Air,NP,Egypt,Scheduled,yes,en,manual-priority,Africa,https://www.nileair.com,,,,,,,https://www.nileair.com/#/en/home,,yes,2026-09-03,0,1,no,yes,yes,https://www.nileair.com/#/en/home,help_root;baggage_checked_url;baggage_carryon_url;baggage_fees_url;fare_conditions_url;checkin_url;article_selector;,1/6 urls imported from filled priority CSV; conditions_of_carriage_url prefilled from Duffel refs; please verify.,,
ningxia-cargo-airlines-coltd,"Ningxia Cargo Airlines CO.,LTD",HT,China,Scheduled,no,,,Asia,https://airhorizont.com,,,,,,,,,no,,0,0,no,no,no,,locale;band;help_root;baggage_checked_url;baggage_carryon_url;baggage_fees_url;fare_conditions_url;checkin_url;conditions_of_carriage_url;article_selector;,,air-horizont-663,https://raw.githubusercontent.com/buffertse/airline-data/main/data/airlines.csv; https://raw.githubusercontent.com/buffertse/airline-data/main/data/airline-links.csv
nippon-cargo-airlines,Nippon Cargo Airlines,KZ,Japan,Scheduled,no,,,Asia,https://nca.aero,,,,,,,,,no,,0,0,no,yes,no,,locale;band;help_root;baggage_checked_url;baggage_carryon_url;baggage_fees_url;fare_conditions_url;checkin_url;conditions_of_carriage_url;article_selector;,"Missing fields filled from buffertse/airline-data, which records official airline domains and deep links sourced from airline websites.",nippon-cargo-airlines-351,https://raw.githubusercontent.com/buffertse/airline-data/main/data/airlines.csv; https://raw.githubusercontent.com/buffertse/airline-data/main/data/airline-links.csv
nok-air,Nok Air,DD,Thailand,Low-cost,yes,en,manual-priority,Asia,https://content.nokair.com,,https://content.nokair.com/en/Journey-Planning/Baggage.aspx,https://content.nokair.com/en/Journey-Planning/Baggage/Hand-Baggage-allowance.aspx,https://content.nokair.com/en/Journey-Planning/Baggage.aspx,,,,,yes,2026-09-03,2,1,no,yes,yes,,help_root;fare_conditions_url;checkin_url;conditions_of_carriage_url;article_selector;,"3/6 urls imported from filled priority CSV; Missing fields filled from buffertse/airline-data, which records official airline domains and deep links sourced from airline websites.",nok-air-64,https://raw.githubusercontent.com/buffertse/airline-data/main/data/airlines.csv; https://raw.githubusercontent.com/buffertse/airline-data/main/data/airline-links.csv
nokscoot,NokScoot,XW,Thailand,Low-cost,no,,,Asia,,,,,,,,,,no,,0,0,no,no,yes,,locale;band;official_website;help_root;baggage_checked_url;baggage_carryon_url;baggage_fees_url;fare_conditions_url;checkin_url;conditions_of_carriage_url;article_selector;,,,
nolinor-aviation,Nolinor Aviation,N5,Canada,Scheduled,no,en,,North America,https://flyeasyindia.com,,,,,,,,,no,,0,0,no,no,no,,band;help_root;baggage_checked_url;baggage_carryon_url;baggage_fees_url;fare_conditions_url;checkin_url;conditions_of_carriage_url;article_selector;,,medavia-1794,https://raw.githubusercontent.com/buffertse/airline-data/main/data/airlines.csv; https://raw.githubusercontent.com/buffertse/airline-data/main/data/airline-links.csv
nomad-aviation,Nomad Aviation,X,Namibia,Scheduled,no,,,Africa,,,,,,,,,,no,,0,0,no,no,no,,locale;band;official_website;help_root;baggage_checked_url;baggage_carryon_url;baggage_fees_url;fare_conditions_url;checkin_url;conditions_of_carriage_url;article_selector;,Public directories list Bay Air/Nomad Aviation with no standard two-letter IATA code; retained placeholder X used by directory source.,,https://airhex.com/airlines/bay-air-aviation/; https://www.windhoek-airport.com/en/int/booking/national_fleet.php?lg=en
nomad-aviation-pty-ltd,Nomad Aviation (PTY) Ltd.,N6,South Africa,Scheduled,no,en,,Africa,https://bay-air.com,https://www.bay-air.com/contact-us,,,,,,,,no,,0,0,no,no,no,,band;baggage_checked_url;baggage_carryon_url;baggage_fees_url;fare_conditions_url;checkin_url;conditions_of_carriage_url;article_selector;,,bay-air-aviation-1733,https://raw.githubusercontent.com/buffertse/airline-data/main/data/airlines.csv; https://raw.githubusercontent.com/buffertse/airline-data/main/data/airline-links.csv
nordstar,NordStar,Y7,Russia,Scheduled,no,,,Europe,,,,,,,,,,no,,0,0,no,no,yes,,locale;band;official_website;help_root;baggage_checked_url;baggage_carryon_url;baggage_fees_url;fare_conditions_url;checkin_url;conditions_of_carriage_url;article_selector;,,,
nordwind-airlines,Nordwind Airlines,N4,Russia,Scheduled,yes,en,manual-priority,Europe,https://nordwindairlines.ru,,https://nordwindairlines.ru/en/faq/baggage,https://nordwindairlines.ru/en/faq/hand-luggage,https://nordwindairlines.ru/en/faq/baggage,,,,,yes,2026-09-03,0,3,no,yes,yes,,help_root;fare_conditions_url;checkin_url;conditions_of_carriage_url;article_selector;,"3/6 urls imported from filled priority CSV; Missing fields filled from buffertse/airline-data, which records official airline domains and deep links sourced from airline websites.",nordwind-airlines-624,https://raw.githubusercontent.com/buffertse/airline-data/main/data/airlines.csv; https://raw.githubusercontent.com/buffertse/airline-data/main/data/airline-links.csv; https://raw.githubusercontent.com/buffertse/airline-data/main/derived/baggage-summary.csv
norse-atlantic-airways,Norse Atlantic Airways,N0,Norway,Low-cost,no,,,Europe,https://flynorse.com,,https://help.flynorse.com/articles/baggage/excess-baggage/62668e5dd0c1607a2b555183,https://help.flynorse.com/articles/baggage/excess-baggage/62668e5dd0c1607a2b555183,https://help.flynorse.com/articles/baggage/excess-baggage/62668e5dd0c1607a2b555183,,,https://flynorse.com/en-GB/support/coc,,no,,0,0,no,no,no,https://flynorse.com/en-GB/support/coc,locale;band;help_root;fare_conditions_url;checkin_url;article_selector;,,norse-atlantic-airways-73,https://raw.githubusercontent.com/buffertse/airline-data/main/data/airlines.csv; https://raw.githubusercontent.com/buffertse/airline-data/main/data/airline-links.csv
norse-atlantic-uk,Norse Atlantic UK,Z0,United Kingdom,Low-cost,no,en,,Europe,,,,,,,,,,no,,0,0,no,yes,no,,band;official_website;help_root;baggage_checked_url;baggage_carryon_url;baggage_fees_url;fare_conditions_url;checkin_url;conditions_of_carriage_url;article_selector;,,,
north-flying,North Flying,M3,Denmark,Scheduled,no,en,,Europe,https://latamcargo.com,https://www.latamcargo.com/en/customercare,,,,,,,,no,,0,0,no,no,no,,band;baggage_checked_url;baggage_carryon_url;baggage_fees_url;fare_conditions_url;checkin_url;conditions_of_carriage_url;article_selector;,,q1189545-232,https://raw.githubusercontent.com/buffertse/airline-data/main/data/airlines.csv; https://raw.githubusercontent.com/buffertse/airline-data/main/data/airline-links.csv
north-wright-airways,North-Wright Airways,HW,Canada,Scheduled,no,en,,North America,https://north-wrightairways.com,,https://north-wrightairways.com/lost-baggage-form,https://north-wrightairways.com/lost-baggage-form,https://north-wrightairways.com/lost-baggage-form,,,,,no,,0,0,no,no,no,,band;help_root;fare_conditions_url;checkin_url;conditions_of_carriage_url;article_selector;,,north-wright-airways-564,https://raw.githubusercontent.com/buffertse/airline-data/main/data/airlines.csv; https://raw.githubusercontent.com/buffertse/airline-data/main/data/airline-links.csv
northern-air-cargo,Northern Air Cargo,NC,United States,Scheduled,no,en,,North America,https://cobham.com.au,,,,,,,,,no,,0,0,no,yes,no,,band;help_root;baggage_checked_url;baggage_carryon_url;baggage_fees_url;fare_conditions_url;checkin_url;conditions_of_carriage_url;article_selector;,"Missing fields filled from buffertse/airline-data, which records official airline domains and deep links sourced from airline websites.",northern-air-cargo-1789,https://raw.githubusercontent.com/buffertse/airline-data/main/data/airlines.csv; https://raw.githubusercontent.com/buffertse/airline-data/main/data/airline-links.csv
northwest,Northwest,0E,United States,Scheduled,no,en,,North America,,,,,,,,,,no,,0,0,no,no,no,,band;official_website;help_root;baggage_checked_url;baggage_carryon_url;baggage_fees_url;fare_conditions_url;checkin_url;conditions_of_carriage_url;article_selector;,,,
northwest-airlines,Northwest Airlines,NW,United States,Scheduled,no,en,,North America,,,,,,,,,,no,,0,0,no,yes,no,,band;official_website;help_root;baggage_checked_url;baggage_carryon_url;baggage_fees_url;fare_conditions_url;checkin_url;conditions_of_carriage_url;article_selector;,,,
northwestern-air,Northwestern Air,J3,Canada,Scheduled,no,en,,North America,,,,,,,,,,no,,0,0,no,yes,no,,band;official_website;help_root;baggage_checked_url;baggage_carryon_url;baggage_fees_url;fare_conditions_url;checkin_url;conditions_of_carriage_url;article_selector;,,,
norwegian-air-shuttle,Norwegian Air Shuttle,DY,Norway,Low-cost,no,,,Europe,https://www.norwegian.com,,,,,,,https://www.norwegian.com/uk/booking/booking-information/legal/general-conditions-of-carriage/,,no,,0,0,no,no,no,https://www.norwegian.com/uk/booking/booking-information/legal/general-conditions-of-carriage/,locale;band;help_root;baggage_checked_url;baggage_carryon_url;baggage_fees_url;fare_conditions_url;checkin_url;article_selector;,,,
norwegian-air-sweden,Norwegian Air Sweden,D8,Sweden,Scheduled,yes,en,manual-priority,Europe,https://www.norwegian.com,,,,,,,https://www.norwegian.com/en/booking/helpful-booking-info/legal/general-conditions-of-carriage/,,yes,2026-09-03,0,1,no,yes,no,https://www.norwegian.com/en/booking/helpful-booking-info/legal/general-conditions-of-carriage/,help_root;baggage_checked_url;baggage_carryon_url;baggage_fees_url;fare_conditions_url;checkin_url;article_selector;,1/6 urls imported from filled priority CSV; conditions_of_carriage_url prefilled from Duffel refs; please verify.,,
norwegian-long-haul,Norwegian Long Haul,DU,Norway,Scheduled,no,,,Europe,https://airliaison.ca,,,,,,,,,no,,0,0,no,no,no,,locale;band;help_root;baggage_checked_url;baggage_carryon_url;baggage_fees_url;fare_conditions_url;checkin_url;conditions_of_carriage_url;article_selector;,,air-liaison-1513,https://raw.githubusercontent.com/buffertse/airline-data/main/data/airlines.csv; https://raw.githubusercontent.com/buffertse/airline-data/main/data/airline-links.csv
nouvelair,Nouvelair,BJ,Tunisia,Scheduled,yes,en,manual-priority,Africa,https://www.nouvelair.com,,https://www.nouvelair.com/en/bagage,https://www.nouvelair.com/en/bagage,https://www.nouvelair.com/en/bagage,,,,,yes,2026-09-03,0,3,no,yes,no,,help_root;fare_conditions_url;checkin_url;conditions_of_carriage_url;article_selector;,"3/6 urls imported from filled priority CSV; Missing fields filled from buffertse/airline-data, which records official airline domains and deep links sourced from airline websites.",nouvelair-760,https://raw.githubusercontent.com/buffertse/airline-data/main/data/airlines.csv; https://raw.githubusercontent.com/buffertse/airline-data/main/data/airline-links.csv; https://raw.githubusercontent.com/buffertse/airline-data/main/derived/baggage-summary.csv
novair,NovAir,NG,Sweden,Scheduled,no,,,Europe,https://novair.am,,,,,,,,,no,,0,0,no,no,no,,locale;band;help_root;baggage_checked_url;baggage_carryon_url;baggage_fees_url;fare_conditions_url;checkin_url;conditions_of_carriage_url;article_selector;,,novair-36,https://raw.githubusercontent.com/buffertse/airline-data/main/data/airlines.csv; https://raw.githubusercontent.com/buffertse/airline-data/main/data/airline-links.csv
novoair,Novoair,VQ,Bangladesh,Scheduled,yes,en,manual-priority,Asia,https://www.flynovoair.com,,https://www.flynovoair.com/travelinfo/baggage/pets,https://www.flynovoair.com/travelinfo/baggage/pets,https://www.flynovoair.com/travelinfo/baggage/pets,,,,,yes,2026-09-03,0,3,no,no,yes,,help_root;fare_conditions_url;checkin_url;conditions_of_carriage_url;article_selector;,"3/6 urls imported from filled priority CSV; Missing fields filled from buffertse/airline-data, which records official airline domains and deep links sourced from airline websites.",novoair-971,https://raw.githubusercontent.com/buffertse/airline-data/main/data/airlines.csv; https://raw.githubusercontent.com/buffertse/airline-data/main/data/airline-links.csv
nyxair,NyxAir,OJ,Estonia,Scheduled,no,,,Europe,https://solaair.se,,,,,,,,,no,,0,0,no,no,no,,locale;band;help_root;baggage_checked_url;baggage_carryon_url;baggage_fees_url;fare_conditions_url;checkin_url;conditions_of_carriage_url;article_selector;,,sola-air-376,https://raw.githubusercontent.com/buffertse/airline-data/main/data/airlines.csv; https://raw.githubusercontent.com/buffertse/airline-data/main/data/airline-links.csv
okay-airways,Okay Airways,BK,China,Scheduled,no,,,Asia,,,,,,,,,,no,,0,0,no,yes,yes,,locale;band;official_website;help_root;baggage_checked_url;baggage_carryon_url;baggage_fees_url;fare_conditions_url;checkin_url;conditions_of_carriage_url;article_selector;,,,
olympic-air,Olympic Air,OA,Greece,Scheduled,yes,en,manual-priority,Europe,https://www.olympicair.com,,https://www.olympicair.com/en/travel-information/travelling-with-olympic-air/baggage,https://www.olympicair.com/en/travel-information/travelling-with-olympic-air/baggage/baggage-info,https://www.olympicair.com/en/travel-information/travelling-with-olympic-air/baggage,,,https://www.olympicair.com/en/conditions-and-notices/,,yes,2026-09-03,0,4,no,yes,no,https://www.olympicair.com/en/conditions-and-notices/,help_root;fare_conditions_url;checkin_url;article_selector;,"4/6 urls imported from filled priority CSV; conditions_of_carriage_url prefilled from Duffel refs; please verify.; Missing fields filled from buffertse/airline-data, which records official airline domains and deep links sourced from airline websites.",olympic-air-1443,https://raw.githubusercontent.com/buffertse/airline-data/main/data/airlines.csv; https://raw.githubusercontent.com/buffertse/airline-data/main/data/airline-links.csv; https://raw.githubusercontent.com/buffertse/airline-data/main/derived/baggage-summary.csv
oman-air,Oman Air,WY,Oman,Scheduled,yes,en,manual-priority,Asia,https://www.omanair.com,,https://www.omanair.com/en/faqs-baggage,https://www.omanair.com/en/extra-bags-weight,https://www.omanair.com/en/faqs-baggage,,,https://www.omanair.com/au/en/conditions-carriage,,yes,2026-09-03,0,4,no,yes,yes,https://www.omanair.com/au/en/conditions-carriage,help_root;fare_conditions_url;checkin_url;article_selector;,"4/6 urls imported from filled priority CSV; conditions_of_carriage_url prefilled from Duffel refs; please verify.; Missing fields filled from buffertse/airline-data, which records official airline domains and deep links sourced from airline websites.",oman-air-1767,https://raw.githubusercontent.com/buffertse/airline-data/main/data/airlines.csv; https://raw.githubusercontent.com/buffertse/airline-data/main/data/airline-links.csv; https://raw.githubusercontent.com/buffertse/airline-data/main/derived/baggage-summary.csv
omni-air-international,Omni Air International,OY,United States,Scheduled,no,en,,North America,https://andesonline.com,,https://www.oai.aero/passenger-info/baggage-service,https://www.oai.aero/passenger-info/baggage-service,https://www.oai.aero/passenger-info/baggage-service,,,,,no,,0,0,no,no,no,,band;help_root;fare_conditions_url;checkin_url;conditions_of_carriage_url;article_selector;,,omni-air-international-1450,https://raw.githubusercontent.com/buffertse/airline-data/main/data/airlines.csv; https://raw.githubusercontent.com/buffertse/airline-data/main/data/airline-links.csv
oneclick,OneClick,4L,Georgia,Scheduled,no,,,Europe,,,,,,,,,,no,,0,0,no,no,no,,locale;band;official_website;help_root;baggage_checked_url;baggage_carryon_url;baggage_fees_url;fare_conditions_url;checkin_url;conditions_of_carriage_url;article_selector;,,,
onejet,OneJet,J1,United States,Scheduled,no,en,,North America,,,,,,,,,,no,,0,0,no,no,no,,band;official_website;help_root;baggage_checked_url;baggage_carryon_url;baggage_fees_url;fare_conditions_url;checkin_url;conditions_of_carriage_url;article_selector;,,,
onur-air,Onur Air,8Q,Turkey,Low-cost,yes,en,manual-priority,Europe,https://www.onurair.com,,,,,,,https://www.onurair.com/en/faq/detail/General-Terms/859/1332/0,,yes,2026-09-03,0,1,no,yes,yes,https://www.onurair.com/en/faq/detail/General-Terms/859/1332/0,help_root;baggage_checked_url;baggage_carryon_url;baggage_fees_url;fare_conditions_url;checkin_url;article_selector;,1/6 urls imported from filled priority CSV; conditions_of_carriage_url prefilled from Duffel refs; please verify.,,
orient-thai-airlines,Orient Thai Airlines,OX,Thailand,Low-cost,no,,,Asia,,,,,,,,,,no,,0,0,no,yes,no,,locale;band;official_website;help_root;baggage_checked_url;baggage_carryon_url;baggage_fees_url;fare_conditions_url;checkin_url;conditions_of_carriage_url;article_selector;,,,
oriental-air-bridge,Oriental Air Bridge,OC,Japan,Scheduled,no,,,Asia,https://orc-air.co.jp,https://www.omni.pt/contacts,,,,,,,,no,,0,0,no,no,no,,locale;band;baggage_checked_url;baggage_carryon_url;baggage_fees_url;fare_conditions_url;checkin_url;conditions_of_carriage_url;article_selector;,,omni-aviation-1090,https://raw.githubusercontent.com/buffertse/airline-data/main/data/airlines.csv; https://raw.githubusercontent.com/buffertse/airline-data/main/data/airline-links.csv
pal-airlines,PAL Airlines,PB,Canada,Scheduled,no,en,,North America,https://palairlines.ca,,https://palairlines.ca/travel-hub/baggage,https://palairlines.ca/travel-hub/baggage,https://palairlines.ca/travel-hub/baggage,,,,,no,,0,0,no,no,no,,band;help_root;fare_conditions_url;checkin_url;conditions_of_carriage_url;article_selector;,,pal-airlines-988,https://raw.githubusercontent.com/buffertse/airline-data/main/data/airlines.csv; https://raw.githubusercontent.com/buffertse/airline-data/main/data/airline-links.csv
pal-express,PAL Express,2P,Philippines,Low-cost,no,,,Asia,,,,,,,,,,no,,0,0,no,yes,no,,locale;band;official_website;help_root;baggage_checked_url;baggage_carryon_url;baggage_fees_url;fare_conditions_url;checkin_url;conditions_of_carriage_url;article_selector;,,,
pawa-dominicana,PAWA Dominicana,7N,Dominican Republic,Scheduled,no,,,Caribbean,,,,,,,,,,no,,0,0,no,no,yes,,locale;band;official_website;help_root;baggage_checked_url;baggage_carryon_url;baggage_fees_url;fare_conditions_url;checkin_url;conditions_of_carriage_url;article_selector;,,,
pia,PIA,PK,Pakistan,Scheduled,no,,,Asia,https://www.piac.com.pk,,,,,,,https://www.piac.com.pk/conditions-of-carriage,,no,,0,0,no,no,no,https://www.piac.com.pk/conditions-of-carriage,locale;band;help_root;baggage_checked_url;baggage_carryon_url;baggage_fees_url;fare_conditions_url;checkin_url;article_selector;,,,
play,PLAY,OG,Thailand,Low-cost,no,,,Asia,https://originair.co.nz,,https://originair.co.nz/flying-with-us/baggage,https://originair.co.nz/flying-with-us/baggage,https://originair.co.nz/flying-with-us/baggage,,,,,no,,0,0,no,no,no,,locale;band;help_root;fare_conditions_url;checkin_url;conditions_of_carriage_url;article_selector;,,originair-692,https://raw.githubusercontent.com/buffertse/airline-data/main/data/airlines.csv; https://raw.githubusercontent.com/buffertse/airline-data/main/data/airline-links.csv
pm-air-llc,PM Air LLC,Z3,United States,Scheduled,no,en,,North America,,,,,,,,,,no,,0,0,no,no,no,,band;official_website;help_root;baggage_checked_url;baggage_carryon_url;baggage_fees_url;fare_conditions_url;checkin_url;conditions_of_carriage_url;article_selector;,,,
png-air,PNG Air,CG,Papua New Guinea,Scheduled,yes,en,manual-priority,Australia/Pacific,http://cargo.pngair.com.pg,,,,,,,http://cargo.pngair.com.pg/staticpages/office_other_details.aspx?details_type=T&carrier_code=CG&airport_code=UNG,,yes,2026-09-03,0,1,no,yes,no,http://cargo.pngair.com.pg/staticpages/office_other_details.aspx?details_type=T&carrier_code=CG&airport_code=UNG,help_root;baggage_checked_url;baggage_carryon_url;baggage_fees_url;fare_conditions_url;checkin_url;article_selector;,1/6 urls imported from filled priority CSV; conditions_of_carriage_url prefilled from Duffel refs; please verify.,,
pt-my-indo-airlines,PT. My Indo Airlines,2Y,Indonesia,Scheduled,no,,,Asia,,,,,,,,,,no,,0,0,no,no,no,,locale;band;official_website;help_root;baggage_checked_url;baggage_carryon_url;baggage_fees_url;fare_conditions_url;checkin_url;conditions_of_carriage_url;article_selector;,,,
pacific-airlines,Pacific Airlines,BL,Vietnam,Scheduled,no,,,Asia,https://pacificairlines.com,,,,,,,,,no,,0,0,no,yes,no,,locale;band;help_root;baggage_checked_url;baggage_carryon_url;baggage_fees_url;fare_conditions_url;checkin_url;conditions_of_carriage_url;article_selector;,"Missing fields filled from buffertse/airline-data, which records official airline domains and deep links sourced from airline websites.",pacific-airlines-197,https://raw.githubusercontent.com/buffertse/airline-data/main/data/airlines.csv; https://raw.githubusercontent.com/buffertse/airline-data/main/data/airline-links.csv
pacific-coastal-airlines,Pacific Coastal Airlines,8P,Canada,Scheduled,yes,en-ca,manual-priority,North America,https://www.pacificcoastal.com,,https://www.pacificcoastal.com/checked-baggage-qa,https://www.pacificcoastal.com/baggage,https://www.pacificcoastal.com/checked-baggage-qa,,,https://www.pacificcoastal.com/fare-terms-conditions/,,yes,2026-09-03,4,0,no,yes,no,https://www.pacificcoastal.com/fare-terms-conditions/,help_root;fare_conditions_url;checkin_url;article_selector;,"4/6 urls imported from filled priority CSV; conditions_of_carriage_url prefilled from Duffel refs; please verify.; Missing fields filled from buffertse/airline-data, which records official airline domains and deep links sourced from airline websites.",pacific-coastal-airlines-404,https://raw.githubusercontent.com/buffertse/airline-data/main/data/airlines.csv; https://raw.githubusercontent.com/buffertse/airline-data/main/data/airline-links.csv; https://raw.githubusercontent.com/buffertse/airline-data/main/derived/baggage-summary.csv
panama-airways,Panama Airways,8A,Panama,Scheduled,no,,,Latin America,,,,,,,,,,no,,0,0,no,no,no,,locale;band;official_website;help_root;baggage_checked_url;baggage_carryon_url;baggage_fees_url;fare_conditions_url;checkin_url;conditions_of_carriage_url;article_selector;,,,
panorama-airways,Panorama Airways,5P,Spain,Scheduled,no,,,Europe,,,,,,,,,,no,,0,0,no,no,no,,locale;band;official_website;help_root;baggage_checked_url;baggage_carryon_url;baggage_fees_url;fare_conditions_url;checkin_url;conditions_of_carriage_url;article_selector;,,,
papillon-airways,Papillon Airways,HI,United States,Scheduled,no,en,,North America,,,,,,,,,,no,,0,0,no,no,no,,band;official_website;help_root;baggage_checked_url;baggage_carryon_url;baggage_fees_url;fare_conditions_url;checkin_url;conditions_of_carriage_url;article_selector;,,,
paranair,Paranair,ZP,Azerbaijan,Scheduled,no,en,,Asia,https://www.paranair.com,https://www.paranair.com/en-us/contact-information,https://www.paranair.com/equipaje,https://www.paranair.com/equipaje,https://www.paranair.com/equipaje,,,https://www.paranair.com/en-us/contract-of-carriage,,no,,0,0,no,no,no,https://www.paranair.com/en-us/contract-of-carriage/,band;fare_conditions_url;checkin_url;article_selector;,,paranair-1444,https://raw.githubusercontent.com/buffertse/airline-data/main/data/airlines.csv; https://raw.githubusercontent.com/buffertse/airline-data/main/data/airline-links.csv
pascan-aviation,Pascan Aviation,P6,Canada,Scheduled,no,en,,North America,https://pascan.com,,,,,,,,,no,,0,0,no,yes,yes,,band;help_root;baggage_checked_url;baggage_carryon_url;baggage_fees_url;fare_conditions_url;checkin_url;conditions_of_carriage_url;article_selector;,,privilege-style-1598,https://raw.githubusercontent.com/buffertse/airline-data/main/data/airlines.csv; https://raw.githubusercontent.com/buffertse/airline-data/main/data/airline-links.csv
passionair,PassionAir,OP,United States,Scheduled,no,en,,North America,,,,,,,,,,no,,0,0,no,no,no,,band;official_website;help_root;baggage_checked_url;baggage_carryon_url;baggage_fees_url;fare_conditions_url;checkin_url;conditions_of_carriage_url;article_selector;,,,
pattaya-airways,Pattaya Airways,VV,Thailand,Scheduled,no,,,Asia,,,,,,,,,,no,,0,0,no,no,no,,locale;band;official_website;help_root;baggage_checked_url;baggage_carryon_url;baggage_fees_url;fare_conditions_url;checkin_url;conditions_of_carriage_url;article_selector;,,,
peach,Peach,MM,Japan,Low-cost,no,,,Asia,https://flypeach.com,,,,,,,https://maltamedair.com/general-conditions-of-carriage,,no,,0,0,no,no,no,https://maltamedair.com/general-conditions-of-carriage,locale;band;help_root;baggage_checked_url;baggage_carryon_url;baggage_fees_url;fare_conditions_url;checkin_url;article_selector;,,malta-medair-1828,https://raw.githubusercontent.com/buffertse/airline-data/main/data/airlines.csv; https://raw.githubusercontent.com/buffertse/airline-data/main/data/airline-links.csv
pegasus-airlines,Pegasus Airlines,PC,Turkey,Low-cost,yes,en,manual-priority,Europe,https://www.flypgs.com,,,,,,,https://www.flypgs.com/en/useful-info/info-about-flights/general-rules,,yes,2026-09-03,0,1,no,yes,no,https://www.flypgs.com/en/useful-info/info-about-flights/general-rules,help_root;baggage_checked_url;baggage_carryon_url;baggage_fees_url;fare_conditions_url;checkin_url;article_selector;,1/6 urls imported from filled priority CSV; conditions_of_carriage_url prefilled from Duffel refs; please verify.,,
pelita-air,Pelita Air,IP,Indonesia,Scheduled,no,,,Asia,,,,,,,,,,no,,0,0,no,no,no,,locale;band;official_website;help_root;baggage_checked_url;baggage_carryon_url;baggage_fees_url;fare_conditions_url;checkin_url;conditions_of_carriage_url;article_selector;,,,
peoples,People's,PE,Italy,Scheduled,no,,,Europe,https://phoebusapollo.co.za,,https://www.peoples.ch/peoples-airline/fluggast-informationen/gepaeck,https://www.peoples.ch/peoples-airline/fluggast-informationen/gepaeck,https://www.peoples.ch/peoples-airline/fluggast-informationen/gepaeck,,,,,no,,0,0,no,no,no,,locale;band;help_root;fare_conditions_url;checkin_url;conditions_of_carriage_url;article_selector;,,people-s-1778,https://raw.githubusercontent.com/buffertse/airline-data/main/data/airlines.csv; https://raw.githubusercontent.com/buffertse/airline-data/main/data/airline-links.csv
petroleum-air-services,Petroleum Air Services,UF,Egypt,Scheduled,no,,,Africa,https://pas.com.eg,,,,,,,,,no,,0,0,no,no,no,,locale;band;help_root;baggage_checked_url;baggage_carryon_url;baggage_fees_url;fare_conditions_url;checkin_url;conditions_of_carriage_url;article_selector;,,petroleum-air-services-1473,https://raw.githubusercontent.com/buffertse/airline-data/main/data/airlines.csv; https://raw.githubusercontent.com/buffertse/airline-data/main/data/airline-links.csv
philippine-airlines,Philippine Airlines,PR,Philippines,Scheduled,yes,en-ph,1b,Southeast Asia,https://www.philippineairlines.com,,https://www.philippineairlines.com/before-you-fly/baggage-information/checked-baggage,https://www.philippineairlines.com/before-you-fly/baggage-information/carry-on-baggage,https://www.philippineairlines.com/before-you-fly/baggage-information/excess-baggage,https://www.philippineairlines.com/en/fares-and-promos/fare-families,https://www.philippineairlines.com/before-you-fly/at-the-airport/check-in-online,https://www.philippineairlines.com/about-us/legal-notices/general-conditions-of-carriage,,yes,2026-09-03,0,6,no,yes,no,https://www.philippineairlines.com/about-us/legal-notices/general-conditions-of-carriage,help_root;article_selector;,6/6 urls,philippine-airlines-1751,C:\Users\kspellman\Documents\Codex\2026-08-24\vie\work\airline_research_data.json; https://raw.githubusercontent.com/buffertse/airline-data/main/data/airlines.csv; https://raw.githubusercontent.com/buffertse/airline-data/main/data/airline-links.csv
philippines-airasia,Philippines AirAsia,Z2,Philippines,Low-cost,no,,,Asia,,,,,,,,,,no,,0,0,no,no,no,,locale;band;official_website;help_root;baggage_checked_url;baggage_carryon_url;baggage_fees_url;fare_conditions_url;checkin_url;conditions_of_carriage_url;article_selector;,,,
phoenix-air,Phoenix Air,PH,United States,Scheduled,no,en,,North America,https://phoenixair.com,,,,,,,,,no,,0,0,no,no,no,,band;help_root;baggage_checked_url;baggage_carryon_url;baggage_fees_url;fare_conditions_url;checkin_url;conditions_of_carriage_url;article_selector;,,phoenix-air-1589,https://raw.githubusercontent.com/buffertse/airline-data/main/data/airlines.csv; https://raw.githubusercontent.com/buffertse/airline-data/main/data/airline-links.csv
piedmont-airlines,Piedmont Airlines,PT,Sweden,Scheduled,no,,,Europe,https://westair.se,,,,,,,,,no,,0,0,no,no,no,,locale;band;help_root;baggage_checked_url;baggage_carryon_url;baggage_fees_url;fare_conditions_url;checkin_url;conditions_of_carriage_url;article_selector;,,west-atlantic-1491,https://raw.githubusercontent.com/buffertse/airline-data/main/data/airlines.csv; https://raw.githubusercontent.com/buffertse/airline-data/main/data/airline-links.csv
pobeda,Pobeda,DP,Russia,Low-cost,no,,,Europe,https://pobeda.aero,,,,,,,,,no,,0,0,no,no,no,,locale;band;help_root;baggage_checked_url;baggage_carryon_url;baggage_fees_url;fare_conditions_url;checkin_url;conditions_of_carriage_url;article_selector;,,pobeda-610,https://raw.githubusercontent.com/buffertse/airline-data/main/data/airlines.csv; https://raw.githubusercontent.com/buffertse/airline-data/main/data/airline-links.csv
polar-air-cargo-worldwide-inc,"Polar Air Cargo Worldwide, Inc.",PO,United States,Scheduled,no,en,,North America,https://polaraircargo.com,https://www.polaraircargo.com/customer-support/tact-tariff,,,,,,,,no,,0,0,no,yes,no,,band;baggage_checked_url;baggage_carryon_url;baggage_fees_url;fare_conditions_url;checkin_url;conditions_of_carriage_url;article_selector;,"Missing fields filled from buffertse/airline-data, which records official airline domains and deep links sourced from airline websites.",polar-air-cargo-220,https://raw.githubusercontent.com/buffertse/airline-data/main/data/airlines.csv; https://raw.githubusercontent.com/buffertse/airline-data/main/data/airline-links.csv
polar-airlines,Polar Airlines,PI,Russia,Scheduled,no,,,Europe,https://viajaconsol.com,,,,,,,,,no,,0,0,no,no,no,,locale;band;help_root;baggage_checked_url;baggage_carryon_url;baggage_fees_url;fare_conditions_url;checkin_url;conditions_of_carriage_url;article_selector;,,polar-airlines-726,https://raw.githubusercontent.com/buffertse/airline-data/main/data/airlines.csv; https://raw.githubusercontent.com/buffertse/airline-data/main/data/airline-links.csv
populair,PopulAir,HP,Sweden,Low-cost,no,,,Europe,,,,,,,,,,no,,0,0,no,no,no,,locale;band;official_website;help_root;baggage_checked_url;baggage_carryon_url;baggage_fees_url;fare_conditions_url;checkin_url;conditions_of_carriage_url;article_selector;,,,
porter-airlines,Porter Airlines,P3,Canada,Scheduled,yes,en-ca,manual-priority,North America,https://www.flyporter.com,,,,,,,https://www.flyporter.com/en/travel-terms-and-conditions,,yes,2026-09-03,0,1,no,no,yes,https://www.flyporter.com/en/travel-terms-and-conditions,help_root;baggage_checked_url;baggage_carryon_url;baggage_fees_url;fare_conditions_url;checkin_url;article_selector;,1/6 urls imported from filled priority CSV; conditions_of_carriage_url prefilled from Duffel refs; please verify.,,
porter-airlines-canada,Porter Airlines Canada,PD,Canada,Low-cost,no,en,,North America,https://www.flyporter.com,,,,,,,https://www.flyporter.com/en/travel-terms-and-conditions,,no,,0,0,no,no,no,https://www.flyporter.com/en/travel-terms-and-conditions,band;help_root;baggage_checked_url;baggage_carryon_url;baggage_fees_url;fare_conditions_url;checkin_url;article_selector;,,,
portugalia-airlines,Portugalia Airlines,NI,Portugal,Scheduled,no,,,Europe,,,,,,,,,,no,,0,0,no,no,no,,locale;band;official_website;help_root;baggage_checked_url;baggage_carryon_url;baggage_fees_url;fare_conditions_url;checkin_url;conditions_of_carriage_url;article_selector;,,,
precision-air,Precision Air,PW,Tanzania,Scheduled,yes,en-tz,manual-priority,Africa,https://www.precisionairtz.com,,https://www.precisionairtz.com/helpdesk/ExcessBaggagePolicy,https://www.precisionairtz.com/helpdesk/ExcessBaggagePolicy,https://www.precisionairtz.com/helpdesk/ExcessBaggagePolicy,,,https://www.precisionairtz.com/en/about-us/10-travel-planner/14-conditions-of-carriage,,yes,2026-09-03,3,1,no,no,yes,https://www.precisionairtz.com/en/about-us/10-travel-planner/14-conditions-of-carriage,help_root;fare_conditions_url;checkin_url;article_selector;,"4/6 urls imported from filled priority CSV; conditions_of_carriage_url prefilled from Duffel refs; please verify.; Missing fields filled from buffertse/airline-data, which records official airline domains and deep links sourced from airline websites.",precision-air-1816,https://raw.githubusercontent.com/buffertse/airline-data/main/data/airlines.csv; https://raw.githubusercontent.com/buffertse/airline-data/main/data/airline-links.csv; https://raw.githubusercontent.com/buffertse/airline-data/main/derived/baggage-summary.csv
premier-trans-aire-inc,Premier Trans Aire Inc.,3X,United States,Scheduled,no,en,,North America,,,,,,,,,,no,,0,0,no,no,no,,band;official_website;help_root;baggage_checked_url;baggage_carryon_url;baggage_fees_url;fare_conditions_url;checkin_url;conditions_of_carriage_url;article_selector;,,,
premium-jet-ag,Premium Jet AG,0J,Switzerland,Scheduled,no,,,Europe,,,,,,,,,,no,,0,0,no,no,no,,locale;band;official_website;help_root;baggage_checked_url;baggage_carryon_url;baggage_fees_url;fare_conditions_url;checkin_url;conditions_of_carriage_url;article_selector;,,,
primera-air,Primera Air,PF,Iceland,Scheduled,no,,,Europe,https://airsial.com,https://www.airsial.com/contact,https://www.airsial.com/baggage,https://www.airsial.com/baggage,https://www.airsial.com/baggage,,,,,no,,0,0,no,yes,yes,,locale;band;fare_conditions_url;checkin_url;conditions_of_carriage_url;article_selector;,,airsial-1185,https://raw.githubusercontent.com/buffertse/airline-data/main/data/airlines.csv; https://raw.githubusercontent.com/buffertse/airline-data/main/data/airline-links.csv
proflight-zambia,Proflight Zambia,P0,Zambia,Scheduled,yes,en,manual-priority,Africa,https://proflight-zambia.com,,,,,,,https://proflight-zambia.com/img/cms/documents/Terms&Conditions%20v30apr21.pdf,,yes,2026-09-03,0,1,no,yes,yes,https://proflight-zambia.com/img/cms/documents/Terms&Conditions%20v30apr21.pdf,help_root;baggage_checked_url;baggage_carryon_url;baggage_fees_url;fare_conditions_url;checkin_url;article_selector;,1/6 urls imported from filled priority CSV; conditions_of_carriage_url prefilled from Duffel refs; please verify.,proflight-zambia-856,https://raw.githubusercontent.com/buffertse/airline-data/main/data/airlines.csv; https://raw.githubusercontent.com/buffertse/airline-data/main/data/airline-links.csv
punta-europa,Punta Europa,PU,Uruguay,Scheduled,no,,,Latin America,https://plusultra.com,,https://www.plusultra.com/es-es/informacion/equipaje/mascotas,https://www.plusultra.com/es-es/informacion/equipaje/mascotas,https://www.plusultra.com/es-es/informacion/equipaje/mascotas,,https://www.plusultra.com/es-es/informacion/informacion-de-check-in,,,no,,0,0,no,no,no,,locale;band;help_root;fare_conditions_url;conditions_of_carriage_url;article_selector;,,plus-ultra-l-neas-a-reas-574,https://raw.githubusercontent.com/buffertse/airline-data/main/data/airlines.csv; https://raw.githubusercontent.com/buffertse/airline-data/main/data/airline-links.csv
qanot-sharq,Qanot Sharq,HH,Uzbekistan,Low-cost,no,,,Asia,https://taban.aero,,,,,,,,,no,,0,0,no,no,no,,locale;band;help_root;baggage_checked_url;baggage_carryon_url;baggage_fees_url;fare_conditions_url;checkin_url;conditions_of_carriage_url;article_selector;,,air-hamburg-1143,https://raw.githubusercontent.com/buffertse/airline-data/main/data/airlines.csv; https://raw.githubusercontent.com/buffertse/airline-data/main/data/airline-links.csv
qatar-airways,Qatar Airways,QR,Qatar,Scheduled,yes,en-qa,1a,Middle East,https://www.qatarairways.com,,https://www.qatarairways.com/en/baggage/allowance.html,https://www.qatarairways.com/en/baggage/allowance.html,https://www.qatarairways.com/en/baggage/excess.html,https://www.qatarairways.com/en/fare-families.html,https://www.qatarairways.com/en/services-checking-in.html,https://www.qatarairways.com/en/legal/conditions-of-carriage.html,,yes,2026-09-03,0,6,no,yes,yes,https://www.qatarairways.com/en-gb/legal/conditions-of-carriage.html,help_root;article_selector;,6/6 urls,qatar-airways-706,C:\Users\kspellman\Documents\Codex\2026-08-24\vie\work\airline_research_data.json; https://raw.githubusercontent.com/buffertse/airline-data/main/data/airlines.csv; https://raw.githubusercontent.com/buffertse/airline-data/main/data/airline-links.csv
qazaq-air,Qazaq Air,IQ,Kazakhstan,Low-cost,no,en,,Asia,https://vietjetqazaqstan.kz,,https://vietjetqazaqstan.kz/en/baggage-service,https://vietjetqazaqstan.kz/en/baggage-service,https://vietjetqazaqstan.kz/en/baggage-service,,,,,no,,0,0,no,no,no,,band;help_root;fare_conditions_url;checkin_url;conditions_of_carriage_url;article_selector;,,qazaq-air-693,https://raw.githubusercontent.com/buffertse/airline-data/main/data/airlines.csv; https://raw.githubusercontent.com/buffertse/airline-data/main/data/airline-links.csv
qeshm-air,Qeshm Air,QB,Iran,Scheduled,no,,,Middle East,,,,,,,,,,no,,0,0,no,no,no,,locale;band;official_website;help_root;baggage_checked_url;baggage_carryon_url;baggage_fees_url;fare_conditions_url;checkin_url;conditions_of_carriage_url;article_selector;,,,
qingdao-airlines,Qingdao Airlines,QW,China,Scheduled,no,,,Asia,https://qdairlines.com,,,,,,,,,no,,0,0,no,no,yes,,locale;band;help_root;baggage_checked_url;baggage_carryon_url;baggage_fees_url;fare_conditions_url;checkin_url;conditions_of_carriage_url;article_selector;,"Missing fields filled from buffertse/airline-data, which records official airline domains and deep links sourced from airline websites.",qingdao-airlines-490,https://raw.githubusercontent.com/buffertse/airline-data/main/data/airlines.csv; https://raw.githubusercontent.com/buffertse/airline-data/main/data/airline-links.csv
quikjet-cargo-airlines-pvt-ltd,Quikjet Cargo Airlines Pvt. Ltd,QO,India,Scheduled,no,,,Asia,https://quikjet.co.in,https://quikjet.co.in/customer-service,,,,,,,,no,,0,0,no,no,no,,locale;band;baggage_checked_url;baggage_carryon_url;baggage_fees_url;fare_conditions_url;checkin_url;conditions_of_carriage_url;article_selector;,,quikjet-airlines-725,https://raw.githubusercontent.com/buffertse/airline-data/main/data/airlines.csv; https://raw.githubusercontent.com/buffertse/airline-data/main/data/airline-links.csv
radixx-solutions-international-inc,"Radixx Solutions International, Inc.",1D,United States,Scheduled,no,en,,North America,,,,,,,,,,no,,0,0,no,no,no,,band;official_website;help_root;baggage_checked_url;baggage_carryon_url;baggage_fees_url;fare_conditions_url;checkin_url;conditions_of_carriage_url;article_selector;,,,
rano-air,Rano Air,R4,Nigeria,Scheduled,no,en,,Africa,,,,,,,,,,no,,0,0,no,no,no,,band;official_website;help_root;baggage_checked_url;baggage_carryon_url;baggage_fees_url;fare_conditions_url;checkin_url;conditions_of_carriage_url;article_selector;,,,
raya-airways-sdn-bhddba-raya-airways,Raya Airways Sdn. Bhd.dba Raya Airways,TH,Malaysia,Scheduled,no,,,Asia,,,,,,,,,,no,,0,0,no,no,no,,locale;band;official_website;help_root;baggage_checked_url;baggage_carryon_url;baggage_fees_url;fare_conditions_url;checkin_url;conditions_of_carriage_url;article_selector;,,,
red-sea-airlines,Red Sea Airlines,4S,Egypt,Low-cost,no,,,Africa,,,,,,,,,,no,,0,0,no,no,no,,locale;band;official_website;help_root;baggage_checked_url;baggage_carryon_url;baggage_fees_url;fare_conditions_url;checkin_url;conditions_of_carriage_url;article_selector;,,,
red-wings,Red Wings,WZ,Russia,Scheduled,no,,,Europe,,,,,,,,,,no,,0,0,no,no,yes,,locale;band;official_website;help_root;baggage_checked_url;baggage_carryon_url;baggage_fees_url;fare_conditions_url;checkin_url;conditions_of_carriage_url;article_selector;,,,
regional-air,Regional Air,8N,Mauritania,Scheduled,yes,en,manual-priority,Asia,https://regionaltanzania.com,,https://regionaltanzania.com/wp-content/uploads/sites/6/2026/02/Baggage-policy-new.pdf,https://regionaltanzania.com/wp-content/uploads/sites/6/2026/02/Baggage-policy-new.pdf,https://regionaltanzania.com/wp-content/uploads/sites/6/2026/02/Baggage-policy-new.pdf,,,,,yes,2026-09-03,0,3,no,yes,yes,,help_root;fare_conditions_url;checkin_url;conditions_of_carriage_url;article_selector;,"3/6 urls imported from filled priority CSV; Missing fields filled from buffertse/airline-data, which records official airline domains and deep links sourced from airline websites.",regional-air-services-1639,https://raw.githubusercontent.com/buffertse/airline-data/main/data/airlines.csv; https://raw.githubusercontent.com/buffertse/airline-data/main/data/airline-links.csv
regional-jet-ou,Regional Jet OÜ,EE,Estonia,Scheduled,no,,,Europe,https://nordica.ee,,,,,,,,,no,,0,0,no,no,no,,locale;band;help_root;baggage_checked_url;baggage_carryon_url;baggage_fees_url;fare_conditions_url;checkin_url;conditions_of_carriage_url;article_selector;,,nordica-730,https://raw.githubusercontent.com/buffertse/airline-data/main/data/airlines.csv; https://raw.githubusercontent.com/buffertse/airline-data/main/data/airline-links.csv
regional-sky,Regional Sky,4P,Democratic Republic of the Congo,Scheduled,no,,,Africa,,,,,,,,,,no,,0,0,no,no,no,,locale;band;official_website;help_root;baggage_checked_url;baggage_carryon_url;baggage_fees_url;fare_conditions_url;checkin_url;conditions_of_carriage_url;article_selector;,,,
renegade-air,Renegade Air,0R,Kenya,Scheduled,no,en,,Africa,,,,,,,,,,no,,0,0,no,no,no,,band;official_website;help_root;baggage_checked_url;baggage_carryon_url;baggage_fees_url;fare_conditions_url;checkin_url;conditions_of_carriage_url;article_selector;,Country checked from CAPA public airline profile.,,https://centreforaviation.com/data/profiles/airlines/renegade-air-rng
republic-airways,Republic Airways,YX,United States,Scheduled,no,en,,North America,https://rjet.com,,https://rjet.com/passengers/baggage-policies,https://rjet.com/passengers/baggage-policies,https://rjet.com/passengers/baggage-policies,,,,,no,,0,0,no,no,no,,band;help_root;fare_conditions_url;checkin_url;conditions_of_carriage_url;article_selector;,,republic-airways-512,https://raw.githubusercontent.com/buffertse/airline-data/main/data/airlines.csv; https://raw.githubusercontent.com/buffertse/airline-data/main/data/airline-links.csv
rex-regional-express,Rex - Regional Express,ZL,Australia,Scheduled,yes,en-au,manual-priority,Australia/Pacific,https://www.rex.com.au,,https://rex.com.au/FlightInfo/BaggageAllowance.aspx,https://rex.com.au/FlightInfo/BaggageAllowance.aspx,https://rex.com.au/FlightInfo/BaggageAllowance.aspx,,,https://www.rex.com.au/flightinfo/COC.aspx,,yes,2026-09-03,4,0,no,yes,no,https://www.rex.com.au/flightinfo/COC.aspx,help_root;fare_conditions_url;checkin_url;article_selector;,"4/6 urls imported from filled priority CSV; conditions_of_carriage_url prefilled from Duffel refs; please verify.; Missing fields filled from buffertse/airline-data, which records official airline domains and deep links sourced from airline websites.",rex-airlines-1702,https://raw.githubusercontent.com/buffertse/airline-data/main/data/airlines.csv; https://raw.githubusercontent.com/buffertse/airline-data/main/data/airline-links.csv; https://raw.githubusercontent.com/buffertse/airline-data/main/derived/baggage-summary.csv
rise-air,Rise Air,4T,Canada,Scheduled,no,en,,North America,,,,,,,,,,no,,0,0,no,no,no,,band;official_website;help_root;baggage_checked_url;baggage_carryon_url;baggage_fees_url;fare_conditions_url;checkin_url;conditions_of_carriage_url;article_selector;,,,
riyadh-air,Riyadh Air,RX,United States,Scheduled,no,en,,North America,https://riyadhair.com,https://www.riyadhair.com/en/help/infant-on-lap,https://riyadhair.com/en/help/baggage-allowance,https://www.riyadhair.com/en/help/carry-on-bags,https://riyadhair.com/en/help/baggage-allowance,,,,,no,,0,0,no,no,no,,band;fare_conditions_url;checkin_url;conditions_of_carriage_url;article_selector;,,riyadh-air-199,https://raw.githubusercontent.com/buffertse/airline-data/main/data/airlines.csv; https://raw.githubusercontent.com/buffertse/airline-data/main/data/airline-links.csv
rossiya-airlines,Rossiya Airlines,FV,Russia,Scheduled,yes,en,manual-priority,Europe,https://www.rossiya-airlines.com,,https://www.rossiya-airlines.com/en/flight-with-us/category_passenger/your_baggage,https://www.rossiya-airlines.com/en/flight-with-us/category_passenger/your_baggage,https://www.rossiya-airlines.com/en/flight-with-us/category_passenger/your_baggage,,,,,yes,2026-09-03,0,3,no,yes,no,,help_root;fare_conditions_url;checkin_url;conditions_of_carriage_url;article_selector;,"3/6 urls imported from filled priority CSV; Missing fields filled from buffertse/airline-data, which records official airline domains and deep links sourced from airline websites.",rossiya-1602,https://raw.githubusercontent.com/buffertse/airline-data/main/data/airlines.csv; https://raw.githubusercontent.com/buffertse/airline-data/main/data/airline-links.csv
rotana-jet,Rotana Jet,RG,United Arab Emirates,Scheduled,no,,,Middle East,https://rotanajet.com,,,,,,,,,no,,0,0,no,no,no,,locale;band;help_root;baggage_checked_url;baggage_carryon_url;baggage_fees_url;fare_conditions_url;checkin_url;conditions_of_carriage_url;article_selector;,,rotana-jet-1276,https://raw.githubusercontent.com/buffertse/airline-data/main/data/airlines.csv; https://raw.githubusercontent.com/buffertse/airline-data/main/data/airline-links.csv
royal-air-maroc,Royal Air Maroc,AT,Morocco,Scheduled,yes,en,manual-priority,Africa,https://www.royalairmaroc.com,,,,,,,https://www.royalairmaroc.com/uk-en/general-terms-and-conditions,,yes,2026-09-03,1,0,no,yes,yes,https://www.royalairmaroc.com/uk-en/general-terms-and-conditions,help_root;baggage_checked_url;baggage_carryon_url;baggage_fees_url;fare_conditions_url;checkin_url;article_selector;,1/6 urls imported from filled priority CSV; conditions_of_carriage_url prefilled from Duffel refs; please verify.,ram-cargo-991,https://raw.githubusercontent.com/buffertse/airline-data/main/data/airlines.csv; https://raw.githubusercontent.com/buffertse/airline-data/main/data/airline-links.csv
royal-air-philippines,Royal Air Philippines,RW,Philippines,Low-cost,no,,,Asia,,,,,,,,,,no,,0,0,no,no,yes,,locale;band;official_website;help_root;baggage_checked_url;baggage_carryon_url;baggage_fees_url;fare_conditions_url;checkin_url;conditions_of_carriage_url;article_selector;,,,
royal-brunei-airlines,Royal Brunei Airlines,BI,Brunei,Scheduled,yes,en,manual-priority,Asia,https://www.flyroyalbrunei.com,,https://www.flyroyalbrunei.com/united-kingdom/en/information/checked-baggage,https://www.flyroyalbrunei.com/brunei/en/information/cabin-baggage,https://www.flyroyalbrunei.com/united-kingdom/en/information/checked-baggage,,,https://www.flyroyalbrunei.com/rba/carriage-conditions.php,,yes,2026-09-03,0,4,no,yes,yes,https://www.flyroyalbrunei.com/rba/carriage-conditions.php,help_root;fare_conditions_url;checkin_url;article_selector;,"4/6 urls imported from filled priority CSV; conditions_of_carriage_url prefilled from Duffel refs; please verify.; Missing fields filled from buffertse/airline-data, which records official airline domains and deep links sourced from airline websites.",royal-brunei-airlines-41,https://raw.githubusercontent.com/buffertse/airline-data/main/data/airlines.csv; https://raw.githubusercontent.com/buffertse/airline-data/main/data/airline-links.csv
royal-flight,Royal Flight,RL,Russia,Scheduled,no,,,Europe,https://air-loyaute.nc,,,,,,,https://www.air-loyaute.nc/Informations-passagers/cgvt,,no,,0,0,no,no,no,https://www.air-loyaute.nc/Informations-passagers/cgvt,locale;band;help_root;baggage_checked_url;baggage_carryon_url;baggage_fees_url;fare_conditions_url;checkin_url;article_selector;,,air-loyaut-1641,https://raw.githubusercontent.com/buffertse/airline-data/main/data/airlines.csv; https://raw.githubusercontent.com/buffertse/airline-data/main/data/airline-links.csv
royal-jordanian,Royal Jordanian,RJ,Jordan,Scheduled,yes,en,manual-priority,Asia,https://www.rj.com,,https://www.rj.com/en/info-and-tips/baggage-information/excess-baggage,https://www.rj.com/en/info-and-tips/baggage-information/carry-on-pieces,https://www.rj.com/en/info-and-tips/baggage-information/excess-baggage,,,https://www.rj.com/en/info-and-tips/conditions-of-carriage,,yes,2026-09-03,2,2,no,yes,yes,https://www.rj.com/en/info-and-tips/conditions-of-carriage,help_root;fare_conditions_url;checkin_url;article_selector;,"4/6 urls imported from filled priority CSV; conditions_of_carriage_url prefilled from Duffel refs; please verify.; Missing fields filled from buffertse/airline-data, which records official airline domains and deep links sourced from airline websites.",royal-jordanian-1740,https://raw.githubusercontent.com/buffertse/airline-data/main/data/airlines.csv; https://raw.githubusercontent.com/buffertse/airline-data/main/data/airline-links.csv
ruili-airlines,Ruili Airlines,DR,China,Low-cost,no,,,Asia,https://rlair.net,,,,,,,,,no,,0,0,no,no,yes,,locale;band;help_root;baggage_checked_url;baggage_carryon_url;baggage_fees_url;fare_conditions_url;checkin_url;conditions_of_carriage_url;article_selector;,"Missing fields filled from buffertse/airline-data, which records official airline domains and deep links sourced from airline websites.",ruili-airlines-488,https://raw.githubusercontent.com/buffertse/airline-data/main/data/airlines.csv; https://raw.githubusercontent.com/buffertse/airline-data/main/data/airline-links.csv
rusline,RusLine,7R,Russia,Scheduled,yes,en,manual-priority,Europe,https://www.rusline.aero,,https://www.rusline.aero/en/read/faq/Bagazh_i_ruchnaya_klad,https://www.rusline.aero/en/read/faq/Bagazh_i_ruchnaya_klad,https://www.rusline.aero/en/read/faq/Bagazh_i_ruchnaya_klad,,,,,yes,2026-09-03,3,0,no,yes,yes,,help_root;fare_conditions_url;checkin_url;conditions_of_carriage_url;article_selector;,"3/6 urls imported from filled priority CSV; Missing fields filled from buffertse/airline-data, which records official airline domains and deep links sourced from airline websites.",rusline-161,https://raw.githubusercontent.com/buffertse/airline-data/main/data/airlines.csv; https://raw.githubusercontent.com/buffertse/airline-data/main/data/airline-links.csv; https://raw.githubusercontent.com/buffertse/airline-data/main/derived/baggage-summary.csv
rutaca-airlines,Rutaca Airlines,5R,Venezuela,Scheduled,no,,,Latin America,https://flyrutaca.com,,https://www.flyrutaca.com/guia-del-viajero/articulos/politicas-de-equipaje,https://www.flyrutaca.com/guia-del-viajero/articulos/politicas-de-equipaje,https://www.flyrutaca.com/guia-del-viajero/articulos/politicas-de-equipaje,,,,,no,,0,0,no,no,no,,locale;band;help_root;fare_conditions_url;checkin_url;conditions_of_carriage_url;article_selector;,,rutaca-airlines-400,https://raw.githubusercontent.com/buffertse/airline-data/main/data/airlines.csv; https://raw.githubusercontent.com/buffertse/airline-data/main/data/airline-links.csv
rwandair,RwandAir,WB,Rwanda,Scheduled,yes,en,manual-priority,Africa,https://www.rwandair.com,,https://www.rwandair.com/cn/checked-baggage,https://www.rwandair.com/cn/cabin-baggage,https://www.rwandair.com/cn/checked-baggage,,,https://www.rwandair.com/our-policies/terms-conditions-of-carriage/,,yes,2026-09-03,4,0,no,yes,yes,https://www.rwandair.com/our-policies/terms-conditions-of-carriage/,help_root;fare_conditions_url;checkin_url;article_selector;,"4/6 urls imported from filled priority CSV; conditions_of_carriage_url prefilled from Duffel refs; please verify.; Missing fields filled from buffertse/airline-data, which records official airline domains and deep links sourced from airline websites.",rwandair-1045,https://raw.githubusercontent.com/buffertse/airline-data/main/data/airlines.csv; https://raw.githubusercontent.com/buffertse/airline-data/main/data/airline-links.csv
ryanair-uk,Ryanair UK,RK,United Kingdom,Low-cost,no,en,,Europe,https://ryanair.com,https://www.ryanair.com/gb/en/useful-info/help-centre/fees,,,,,,,,no,,0,0,no,no,no,,band;baggage_checked_url;baggage_carryon_url;baggage_fees_url;fare_conditions_url;checkin_url;conditions_of_carriage_url;article_selector;,,ryanair-uk-1459,https://raw.githubusercontent.com/buffertse/airline-data/main/data/airlines.csv; https://raw.githubusercontent.com/buffertse/airline-data/main/data/airline-links.csv
s7-airlines,S7 Airlines,S7,Russia,Scheduled,no,,,Europe,,,,,,,,,,no,,0,0,no,no,yes,,locale;band;official_website;help_root;baggage_checked_url;baggage_carryon_url;baggage_fees_url;fare_conditions_url;checkin_url;conditions_of_carriage_url;article_selector;,,,
sansa,SANSA,RZ,Costa Rica,Scheduled,yes,en,manual-priority,North America,https://www.flysansa.com,,https://www.flysansa.com/travelinfo/baggage,https://www.flysansa.com/FAQs/frequent-questions-baggage,https://www.flysansa.com/travelinfo/baggage,,,,,yes,2026-09-03,0,3,no,yes,yes,,help_root;fare_conditions_url;checkin_url;conditions_of_carriage_url;article_selector;,"3/6 urls imported from filled priority CSV; Missing fields filled from buffertse/airline-data, which records official airline domains and deep links sourced from airline websites.",sansa-756,https://raw.githubusercontent.com/buffertse/airline-data/main/data/airlines.csv; https://raw.githubusercontent.com/buffertse/airline-data/main/data/airline-links.csv; https://raw.githubusercontent.com/buffertse/airline-data/main/derived/baggage-summary.csv
sas-scandinavian,SAS Scandinavian,SK,Sweden,Scheduled,yes,en,manual-priority,Europe,https://www.flysas.com,,https://www.sas.se/reseinfo/bagage,https://www.flysas.com/en/travel-info/baggage/carry-on,https://www.flysas.com/en/legal-info/optional-services-fees/extra-baggage-fees,,,https://www.flysas.com/gb-en/legal-info/conditions-of-carriage/,,yes,2026-09-03,0,4,no,yes,no,https://www.flysas.com/gb-en/legal-info/conditions-of-carriage/,help_root;fare_conditions_url;checkin_url;article_selector;,"4/6 urls imported from filled priority CSV; conditions_of_carriage_url prefilled from Duffel refs; please verify.; Missing fields filled from buffertse/airline-data, which records official airline domains and deep links sourced from airline websites.",sas,https://raw.githubusercontent.com/buffertse/airline-data/main/data/airlines.csv; https://raw.githubusercontent.com/buffertse/airline-data/main/data/airline-links.csv
sata,SATA,S4,Portugal,Scheduled,no,en,,Europe,https://www.azoresairlines.pt,,https://www.azoresairlines.pt/en/information/baggage/checked-baggage,https://www.azoresairlines.pt/en/information/baggage/carry-on-baggage,https://www.azoresairlines.pt/en/information/baggage,,,https://www.azoresairlines.pt/en/information/customer-commitment/general-conditions-of-carriage,,no,,0,0,no,no,no,https://www.azoresairlines.pt/en/information/customer-commitment/general-conditions-of-carriage,band;help_root;fare_conditions_url;checkin_url;article_selector;,,azores-airlines-750,https://raw.githubusercontent.com/buffertse/airline-data/main/data/airlines.csv; https://raw.githubusercontent.com/buffertse/airline-data/main/data/airline-links.csv
sata-air-acores,SATA Air Acores,SP,Portugal,Scheduled,no,,,Europe,https://azoresairlines.pt,,https://skypasada.com/flight-information/baggage-information,https://skypasada.com/flight-information/baggage-information,https://skypasada.com/flight-information/baggage-information,,,,,no,,0,0,no,yes,no,,locale;band;help_root;fare_conditions_url;checkin_url;conditions_of_carriage_url;article_selector;,,sky-pasada-1656,https://raw.githubusercontent.com/buffertse/airline-data/main/data/airlines.csv; https://raw.githubusercontent.com/buffertse/airline-data/main/data/airline-links.csv
satco,SATCO,S3,Peru,Scheduled,no,,,Latin America,,,,,,,,,,no,,0,0,no,no,no,,locale;band;official_website;help_root;baggage_checked_url;baggage_carryon_url;baggage_fees_url;fare_conditions_url;checkin_url;conditions_of_carriage_url;article_selector;,,,
scat,SCAT,DV,Kazakhstan,Low-cost,yes,en,manual-priority,Asia,https://new.sundayairlines.kz,,https://new.sundayairlines.kz/kk/reference/baggage,https://sundayairlines.kz/en/reference/baggage,https://new.sundayairlines.kz/kk/reference/baggage,,,,,yes,2026-09-03,3,0,no,yes,no,,help_root;fare_conditions_url;checkin_url;conditions_of_carriage_url;article_selector;,"3/6 urls imported from filled priority CSV; Missing fields filled from buffertse/airline-data, which records official airline domains and deep links sourced from airline websites.",sunday-airlines-734,https://raw.githubusercontent.com/buffertse/airline-data/main/data/airlines.csv; https://raw.githubusercontent.com/buffertse/airline-data/main/data/airline-links.csv; https://raw.githubusercontent.com/buffertse/airline-data/main/derived/baggage-summary.csv
seair-international,SEAir International,XO,Spain,Low-cost,no,,,Europe,,,,,,,,,,no,,0,0,no,no,no,,locale;band;official_website;help_root;baggage_checked_url;baggage_carryon_url;baggage_fees_url;fare_conditions_url;checkin_url;conditions_of_carriage_url;article_selector;,,,
sf-airlines-company-ltd,SF Airlines Company Ltd,O3,People's Republic of China,Scheduled,no,en,,,https://sf-airlines.com,,,,,,,,,no,,0,0,no,no,no,,band;region;help_root;baggage_checked_url;baggage_carryon_url;baggage_fees_url;fare_conditions_url;checkin_url;conditions_of_carriage_url;article_selector;,,sf-airlines-1202,https://raw.githubusercontent.com/buffertse/airline-data/main/data/airlines.csv; https://raw.githubusercontent.com/buffertse/airline-data/main/data/airline-links.csv
sita-airlines-worldwidetelecommunications-and-information-sv,SITA - Airlines WorldwideTelecommunications and Information Svcs,XS,Switzerland,Scheduled,no,,,Europe,,,,,,,,,,no,,0,0,no,no,no,,locale;band;official_website;help_root;baggage_checked_url;baggage_carryon_url;baggage_fees_url;fare_conditions_url;checkin_url;conditions_of_carriage_url;article_selector;,,,
skol,SKOL,СД,Russia,Scheduled,no,,,Europe,,,,,,,,,,no,,0,0,no,no,no,,locale;band;official_website;help_root;baggage_checked_url;baggage_carryon_url;baggage_fees_url;fare_conditions_url;checkin_url;conditions_of_carriage_url;article_selector;,,,
sks-airways,SKS Airways,KI,Indonesia,Scheduled,no,,,Asia,,,,,,,,,,no,,0,0,no,no,no,,locale;band;official_website;help_root;baggage_checked_url;baggage_carryon_url;baggage_fees_url;fare_conditions_url;checkin_url;conditions_of_carriage_url;article_selector;,,,
sncf,SNCF,2C,France,Scheduled,no,,,Europe,,,,,,,,,,no,,0,0,no,no,no,,locale;band;official_website;help_root;baggage_checked_url;baggage_carryon_url;baggage_fees_url;fare_conditions_url;checkin_url;conditions_of_carriage_url;article_selector;,,,
starlux-airlines,STARLUX Airlines,JX,Singapore,Scheduled,yes,en-sg,manual-priority,Asia,https://www.starlux-airlines.com,,https://www.starlux-airlines.com/en-ID/support/faq/baggage,https://www.starlux-airlines.com/en-ID/support/faq/baggage,https://www.starlux-airlines.com/en-ID/support/faq/baggage,,,https://www.starlux-airlines.com/en-TW/terms-conditions/conditions-of-carriage,,yes,2026-09-03,0,4,no,yes,no,https://www.starlux-airlines.com/en-TW/terms-conditions/conditions-of-carriage,help_root;fare_conditions_url;checkin_url;article_selector;,"4/6 urls imported from filled priority CSV; conditions_of_carriage_url prefilled from Duffel refs; please verify.; Missing fields filled from buffertse/airline-data, which records official airline domains and deep links sourced from airline websites.",starlux-airlines-883,https://raw.githubusercontent.com/buffertse/airline-data/main/data/airlines.csv; https://raw.githubusercontent.com/buffertse/airline-data/main/data/airline-links.csv
stp-airways,STP Airways,8F,Sao Tome and Principe,Scheduled,no,,,,https://stpairways.st,,,,,,,,,no,,0,0,no,no,no,,locale;band;region;help_root;baggage_checked_url;baggage_carryon_url;baggage_fees_url;fare_conditions_url;checkin_url;conditions_of_carriage_url;article_selector;,,cardig-air-1201,https://raw.githubusercontent.com/buffertse/airline-data/main/data/airlines.csv; https://raw.githubusercontent.com/buffertse/airline-data/main/data/airline-links.csv
sun-air,SUN-AIR,ZU,Denmark,Scheduled,no,,,Europe,https://sunair.co.nz,,,,,,,,,no,,0,0,no,yes,no,,locale;band;help_root;baggage_checked_url;baggage_carryon_url;baggage_fees_url;fare_conditions_url;checkin_url;conditions_of_carriage_url;article_selector;,,sunair-1671,https://raw.githubusercontent.com/buffertse/airline-data/main/data/airlines.csv; https://raw.githubusercontent.com/buffertse/airline-data/main/data/airline-links.csv
swiss,SWISS,LX,Switzerland,Scheduled,yes,en-ch,1b,Europe,https://www.swiss.com,,https://www.swiss.com/ch/en/prepare/baggage/checked-baggage,https://www.swiss.com/ch/en/prepare/baggage/hand-baggage,https://www.swiss.com/ch/en/prepare/baggage/excess-baggage,https://www.swiss.com/ch/en/book-and-manage/fare-conditions,https://www.swiss.com/ch/en/prepare/check-in/online-check-in,https://www.swiss.com/ch/en/terms-conditions/conditions-of-carriage,,yes,2026-09-03,0,6,no,yes,no,https://www.swiss.com/de/en/terms-conditions/conditions-of-carriage,help_root;article_selector;,6/6 urls,swiss-international-air-lines-479,C:\Users\kspellman\Documents\Codex\2026-08-24\vie\work\airline_research_data.json; https://raw.githubusercontent.com/buffertse/airline-data/main/data/airlines.csv; https://raw.githubusercontent.com/buffertse/airline-data/main/data/airline-links.csv
sabre-inc,Sabre Inc.,1S,United States,Scheduled,no,en,,North America,,,,,,,,,,no,,0,0,no,no,no,,band;official_website;help_root;baggage_checked_url;baggage_carryon_url;baggage_fees_url;fare_conditions_url;checkin_url;conditions_of_carriage_url;article_selector;,,,
safarilink-aviation,Safarilink Aviation,F2,Kenya,Scheduled,no,en,,Africa,https://regionalcargo.com,,,,,,,,,no,,0,0,no,no,yes,,band;help_root;baggage_checked_url;baggage_carryon_url;baggage_fees_url;fare_conditions_url;checkin_url;conditions_of_carriage_url;article_selector;,,regional-cargo-1611,https://raw.githubusercontent.com/buffertse/airline-data/main/data/airlines.csv; https://raw.githubusercontent.com/buffertse/airline-data/main/data/airline-links.csv
safi-airways,Safi Airways,4Q,Afghanistan,Scheduled,no,,,Asia,,,,,,,,,,no,,0,0,no,yes,yes,,locale;band;official_website;help_root;baggage_checked_url;baggage_carryon_url;baggage_fees_url;fare_conditions_url;checkin_url;conditions_of_carriage_url;article_selector;,,,
salamair,SalamAir,OV,Estonia,Low-cost,no,en,,Europe,https://salamair.com,,https://www.salamair.com/en/plan/baggage-information,https://www.salamair.com/en/plan/baggage-information,https://www.salamair.com/en/plan/baggage-information,,,,,no,,0,0,no,no,no,,band;help_root;fare_conditions_url;checkin_url;conditions_of_carriage_url;article_selector;,,salamair-876,https://raw.githubusercontent.com/buffertse/airline-data/main/data/airlines.csv; https://raw.githubusercontent.com/buffertse/airline-data/main/data/airline-links.csv
samoa-airways,Samoa Airways,OL,Samoa,Scheduled,yes,en,manual-priority,Australia/Pacific,https://www.samoaairways.com,,,,,,,https://www.samoaairways.com/flying-with-us/terms-and-conditions-of-carriage/,,yes,2026-09-03,0,1,no,no,yes,https://www.samoaairways.com/flying-with-us/terms-and-conditions-of-carriage/,help_root;baggage_checked_url;baggage_carryon_url;baggage_fees_url;fare_conditions_url;checkin_url;article_selector;,1/6 urls imported from filled priority CSV; conditions_of_carriage_url prefilled from Duffel refs; please verify.,samoa-airways-1815,https://raw.githubusercontent.com/buffertse/airline-data/main/data/airlines.csv; https://raw.githubusercontent.com/buffertse/airline-data/main/data/airline-links.csv
sapsan,Sapsan,R0,Pakistan,Scheduled,no,,,Asia,,,,,,,,,,no,,0,0,no,no,no,,locale;band;official_website;help_root;baggage_checked_url;baggage_carryon_url;baggage_fees_url;fare_conditions_url;checkin_url;conditions_of_carriage_url;article_selector;,,,
saudia,Saudia,SV,Saudi Arabia,Scheduled,yes,en-sa,1b,Middle East,https://www.saudia.com,https://connect.saudiacargo.com/pharmaceutical-support-initiative-ar,https://www.saudia.com/pages/before-flying/baggage/checked-baggage,https://www.saudia.com/pages/before-flying/baggage/hand-baggage,https://www.saudia.com/pages/before-flying/baggage/excess-baggage,https://www.saudia.com/pages/before-flying/fare-families,https://www.saudia.com/pages/before-flying/check-in,https://www.saudia.com/pages/legal/conditions-of-carriage,,yes,2026-09-03,0,6,no,yes,no,,article_selector;,6/6 urls,saudia-cargo-1516,C:\Users\kspellman\Documents\Codex\2026-08-24\vie\work\airline_research_data.json; https://raw.githubusercontent.com/buffertse/airline-data/main/data/airlines.csv; https://raw.githubusercontent.com/buffertse/airline-data/main/data/airline-links.csv
scoot,Scoot,TR,Singapore,Low-cost,yes,en-sg,1a,Southeast Asia,https://www.flyscoot.com,,https://www.flyscoot.com/en/plan/booking-your-flight/baggage,https://www.flyscoot.com/en/plan/booking-your-flight/baggage,https://www.flyscoot.com/en/plan/booking-your-flight/fees-chart,https://www.flyscoot.com/en/plan/booking-your-flight/fare-bundles,https://www.flyscoot.com/en/plan/your-trip/check-in,https://www.flyscoot.com/en/terms-and-conditions/conditions-of-carriage,,yes,2026-09-03,0,6,no,yes,no,,help_root;article_selector;,6/6 urls,scoot-313,C:\Users\kspellman\Documents\Codex\2026-08-24\vie\work\airline_research_data.json; https://raw.githubusercontent.com/buffertse/airline-data/main/data/airlines.csv; https://raw.githubusercontent.com/buffertse/airline-data/main/data/airline-links.csv
seaport-airlines,SeaPort Airlines,X4,United States,Scheduled,no,en,,North America,,,,,,,,,,no,,0,0,no,no,no,,band;official_website;help_root;baggage_checked_url;baggage_carryon_url;baggage_fees_url;fare_conditions_url;checkin_url;conditions_of_carriage_url;article_selector;,,,
seaborne-airlines,Seaborne Airlines,BB,United States,Scheduled,no,en,,North America,https://www.seaborneairlines.com,,https://seaborneairlines.com/baggage-support,https://seaborneairlines.com/baggage-support,https://seaborneairlines.com/baggage-support,,,https://www.seaborneairlines.com/contract-of-carriage/,,no,,0,0,no,no,no,https://www.seaborneairlines.com/contract-of-carriage/,band;help_root;fare_conditions_url;checkin_url;article_selector;,,seaborne-airlines-994,https://raw.githubusercontent.com/buffertse/airline-data/main/data/airlines.csv; https://raw.githubusercontent.com/buffertse/airline-data/main/data/airline-links.csv
sepehran-airlines,Sepehran Airlines,IS,Iran,Low-cost,no,,,Middle East,https://flyirsairlines.com,,,,,,,,,no,,0,0,no,yes,no,,locale;band;help_root;baggage_checked_url;baggage_carryon_url;baggage_fees_url;fare_conditions_url;checkin_url;conditions_of_carriage_url;article_selector;,,ais-airlines-779,https://raw.githubusercontent.com/buffertse/airline-data/main/data/airlines.csv; https://raw.githubusercontent.com/buffertse/airline-data/main/data/airline-links.csv
serene-air,Serene Air,ER,Pakistan,Scheduled,no,,,Asia,https://sereneair.com,,,,,,,,,no,,0,0,no,no,yes,,locale;band;help_root;baggage_checked_url;baggage_carryon_url;baggage_fees_url;fare_conditions_url;checkin_url;conditions_of_carriage_url;article_selector;,,astar-air-cargo-939,https://raw.githubusercontent.com/buffertse/airline-data/main/data/airlines.csv; https://raw.githubusercontent.com/buffertse/airline-data/main/data/airline-links.csv
serve-air,Serve Air,V6,Ukraine,Scheduled,no,,,Europe,https://viairlink.com,,,,,,,,,no,,0,0,no,no,no,,locale;band;help_root;baggage_checked_url;baggage_carryon_url;baggage_fees_url;fare_conditions_url;checkin_url;conditions_of_carriage_url;article_selector;,,vi-airlink-1704,https://raw.githubusercontent.com/buffertse/airline-data/main/data/airlines.csv; https://raw.githubusercontent.com/buffertse/airline-data/main/data/airline-links.csv
severstal-air-company,Severstal Air Company,D2,Russia,Scheduled,no,en,,Europe,https://severstal-avia.ru,,,,,,,,,no,,0,0,no,yes,yes,,band;help_root;baggage_checked_url;baggage_carryon_url;baggage_fees_url;fare_conditions_url;checkin_url;conditions_of_carriage_url;article_selector;,"Missing fields filled from buffertse/airline-data, which records official airline domains and deep links sourced from airline websites.",severstal-air-company-695,https://raw.githubusercontent.com/buffertse/airline-data/main/data/airlines.csv; https://raw.githubusercontent.com/buffertse/airline-data/main/data/airline-links.csv
shaheen-air,Shaheen Air,NL,Pakistan,Scheduled,no,,,Asia,,,,,,,,,,no,,0,0,no,yes,no,,locale;band;official_website;help_root;baggage_checked_url;baggage_carryon_url;baggage_fees_url;fare_conditions_url;checkin_url;conditions_of_carriage_url;article_selector;,,,
shandong-airlines,Shandong Airlines,SC,China,Scheduled,yes,en,manual-priority,Asia,https://www.sda.cn,,,,,,,https://www.sda.cn/en/about/news/show/3195.html,,yes,2026-09-03,1,0,no,yes,no,https://www.sda.cn/en/about/news/show/3195.html,help_root;baggage_checked_url;baggage_carryon_url;baggage_fees_url;fare_conditions_url;checkin_url;article_selector;,1/6 urls imported from filled priority CSV; conditions_of_carriage_url prefilled from Duffel refs; please verify.,,
shanghai-airlines,Shanghai Airlines,FM,China,Scheduled,yes,en,manual-priority,Asia,https://www.ceair.com,,,,,,,https://www.ceair.com/global/en_static/Announcement/TravelTips/dsGeneralCondition/shanghaiAirlinesLuggageRules/shdomesticRules/,,yes,2026-09-03,0,1,no,yes,no,https://www.ceair.com/global/en_static/Announcement/TravelTips/dsGeneralCondition/shanghaiAirlinesLuggageRules/shdomesticRules/,help_root;baggage_checked_url;baggage_carryon_url;baggage_fees_url;fare_conditions_url;checkin_url;article_selector;,1/6 urls imported from filled priority CSV; conditions_of_carriage_url prefilled from Duffel refs; please verify.,,
sharp-airlines,Sharp Airlines,SH,Australia,Scheduled,no,en,,Australia/Pacific,https://sharpairlines.com.au,,https://sharpairlines.com.au/travel-information/baggage,https://sharpairlines.com.au/travel-information/baggage,https://sharpairlines.com.au/travel-information/baggage,,,,,no,,0,0,no,no,no,,band;help_root;fare_conditions_url;checkin_url;conditions_of_carriage_url;article_selector;,,sharp-airlines-528,https://raw.githubusercontent.com/buffertse/airline-data/main/data/airlines.csv; https://raw.githubusercontent.com/buffertse/airline-data/main/data/airline-links.csv
shenzhen-airlines,Shenzhen Airlines,ZH,China,Scheduled,yes,en,manual-priority,Asia,https://www.shenzhenair.com,,https://globalpage.shenzhenair.com/zhair/cms/static/resources/images/doc/DomesticCarriageforPassengerAndBaggage_en.pdf,https://globalpage.shenzhenair.com/zhair/cms/static/resources/images/doc/DomesticCarriageforPassengerAndBaggage_en.pdf,https://globalpage.shenzhenair.com/zhair/cms/static/resources/images/doc/DomesticCarriageforPassengerAndBaggage_en.pdf,,,https://www.shenzhenair.com/szair_B2C/getStaticHtml.action?htmlName=termService,,yes,2026-09-03,0,4,no,yes,no,https://www.shenzhenair.com/szair_B2C/getStaticHtml.action?htmlName=termService,help_root;fare_conditions_url;checkin_url;article_selector;,"4/6 urls imported from filled priority CSV; conditions_of_carriage_url prefilled from Duffel refs; please verify.; Missing fields filled from buffertse/airline-data, which records official airline domains and deep links sourced from airline websites.",shenzhen-airlines-1825,https://raw.githubusercontent.com/buffertse/airline-data/main/data/airlines.csv; https://raw.githubusercontent.com/buffertse/airline-data/main/data/airline-links.csv
shirak-avia,Shirak Avia,5G,Canada,Scheduled,no,en,,North America,https://mayair.com.mx,,,,,,,,,no,,0,0,no,no,no,,band;help_root;baggage_checked_url;baggage_carryon_url;baggage_fees_url;fare_conditions_url;checkin_url;conditions_of_carriage_url;article_selector;,,mayair-124,https://raw.githubusercontent.com/buffertse/airline-data/main/data/airlines.csv; https://raw.githubusercontent.com/buffertse/airline-data/main/data/airline-links.csv
shree-airlines,Shree Airlines,N9,Nigeria,Scheduled,no,en,,Africa,https://shreeairlines.com,,https://shreeairlines.com/baggage-cargo-fare,https://shreeairlines.com/baggage-cargo-fare,https://shreeairlines.com/baggage-cargo-fare,,,,,no,,0,0,no,no,no,,band;help_root;fare_conditions_url;checkin_url;conditions_of_carriage_url;article_selector;,,shree-airlines-1647,https://raw.githubusercontent.com/buffertse/airline-data/main/data/airlines.csv; https://raw.githubusercontent.com/buffertse/airline-data/main/data/airline-links.csv
shun-tak-china-travel-ship,Shun Tak-China Travel Ship,8S,China,Scheduled,no,,,Asia,,,,,,,,,,no,,0,0,no,no,no,,locale;band;official_website;help_root;baggage_checked_url;baggage_carryon_url;baggage_fees_url;fare_conditions_url;checkin_url;conditions_of_carriage_url;article_selector;,,,
sila,SiLA,СЛ,Russia,Scheduled,no,,,Europe,,,,,,,,,,no,,0,0,no,no,no,,locale;band;official_website;help_root;baggage_checked_url;baggage_carryon_url;baggage_fees_url;fare_conditions_url;checkin_url;conditions_of_carriage_url;article_selector;,,,
sichuan-airlines,Sichuan Airlines,3U,China,Scheduled,yes,en,manual-priority,Asia,https://www.sichuanair.com,,,,https://www.sichuanair.com/3uair/static/excel/EXCESSBAGGAGECHARGE_.xlsx,,,https://www.scal.com.cn,,yes,2026-09-03,0,1,no,yes,no,https://www.scal.com.cn,help_root;baggage_checked_url;baggage_carryon_url;fare_conditions_url;checkin_url;article_selector;,"1/6 urls imported from filled priority CSV; conditions_of_carriage_url prefilled from Duffel refs; please verify.; Missing fields filled from buffertse/airline-data, which records official airline domains and deep links sourced from airline websites.",sichuan-airlines-930,https://raw.githubusercontent.com/buffertse/airline-data/main/data/airlines.csv; https://raw.githubusercontent.com/buffertse/airline-data/main/data/airline-links.csv
silk-avia,Silk Avia,US,Uzbekistan,Scheduled,no,,,Asia,https://psaairlines.com,https://psaairlines.com/contact,,,,,,,,no,,0,0,no,no,no,,locale;band;baggage_checked_url;baggage_carryon_url;baggage_fees_url;fare_conditions_url;checkin_url;conditions_of_carriage_url;article_selector;,,psa-airlines-464,https://raw.githubusercontent.com/buffertse/airline-data/main/data/airlines.csv; https://raw.githubusercontent.com/buffertse/airline-data/main/data/airline-links.csv
silk-way-west-airlines,Silk Way West Airlines,7L,Cuba,Scheduled,no,,,Caribbean,https://silkwaywest.com,,,,,,,,,no,,0,0,no,no,no,,locale;band;help_root;baggage_checked_url;baggage_carryon_url;baggage_fees_url;fare_conditions_url;checkin_url;conditions_of_carriage_url;article_selector;,,silk-way-west-airlines-616,https://raw.githubusercontent.com/buffertse/airline-data/main/data/airlines.csv; https://raw.githubusercontent.com/buffertse/airline-data/main/data/airline-links.csv
silkair,SilkAir,MI,Singapore,Scheduled,no,en,,Asia,,,,,,,,,,no,,0,0,no,yes,no,,band;official_website;help_root;baggage_checked_url;baggage_carryon_url;baggage_fees_url;fare_conditions_url;checkin_url;conditions_of_carriage_url;article_selector;,,,
silver-air,Silver Air,0P,Djibouti,Scheduled,no,,,,,,,,,,,,,no,,0,0,no,no,no,,locale;band;region;official_website;help_root;baggage_checked_url;baggage_carryon_url;baggage_fees_url;fare_conditions_url;checkin_url;conditions_of_carriage_url;article_selector;,,,
silver-airways,Silver Airways,3M,United States,Scheduled,yes,en-us,manual-priority,North America,https://www.silverairways.com,,https://www.silverairways.com/more-information/travel-policies/policy/baggage-policy,https://www.silverairways.com/more-information/travel-policies/policy/baggage-policy,https://www.silverairways.com/more-information/travel-policies/policy/optional-fees,https://www.silverairways.com/,https://checkins.silverairways.com/dx/3MCI/#/check-in/start?locale=en-GB,https://www.silverairways.com/docs/default-source/legal-documents/silver-airways-contract-of-carriage-05oct2021.pdf?sfvrsn=b273701b_1,,yes,2026-09-03,0,1,no,yes,no,https://www.silverairways.com/docs/default-source/legal-documents/silver-airways-contract-of-carriage-05oct2021.pdf?sfvrsn=b273701b_1,help_root;article_selector;,1/6 urls imported from filled priority CSV; conditions_of_carriage_url prefilled from Duffel refs; please verify.,,
singapore-airlines,Singapore Airlines,SQ,Singapore,Scheduled,yes,en-sg,1a,Southeast Asia,https://www.singaporeair.com,,https://www.singaporeair.com/en_UK/sg/travel-info/baggage/checked-baggage/,https://www.singaporeair.com/en_UK/sg/travel-info/baggage/cabin-baggage/,https://www.singaporeair.com/en_UK/sg/travel-info/baggage/additional-baggage-charges/,https://www.singaporeair.com/en_UK/sg/plan-travel/local-promotions/fare-types/,https://www.singaporeair.com/en_UK/sg/travel-info/check-in/,https://www.singaporeair.com/en_UK/sg/travel-info/conditions-carriage/,,yes,2026-09-03,0,6,no,yes,yes,https://www.singaporeair.com/en_UK/global_footer/conditions-carriage/,help_root;article_selector;,6/6 urls,singapore-airlines,C:\Users\kspellman\Documents\Codex\2026-08-24\vie\work\airline_research_data.json; https://raw.githubusercontent.com/buffertse/airline-data/main/data/airlines.csv; https://raw.githubusercontent.com/buffertse/airline-data/main/data/airline-links.csv
skippers-aviation,Skippers Aviation,HK,Germany,Scheduled,no,,,Europe,https://vanilla-air.com,,https://skippers.com.au/baggage,https://skippers.com.au/baggage,https://skippers.com.au/baggage,,,,,no,,0,0,no,no,no,,locale;band;help_root;fare_conditions_url;checkin_url;conditions_of_carriage_url;article_selector;,,skippers-aviation-1302,https://raw.githubusercontent.com/buffertse/airline-data/main/data/airlines.csv; https://raw.githubusercontent.com/buffertse/airline-data/main/data/airline-links.csv
sky-airline,Sky Airline,H2,Chile,Low-cost,yes,en,manual-priority,South America,https://www.skyairline.com/support,https://www.skyairline.com/support,https://www.skyairline.com/en/unitedstates/equipaje,https://www.skyairline.com/en/unitedstates/equipaje,https://www.skyairline.com/en/unitedstates/equipaje,,,https://www.skyairline.com/upload/Documents/Air_transport_contract.pdf,,yes,2026-09-03,0,4,no,yes,yes,https://www.skyairline.com/upload/Documents/Air_transport_contract.pdf,fare_conditions_url;checkin_url;article_selector;,"4/6 urls imported from filled priority CSV; conditions_of_carriage_url prefilled from Duffel refs; please verify.; Missing fields filled from buffertse/airline-data, which records official airline domains and deep links sourced from airline websites.",sky-airline-403,https://raw.githubusercontent.com/buffertse/airline-data/main/data/airlines.csv; https://raw.githubusercontent.com/buffertse/airline-data/main/data/airline-links.csv
sky-airline-peru,Sky Airline Peru,H8,Peru,Low-cost,no,,,Latin America,,,,,,,,,,no,,0,0,no,no,no,,locale;band;official_website;help_root;baggage_checked_url;baggage_carryon_url;baggage_fees_url;fare_conditions_url;checkin_url;conditions_of_carriage_url;article_selector;,,,
sky-airlines,Sky Airlines,ZY,Turkey,Scheduled,yes,en,manual-priority,Europe,https://www.skyairline.com/support,https://www.skyairline.com/support,https://www.skyairline.com/en/unitedstates/equipaje,https://www.skyairline.com/en/unitedstates/equipaje,https://www.skyairline.com/en/unitedstates/equipaje,,,,,yes,2026-09-03,0,3,no,yes,no,,fare_conditions_url;checkin_url;conditions_of_carriage_url;article_selector;,"3/6 urls imported from filled priority CSV; Missing fields filled from buffertse/airline-data, which records official airline domains and deep links sourced from airline websites.",sky-airline-403,https://raw.githubusercontent.com/buffertse/airline-data/main/data/airlines.csv; https://raw.githubusercontent.com/buffertse/airline-data/main/data/airline-links.csv
sky-angkor-airlines,Sky Angkor Airlines,ZA,Cambodia,Scheduled,no,,,Asia,,,,,,,,,,no,,0,0,no,yes,yes,,locale;band;official_website;help_root;baggage_checked_url;baggage_carryon_url;baggage_fees_url;fare_conditions_url;checkin_url;conditions_of_carriage_url;article_selector;,,,
sky-express-greece,Sky Express Greece,GQ,Greece,Scheduled,no,en,,Europe,https://bookings.skyexpress.gr,,https://www.skyexpress.gr/en/care-plane/luggage,https://www.skyexpress.gr/en/care-plane/luggage,https://www.skyexpress.gr/en/care-plane/luggage,,,https://bookings.skyexpress.gr/en/need-help/conditions-of-carriage,,no,,0,0,no,no,no,https://bookings.skyexpress.gr/en/need-help/conditions-of-carriage,band;help_root;fare_conditions_url;checkin_url;article_selector;,,q1584804-484,https://raw.githubusercontent.com/buffertse/airline-data/main/data/airlines.csv; https://raw.githubusercontent.com/buffertse/airline-data/main/data/airline-links.csv
sky-fru,Sky Fru,R8,Kyrgyzstan,Scheduled,no,,,Asia,,,,,,,,,,no,,0,0,no,no,no,,locale;band;official_website;help_root;baggage_checked_url;baggage_carryon_url;baggage_fees_url;fare_conditions_url;checkin_url;conditions_of_carriage_url;article_selector;,,,
sky-gates-airlines,Sky Gates Airlines,U3,Russia,Scheduled,no,,,Europe,,,,,,,,,,no,,0,0,no,no,no,,locale;band;official_website;help_root;baggage_checked_url;baggage_carryon_url;baggage_fees_url;fare_conditions_url;checkin_url;conditions_of_carriage_url;article_selector;,,,
sky-high,Sky High,DO,Italy,Scheduled,no,,,Europe,,,,,,,,,,no,,0,0,no,no,no,,locale;band;official_website;help_root;baggage_checked_url;baggage_carryon_url;baggage_fees_url;fare_conditions_url;checkin_url;conditions_of_carriage_url;article_selector;,,,
sky-lease-i-inc,"Sky Lease I, Inc.",GG,United States,Scheduled,no,en,,North America,https://skyleasecargo.com,,,,,,,,,no,,0,0,no,no,no,,band;help_root;baggage_checked_url;baggage_carryon_url;baggage_fees_url;fare_conditions_url;checkin_url;conditions_of_carriage_url;article_selector;,,sky-lease-cargo-797,https://raw.githubusercontent.com/buffertse/airline-data/main/data/airlines.csv; https://raw.githubusercontent.com/buffertse/airline-data/main/data/airline-links.csv
sky-mali,Sky Mali,ML,Mali,Scheduled,no,,,Africa,,,,,,,,,,no,,0,0,no,no,no,,locale;band;official_website;help_root;baggage_checked_url;baggage_carryon_url;baggage_fees_url;fare_conditions_url;checkin_url;conditions_of_carriage_url;article_selector;,,,
sky-vision-airlines,Sky Vision Airlines,SE,France,Scheduled,no,,,Europe,https://european.aero,https://european.aero/contact-details,,,,,,,,no,,0,0,no,no,no,,locale;band;baggage_checked_url;baggage_carryon_url;baggage_fees_url;fare_conditions_url;checkin_url;conditions_of_carriage_url;article_selector;,,european-cargo-262,https://raw.githubusercontent.com/buffertse/airline-data/main/data/airlines.csv; https://raw.githubusercontent.com/buffertse/airline-data/main/data/airline-links.csv
sky-wings-airlines,Sky Wings Airlines,ND,Greece,Scheduled,no,,,Europe,https://fmiair.com,,,,,,,,,no,,0,0,no,no,no,,locale;band;help_root;baggage_checked_url;baggage_carryon_url;baggage_fees_url;fare_conditions_url;checkin_url;conditions_of_carriage_url;article_selector;,,fmi-air-602,https://raw.githubusercontent.com/buffertse/airline-data/main/data/airlines.csv; https://raw.githubusercontent.com/buffertse/airline-data/main/data/airline-links.csv
skyalps,SkyAlps,BQ,Italy,Scheduled,no,en,,Europe,https://skyalps.com,,,,,,,https://www.skyalps.com/en/policies/general-conditions-of-sale-and-carriage,,no,,0,0,no,no,no,https://www.skyalps.com/en/policies/general-conditions-of-sale-and-carriage,band;help_root;baggage_checked_url;baggage_carryon_url;baggage_fees_url;fare_conditions_url;checkin_url;article_selector;,,sky-alps-1833,https://raw.githubusercontent.com/buffertse/airline-data/main/data/airlines.csv; https://raw.githubusercontent.com/buffertse/airline-data/main/data/airline-links.csv
skybahamas,SkyBahamas,Q7,Bahamas,Scheduled,no,en,,Caribbean,,,,,,,,,,no,,0,0,no,yes,no,,band;official_website;help_root;baggage_checked_url;baggage_carryon_url;baggage_fees_url;fare_conditions_url;checkin_url;conditions_of_carriage_url;article_selector;,,,
skyjet-airlines,SkyJet Airlines,M8,Uganda,Scheduled,no,en,,Africa,https://transnusa.co.id,,https://www.transmaldivian.com/baggage-restrictions,https://www.transmaldivian.com/baggage-restrictions,https://www.transmaldivian.com/baggage-restrictions,,,,,no,,0,0,no,no,yes,,band;help_root;fare_conditions_url;checkin_url;conditions_of_carriage_url;article_selector;,,trans-maldivian-airways-1802,https://raw.githubusercontent.com/buffertse/airline-data/main/data/airlines.csv; https://raw.githubusercontent.com/buffertse/airline-data/main/data/airline-links.csv
skytaxi,SkyTaxi,TE,Romania,Scheduled,no,en,,Europe,https://skytaxi.aero,,https://skytaxi.aero/en/baggage,https://skytaxi.aero/en/baggage,https://skytaxi.aero/en/baggage,,,,,no,,0,0,no,no,no,,band;help_root;fare_conditions_url;checkin_url;conditions_of_carriage_url;article_selector;,,skytaxi-765,https://raw.githubusercontent.com/buffertse/airline-data/main/data/airlines.csv; https://raw.githubusercontent.com/buffertse/airline-data/main/data/airline-links.csv
skyup-airlines,SkyUp Airlines,PQ,Puerto Rico,Low-cost,no,,,Caribbean,https://transafrik.com,,,,,,,,,no,,0,0,no,no,yes,,locale;band;help_root;baggage_checked_url;baggage_carryon_url;baggage_fees_url;fare_conditions_url;checkin_url;conditions_of_carriage_url;article_selector;,,transafrik-international-863,https://raw.githubusercontent.com/buffertse/airline-data/main/data/airlines.csv; https://raw.githubusercontent.com/buffertse/airline-data/main/data/airline-links.csv
skyup-mt,SkyUp MT,U5,United States,Low-cost,no,en,,North America,https://skyup.aero,,https://skyup.aero/en/faq/baggage,https://skyup.aero/en/faq/baggage,https://skyup.aero/en/faq/baggage,,,,,no,,0,0,no,no,no,,band;help_root;fare_conditions_url;checkin_url;conditions_of_carriage_url;article_selector;,,skyup-mt-277,https://raw.githubusercontent.com/buffertse/airline-data/main/data/airlines.csv; https://raw.githubusercontent.com/buffertse/airline-data/main/data/airline-links.csv
skywest-airlines,SkyWest Airlines,OO,Australia,Scheduled,yes,en-au,manual-priority,Australia/Pacific,https://www.skywest.com,,,,,,,https://www.skywest.com/fly-skywest-airlines/customer-information#!contract-of-carriage,,yes,2026-09-03,0,1,no,yes,no,https://www.skywest.com/fly-skywest-airlines/customer-information#!contract-of-carriage,help_root;baggage_checked_url;baggage_carryon_url;baggage_fees_url;fare_conditions_url;checkin_url;article_selector;,1/6 urls imported from filled priority CSV; conditions_of_carriage_url prefilled from Duffel refs; please verify.,,
skywork-airlines,SkyWork Airlines,SX,Switzerland,Scheduled,no,,,Europe,,,,,,,,,,no,,0,0,no,no,yes,,locale;band;official_website;help_root;baggage_checked_url;baggage_carryon_url;baggage_fees_url;fare_conditions_url;checkin_url;conditions_of_carriage_url;article_selector;,,,
skyline-express-airline,Skyline Express Airline,QU,China,Scheduled,no,en,,Asia,https://skylineexpress.aero,,,,https://skylineexpress.aero/en/baggage/free-baggage-rates-and-additional-fees,,,,,no,,0,0,no,no,no,,band;help_root;baggage_checked_url;baggage_carryon_url;fare_conditions_url;checkin_url;conditions_of_carriage_url;article_selector;,,skyline-express-airlines-54,https://raw.githubusercontent.com/buffertse/airline-data/main/data/airlines.csv; https://raw.githubusercontent.com/buffertse/airline-data/main/data/airline-links.csv
skymark-airlines,Skymark Airlines,BC,Japan,Low-cost,no,,,Asia,,,,,,,,,,no,,0,0,no,yes,yes,,locale;band;official_website;help_root;baggage_checked_url;baggage_carryon_url;baggage_fees_url;fare_conditions_url;checkin_url;conditions_of_carriage_url;article_selector;,,,
skytrans-australia,Skytrans Australia,QN,Australia,Scheduled,no,en,,Australia/Pacific,,,,,,,,,,no,,0,0,no,no,no,,band;official_website;help_root;baggage_checked_url;baggage_carryon_url;baggage_fees_url;fare_conditions_url;checkin_url;conditions_of_carriage_url;article_selector;,,,
skyward-airlines,Skyward Airlines,OW,Canada,Scheduled,yes,en-ca,manual-priority,North America,https://www.skywardairlines.co.ke,,https://www.skywardairlines.co.ke/baggage-policy,https://www.skywardairlines.co.ke/baggage-policy,https://www.skywardairlines.co.ke/baggage-policy,,,,,yes,2026-09-03,3,0,no,yes,no,,help_root;fare_conditions_url;checkin_url;conditions_of_carriage_url;article_selector;,"3/6 urls imported from filled priority CSV; Missing fields filled from buffertse/airline-data, which records official airline domains and deep links sourced from airline websites.",skyward-airlines-857,https://raw.githubusercontent.com/buffertse/airline-data/main/data/airlines.csv; https://raw.githubusercontent.com/buffertse/airline-data/main/data/airline-links.csv
small-planet-airlines-poland,Small Planet Airlines Poland,P7,Poland,Scheduled,no,,,Europe,,,,,,,,,,no,,0,0,no,no,no,,locale;band;official_website;help_root;baggage_checked_url;baggage_carryon_url;baggage_fees_url;fare_conditions_url;checkin_url;conditions_of_carriage_url;article_selector;,,,
smartavia,SmartAvia,5N,Russia,Scheduled,no,,,Europe,,,,,,,,,,no,,0,0,no,no,yes,,locale;band;official_website;help_root;baggage_checked_url;baggage_carryon_url;baggage_fees_url;fare_conditions_url;checkin_url;conditions_of_carriage_url;article_selector;,,,
smartlynx-airlines-estonia,SmartLynx Airlines Estonia,6Y,Latvia,Scheduled,no,,,Europe,https://www.smartlynx.aero,,,,,,,https://www.smartlynx.aero/en/passengers/before-the-flight/conditions-of-carriage,,no,,0,0,no,no,no,https://www.smartlynx.aero/en/passengers/before-the-flight/conditions-of-carriage,locale;band;help_root;baggage_checked_url;baggage_carryon_url;baggage_fees_url;fare_conditions_url;checkin_url;article_selector;,,,
smartlynx-malta,SmartLynx Malta,2N,Malta,Scheduled,no,en,,Europe,https://yuzmashair.com.ua,,,,,,,,,no,,0,0,no,no,no,,band;help_root;baggage_checked_url;baggage_carryon_url;baggage_fees_url;fare_conditions_url;checkin_url;conditions_of_carriage_url;article_selector;,,yuzhmashavia-593,https://raw.githubusercontent.com/buffertse/airline-data/main/data/airlines.csv; https://raw.githubusercontent.com/buffertse/airline-data/main/data/airline-links.csv
smartwings-czechia,SmartWings Czechia,QS,Czechia,Low-cost,no,,,,,,,,,,,,,no,,0,0,no,no,no,,locale;band;region;official_website;help_root;baggage_checked_url;baggage_carryon_url;baggage_fees_url;fare_conditions_url;checkin_url;conditions_of_carriage_url;article_selector;,,,
smartwings-hungary,SmartWings Hungary,7O,Hungary,Low-cost,no,,,Europe,,,,,,,,,,no,,0,0,no,no,no,,locale;band;official_website;help_root;baggage_checked_url;baggage_carryon_url;baggage_fees_url;fare_conditions_url;checkin_url;conditions_of_carriage_url;article_selector;,,,
smartwings-poland,SmartWings Poland,3Z,Poland,Low-cost,no,,,Europe,,,,,,,,,,no,,0,0,no,no,no,,locale;band;official_website;help_root;baggage_checked_url;baggage_carryon_url;baggage_fees_url;fare_conditions_url;checkin_url;conditions_of_carriage_url;article_selector;,,,
smokey-bay-air-inc,"Smokey Bay Air, Inc.",2E,Sri Lanka,Scheduled,no,,,Asia,,,,,,,,,,no,,0,0,no,no,no,,locale;band;official_website;help_root;baggage_checked_url;baggage_carryon_url;baggage_fees_url;fare_conditions_url;checkin_url;conditions_of_carriage_url;article_selector;,,,
solaseed-air,Solaseed Air,6J,Japan,Low-cost,no,,,Asia,https://solaseedair.jp,,,,,,,,,no,,0,0,no,yes,no,,locale;band;help_root;baggage_checked_url;baggage_carryon_url;baggage_fees_url;fare_conditions_url;checkin_url;conditions_of_carriage_url;article_selector;,,jubba-airways-450,https://raw.githubusercontent.com/buffertse/airline-data/main/data/airlines.csv; https://raw.githubusercontent.com/buffertse/airline-data/main/data/airline-links.csv
solomon-airlines,Solomon Airlines,IE,Solomon Islands,Scheduled,yes,en,manual-priority,Australia/Pacific,https://www.flysolomons.com,,https://www.flysolomons.com/experience/baggage-information,https://www.flysolomons.com/experience/baggage-information,https://www.flysolomons.com/experience/baggage-information,,,https://www.flysolomons.com/bookings/conditions-of-carriage,,yes,2026-09-03,2,2,no,yes,no,https://www.flysolomons.com/bookings/conditions-of-carriage,help_root;fare_conditions_url;checkin_url;article_selector;,"4/6 urls imported from filled priority CSV; conditions_of_carriage_url prefilled from Duffel refs; please verify.; Missing fields filled from buffertse/airline-data, which records official airline domains and deep links sourced from airline websites.",solomon-airlines-588,https://raw.githubusercontent.com/buffertse/airline-data/main/data/airlines.csv; https://raw.githubusercontent.com/buffertse/airline-data/main/data/airline-links.csv; https://raw.githubusercontent.com/buffertse/airline-data/main/derived/baggage-summary.csv
somon-air,Somon Air,SZ,Tajikistan,Scheduled,yes,en,manual-priority,Asia,https://somonair.com,,https://somonair.com/en/baggage,https://somonair.com/en/baggage,https://somonair.com/en/baggage,,,,,yes,2026-09-03,0,3,no,yes,yes,,help_root;fare_conditions_url;checkin_url;conditions_of_carriage_url;article_selector;,"3/6 urls imported from filled priority CSV; Missing fields filled from buffertse/airline-data, which records official airline domains and deep links sourced from airline websites.",somon-air-716,https://raw.githubusercontent.com/buffertse/airline-data/main/data/airlines.csv; https://raw.githubusercontent.com/buffertse/airline-data/main/data/airline-links.csv
sounds-air,Sounds Air,S8,South Africa,Scheduled,no,en,,Africa,,,,,,,,,,no,,0,0,no,no,yes,,band;official_website;help_root;baggage_checked_url;baggage_carryon_url;baggage_fees_url;fare_conditions_url;checkin_url;conditions_of_carriage_url;article_selector;,,,
south-african-airways,South African Airways,SA,South Africa,Scheduled,yes,en-za,manual-priority,Africa,https://www.flysaa.com,,https://www.flysaa.com/manage-fly/baggage/checked-baggage,https://www.flysaa.com/manage-fly/baggage/hand-baggage,https://www.flysaa.com/manage-fly/baggage/optional-service-fees,,,https://www.flysaa.com/documents/51855150/126723733/Conditions+of+Carriage,,yes,2026-09-03,3,1,no,yes,no,https://www.flysaa.com/documents/51855150/126723733/Conditions+of+Carriage,help_root;fare_conditions_url;checkin_url;article_selector;,"4/6 urls imported from filled priority CSV; conditions_of_carriage_url prefilled from Duffel refs; please verify.; Missing fields filled from buffertse/airline-data, which records official airline domains and deep links sourced from airline websites.",south-african-airways-758,https://raw.githubusercontent.com/buffertse/airline-data/main/data/airlines.csv; https://raw.githubusercontent.com/buffertse/airline-data/main/data/airline-links.csv
southern-air,Southern Air,9R,United States,Scheduled,no,en,,North America,https://satena.com,,,,,,,,,no,,0,0,no,yes,no,,band;help_root;baggage_checked_url;baggage_carryon_url;baggage_fees_url;fare_conditions_url;checkin_url;conditions_of_carriage_url;article_selector;,,satena-580,https://raw.githubusercontent.com/buffertse/airline-data/main/data/airlines.csv; https://raw.githubusercontent.com/buffertse/airline-data/main/data/airline-links.csv
southern-air-charter,Southern Air Charter,PL,Bahamas,Scheduled,no,en,,Caribbean,https://southernaircharter.com,https://www.southernaircharter.com/contact-us,,,,,,,,no,,0,0,no,no,no,,band;baggage_checked_url;baggage_carryon_url;baggage_fees_url;fare_conditions_url;checkin_url;conditions_of_carriage_url;article_selector;,,southern-air-charter-1664,https://raw.githubusercontent.com/buffertse/airline-data/main/data/airlines.csv; https://raw.githubusercontent.com/buffertse/airline-data/main/data/airline-links.csv
southern-airways-express,Southern Airways Express,9X,United States,Scheduled,yes,en-us,manual-priority,North America,https://iflysouthern.com,,https://iflysouthern.com/faq/,https://iflysouthern.com/faq/,https://iflysouthern.com/faq/,https://iflysouthern.com/,https://iflysouthern.com/,https://iflysouthern.com/contract-of-carriage/,,yes,2026-09-03,0,1,no,yes,no,https://iflysouthern.com/contract-of-carriage/,help_root;article_selector;,1/6 urls imported from filled priority CSV; conditions_of_carriage_url prefilled from Duffel refs; please verify.,southern-airways-express-431,https://raw.githubusercontent.com/buffertse/airline-data/main/data/airlines.csv; https://raw.githubusercontent.com/buffertse/airline-data/main/data/airline-links.csv
southern-sky-airlines,Southern Sky Airlines,IH,Italy,Scheduled,no,,,Europe,,,,,,,,,,no,,0,0,no,no,no,,locale;band;official_website;help_root;baggage_checked_url;baggage_carryon_url;baggage_fees_url;fare_conditions_url;checkin_url;conditions_of_carriage_url;article_selector;,,,
southwest-airlines,Southwest Airlines,WN,United States,Low-cost,yes,en-us,manual-priority,North America,https://support.southwest.com/helpcenter/s,https://support.southwest.com/helpcenter/s,https://support.southwest.com/helpcenter/s/article/checked-baggage-policy,https://espanol-support.southwest.com/helpcenter/s/article/carryon-baggage-policy,https://support.southwest.com/helpcenter/s/article/checked-baggage-policy,https://support.southwest.com/helpcenter/s/article/contract-of-carriage,https://www.southwest.com/air/check-in/,https://www.southwest.com/html/about-southwest/index.html?clk=GFOOTER-CONTRACT-OF-CARRIAGE#_tab_5,,yes,2026-09-03,0,4,no,yes,no,https://www.southwest.com/html/about-southwest/index.html?clk=GFOOTER-CONTRACT-OF-CARRIAGE#_tab_5,article_selector;,"4/6 urls imported from filled priority CSV; conditions_of_carriage_url prefilled from Duffel refs; please verify.; Missing fields filled from buffertse/airline-data, which records official airline domains and deep links sourced from airline websites.",southwest,https://raw.githubusercontent.com/buffertse/airline-data/main/data/airlines.csv; https://raw.githubusercontent.com/buffertse/airline-data/main/data/airline-links.csv
southwind-airlines,Southwind airlines,2S,Liberia,Low-cost,no,en,,,https://southwindairlines.com,,https://southwindairlines.com/en/baggage,https://southwindairlines.com/en/baggage,https://southwindairlines.com/en/baggage,,,,,no,,0,0,no,no,no,,band;region;help_root;fare_conditions_url;checkin_url;conditions_of_carriage_url;article_selector;,,southwind-airlines-159,https://raw.githubusercontent.com/buffertse/airline-data/main/data/airlines.csv; https://raw.githubusercontent.com/buffertse/airline-data/main/data/airline-links.csv
special-ground-handling-service-xh,Special Ground Handling Service -XH,XH,United Kingdom,Scheduled,no,en,,Europe,https://alexandriaairlines.net,,,,,,,,,no,,0,0,no,no,no,,band;help_root;baggage_checked_url;baggage_carryon_url;baggage_fees_url;fare_conditions_url;checkin_url;conditions_of_carriage_url;article_selector;,,alexandria-airlines-317,https://raw.githubusercontent.com/buffertse/airline-data/main/data/airlines.csv; https://raw.githubusercontent.com/buffertse/airline-data/main/data/airline-links.csv
spicejet,SpiceJet,SG,India,Low-cost,yes,en-in,manual-priority,Asia,https://www.spicejet.com,,https://www.spicejet.com/baggage,https://corporate.spicejet.com/ExcessBaggage.aspx,https://www.spicejet.com/baggage,,,,,yes,2026-09-03,1,2,no,yes,no,,help_root;fare_conditions_url;checkin_url;conditions_of_carriage_url;article_selector;,"3/6 urls imported from filled priority CSV; Missing fields filled from buffertse/airline-data, which records official airline domains and deep links sourced from airline websites.",spicejet-1809,https://raw.githubusercontent.com/buffertse/airline-data/main/data/airlines.csv; https://raw.githubusercontent.com/buffertse/airline-data/main/data/airline-links.csv; https://raw.githubusercontent.com/buffertse/airline-data/main/derived/baggage-summary.csv
spirit-airlines,Spirit Airlines,NK,United States,Low-cost,yes,en-us,manual-priority,North America,https://www.spirit.com,,https://www.spirit.com/en/baggage,https://www.spirit.com/en/baggage,https://www.spirit.com/en/baggage,https://content.spirit.com/Shared/en-us/Documents/Contract_of_Carriage.pdf,https://www.spirit.com/check-in,https://content.spirit.com/Shared/en-us/Documents/Contract_of_Carriage.pdf,,yes,2026-09-03,0,1,no,yes,no,https://content.spirit.com/Shared/en-us/Documents/Contract_of_Carriage.pdf,help_root;article_selector;,1/6 urls imported from filled priority CSV; conditions_of_carriage_url prefilled from Duffel refs; please verify.,,
spring-airlines,Spring Airlines,9C,China,Low-cost,no,,,Asia,,,,,,,,,,no,,0,0,no,no,no,,locale;band;official_website;help_root;baggage_checked_url;baggage_carryon_url;baggage_fees_url;fare_conditions_url;checkin_url;conditions_of_carriage_url;article_selector;,,,
spring-japan,Spring Japan,IJ,Japan,Low-cost,no,,,Asia,,,,,,,,,,no,,0,0,no,yes,yes,,locale;band;official_website;help_root;baggage_checked_url;baggage_carryon_url;baggage_fees_url;fare_conditions_url;checkin_url;conditions_of_carriage_url;article_selector;,,,
springjet,Springjet,5K,Portugal,Low-cost,no,,,Europe,https://hifly.aero,https://hifly.aero/contacts,,,,,,,,no,,0,0,no,no,no,,locale;band;baggage_checked_url;baggage_carryon_url;baggage_fees_url;fare_conditions_url;checkin_url;conditions_of_carriage_url;article_selector;,,hi-fly-888,https://raw.githubusercontent.com/buffertse/airline-data/main/data/airlines.csv; https://raw.githubusercontent.com/buffertse/airline-data/main/data/airline-links.csv
srilankan-airlines,SriLankan Airlines,UL,Sri Lanka,Scheduled,yes,en,manual-priority,Asia,https://www.srilankan.com,,https://www.srilankan.com/en_uk/plan-and-book/luggage,https://www.srilankan.com/en_uk/plan-and-book/luggage,https://www.srilankan.com/en_uk/plan-and-book/luggage,,,https://www.srilankan.com/Zh_cn/Corporate/conditions-of-carriage-for-passengers-and-baggage,,yes,2026-09-03,4,0,no,yes,no,https://www.srilankan.com/Zh_cn/Corporate/conditions-of-carriage-for-passengers-and-baggage,help_root;fare_conditions_url;checkin_url;article_selector;,"4/6 urls imported from filled priority CSV; conditions_of_carriage_url prefilled from Duffel refs; please verify.; Missing fields filled from buffertse/airline-data, which records official airline domains and deep links sourced from airline websites.",srilankan-airlines-1757,https://raw.githubusercontent.com/buffertse/airline-data/main/data/airlines.csv; https://raw.githubusercontent.com/buffertse/airline-data/main/data/airline-links.csv; https://raw.githubusercontent.com/buffertse/airline-data/main/derived/baggage-summary.csv
sriwijaya-air,Sriwijaya Air,SJ,Indonesia,Scheduled,no,,,Asia,,,,,,,,,,no,,0,0,no,yes,no,,locale;band;official_website;help_root;baggage_checked_url;baggage_carryon_url;baggage_fees_url;fare_conditions_url;checkin_url;conditions_of_carriage_url;article_selector;,,,
st-barth-commuter,St Barth Commuter,PV,France,Scheduled,no,,,Europe,https://stbarthcommuter.com,,,,,,,,,no,,0,0,no,no,yes,,locale;band;help_root;baggage_checked_url;baggage_carryon_url;baggage_fees_url;fare_conditions_url;checkin_url;conditions_of_carriage_url;article_selector;,"Missing fields filled from buffertse/airline-data, which records official airline domains and deep links sourced from airline websites.",st-barth-commuter-579,https://raw.githubusercontent.com/buffertse/airline-data/main/data/airlines.csv; https://raw.githubusercontent.com/buffertse/airline-data/main/data/airline-links.csv
stabo-air-limited,Stabo Air Limited,4E,Zambia,Scheduled,no,en,,Africa,,,,,,,,,,no,,0,0,no,no,no,,band;official_website;help_root;baggage_checked_url;baggage_carryon_url;baggage_fees_url;fare_conditions_url;checkin_url;conditions_of_carriage_url;article_selector;,Country checked from FreightUtils and ATC public code listings.,,https://www.freightutils.com/airlines/iata/4E; https://123atc.com/call-sign/SBO
star-air,Star Air,S5,India,Scheduled,no,,,Asia,,,,,,,,,,no,,0,0,no,no,no,,locale;band;official_website;help_root;baggage_checked_url;baggage_carryon_url;baggage_fees_url;fare_conditions_url;checkin_url;conditions_of_carriage_url;article_selector;,,,
star-peru,Star Peru,2I,Peru,Scheduled,no,,,Latin America,https://civair.co.za,https://civair.co.za/contact-us,,,,,,,,no,,0,0,no,no,no,,locale;band;baggage_checked_url;baggage_carryon_url;baggage_fees_url;fare_conditions_url;checkin_url;conditions_of_carriage_url;article_selector;,,civair-518,https://raw.githubusercontent.com/buffertse/airline-data/main/data/airlines.csv; https://raw.githubusercontent.com/buffertse/airline-data/main/data/airline-links.csv
starflyer,StarFlyer,7G,Japan,Scheduled,no,en,,Asia,https://starflyer.jp,https://www.starflyer.jp/en/checkin/support/child.html,https://www.starflyer.jp/en/checkin/luggage.html,https://www.starflyer.jp/en/checkin/carry-on-luggage.html,https://www.starflyer.jp/en/checkin/luggage.html,,,,,no,,0,0,no,no,no,,band;fare_conditions_url;checkin_url;conditions_of_carriage_url;article_selector;,,starflyer-336,https://raw.githubusercontent.com/buffertse/airline-data/main/data/airlines.csv; https://raw.githubusercontent.com/buffertse/airline-data/main/data/airline-links.csv
starbow,Starbow,S9,Ghana,Scheduled,no,en,,Africa,https://flysua.com,,,,,,,,,no,,0,0,no,no,yes,,band;help_root;baggage_checked_url;baggage_carryon_url;baggage_fees_url;fare_conditions_url;checkin_url;conditions_of_carriage_url;article_selector;,,sua-329,https://raw.githubusercontent.com/buffertse/airline-data/main/data/airlines.csv; https://raw.githubusercontent.com/buffertse/airline-data/main/data/airline-links.csv
sudan-airways,Sudan Airways,SD,Sudan,Scheduled,no,,,Africa,,,,,,,,,,no,,0,0,no,yes,yes,,locale;band;official_website;help_root;baggage_checked_url;baggage_carryon_url;baggage_fees_url;fare_conditions_url;checkin_url;conditions_of_carriage_url;article_selector;,,,
sun-air-express,Sun Air Express,6G,United States,Scheduled,no,en,,North America,https://go2sky.aero,,,,,,,,,no,,0,0,no,no,no,,band;help_root;baggage_checked_url;baggage_carryon_url;baggage_fees_url;fare_conditions_url;checkin_url;conditions_of_carriage_url;article_selector;,,go2sky-355,https://raw.githubusercontent.com/buffertse/airline-data/main/data/airlines.csv; https://raw.githubusercontent.com/buffertse/airline-data/main/data/airline-links.csv
sun-country-airlines,Sun Country Airlines,SY,United States,Low-cost,yes,en-us,manual-priority,North America,https://www.suncountry.com/help-center/bags-and-seats,https://www.suncountry.com/help-center/bags-and-seats,https://www.suncountry.com/bags-optional-services,https://www.suncountry.com/bags-optional-services,https://www.suncountry.com/bags-optional-services,https://www.suncountry.com/terms-and-conditions,https://www.suncountry.com/help-center/flights,https://assets.ctfassets.net/2aov1ouggrmn/1oeBYihGf7m9y7W0WFcdfo/89f1754fcef67eb7da26286f019604d0/Contract_of_Carriage_Update_-_06182021.pdf,,yes,2026-09-03,0,1,no,no,yes,https://assets.ctfassets.net/2aov1ouggrmn/1oeBYihGf7m9y7W0WFcdfo/89f1754fcef67eb7da26286f019604d0/Contract_of_Carriage_Update_-_06182021.pdf,article_selector;,"1/6 urls imported from filled priority CSV; conditions_of_carriage_url prefilled from Duffel refs; please verify.; Missing fields filled from buffertse/airline-data, which records official airline domains and deep links sourced from airline websites.",sun-country-airlines-1773,https://raw.githubusercontent.com/buffertse/airline-data/main/data/airlines.csv; https://raw.githubusercontent.com/buffertse/airline-data/main/data/airline-links.csv
sun-phuquoc-airways,Sun PhuQuoc Airways,9G,Vietnam,Scheduled,no,,,Asia,,,,,,,,,,no,,0,0,no,no,no,,locale;band;official_website;help_root;baggage_checked_url;baggage_carryon_url;baggage_fees_url;fare_conditions_url;checkin_url;conditions_of_carriage_url;article_selector;,,,
sunexpress,SunExpress,XQ,Turkey,Low-cost,yes,en,manual-priority,Europe,https://www.sunexpress.com,,https://www.sunexpress.com/en-gb/information/luggage-info/checked-baggage,https://www.sunexpress.com/en-gb/information/luggage-info/hand-baggage,https://www.sunexpress.com/en-gb/information/luggage-info/checked-baggage,,,https://www.sunexpress.com/en/terms-conditions-sunexpress/,,yes,2026-09-03,0,4,no,yes,yes,https://www.sunexpress.com/en/terms-conditions-sunexpress/,help_root;fare_conditions_url;checkin_url;article_selector;,"4/6 urls imported from filled priority CSV; conditions_of_carriage_url prefilled from Duffel refs; please verify.; Missing fields filled from buffertse/airline-data, which records official airline domains and deep links sourced from airline websites.",sunexpress-158,https://raw.githubusercontent.com/buffertse/airline-data/main/data/airlines.csv; https://raw.githubusercontent.com/buffertse/airline-data/main/data/airline-links.csv
sunexpress-deutschland,SunExpress Deutschland,XG,Germany,Low-cost,no,,,Europe,,,,,,,,,,no,,0,0,no,yes,no,,locale;band;official_website;help_root;baggage_checked_url;baggage_carryon_url;baggage_fees_url;fare_conditions_url;checkin_url;conditions_of_carriage_url;article_selector;,,,
sunclass-airlines,Sunclass Airlines,DK,Denmark,Scheduled,no,,,Europe,https://no.sunclassairlines.dk,,,,,,,,,no,,0,0,no,yes,yes,,locale;band;help_root;baggage_checked_url;baggage_carryon_url;baggage_fees_url;fare_conditions_url;checkin_url;conditions_of_carriage_url;article_selector;,"Missing fields filled from buffertse/airline-data, which records official airline domains and deep links sourced from airline websites.",sunclass-airlines-235,https://raw.githubusercontent.com/buffertse/airline-data/main/data/airlines.csv; https://raw.githubusercontent.com/buffertse/airline-data/main/data/airline-links.csv
sundair,SundAir,SR,Germany,Scheduled,yes,en,manual-priority,Europe,https://www.sundair.com,,https://www.sundair.com/infos-luggage,https://www.sundair.com/infos-luggage,https://www.sundair.com/infos-luggage,,,,,yes,2026-09-03,0,3,no,yes,yes,,help_root;fare_conditions_url;checkin_url;conditions_of_carriage_url;article_selector;,"3/6 urls imported from filled priority CSV; Missing fields filled from buffertse/airline-data, which records official airline domains and deep links sourced from airline websites.",sundair-873,https://raw.githubusercontent.com/buffertse/airline-data/main/data/airlines.csv; https://raw.githubusercontent.com/buffertse/airline-data/main/data/airline-links.csv
sunday-airlines,Sunday Airlines,0S,Kazakhstan,Scheduled,no,,,Asia,,,,,,,,,,no,,0,0,no,no,no,,locale;band;official_website;help_root;baggage_checked_url;baggage_carryon_url;baggage_fees_url;fare_conditions_url;checkin_url;conditions_of_carriage_url;article_selector;,,,
sunlight-air,Sunlight Air,2R,Canada,Scheduled,no,en,,North America,,,,,,,,,,no,,0,0,no,no,no,,band;official_website;help_root;baggage_checked_url;baggage_carryon_url;baggage_fees_url;fare_conditions_url;checkin_url;conditions_of_carriage_url;article_selector;,,,
sunrise-airways,Sunrise Airways,S6,Haiti,Scheduled,yes,en,manual-priority,Asia,https://www.sunriseairways.net,,https://www.sunriseairways.net/kre/checked-baggage,https://www.sunriseairways.net/kre/carry-on-baggage,https://www.sunriseairways.net/kre/checked-baggage,,,,,yes,2026-09-03,3,0,no,yes,yes,,help_root;fare_conditions_url;checkin_url;conditions_of_carriage_url;article_selector;,"3/6 urls imported from filled priority CSV; Missing fields filled from buffertse/airline-data, which records official airline domains and deep links sourced from airline websites.",sunrise-airways-1673,https://raw.githubusercontent.com/buffertse/airline-data/main/data/airlines.csv; https://raw.githubusercontent.com/buffertse/airline-data/main/data/airline-links.csv
sunrise-dominicana,Sunrise Dominicana,D6,South Africa,Scheduled,no,en,,Africa,https://interair.co.za,https://www.interair.co.za/contact.asp,,,,,,,,no,,0,0,no,no,no,,band;baggage_checked_url;baggage_carryon_url;baggage_fees_url;fare_conditions_url;checkin_url;conditions_of_carriage_url;article_selector;,,interair-south-africa-224,https://raw.githubusercontent.com/buffertse/airline-data/main/data/airlines.csv; https://raw.githubusercontent.com/buffertse/airline-data/main/data/airline-links.csv
sunsplash-aviation-llc,"Sunsplash Aviation, LLC.",YH,Colombia,Scheduled,no,,,Latin America,,,,,,,,,,no,,0,0,no,no,no,,locale;band;official_website;help_root;baggage_checked_url;baggage_carryon_url;baggage_fees_url;fare_conditions_url;checkin_url;conditions_of_carriage_url;article_selector;,,,
sunwing-airlines,Sunwing Airlines,WG,Canada,Low-cost,yes,en-ca,manual-priority,North America,https://www.sunwing.ca,,,,,,,https://www.sunwing.ca/en/sunwing-airlines/conditions-of-contract,,yes,2026-09-03,0,1,no,yes,yes,https://www.sunwing.ca/en/sunwing-airlines/conditions-of-contract,help_root;baggage_checked_url;baggage_carryon_url;baggage_fees_url;fare_conditions_url;checkin_url;article_selector;,1/6 urls imported from filled priority CSV; conditions_of_carriage_url prefilled from Duffel refs; please verify.,,
suparna-airlines,Suparna Airlines,Y8,People's Republic of China,Scheduled,no,,,,,,,,,,,,,no,,0,0,no,yes,yes,,locale;band;region;official_website;help_root;baggage_checked_url;baggage_carryon_url;baggage_fees_url;fare_conditions_url;checkin_url;conditions_of_carriage_url;article_selector;,,,
super-air-jet,Super Air Jet,IU,Indonesia,Low-cost,no,,,Asia,,,,,,,,,,no,,0,0,no,no,no,,locale;band;official_website;help_root;baggage_checked_url;baggage_carryon_url;baggage_fees_url;fare_conditions_url;checkin_url;conditions_of_carriage_url;article_selector;,,,
surinam-airways,Surinam Airways,PY,Suriname,Scheduled,no,,,Latin America,,,,,,,,,,no,,0,0,no,yes,yes,,locale;band;official_website;help_root;baggage_checked_url;baggage_carryon_url;baggage_fees_url;fare_conditions_url;checkin_url;conditions_of_carriage_url;article_selector;,,,
swiftair,Swiftair,WT,Spain,Scheduled,no,,,Europe,https://swiftair.com,,,,,,,,,no,,0,0,no,no,no,,locale;band;help_root;baggage_checked_url;baggage_carryon_url;baggage_fees_url;fare_conditions_url;checkin_url;conditions_of_carriage_url;article_selector;,,swiftair-496,https://raw.githubusercontent.com/buffertse/airline-data/main/data/airlines.csv; https://raw.githubusercontent.com/buffertse/airline-data/main/data/airline-links.csv
swoop,Swoop,WO,Canada,Low-cost,no,en,,North America,,,,,,,,,,no,,0,0,no,yes,yes,,band;official_website;help_root;baggage_checked_url;baggage_carryon_url;baggage_fees_url;fare_conditions_url;checkin_url;conditions_of_carriage_url;article_selector;,,,
sylt-air-gmbh,Sylt Air GmbH,7E,Germany,Scheduled,no,,,Europe,https://syltair.eu,,,,,,,,,no,,0,0,no,yes,no,,locale;band;help_root;baggage_checked_url;baggage_carryon_url;baggage_fees_url;fare_conditions_url;checkin_url;conditions_of_carriage_url;article_selector;,"Missing fields filled from buffertse/airline-data, which records official airline domains and deep links sourced from airline websites.",sylt-air-966,https://raw.githubusercontent.com/buffertse/airline-data/main/data/airlines.csv; https://raw.githubusercontent.com/buffertse/airline-data/main/data/airline-links.csv
syrianair,SyrianAir,RB,Syria,Scheduled,no,,,Middle East,https://syrian-airlines.net,,,,,,,,,no,,0,0,no,no,yes,,locale;band;help_root;baggage_checked_url;baggage_carryon_url;baggage_fees_url;fare_conditions_url;checkin_url;conditions_of_carriage_url;article_selector;,"Missing fields filled from buffertse/airline-data, which records official airline domains and deep links sourced from airline websites.",syrian-air-1765,https://raw.githubusercontent.com/buffertse/airline-data/main/data/airlines.csv; https://raw.githubusercontent.com/buffertse/airline-data/main/data/airline-links.csv
tway-air,T'way Air,TW,South Korea,Low-cost,no,,,Asia,,,,,,,,,,no,,0,0,no,yes,no,,locale;band;official_website;help_root;baggage_checked_url;baggage_carryon_url;baggage_fees_url;fare_conditions_url;checkin_url;conditions_of_carriage_url;article_selector;,,,
taag-angola,TAAG Angola,DT,Angola,Scheduled,yes,en,manual-priority,Africa,http://www.taag.com,,,,,,,http://www.taag.com/en/Taag/Conditions-of-Carriage,,yes,2026-09-03,0,1,no,yes,yes,http://www.taag.com/en/Taag/Conditions-of-Carriage,help_root;baggage_checked_url;baggage_carryon_url;baggage_fees_url;fare_conditions_url;checkin_url;article_selector;,1/6 urls imported from filled priority CSV; conditions_of_carriage_url prefilled from Duffel refs; please verify.,,
tab-transportes-aereos-bolivianos,TAB - Transportes Aéreos Bolivianos,B1,Bolivia,Scheduled,no,,,Latin America,,,,,,,,,,no,,0,0,no,no,no,,locale;band;official_website;help_root;baggage_checked_url;baggage_carryon_url;baggage_fees_url;fare_conditions_url;checkin_url;conditions_of_carriage_url;article_selector;,,,
tag-airlines,TAG Airlines,5U,Switzerland,Scheduled,no,,,Europe,,,,,,,,,,no,,0,0,no,no,yes,,locale;band;official_website;help_root;baggage_checked_url;baggage_carryon_url;baggage_fees_url;fare_conditions_url;checkin_url;conditions_of_carriage_url;article_selector;,,,
tame,TAME,EQ,Ecuador,Scheduled,no,,,Latin America,,,,,,,,,,no,,0,0,no,yes,no,,locale;band;official_website;help_root;baggage_checked_url;baggage_carryon_url;baggage_fees_url;fare_conditions_url;checkin_url;conditions_of_carriage_url;article_selector;,,,
tap-air-portugal,TAP Air Portugal,TP,Portugal,Scheduled,yes,en,manual-priority,Europe,https://www.flytap.com,,https://www.flytap.com/en-at/information/baggage/hold-baggage,https://www.flytap.com/en-cv/baggage/hand-baggage,https://www.flytap.com/en-at/information/baggage/hold-baggage,,,https://www.flytap.com/en-gb/transport-conditions?accordionid=1,,yes,2026-09-03,3,1,no,yes,yes,https://www.flytap.com/en-gb/transport-conditions?accordionid=1,help_root;fare_conditions_url;checkin_url;article_selector;,"4/6 urls imported from filled priority CSV; conditions_of_carriage_url prefilled from Duffel refs; please verify.; Missing fields filled from buffertse/airline-data, which records official airline domains and deep links sourced from airline websites.",tap-air-portugal-707,https://raw.githubusercontent.com/buffertse/airline-data/main/data/airlines.csv; https://raw.githubusercontent.com/buffertse/airline-data/main/data/airline-links.csv
tar-aerolineas,TAR Aerolíneas,YQ,Mexico,Scheduled,no,,,Latin America,,,,,,,,,,no,,0,0,no,no,yes,,locale;band;official_website;help_root;baggage_checked_url;baggage_carryon_url;baggage_fees_url;fare_conditions_url;checkin_url;conditions_of_carriage_url;article_selector;,,,
thai-airways,Thai Airways,TG,Thailand,Scheduled,yes,en-th,1a,Southeast Asia,https://www.thaiairways.com,,https://www.thaiairways.com/en_TH/plan/travel_information/baggage.page,https://www.thaiairways.com/en_TH/plan/travel_information/carry_on_baggage.page,https://www.thaiairways.com/en_TH/plan/travel_information/excess_baggage.page,https://www.thaiairways.com/en_TH/plan/travel_information/fare_rules.page,https://www.thaiairways.com/en_TH/plan/travel_information/check_in.page,https://www.thaiairways.com/en_TH/terms_condition/conditions_of_carriage.page,,yes,2026-09-03,0,6,no,yes,yes,https://www.thaiairways.com/en_GB/Terms_condition/contract_of_carriage.page?,help_root;article_selector;,6/6 urls,,C:\Users\kspellman\Documents\Codex\2026-08-24\vie\work\airline_research_data.json
thai-smile,THAI Smile,WE,Thailand,Low-cost,yes,en,manual-priority,Asia,https://www.thaismileair.com,,,,,,,https://www.thaismileair.com/en/Terms-and-Conditions,,yes,2026-09-03,0,1,no,yes,yes,https://www.thaismileair.com/en/Terms-and-Conditions,help_root;baggage_checked_url;baggage_carryon_url;baggage_fees_url;fare_conditions_url;checkin_url;article_selector;,1/6 urls imported from filled priority CSV; conditions_of_carriage_url prefilled from Duffel refs; please verify.,,
tik-systems,TIK Systems,T1,Turkey,Scheduled,no,,,Europe,,,,,,,,,,no,,0,0,no,no,no,,locale;band;official_website;help_root;baggage_checked_url;baggage_carryon_url;baggage_fees_url;fare_conditions_url;checkin_url;conditions_of_carriage_url;article_selector;,,,
trip-linhas-aereas,TRIP Linhas Aéreas,T4,Brazil,Scheduled,no,,,Latin America,,,,,,,,,,no,,0,0,no,yes,no,,locale;band;official_website;help_root;baggage_checked_url;baggage_carryon_url;baggage_fees_url;fare_conditions_url;checkin_url;conditions_of_carriage_url;article_selector;,,,
tui-airways,TUI Airways,BY,United Kingdom,Scheduled,yes,en-gb,1b,Europe,https://www.tui.co.uk,,https://www.tui.co.uk/flight/information/baggage-allowance,https://www.tui.co.uk/flight/information/baggage-allowance,https://www.tui.co.uk/flight/information/excess-baggage,https://www.tui.co.uk/destinations/info/booking-conditions,https://www.tui.co.uk/flight/information/check-in,https://www.tui.co.uk/destinations/info/conditions-of-carriage,,yes,2026-09-03,0,6,no,yes,no,,help_root;article_selector;,6/6 urls,,C:\Users\kspellman\Documents\Codex\2026-08-24\vie\work\airline_research_data.json
tui-fly-deutschland,TUI fly Deutschland,X3,Germany,Scheduled,no,,,Europe,https://tuifly.com,,,,,,https://www.tuifly.com/home/checkin,,,no,,0,0,no,yes,no,,locale;band;help_root;baggage_checked_url;baggage_carryon_url;baggage_fees_url;fare_conditions_url;conditions_of_carriage_url;article_selector;,,tui-fly-deutschland-1318,https://raw.githubusercontent.com/buffertse/airline-data/main/data/airlines.csv; https://raw.githubusercontent.com/buffertse/airline-data/main/data/airline-links.csv
tuifly-netherlands,TUIfly Netherlands,OR,Netherlands,Scheduled,no,,,Europe,https://flyorcaair.com,,https://www.flyorcaair.com/baggage-allowance.html,https://www.flyorcaair.com/baggage-allowance.html,https://www.flyorcaair.com/baggage-allowance.html,,,,,no,,0,0,no,no,no,,locale;band;help_root;fare_conditions_url;checkin_url;conditions_of_carriage_url;article_selector;,,orca-airways-547,https://raw.githubusercontent.com/buffertse/airline-data/main/data/airlines.csv; https://raw.githubusercontent.com/buffertse/airline-data/main/data/airline-links.csv
tuifly-nordis,TUIfly Nordiс,6B,Sweden,Scheduled,no,,,Europe,https://tuiflynordic.se,,https://www.tuiflynordic.se/bagage,https://www.tuiflynordic.se/bagage,https://www.tuiflynordic.se/bagage,,,,,no,,0,0,no,no,no,,locale;band;help_root;fare_conditions_url;checkin_url;conditions_of_carriage_url;article_selector;,,tuifly-nordic-177,https://raw.githubusercontent.com/buffertse/airline-data/main/data/airlines.csv; https://raw.githubusercontent.com/buffertse/airline-data/main/data/airline-links.csv
tailwind-airlines,Tailwind Airlines,TI,Turkey,Scheduled,no,,,Europe,,,,,,,,,,no,,0,0,no,yes,yes,,locale;band;official_website;help_root;baggage_checked_url;baggage_carryon_url;baggage_fees_url;fare_conditions_url;checkin_url;conditions_of_carriage_url;article_selector;,,,
tajik-air,Tajik Air,7J,Tajikistan,Scheduled,yes,en,manual-priority,Asia,https://www.tajikair.tj,,https://www.tajikair.tj/baggage.html,https://www.tajikair.tj/baggage.html,https://www.tajikair.tj/baggage.html,,,,,yes,2026-09-03,0,3,no,yes,yes,,help_root;fare_conditions_url;checkin_url;conditions_of_carriage_url;article_selector;,"3/6 urls imported from filled priority CSV; Missing fields filled from buffertse/airline-data, which records official airline domains and deep links sourced from airline websites.",tajik-air-1347,https://raw.githubusercontent.com/buffertse/airline-data/main/data/airlines.csv; https://raw.githubusercontent.com/buffertse/airline-data/main/data/airline-links.csv
tampa-cargo,Tampa Cargo,QT,Colombia,Scheduled,no,,,Latin America,,,,,,,,,,no,,0,0,no,no,no,,locale;band;official_website;help_root;baggage_checked_url;baggage_carryon_url;baggage_fees_url;fare_conditions_url;checkin_url;conditions_of_carriage_url;article_selector;,,,
tandem-aero,Tandem Aero,TQ,Moldova,Scheduled,no,,,Europe,https://flytailwind.com,,,,,,,,,no,,0,0,no,yes,no,,locale;band;help_root;baggage_checked_url;baggage_carryon_url;baggage_fees_url;fare_conditions_url;checkin_url;conditions_of_carriage_url;article_selector;,,tailwind-air-service-527,https://raw.githubusercontent.com/buffertse/airline-data/main/data/airlines.csv; https://raw.githubusercontent.com/buffertse/airline-data/main/data/airline-links.csv
taquan-air,Taquan Air,K3,United States,Scheduled,no,en,,North America,https://taquanair.com,,,,,,,,,no,,0,0,no,yes,no,,band;help_root;baggage_checked_url;baggage_carryon_url;baggage_fees_url;fare_conditions_url;checkin_url;conditions_of_carriage_url;article_selector;,"Missing fields filled from buffertse/airline-data, which records official airline domains and deep links sourced from airline websites.",taquan-air-1104,https://raw.githubusercontent.com/buffertse/airline-data/main/data/airlines.csv; https://raw.githubusercontent.com/buffertse/airline-data/main/data/airline-links.csv
tarco-aviation,Tarco Aviation,3T,Sudan,Scheduled,no,,,Africa,,,,,,,,,,no,,0,0,no,yes,no,,locale;band;official_website;help_root;baggage_checked_url;baggage_carryon_url;baggage_fees_url;fare_conditions_url;checkin_url;conditions_of_carriage_url;article_selector;,,,
tarom,Tarom,RO,Romania,Scheduled,yes,en,manual-priority,Europe,https://www.tarom.ro,,https://www.tarom.ro/en/passenger-information/baggage/checked-baggage,https://www.tarom.ro/en/passenger-information/baggage/hand-baggage,https://www.tarom.ro/en/passenger-information/baggage/checked-baggage,,,https://www.tarom.ro/en/travelling-terms-and-conditions,,yes,2026-09-03,2,2,no,no,yes,https://www.tarom.ro/en/travelling-terms-and-conditions,help_root;fare_conditions_url;checkin_url;article_selector;,"4/6 urls imported from filled priority CSV; conditions_of_carriage_url prefilled from Duffel refs; please verify.; Missing fields filled from buffertse/airline-data, which records official airline domains and deep links sourced from airline websites.",q240656-792,https://raw.githubusercontent.com/buffertse/airline-data/main/data/airlines.csv; https://raw.githubusercontent.com/buffertse/airline-data/main/data/airline-links.csv
tashkent-air,Tashkent Air,U7,Uzbekistan,Scheduled,no,,,Asia,,,,,,,,,,no,,0,0,no,no,no,,locale;band;official_website;help_root;baggage_checked_url;baggage_carryon_url;baggage_fees_url;fare_conditions_url;checkin_url;conditions_of_carriage_url;article_selector;,,,
tassili-airlines,Tassili Airlines,SF,Algeria,Scheduled,no,,,Africa,,,,,,,,,,no,,0,0,no,no,no,,locale;band;official_website;help_root;baggage_checked_url;baggage_carryon_url;baggage_fees_url;fare_conditions_url;checkin_url;conditions_of_carriage_url;article_selector;,,,
tatarstan-airlines,Tatarstan Airlines,U9,Russia,Scheduled,no,,,Europe,,,,,,,,,,no,,0,0,no,yes,no,,locale;band;official_website;help_root;baggage_checked_url;baggage_carryon_url;baggage_fees_url;fare_conditions_url;checkin_url;conditions_of_carriage_url;article_selector;,,,
tayaran-jet,Tayaran Jet,E8,Jordan,Low-cost,no,,,Middle East,,,,,,,,,,no,,0,0,no,no,no,,locale;band;official_website;help_root;baggage_checked_url;baggage_carryon_url;baggage_fees_url;fare_conditions_url;checkin_url;conditions_of_carriage_url;article_selector;,,,
tbilisi-airways,Tbilisi Airways,TD,Armenia,Scheduled,no,,,Asia,https://atlantis.am,,,,,,,,,no,,0,0,no,no,no,,locale;band;help_root;baggage_checked_url;baggage_carryon_url;baggage_fees_url;fare_conditions_url;checkin_url;conditions_of_carriage_url;article_selector;,Country checked from CAPA public airline profile.,atlantis-armenian-airlines-1268,https://raw.githubusercontent.com/buffertse/airline-data/main/data/airlines.csv; https://raw.githubusercontent.com/buffertse/airline-data/main/data/airline-links.csv; https://centreforaviation.com/data/profiles/airlines/tbilisi-airways-td
terra-avia,Terra Avia,T8,Ireland,Scheduled,no,en,,Europe,,,,,,,,,,no,,0,0,no,no,no,,band;official_website;help_root;baggage_checked_url;baggage_carryon_url;baggage_fees_url;fare_conditions_url;checkin_url;conditions_of_carriage_url;article_selector;,,,
texel-air-ltd,Texel Air Ltd,TT,Lithuania,Low-cost,no,,,Europe,,,,,,,,,,no,,0,0,no,no,no,,locale;band;official_website;help_root;baggage_checked_url;baggage_carryon_url;baggage_fees_url;fare_conditions_url;checkin_url;conditions_of_carriage_url;article_selector;,,,
tezjet,TezJet,K9,Cambodia,Scheduled,no,,,Asia,https://kalittacharters.com,https://www.kalittacharters.com/contact-us,,,,,,,,no,,0,0,no,no,no,,locale;band;baggage_checked_url;baggage_carryon_url;baggage_fees_url;fare_conditions_url;checkin_url;conditions_of_carriage_url;article_selector;,,kalitta-charters-1494,https://raw.githubusercontent.com/buffertse/airline-data/main/data/airlines.csv; https://raw.githubusercontent.com/buffertse/airline-data/main/data/airline-links.csv
thai-airasia,Thai AirAsia,FD,Thailand,Low-cost,yes,en-th,1b,Southeast Asia,https://support.airasia.com,https://support.airasia.com/s/topic/0TO2u000000CuQaGAK/wheelchair,https://support.airasia.com/s/article/Checked-baggage-en,https://support.airasia.com/s/article/Cabin-baggage-en,https://www.airasia.com/aa/about-us/en/gb/fees-and-charges.html,https://support.airasia.com/s/article/Fares-and-fare-rules-en,https://support.airasia.com/s/article/Check-in-en,https://www.airasia.com/aa/about-us/en/gb/terms-and-conditions-carriage.html,,yes,2026-09-03,0,6,no,yes,yes,,article_selector;,6/6 urls,thai-airasia-178,C:\Users\kspellman\Documents\Codex\2026-08-24\vie\work\airline_research_data.json; https://raw.githubusercontent.com/buffertse/airline-data/main/data/airlines.csv; https://raw.githubusercontent.com/buffertse/airline-data/main/data/airline-links.csv
thai-airasia-x,Thai AirAsia X,XJ,Thailand,Low-cost,no,,,Asia,,,,,,,,,,no,,0,0,no,yes,yes,,locale;band;official_website;help_root;baggage_checked_url;baggage_carryon_url;baggage_fees_url;fare_conditions_url;checkin_url;conditions_of_carriage_url;article_selector;,,,
thai-lion-air,Thai Lion Air,SL,Thailand,Low-cost,yes,en,manual-priority,Asia,https://www.lionairthai.com,,https://www.lionairthai.com/cn/en/Extra-Services/Lion-Baggage,https://www.lionairthai.com/cn/en/Extra-Services/Lion-Baggage,https://www.lionairthai.com/cn/en/Extra-Services/Lion-Baggage,,,,,yes,2026-09-03,0,3,no,yes,yes,,help_root;fare_conditions_url;checkin_url;conditions_of_carriage_url;article_selector;,"3/6 urls imported from filled priority CSV; Missing fields filled from buffertse/airline-data, which records official airline domains and deep links sourced from airline websites.",thai-lion-air-445,https://raw.githubusercontent.com/buffertse/airline-data/main/data/airlines.csv; https://raw.githubusercontent.com/buffertse/airline-data/main/data/airline-links.csv
thai-vietjet-air,Thai Vietjet Air,VZ,Thailand,Low-cost,yes,en,manual-priority,Asia,https://www.vietjetair.com,,https://www.vietjetair.com/en/FAQ/baggage-1599453547698,https://seo.vietjetair.com/en/pages/to-have-a-good-flight-1599448842652/baggage-service-1608369253127,https://www.vietjetair.com/en/FAQ/baggage-1599453547698,,,,,yes,2026-09-03,1,2,no,yes,no,,help_root;fare_conditions_url;checkin_url;conditions_of_carriage_url;article_selector;,"3/6 urls imported from filled priority CSV; Missing fields filled from buffertse/airline-data, which records official airline domains and deep links sourced from airline websites.",thai-vietjet-air-786,https://raw.githubusercontent.com/buffertse/airline-data/main/data/airlines.csv; https://raw.githubusercontent.com/buffertse/airline-data/main/data/airline-links.csv; https://raw.githubusercontent.com/buffertse/airline-data/main/derived/baggage-summary.csv
the-landline-company,The Landline Company,L4,Italy,Scheduled,no,,,Europe,,,,,,,,,,no,,0,0,no,no,no,,locale;band;official_website;help_root;baggage_checked_url;baggage_carryon_url;baggage_fees_url;fare_conditions_url;checkin_url;conditions_of_carriage_url;article_selector;,,,
thomas-cook-airlines,Thomas Cook Airlines,MT,Belgium,Scheduled,yes,en,manual-priority,Europe,https://maltamedair.com,,,,,,,https://maltamedair.com/general-conditions-of-carriage/,,yes,2026-09-03,1,0,no,yes,no,https://maltamedair.com/general-conditions-of-carriage/,help_root;baggage_checked_url;baggage_carryon_url;baggage_fees_url;fare_conditions_url;checkin_url;article_selector;,1/6 urls imported from filled priority CSV; conditions_of_carriage_url prefilled from Duffel refs; please verify.,,
thomas-cook-airlines-belgium,Thomas Cook Airlines Belgium,HQ,Belgium,Scheduled,no,,,Europe,,,,,,,,,,no,,0,0,no,yes,no,,locale;band;official_website;help_root;baggage_checked_url;baggage_carryon_url;baggage_fees_url;fare_conditions_url;checkin_url;conditions_of_carriage_url;article_selector;,,,
tianjin-airlines,Tianjin Airlines,GS,China,Scheduled,no,,,Asia,https://tianjin-air.com,,,,,,,,,no,,0,0,no,yes,no,,locale;band;help_root;baggage_checked_url;baggage_carryon_url;baggage_fees_url;fare_conditions_url;checkin_url;conditions_of_carriage_url;article_selector;,"Missing fields filled from buffertse/airline-data, which records official airline domains and deep links sourced from airline websites.",tianjin-airlines-409,https://raw.githubusercontent.com/buffertse/airline-data/main/data/airlines.csv; https://raw.githubusercontent.com/buffertse/airline-data/main/data/airline-links.csv
tibet-airlines,Tibet Airlines,TV,China,Scheduled,no,,,Asia,https://tibetairlines.com.cn,https://www.tibetairlines.com.cn/stdair/airline/tv/static_term/help_Ticketregulations,,,,,,,,no,,0,0,no,no,no,,locale;band;baggage_checked_url;baggage_carryon_url;baggage_fees_url;fare_conditions_url;checkin_url;conditions_of_carriage_url;article_selector;,,tibet-airlines-97,https://raw.githubusercontent.com/buffertse/airline-data/main/data/airlines.csv; https://raw.githubusercontent.com/buffertse/airline-data/main/data/airline-links.csv
tigerair-mandala,Tigerair Mandala,RI,Indonesia,Scheduled,no,,,Asia,,,,,,,,,,no,,0,0,no,yes,no,,locale;band;official_website;help_root;baggage_checked_url;baggage_carryon_url;baggage_fees_url;fare_conditions_url;checkin_url;conditions_of_carriage_url;article_selector;,,,
tigerair-taiwan,Tigerair Taiwan,IT,Taiwan,Low-cost,no,,,Asia,,,,,,,,,,no,,0,0,no,no,no,,locale;band;official_website;help_root;baggage_checked_url;baggage_carryon_url;baggage_fees_url;fare_conditions_url;checkin_url;conditions_of_carriage_url;article_selector;,,,
titan-airways-limited,Titan Airways Limited,ZT,United Kingdom,Scheduled,yes,en-gb,manual-priority,Europe,https://www.titan-airways.com,,https://www.titan-airways.com/passenger/travel-information/baggage/hold-baggage,https://www.titan-airways.com/passenger/travel-information/baggage/hold-baggage,https://www.titan-airways.com/passenger/travel-information/baggage/hold-baggage,,,https://www.titan-airways.com/passenger/conditions-of-carriage,,yes,2026-09-03,1,3,no,yes,no,https://www.titan-airways.com/passenger/conditions-of-carriage,help_root;fare_conditions_url;checkin_url;article_selector;,"4/6 urls imported from filled priority CSV; Missing fields filled from buffertse/airline-data, which records official airline domains and deep links sourced from airline websites.",titan-airways-465,https://raw.githubusercontent.com/buffertse/airline-data/main/data/airlines.csv; https://raw.githubusercontent.com/buffertse/airline-data/main/data/airline-links.csv
toki-air,Toki Air,BV,Italy,Low-cost,no,,,Europe,https://tokiair.com,,https://tokiair.com/baggage,https://tokiair.com/baggage,https://tokiair.com/baggage,,,,,no,,0,0,no,no,no,,locale;band;help_root;fare_conditions_url;checkin_url;conditions_of_carriage_url;article_selector;,,toki-air-48,https://raw.githubusercontent.com/buffertse/airline-data/main/data/airlines.csv; https://raw.githubusercontent.com/buffertse/airline-data/main/data/airline-links.csv
total-linhas-aereas,Total Linhas Aereas,0T,Brazil,Scheduled,no,,,Latin America,,,,,,,,,,no,,0,0,no,no,no,,locale;band;official_website;help_root;baggage_checked_url;baggage_carryon_url;baggage_fees_url;fare_conditions_url;checkin_url;conditions_of_carriage_url;article_selector;,,,
trade-air,Trade Air,C3,Croatia,Scheduled,yes,en,manual-priority,Europe,https://www.trade-air.com,,https://www.trade-air.com/passengers/luggage-information,https://www.trade-air.com/passengers/luggage-information,https://www.trade-air.com/passengers/luggage-information,,,,,yes,2026-09-03,0,3,no,yes,no,,help_root;fare_conditions_url;checkin_url;conditions_of_carriage_url;article_selector;,"3/6 urls imported from filled priority CSV; Missing fields filled from buffertse/airline-data, which records official airline domains and deep links sourced from airline websites.",trade-air-456,https://raw.githubusercontent.com/buffertse/airline-data/main/data/airlines.csv; https://raw.githubusercontent.com/buffertse/airline-data/main/data/airline-links.csv
tradewind-aviation,Tradewind Aviation,TJ,United States,Scheduled,yes,en-us,manual-priority,North America,https://s3.amazonaws.com,,https://www.flytradewind.com/luggage-policy,https://www.flytradewind.com/luggage-policy,https://www.flytradewind.com/luggage-policy,https://www.flytradewind.com/,https://www.flytradewind.com/,https://s3.amazonaws.com/uploads.flytradewind.com/app/uploads/2021/08/08145706/Tradewind-Aviation-Contract-of-Carriage.pdf,,yes,2026-09-03,0,4,no,no,yes,https://s3.amazonaws.com/uploads.flytradewind.com/app/uploads/2021/08/08145706/Tradewind-Aviation-Contract-of-Carriage.pdf,help_root;article_selector;,"4/6 urls imported from filled priority CSV; conditions_of_carriage_url prefilled from Duffel refs; please verify.; Missing fields filled from buffertse/airline-data, which records official airline domains and deep links sourced from airline websites.",tradewind-aviation-519,https://raw.githubusercontent.com/buffertse/airline-data/main/data/airlines.csv; https://raw.githubusercontent.com/buffertse/airline-data/main/data/airline-links.csv; https://raw.githubusercontent.com/buffertse/airline-data/main/derived/baggage-summary.csv
trans-air-congo,Trans Air Congo,Q8,Republic of the Congo,Scheduled,no,,,,,,,,,,,,,no,,0,0,no,no,no,,locale;band;region;official_website;help_root;baggage_checked_url;baggage_carryon_url;baggage_fees_url;fare_conditions_url;checkin_url;conditions_of_carriage_url;article_selector;,,,
transair-senegal,Transair Senegal,R2,Senegal,Scheduled,no,,,Africa,,,,,,,,,,no,,0,0,no,no,no,,locale;band;official_website;help_root;baggage_checked_url;baggage_carryon_url;baggage_fees_url;fare_conditions_url;checkin_url;conditions_of_carriage_url;article_selector;,,,
transavia,Transavia,HV,Netherlands,Low-cost,yes,en-nl,1b,Europe,https://www.transavia.com,,https://www.transavia.com/help/en-eu/luggage/hold-luggage,https://www.transavia.com/help/en-eu/luggage/hand-luggage,https://www.transavia.com/help/en-eu/luggage/hold-luggage,https://www.transavia.com/help/en-eu/booking/fares,https://www.transavia.com/help/en-eu/check-in,https://www.transavia.com/en-EU/terms-and-conditions/conditions-of-carriage/,,yes,2026-09-03,0,6,no,yes,yes,https://www.transavia.com/en-UK/conditions/conditions-of-carriage/,help_root;article_selector;,6/6 urls,,C:\Users\kspellman\Documents\Codex\2026-08-24\vie\work\airline_research_data.json
transavia-france,Transavia France,TO,France,Low-cost,yes,en,manual-priority,Europe,https://www.transavia.com,,,,,,,https://www.transavia.com/en-UK/conditions/conditions-of-carriage/,,yes,2026-09-03,0,1,no,yes,no,https://www.transavia.com/en-UK/conditions/conditions-of-carriage/,help_root;baggage_checked_url;baggage_carryon_url;baggage_fees_url;fare_conditions_url;checkin_url;article_selector;,1/6 urls imported from filled priority CSV; conditions_of_carriage_url prefilled from Duffel refs; please verify.,,
transnusa,Transnusa,8B,Indonesia,Scheduled,no,,,Asia,,,,,,,,,,no,,0,0,no,no,yes,,locale;band;official_website;help_root;baggage_checked_url;baggage_carryon_url;baggage_fees_url;fare_conditions_url;checkin_url;conditions_of_carriage_url;article_selector;,,,
travel-service-slovensko,Travel Service Slovensko,6D,Slovakia,Scheduled,no,,,Europe,,,,,,,,,,no,,0,0,no,no,no,,locale;band;official_website;help_root;baggage_checked_url;baggage_carryon_url;baggage_fees_url;fare_conditions_url;checkin_url;conditions_of_carriage_url;article_selector;,,,
travel-technology-interactive-sa,Travel Technology Interactive SA,Y1,France,Scheduled,no,,,Europe,,,,,,,,,,no,,0,0,no,no,no,,locale;band;official_website;help_root;baggage_checked_url;baggage_carryon_url;baggage_fees_url;fare_conditions_url;checkin_url;conditions_of_carriage_url;article_selector;,,,
travelsky-technology-limited,Travelsky Technology Limited,1E,China,Scheduled,no,,,Asia,,,,,,,,,,no,,0,0,no,no,no,,locale;band;official_website;help_root;baggage_checked_url;baggage_carryon_url;baggage_fees_url;fare_conditions_url;checkin_url;conditions_of_carriage_url;article_selector;,,,
trenitalia,Trenitalia,7T,Switzerland,Scheduled,no,,,Europe,https://air-glaciers.ch,https://www.air-glaciers.ch/contact,,,,,,,,no,,0,0,no,no,no,,locale;band;baggage_checked_url;baggage_carryon_url;baggage_fees_url;fare_conditions_url;checkin_url;conditions_of_carriage_url;article_selector;,,air-glaciers-1140,https://raw.githubusercontent.com/buffertse/airline-data/main/data/airlines.csv; https://raw.githubusercontent.com/buffertse/airline-data/main/data/airline-links.csv
trigana-air-service,Trigana Air Service,IL,Indonesia,Scheduled,no,,,Asia,https://trigana-air.com,,,,,,,,,no,,0,0,no,yes,no,,locale;band;help_root;baggage_checked_url;baggage_carryon_url;baggage_fees_url;fare_conditions_url;checkin_url;conditions_of_carriage_url;article_selector;,"Missing fields filled from buffertse/airline-data, which records official airline domains and deep links sourced from airline websites.",trigana-air-service-759,https://raw.githubusercontent.com/buffertse/airline-data/main/data/airlines.csv; https://raw.githubusercontent.com/buffertse/airline-data/main/data/airline-links.csv
tropic-air,Tropic Air,9N,Belize,Scheduled,no,en,,Latin America,https://www.tropicair.com,,,,,,,https://www.tropicair.com/travel-info/conditions-of-carriage/,,no,,0,0,no,no,no,https://www.tropicair.com/travel-info/conditions-of-carriage/,band;help_root;baggage_checked_url;baggage_carryon_url;baggage_fees_url;fare_conditions_url;checkin_url;article_selector;,,tropicair-396,https://raw.githubusercontent.com/buffertse/airline-data/main/data/airlines.csv; https://raw.githubusercontent.com/buffertse/airline-data/main/data/airline-links.csv
tunisair,Tunisair,TU,Tunisia,Scheduled,yes,en,manual-priority,Africa,http://www.tunisair.com,,https://www.tunisair.com/en/guide-utilisateur/prepare-your-luggage,https://www.tunisair.com/en/guide-utilisateur/prepare-your-luggage,https://www.tunisair.com/en/guide-utilisateur/prepare-your-luggage,,,http://www.tunisair.com/site/publish/module/cgt/cgt.asp,,yes,2026-09-03,3,1,no,yes,no,http://www.tunisair.com/site/publish/module/cgt/cgt.asp,help_root;fare_conditions_url;checkin_url;article_selector;,"4/6 urls imported from filled priority CSV; conditions_of_carriage_url prefilled from Duffel refs; please verify.; Missing fields filled from buffertse/airline-data, which records official airline domains and deep links sourced from airline websites.",tunisair-1567,https://raw.githubusercontent.com/buffertse/airline-data/main/data/airlines.csv; https://raw.githubusercontent.com/buffertse/airline-data/main/data/airline-links.csv
tunisair-express,Tunisair Express,UG,Tunisia,Scheduled,yes,en,manual-priority,Africa,https://www.tunisairexpress.net,,https://www.tunisairexpress.net/en/checked-baggage,https://www.tunisairexpress.net/en/checked-baggage,https://www.tunisairexpress.net/en/checked-baggage,,,,,yes,2026-09-03,3,0,no,yes,no,,help_root;fare_conditions_url;checkin_url;conditions_of_carriage_url;article_selector;,"3/6 urls imported from filled priority CSV; Missing fields filled from buffertse/airline-data, which records official airline domains and deep links sourced from airline websites.",tunisair-express-1370,https://raw.githubusercontent.com/buffertse/airline-data/main/data/airlines.csv; https://raw.githubusercontent.com/buffertse/airline-data/main/data/airline-links.csv
turkish-airlines,Turkish Airlines,TK,Turkey,Scheduled,yes,en-tr,1b,Middle East,https://www.turkishairlines.com,,https://www.turkishairlines.com/en-int/any-questions/free-baggage/,https://www.turkishairlines.com/en-int/any-questions/carry-on-baggage/,https://www.turkishairlines.com/en-int/any-questions/excess-baggage/,https://www.turkishairlines.com/en-int/any-questions/fare-rules/,https://www.turkishairlines.com/en-int/flights/manage-booking/online-check-in/,https://www.turkishairlines.com/en-int/legal-notice/general-conditions-of-carriage/,,yes,2026-09-03,0,6,no,yes,no,https://www.turkishairlines.com/en-gb/legal-notice/general-conditions-of-carriage/,help_root;article_selector;,6/6 urls,turkish-airlines-1842,C:\Users\kspellman\Documents\Codex\2026-08-24\vie\work\airline_research_data.json; https://raw.githubusercontent.com/buffertse/airline-data/main/data/airlines.csv; https://raw.githubusercontent.com/buffertse/airline-data/main/data/airline-links.csv
turkmenistan-airlines,Turkmenistan Airlines,T5,Turkmenistan,Scheduled,no,,,Asia,https://turkmenistanairlines.tm,,,,,,,,,no,,0,0,no,yes,no,,locale;band;help_root;baggage_checked_url;baggage_carryon_url;baggage_fees_url;fare_conditions_url;checkin_url;conditions_of_carriage_url;article_selector;,"Missing fields filled from buffertse/airline-data, which records official airline domains and deep links sourced from airline websites.",turkmenistan-airlines-1718,https://raw.githubusercontent.com/buffertse/airline-data/main/data/airlines.csv; https://raw.githubusercontent.com/buffertse/airline-data/main/data/airline-links.csv
tus-airways,Tus Airways,U8,Armenia,Low-cost,no,en,,Asia,https://tusairways.com,https://support.tusairways.com/hc/en-us/sections/7082137170717-Traveling-with-Infants-Children,https://www.tusairways.com/baggage,https://www.tusairways.com/baggage,https://www.tusairways.com/baggage,,,,,no,,0,0,no,no,no,,band;fare_conditions_url;checkin_url;conditions_of_carriage_url;article_selector;,,tus-airways-690,https://raw.githubusercontent.com/buffertse/airline-data/main/data/airlines.csv; https://raw.githubusercontent.com/buffertse/airline-data/main/data/airline-links.csv
twin-jet,Twin Jet,T7,France,Scheduled,no,en,,Europe,https://twinjet.fr,,https://www.twinjet.fr/en/article/55/checked-baggage,,,,,https://www.twinjet.fr/en/article/95/general-conditions-of-carriage,,no,,0,0,no,no,no,https://www.twinjet.fr/en/article/95/general-conditions-of-carriage,band;help_root;baggage_carryon_url;baggage_fees_url;fare_conditions_url;checkin_url;article_selector;,,twin-jet-1800,https://raw.githubusercontent.com/buffertse/airline-data/main/data/airlines.csv; https://raw.githubusercontent.com/buffertse/airline-data/main/data/airline-links.csv
ubm-aviation-oag,UBM Aviation - OAG,CR,United Kingdom,Scheduled,no,en,,Europe,,,,,,,,,,no,,0,0,no,no,no,,band;official_website;help_root;baggage_checked_url;baggage_carryon_url;baggage_fees_url;fare_conditions_url;checkin_url;conditions_of_carriage_url;article_selector;,,,
uia,UIA,PS,Ukraine,Scheduled,no,,,Europe,https://www.flyuia.com,,,,,,,https://www.flyuia.com/ua/en/information/rules-and-regulations/carriage-rules,,no,,0,0,no,no,no,https://www.flyuia.com/ua/en/information/rules-and-regulations/carriage-rules,locale;band;help_root;baggage_checked_url;baggage_carryon_url;baggage_fees_url;fare_conditions_url;checkin_url;article_selector;,,,
uls-airlines-cargo,ULS Airlines Cargo,GO,Turkey,Scheduled,no,,,Europe,https://airghana.com,,,,,,,,,no,,0,0,no,yes,no,,locale;band;help_root;baggage_checked_url;baggage_carryon_url;baggage_fees_url;fare_conditions_url;checkin_url;conditions_of_carriage_url;article_selector;,"Missing fields filled from buffertse/airline-data, which records official airline domains and deep links sourced from airline websites.",uls-airlines-cargo-777,https://raw.githubusercontent.com/buffertse/airline-data/main/data/airlines.csv; https://raw.githubusercontent.com/buffertse/airline-data/main/data/airline-links.csv
ups,UPS,5X,United States,Scheduled,no,en,,North America,https://ups.com,,https://es-us-apps.ups.com/assets/resources/webcontent/en_US/luggage-box-info.pdf,https://es-us-apps.ups.com/assets/resources/webcontent/en_US/luggage-box-info.pdf,https://es-us-apps.ups.com/assets/resources/webcontent/en_US/luggage-box-info.pdf,,,,,no,,0,0,no,no,no,,band;help_root;fare_conditions_url;checkin_url;conditions_of_carriage_url;article_selector;,,ups-airlines-309,https://raw.githubusercontent.com/buffertse/airline-data/main/data/airlines.csv; https://raw.githubusercontent.com/buffertse/airline-data/main/data/airline-links.csv
ur-airlines,UR Airlines,UD,Armenia,Scheduled,no,,,Asia,https://urairlines.com,,,,,,,,,no,,0,0,no,no,no,,locale;band;help_root;baggage_checked_url;baggage_carryon_url;baggage_fees_url;fare_conditions_url;checkin_url;conditions_of_carriage_url;article_selector;,,ur-airlines-90,https://raw.githubusercontent.com/buffertse/airline-data/main/data/airlines.csv; https://raw.githubusercontent.com/buffertse/airline-data/main/data/airline-links.csv
us-bangla-airlines,US-Bangla Airlines,BS,Bangladesh,Scheduled,yes,en,manual-priority,Asia,https://us-bangla.com,,https://us-bangla.com/your-baggage-info,https://us-bangla.com/your-baggage-info,https://us-bangla.com/your-baggage-info,,,,,yes,2026-09-03,0,3,no,yes,no,,help_root;fare_conditions_url;checkin_url;conditions_of_carriage_url;article_selector;,"3/6 urls imported from filled priority CSV; Missing fields filled from buffertse/airline-data, which records official airline domains and deep links sourced from airline websites.",us-bangla-airlines-542,https://raw.githubusercontent.com/buffertse/airline-data/main/data/airlines.csv; https://raw.githubusercontent.com/buffertse/airline-data/main/data/airline-links.csv
utair,UTair,ЮЭ,Russia,Scheduled,no,,,Europe,,,,,,,,,,no,,0,0,no,no,no,,locale;band;official_website;help_root;baggage_checked_url;baggage_carryon_url;baggage_fees_url;fare_conditions_url;checkin_url;conditions_of_carriage_url;article_selector;,,,
uvt-aero,UVT Aero,RT,Russia,Scheduled,no,,,Europe,https://uvtaero.ru,,,,,,,,,no,,0,0,no,no,no,,locale;band;help_root;baggage_checked_url;baggage_carryon_url;baggage_fees_url;fare_conditions_url;checkin_url;conditions_of_carriage_url;article_selector;,,uvt-aero-733,https://raw.githubusercontent.com/buffertse/airline-data/main/data/airlines.csv; https://raw.githubusercontent.com/buffertse/airline-data/main/data/airline-links.csv
uganda-airlines,Uganda Airlines,UR,Uganda,Scheduled,no,en,,Africa,https://ugandairlines.com,,,,,,,https://ugandairlines.com/conditions-of-carriage,,no,,0,0,no,no,no,https://ugandairlines.com/conditions-of-carriage,band;help_root;baggage_checked_url;baggage_carryon_url;baggage_fees_url;fare_conditions_url;checkin_url;article_selector;,,,
ultimate-jetcharters,Ultimate Jetcharters,UE,Russia,Scheduled,no,,,Europe,https://ultimateairshuttle.com,,,,,,,,,no,,0,0,no,no,no,,locale;band;help_root;baggage_checked_url;baggage_carryon_url;baggage_fees_url;fare_conditions_url;checkin_url;conditions_of_carriage_url;article_selector;,,ultimate-air-shuttle-1700,https://raw.githubusercontent.com/buffertse/airline-data/main/data/airlines.csv; https://raw.githubusercontent.com/buffertse/airline-data/main/data/airline-links.csv
umza-air,Umza Air,UY,Cameroon,Scheduled,no,,,Africa,,,,,,,,,,no,,0,0,no,no,no,,locale;band;official_website;help_root;baggage_checked_url;baggage_carryon_url;baggage_fees_url;fare_conditions_url;checkin_url;conditions_of_carriage_url;article_selector;,,,
uni-air,Uni Air,B7,Taiwan,Scheduled,yes,en,manual-priority,Asia,https://www.uniair.com.tw,,,,,,,https://www.uniair.com.tw/rwd/download/UNI%20%20Conditions%20of%20Carriage_en-US.pdf,,yes,2026-09-03,0,1,no,yes,yes,https://www.uniair.com.tw/rwd/download/UNI%20%20Conditions%20of%20Carriage_en-US.pdf,help_root;baggage_checked_url;baggage_carryon_url;baggage_fees_url;fare_conditions_url;checkin_url;article_selector;,1/6 urls imported from filled priority CSV; conditions_of_carriage_url prefilled from Duffel refs; please verify.,uni-air-1575,https://raw.githubusercontent.com/buffertse/airline-data/main/data/airlines.csv; https://raw.githubusercontent.com/buffertse/airline-data/main/data/airline-links.csv
uni-top-airlines,Uni-Top Airlines,UW,China,Scheduled,no,,,Asia,https://uw-air.com,,,,,,,,,no,,0,0,no,yes,no,,locale;band;help_root;baggage_checked_url;baggage_carryon_url;baggage_fees_url;fare_conditions_url;checkin_url;conditions_of_carriage_url;article_selector;,Country and site checked from Planespotters public fleet profile.,,https://www.planespotters.net/airline/Uni-Top-Airlines
united-airlines,United Airlines,UA,United States,Scheduled,yes,en-us,manual-priority,North America,https://www.united.com,,https://www.united.com/de/de/fly/baggage/checked-bags.html,https://www.united.com/de/de/fly/baggage/checked-bags.html,https://www.united.com/de/de/fly/baggage/checked-bags.html,https://www.united.com/en/us/fly/about-contract-of-carriage.html,https://www.united.com/en/us/checkin,https://www.united.com/ual/en/GB/fly/contract.html,,yes,2026-09-03,0,4,no,yes,yes,https://www.united.com/ual/en/GB/fly/contract.html,help_root;article_selector;,"4/6 urls imported from filled priority CSV; conditions_of_carriage_url prefilled from Duffel refs; please verify.; Missing fields filled from buffertse/airline-data, which records official airline domains and deep links sourced from airline websites.",united-airlines-556,https://raw.githubusercontent.com/buffertse/airline-data/main/data/airlines.csv; https://raw.githubusercontent.com/buffertse/airline-data/main/data/airline-links.csv
united-nigeria-airlines,United Nigeria Airlines,UN,Nigeria,Scheduled,no,en,,Africa,,,,,,,,,,no,,0,0,no,no,no,,band;official_website;help_root;baggage_checked_url;baggage_carryon_url;baggage_fees_url;fare_conditions_url;checkin_url;conditions_of_carriage_url;article_selector;,,,
universal-air,Universal Air,VO,Malta,Scheduled,no,en,,Europe,,,,,,,,,,no,,0,0,no,no,no,,band;official_website;help_root;baggage_checked_url;baggage_carryon_url;baggage_fees_url;fare_conditions_url;checkin_url;conditions_of_carriage_url;article_selector;,,,
up-israel,Up Israel,86,Israel,Scheduled,no,,,Middle East,,,,,,,,,,no,,0,0,no,no,no,,locale;band;official_website;help_root;baggage_checked_url;baggage_carryon_url;baggage_fees_url;fare_conditions_url;checkin_url;conditions_of_carriage_url;article_selector;,,,
ural-airlines,Ural Airlines,U6,Russia,Scheduled,yes,en,manual-priority,Europe,https://www.uralairlines.ru,,https://www.uralairlines.ru/en/rules/sverkhnormativnyy-bagazh,https://www.uralairlines.ru/en/rules/sverkhnormativnyy-bagazh,https://www.uralairlines.ru/en/rules/sverkhnormativnyy-bagazh,,,https://www.uralairlines.ru/en/rules/dogovor-perevozki/,,yes,2026-09-03,4,0,no,yes,yes,https://www.uralairlines.ru/en/rules/dogovor-perevozki/,help_root;fare_conditions_url;checkin_url;article_selector;,"4/6 urls imported from filled priority CSV; conditions_of_carriage_url prefilled from Duffel refs; please verify.; Missing fields filled from buffertse/airline-data, which records official airline domains and deep links sourced from airline websites.",ural-airlines-1440,https://raw.githubusercontent.com/buffertse/airline-data/main/data/airlines.csv; https://raw.githubusercontent.com/buffertse/airline-data/main/data/airline-links.csv; https://raw.githubusercontent.com/buffertse/airline-data/main/derived/baggage-summary.csv
urumqi-air,Urumqi Air,UQ,Uganda,Scheduled,yes,en,manual-priority,Asia,http://www.urumqi-air.com,,,,,,,"http://www.urumqi-air.com/air-pc/doc/Urumqi%20Airlines%20Co.,%20Ltd.%20General%20Conditions%20of%20International%20Carriage%20for%20Passengers%20and%20Baggage.pdf",,yes,2026-09-03,0,1,no,yes,no,"http://www.urumqi-air.com/air-pc/doc/Urumqi%20Airlines%20Co.,%20Ltd.%20General%20Conditions%20of%20International%20Carriage%20for%20Passengers%20and%20Baggage.pdf",help_root;baggage_checked_url;baggage_carryon_url;baggage_fees_url;fare_conditions_url;checkin_url;article_selector;,1/6 urls imported from filled priority CSV; conditions_of_carriage_url prefilled from Duffel refs; please verify.,urumqi-air-575,https://raw.githubusercontent.com/buffertse/airline-data/main/data/airlines.csv; https://raw.githubusercontent.com/buffertse/airline-data/main/data/airline-links.csv
uzbekistan-airways,Uzbekistan Airways,HY,Uzbekistan,Scheduled,yes,en,manual-priority,Asia,http://uzbekistan-airlines.de,,https://www.uzairways.com/en/baggage,https://www.uzairways.com/en/baggage,https://www.uzairways.com/en/baggage,,,http://uzbekistan-airlines.de/en/?page_id=89,,yes,2026-09-03,3,1,no,yes,yes,http://uzbekistan-airlines.de/en/?page_id=89,help_root;fare_conditions_url;checkin_url;article_selector;,"4/6 urls imported from filled priority CSV; conditions_of_carriage_url prefilled from Duffel refs; please verify.; Missing fields filled from buffertse/airline-data, which records official airline domains and deep links sourced from airline websites.",uzbekistan-airways-1469,https://raw.githubusercontent.com/buffertse/airline-data/main/data/airlines.csv; https://raw.githubusercontent.com/buffertse/airline-data/main/data/airline-links.csv
uzbekistan-express,Uzbekistan Express,0H,Uzbekistan,Low-cost,no,,,Asia,,,,,,,,,,no,,0,0,no,no,no,,locale;band;official_website;help_root;baggage_checked_url;baggage_carryon_url;baggage_fees_url;fare_conditions_url;checkin_url;conditions_of_carriage_url;article_selector;,,,
vim-airlines,VIM Airlines,NN,Russia,Scheduled,no,,,Europe,,,,,,,,,,no,,0,0,no,yes,yes,,locale;band;official_website;help_root;baggage_checked_url;baggage_carryon_url;baggage_fees_url;fare_conditions_url;checkin_url;conditions_of_carriage_url;article_selector;,,,
vlm-airlines,VLM Airlines,VG,Belgium,Scheduled,no,,,Europe,,,,,,,,,,no,,0,0,no,yes,no,,locale;band;official_website;help_root;baggage_checked_url;baggage_carryon_url;baggage_fees_url;fare_conditions_url;checkin_url;conditions_of_carriage_url;article_selector;,,,
voepass-linhas-aereas,VOEPASS Linhas Aéreas,2Z,Brazil,Scheduled,no,,,Latin America,,,,,,,,,,no,,0,0,no,yes,no,,locale;band;official_website;help_root;baggage_checked_url;baggage_carryon_url;baggage_fees_url;fare_conditions_url;checkin_url;conditions_of_carriage_url;article_selector;,,,
valuejet,ValueJet,VK,Nigeria,Low-cost,no,en,,Africa,https://flyvaluejet.com,https://www.flyvaluejet.com/help/faqs,,,,,,,,no,,0,0,no,yes,no,,band;baggage_checked_url;baggage_carryon_url;baggage_fees_url;fare_conditions_url;checkin_url;conditions_of_carriage_url;article_selector;,"Missing fields filled from buffertse/airline-data, which records official airline domains and deep links sourced from airline websites.",valuejet-205,https://raw.githubusercontent.com/buffertse/airline-data/main/data/airlines.csv; https://raw.githubusercontent.com/buffertse/airline-data/main/data/airline-links.csv
vanilla-air,Vanilla Air,JW,Japan,Low-cost,no,,,Asia,https://vanilla-air.com,,https://skippers.com.au/baggage,https://skippers.com.au/baggage,https://skippers.com.au/baggage,,,,,no,,0,0,no,no,no,,locale;band;help_root;fare_conditions_url;checkin_url;conditions_of_carriage_url;article_selector;,,skippers-aviation-1302,https://raw.githubusercontent.com/buffertse/airline-data/main/data/airlines.csv; https://raw.githubusercontent.com/buffertse/airline-data/main/data/airline-links.csv
videcom-international-limited,Videcom International Limited,U1,United Kingdom,Scheduled,no,en,,Europe,,,,,,,,,,no,,0,0,no,no,no,,band;official_website;help_root;baggage_checked_url;baggage_carryon_url;baggage_fees_url;fare_conditions_url;checkin_url;conditions_of_carriage_url;article_selector;,,,
vieques-air-link,Vieques Air Link,V4,United States,Scheduled,yes,en-us,manual-priority,North America,https://viequesairlink.com,,https://viequesairlink.com/baggage-policy,https://viequesairlink.com/baggage-policy,https://viequesairlink.com/baggage-policy,https://www.viequesairlink.com/,https://www.viequesairlink.com/,https://www.viequesairlink.com/,,yes,2026-09-03,3,0,no,yes,no,,help_root;article_selector;,"3/6 urls imported from filled priority CSV; Missing fields filled from buffertse/airline-data, which records official airline domains and deep links sourced from airline websites.",vieques-air-link-1711,https://raw.githubusercontent.com/buffertse/airline-data/main/data/airlines.csv; https://raw.githubusercontent.com/buffertse/airline-data/main/data/airline-links.csv
vietjet,VietJet Air,VJ,Vietnam,Low-cost,yes,en-vn,1b,Southeast Asia,https://www.vietjetair.com,,https://www.vietjetair.com/en/pages/baggage-1608369253776,https://www.vietjetair.com/en/pages/baggage-1608369253776,https://www.vietjetair.com/en/pages/fees-and-charges-1608369255494,https://www.vietjetair.com/en/pages/fare-rules-1608369253589,https://www.vietjetair.com/en/checkin,https://www.vietjetair.com/en/pages/conditions-of-carriage-1608369252148,,yes,2026-09-03,0,6,no,yes,no,https://www.vietjetair.com/en/pages/terms-and-conditions-vietjet-1608015385508,help_root;article_selector;,6/6 urls,vietjet-air-1758,C:\Users\kspellman\Documents\Codex\2026-08-24\vie\work\airline_research_data.json; https://raw.githubusercontent.com/buffertse/airline-data/main/data/airlines.csv; https://raw.githubusercontent.com/buffertse/airline-data/main/data/airline-links.csv
vietnam-airlines,Vietnam Airlines,VN,Vietnam,Scheduled,yes,en-vn,1b,Southeast Asia,https://www.vietnamairlines.com,,https://www.vietnamairlines.com/vn/en/travel-information/baggage/checked-baggage,https://www.vietnamairlines.com/vn/en/travel-information/baggage/carry-on-baggage,https://www.vietnamairlines.com/vn/en/travel-information/baggage/excess-baggage,https://www.vietnamairlines.com/vn/en/plan-book/fares/fare-conditions,https://www.vietnamairlines.com/vn/en/travel-information/check-in,https://www.vietnamairlines.com/vn/en/legal/conditions-of-carriage,,yes,2026-09-03,0,6,no,yes,yes,https://www.vietnamairlines.com/gb/en/legal/conditions-of-carriage,help_root;article_selector;,6/6 urls,vietnam-airlines-554,C:\Users\kspellman\Documents\Codex\2026-08-24\vie\work\airline_research_data.json; https://raw.githubusercontent.com/buffertse/airline-data/main/data/airlines.csv; https://raw.githubusercontent.com/buffertse/airline-data/main/data/airline-links.csv
vietravel-airlines,Vietravel Airlines,VU,Vietnam,Scheduled,no,,,Asia,,,,,,,,,,no,,0,0,no,no,no,,locale;band;official_website;help_root;baggage_checked_url;baggage_carryon_url;baggage_fees_url;fare_conditions_url;checkin_url;conditions_of_carriage_url;article_selector;,,,
villa-air,Villa Air,VP,Vietnam,Scheduled,no,,,Asia,https://flyme.mv,,,,,,,,,no,,0,0,no,no,no,,locale;band;help_root;baggage_checked_url;baggage_carryon_url;baggage_fees_url;fare_conditions_url;checkin_url;conditions_of_carriage_url;article_selector;,,flyme-1376,https://raw.githubusercontent.com/buffertse/airline-data/main/data/airlines.csv; https://raw.githubusercontent.com/buffertse/airline-data/main/data/airline-links.csv
virgin-america,Virgin America,VX,United States,Low-cost,no,en,,North America,,,,,,,,,,no,,0,0,no,yes,yes,,band;official_website;help_root;baggage_checked_url;baggage_carryon_url;baggage_fees_url;fare_conditions_url;checkin_url;conditions_of_carriage_url;article_selector;,,,
virgin-atlantic,Virgin Atlantic,VS,United Kingdom,Scheduled,yes,en-gb,1b,Europe,https://help.virginatlantic.com,https://help.virginatlantic.com/eu/en/flying-with-children.html,https://help.virginatlantic.com/gb/en/baggage/checked-baggage.html,https://help.virginatlantic.com/gb/en/baggage/hand-baggage.html,https://help.virginatlantic.com/gb/en/baggage/excess-baggage.html,https://help.virginatlantic.com/gb/en/policies/conditions-of-carriage.html,https://help.virginatlantic.com/gb/en/at-the-airport/check-in.html,https://help.virginatlantic.com/gb/en/policies/conditions-of-carriage.html,,yes,2026-09-03,0,6,no,yes,yes,https://help.virginatlantic.com/gb/en/policies/conditions-of-carriage.html,article_selector;,6/6 urls,virgin-atlantic-1839,C:\Users\kspellman\Documents\Codex\2026-08-24\vie\work\airline_research_data.json; https://raw.githubusercontent.com/buffertse/airline-data/main/data/airlines.csv; https://raw.githubusercontent.com/buffertse/airline-data/main/data/airline-links.csv
virgin-australia,Virgin Australia,VA,Australia,Scheduled,yes,en-au,1a,Australia/Pacific,https://www.virginaustralia.com,,https://www.virginaustralia.com/au/en/travel-info/baggage/checked-baggage/,https://www.virginaustralia.com/au/en/travel-info/baggage/carry-on-baggage/,https://www.virginaustralia.com/au/en/travel-info/baggage/additional-baggage/,https://www.virginaustralia.com/au/en/travel-info/flying-with-us/fare-types/,https://www.virginaustralia.com/au/en/travel-info/check-in/,https://www.virginaustralia.com/au/en/about-us/policies/legal/conditions-of-carriage/,,yes,2026-09-03,0,6,no,yes,yes,https://www.virginaustralia.com/eu/en/about-us/policies/legal/conditions-of-carriage/,help_root;article_selector;,6/6 urls,virgin-australia-1601,C:\Users\kspellman\Documents\Codex\2026-08-24\vie\work\airline_research_data.json; https://raw.githubusercontent.com/buffertse/airline-data/main/data/airlines.csv; https://raw.githubusercontent.com/buffertse/airline-data/main/data/airline-links.csv
vision-air-moldova,Vision Air (Moldova),4V,Moldova,Scheduled,no,en,,Europe,https://skyup.aero,,https://www.parataair.com/en/contents/information/showBaggageInformation.do,https://www.parataair.com/en/contents/information/showBaggageInformation.do,https://www.parataair.com/en/contents/information/showBaggageInformation.do,,,,,no,,0,0,no,no,no,,band;help_root;fare_conditions_url;checkin_url;conditions_of_carriage_url;article_selector;,,parata-air-1523,https://raw.githubusercontent.com/buffertse/airline-data/main/data/airlines.csv; https://raw.githubusercontent.com/buffertse/airline-data/main/data/airline-links.csv
vistara,Vistara,UK,India,Scheduled,yes,en-in,manual-priority,Asia,https://www.airvistara.com,,,,,,,https://www.airvistara.com/gb/en/terms-and-conditions,,yes,2026-09-03,0,1,no,yes,no,https://www.airvistara.com/gb/en/terms-and-conditions,help_root;baggage_checked_url;baggage_carryon_url;baggage_fees_url;fare_conditions_url;checkin_url;article_selector;,1/6 urls imported from filled priority CSV; conditions_of_carriage_url prefilled from Duffel refs; please verify.,,
viva-aerobus,Viva Aerobus,VB,Mexico,Low-cost,yes,en,manual-priority,North America,https://www.vivaaerobus.com,,https://blog.vivaaerobus.com/medidas-equipaje-articulos,https://blog.vivaaerobus.com/medidas-equipaje-articulos,https://blog.vivaaerobus.com/medidas-equipaje-articulos,,https://www.vivaaerobus.com/en-us/check-in/find-booking,https://www.vivaaerobus.com/en-us/legal/terms-and-conditions,,yes,2026-09-03,0,3,no,yes,yes,,help_root;fare_conditions_url;article_selector;,"3/6 urls imported from filled priority CSV; Missing fields filled from buffertse/airline-data, which records official airline domains and deep links sourced from airline websites.",viva-1717,https://raw.githubusercontent.com/buffertse/airline-data/main/data/airlines.csv; https://raw.githubusercontent.com/buffertse/airline-data/main/data/airline-links.csv
viva-air-colombia,Viva Air Colombia,VH,Colombia,Low-cost,yes,en,manual-priority,South America,https://www.vivaair.com,,,,,,,https://www.vivaair.com/co/en/legal-information_terms-and-conditions,,yes,2026-09-03,0,1,no,no,yes,https://www.vivaair.com/co/en/legal-information_terms-and-conditions,help_root;baggage_checked_url;baggage_carryon_url;baggage_fees_url;fare_conditions_url;checkin_url;article_selector;,1/6 urls imported from filled priority CSV; conditions_of_carriage_url prefilled from Duffel refs; please verify.,aeropostal-alas-de-venezuela-596,https://raw.githubusercontent.com/buffertse/airline-data/main/data/airlines.csv; https://raw.githubusercontent.com/buffertse/airline-data/main/data/airline-links.csv
vladivostok-air,Vladivostok Air,XF,Russia,Scheduled,no,,,Europe,,,,,,,,,,no,,0,0,no,yes,no,,locale;band;official_website;help_root;baggage_checked_url;baggage_carryon_url;baggage_fees_url;fare_conditions_url;checkin_url;conditions_of_carriage_url;article_selector;,,,
volaris,Volaris,Y4,Mexico,Low-cost,yes,en,manual-priority,North America,https://cms.volaris.com,,https://cms.volaris.com/en/useful-information/baggage/checked-baggage/checked-baggage,https://cms.volaris.com/en/cabin-baggage,https://cms.volaris.com/en/useful-information/baggage/checked-baggage/checked-baggage,,,https://cms.volaris.com/globalassets/pdfs/eng/contract-carriage-domestic-int-q6.pdf,,yes,2026-09-03,3,1,no,yes,yes,https://cms.volaris.com/globalassets/pdfs/eng/contract-carriage-domestic-int-q6.pdf,help_root;fare_conditions_url;checkin_url;article_selector;,"4/6 urls imported from filled priority CSV; conditions_of_carriage_url prefilled from Duffel refs; please verify.; Missing fields filled from buffertse/airline-data, which records official airline domains and deep links sourced from airline websites.",volaris-1209,https://raw.githubusercontent.com/buffertse/airline-data/main/data/airlines.csv; https://raw.githubusercontent.com/buffertse/airline-data/main/data/airline-links.csv
volaris-costa-rica,Volaris Costa Rica,Q6,Costa Rica,Low-cost,no,,,Latin America,https://volaris.com,,,,,,,,,no,,0,0,no,no,no,,locale;band;help_root;baggage_checked_url;baggage_carryon_url;baggage_fees_url;fare_conditions_url;checkin_url;conditions_of_carriage_url;article_selector;,,aero-c-ndor-1024,https://raw.githubusercontent.com/buffertse/airline-data/main/data/airlines.csv; https://raw.githubusercontent.com/buffertse/airline-data/main/data/airline-links.csv
volaris-el-salvador,Volaris El Salvador,N3,El Salvador,Low-cost,no,,,Latin America,,,,,,,,,,no,,0,0,no,no,no,,locale;band;official_website;help_root;baggage_checked_url;baggage_carryon_url;baggage_fees_url;fare_conditions_url;checkin_url;conditions_of_carriage_url;article_selector;,,,
volga-dnepr-airlines,Volga-Dnepr Airlines,VI,Russia,Scheduled,no,,,Europe,https://volga-dnepr.com,https://volga-dnepr.com/about/contacts,,,,,,,,no,,0,0,no,yes,no,,locale;band;baggage_checked_url;baggage_carryon_url;baggage_fees_url;fare_conditions_url;checkin_url;conditions_of_carriage_url;article_selector;,"Missing fields filled from buffertse/airline-data, which records official airline domains and deep links sourced from airline websites.",volga-dnepr-airlines-1675,https://raw.githubusercontent.com/buffertse/airline-data/main/data/airlines.csv; https://raw.githubusercontent.com/buffertse/airline-data/main/data/airline-links.csv
volo,Volo,DC,Sweden,Scheduled,no,,,Europe,https://flygbra.se,,,,,,,,,no,,0,0,no,no,no,,locale;band;help_root;baggage_checked_url;baggage_carryon_url;baggage_fees_url;fare_conditions_url;checkin_url;conditions_of_carriage_url;article_selector;,,braathens-regional-461,https://raw.githubusercontent.com/buffertse/airline-data/main/data/airlines.csv; https://raw.githubusercontent.com/buffertse/airline-data/main/data/airline-links.csv
volotea,Volotea,V7,Spain,Low-cost,yes,en,manual-priority,Europe,https://www.volotea.com,,https://www.volotea.com/en/baggage,https://partners.volotea.com/en/tags_agencies/hand-baggage,https://www.volotea.com/en/flights-faq/before-flying/luggage/which-luggage-is-included-in-the-price-of-the-ticket--106,,,https://www.volotea.com/en/legal-conditions/conditions-of-carriage/,,yes,2026-09-03,0,4,no,no,yes,https://www.volotea.com/en/legal-conditions/conditions-of-carriage/,help_root;fare_conditions_url;checkin_url;article_selector;,"4/6 urls imported from filled priority CSV; conditions_of_carriage_url prefilled from Duffel refs; please verify.; Missing fields filled from buffertse/airline-data, which records official airline domains and deep links sourced from airline websites.",volotea-767,https://raw.githubusercontent.com/buffertse/airline-data/main/data/airlines.csv; https://raw.githubusercontent.com/buffertse/airline-data/main/data/airline-links.csv
vueling,Vueling,VY,Spain,Low-cost,yes,en-es,1b,Europe,https://www.vueling.com,https://help.vueling.com/hc/en-gb/sections/19798729396113-Bag-Allowance,https://www.vueling.com/en/vueling-services/prepare-your-trip/luggage/checked-baggage,https://www.vueling.com/en/vueling-services/prepare-your-trip/luggage/hand-luggage,https://www.vueling.com/en/vueling-services/prepare-your-trip/luggage/excess-baggage,https://www.vueling.com/en/vueling-services/choose-your-fare,https://www.vueling.com/en/vueling-services/check-in-online,https://www.vueling.com/en/vueling-services/more-vueling-services/conditions-of-carriage,,yes,2026-09-03,0,6,no,yes,yes,https://www.vueling.com/en/customer-services/conditions-of-carriage,article_selector;,6/6 urls,vueling-1509,C:\Users\kspellman\Documents\Codex\2026-08-24\vie\work\airline_research_data.json; https://raw.githubusercontent.com/buffertse/airline-data/main/data/airlines.csv; https://raw.githubusercontent.com/buffertse/airline-data/main/data/airline-links.csv
wow-air,WOW Air,WW,Iceland,Low-cost,no,,,Europe,,,,,,,,,,no,,0,0,no,yes,no,,locale;band;official_website;help_root;baggage_checked_url;baggage_carryon_url;baggage_fees_url;fare_conditions_url;checkin_url;conditions_of_carriage_url;article_selector;,,,
wamos-air,Wamos Air,EB,Spain,Scheduled,no,,,Europe,https://wamosair.com,,,,,,,,,no,,0,0,no,yes,no,,locale;band;help_root;baggage_checked_url;baggage_carryon_url;baggage_fees_url;fare_conditions_url;checkin_url;conditions_of_carriage_url;article_selector;,"Missing fields filled from buffertse/airline-data, which records official airline domains and deep links sourced from airline websites.",wamos-air-243,https://raw.githubusercontent.com/buffertse/airline-data/main/data/airlines.csv; https://raw.githubusercontent.com/buffertse/airline-data/main/data/airline-links.csv
warbelows-air,Warbelows Air,4W,Nigeria,Scheduled,no,en,,Africa,https://warbelows.com,https://alliedairng.com/contact,,,,,,,,no,,0,0,no,yes,no,,band;baggage_checked_url;baggage_carryon_url;baggage_fees_url;fare_conditions_url;checkin_url;conditions_of_carriage_url;article_selector;,,allied-air-1801,https://raw.githubusercontent.com/buffertse/airline-data/main/data/airlines.csv; https://raw.githubusercontent.com/buffertse/airline-data/main/data/airline-links.csv
webjet-linhas-aereas,Webjet Linhas Aereas,WH,Germany,Scheduled,no,,,Europe,,,,,,,,,,no,,0,0,no,no,no,,locale;band;official_website;help_root;baggage_checked_url;baggage_carryon_url;baggage_fees_url;fare_conditions_url;checkin_url;conditions_of_carriage_url;article_selector;,,,
west-air,West Air,PN,China,Low-cost,no,,,Asia,,,,,,,,,,no,,0,0,no,yes,yes,,locale;band;official_website;help_root;baggage_checked_url;baggage_carryon_url;baggage_fees_url;fare_conditions_url;checkin_url;conditions_of_carriage_url;article_selector;,,,
west-link-airlines,West Link Airlines,9L,United States,Scheduled,no,en,,North America,,,,,,,,,,no,,0,0,no,no,no,,band;official_website;help_root;baggage_checked_url;baggage_carryon_url;baggage_fees_url;fare_conditions_url;checkin_url;conditions_of_carriage_url;article_selector;,,,
westjet-encore,WestJet Encore,WR,Canada,Low-cost,no,en,,North America,,,,,,,,,,no,,0,0,no,yes,no,,band;official_website;help_root;baggage_checked_url;baggage_carryon_url;baggage_fees_url;fare_conditions_url;checkin_url;conditions_of_carriage_url;article_selector;,,,
western-air,Western Air,WU,Bahamas,Scheduled,no,en,,Caribbean,,,,,,,,,,no,,0,0,no,no,no,,band;official_website;help_root;baggage_checked_url;baggage_carryon_url;baggage_fees_url;fare_conditions_url;checkin_url;conditions_of_carriage_url;article_selector;,,,
white-airways,White Airways,WI,Portugal,Scheduled,no,,,Europe,,,,,,,,,,no,,0,0,no,yes,no,,locale;band;official_website;help_root;baggage_checked_url;baggage_carryon_url;baggage_fees_url;fare_conditions_url;checkin_url;conditions_of_carriage_url;article_selector;,,,
wideroe,Widerøe,WF,Norway,Scheduled,no,en,,Europe,https://wideroe.no,,https://www.wideroe.no/en/travel-info/baggage,https://www.wideroe.no/en/travel-info/baggage,https://www.wideroe.no/en/travel-info/baggage,,,,,no,,0,0,no,yes,yes,,band;help_root;fare_conditions_url;checkin_url;conditions_of_carriage_url;article_selector;,,wider-e-1835,https://raw.githubusercontent.com/buffertse/airline-data/main/data/airlines.csv; https://raw.githubusercontent.com/buffertse/airline-data/main/data/airline-links.csv
winair,Winair,WM,United States,Scheduled,no,en,,North America,https://fly-winair.sx,,,,,,,,,no,,0,0,no,yes,yes,,band;help_root;baggage_checked_url;baggage_carryon_url;baggage_fees_url;fare_conditions_url;checkin_url;conditions_of_carriage_url;article_selector;,"Missing fields filled from buffertse/airline-data, which records official airline domains and deep links sourced from airline websites.",winair-119,https://raw.githubusercontent.com/buffertse/airline-data/main/data/airlines.csv; https://raw.githubusercontent.com/buffertse/airline-data/main/data/airline-links.csv
windrose-airlines,Windrose Airlines,7W,Ukraine,Scheduled,yes,en,manual-priority,Europe,https://windrose.aero,,https://windrose.aero/en/prepare_for_flight/baggage/checked_baggage,https://windrose.aero/en/prepare_for_flight/baggage/hand_luggage,https://windrose.aero/en/prepare_for_flight/baggage/checked_baggage,,,https://windrose.aero/en/prepare_for_flight/prepare/rules/,,yes,2026-09-03,0,4,no,yes,no,https://windrose.aero/en/prepare_for_flight/prepare/rules/,help_root;fare_conditions_url;checkin_url;article_selector;,"4/6 urls imported from filled priority CSV; conditions_of_carriage_url prefilled from Duffel refs; please verify.; Missing fields filled from buffertse/airline-data, which records official airline domains and deep links sourced from airline websites.",windrose-airlines-15,https://raw.githubusercontent.com/buffertse/airline-data/main/data/airlines.csv; https://raw.githubusercontent.com/buffertse/airline-data/main/data/airline-links.csv; https://raw.githubusercontent.com/buffertse/airline-data/main/derived/baggage-summary.csv
wingo,Wingo,P5,Colombia,Scheduled,no,,,Latin America,,,,,,,,,,no,,0,0,no,no,no,,locale;band;official_website;help_root;baggage_checked_url;baggage_carryon_url;baggage_fees_url;fare_conditions_url;checkin_url;conditions_of_carriage_url;article_selector;,,,
wings-air,Wings Air,IW,Indonesia,Low-cost,no,,,Asia,,,,,,,,,,no,,0,0,no,no,no,,locale;band;official_website;help_root;baggage_checked_url;baggage_carryon_url;baggage_fees_url;fare_conditions_url;checkin_url;conditions_of_carriage_url;article_selector;,,,
wings-of-lebanon,Wings of Lebanon,W7,Lebanon,Scheduled,no,,,Middle East,,,,,,,,,,no,,0,0,no,no,no,,locale;band;official_website;help_root;baggage_checked_url;baggage_carryon_url;baggage_fees_url;fare_conditions_url;checkin_url;conditions_of_carriage_url;article_selector;,,,
wizz-air,Wizz Air,W6,Hungary,Low-cost,yes,en-gb,1a,Europe,https://wizzair.com,,https://wizzair.com/en-gb/information-and-services/travel-information/baggage,https://wizzair.com/en-gb/information-and-services/travel-information/baggage,https://wizzair.com/en-gb/information-and-services/prices-discounts/all-services-fees,https://wizzair.com/en-gb/information-and-services/booking-information/fare-lock,https://wizzair.com/en-gb/information-and-services/booking-information/check-in-and-boarding,https://wizzair.com/en-gb/information-and-services/conditions-of-carriage,,yes,2026-09-03,0,6,no,yes,yes,,help_root;article_selector;,6/6 urls,wizz-air-985,C:\Users\kspellman\Documents\Codex\2026-08-24\vie\work\airline_research_data.json; https://raw.githubusercontent.com/buffertse/airline-data/main/data/airlines.csv; https://raw.githubusercontent.com/buffertse/airline-data/main/data/airline-links.csv
wizz-air-abu-dhabi,Wizz Air Abu Dhabi,5W,United Arab Emirates,Low-cost,no,,,Middle East,,,,,,,,,,no,,0,0,no,no,no,,locale;band;official_website;help_root;baggage_checked_url;baggage_carryon_url;baggage_fees_url;fare_conditions_url;checkin_url;conditions_of_carriage_url;article_selector;,,,
wizz-air-malta,Wizz Air Malta,W4,Malta,Low-cost,no,en,,Europe,,,,,,,,,,no,,0,0,no,no,no,,band;official_website;help_root;baggage_checked_url;baggage_carryon_url;baggage_fees_url;fare_conditions_url;checkin_url;conditions_of_carriage_url;article_selector;,,,
wizz-air-uk,Wizz Air UK,W9,United Kingdom,Scheduled,no,en,,Europe,,,,,,,,,,no,,0,0,no,no,no,,band;official_website;help_root;baggage_checked_url;baggage_carryon_url;baggage_fees_url;fare_conditions_url;checkin_url;conditions_of_carriage_url;article_selector;,,,
world-atlantic-airlines,World Atlantic Airlines,WL,United States,Scheduled,no,en,,North America,,,,,,,,,,no,,0,0,no,no,no,,band;official_website;help_root;baggage_checked_url;baggage_carryon_url;baggage_fees_url;fare_conditions_url;checkin_url;conditions_of_carriage_url;article_selector;,,,
world-ticket-ltd,World Ticket Ltd,W1,Canada,Scheduled,no,en,,North America,,,,,,,,,,no,,0,0,no,no,no,,band;official_website;help_root;baggage_checked_url;baggage_carryon_url;baggage_fees_url;fare_conditions_url;checkin_url;conditions_of_carriage_url;article_selector;,,,
world2fly,World2Fly,2W,Austria,Scheduled,no,en,,Europe,https://w2fly.es,,https://www.w2fly.es/en-en/flight/luggage,https://www.w2fly.es/en-en/flight/luggage,https://www.w2fly.es/en-en/flight/luggage,,,,,no,,0,0,no,no,no,,band;help_root;fare_conditions_url;checkin_url;conditions_of_carriage_url;article_selector;,,world2fly-84,https://raw.githubusercontent.com/buffertse/airline-data/main/data/airlines.csv; https://raw.githubusercontent.com/buffertse/airline-data/main/data/airline-links.csv
world2fly-portugal,World2Fly (Portugal),3P,Portugal,Scheduled,no,,,Europe,,,,,,,,,,no,,0,0,no,no,no,,locale;band;official_website;help_root;baggage_checked_url;baggage_carryon_url;baggage_fees_url;fare_conditions_url;checkin_url;conditions_of_carriage_url;article_selector;,,,
worldspan,Worldspan,1P,United States,Scheduled,no,en,,North America,,,,,,,,,,no,,0,0,no,no,no,,band;official_website;help_root;baggage_checked_url;baggage_carryon_url;baggage_fees_url;fare_conditions_url;checkin_url;conditions_of_carriage_url;article_selector;,,,
wright-air-service,Wright Air Service,8V,United States,Scheduled,no,en,,North America,https://astral-aviation.com,https://astral-aviation.com/contact-us,,,,,,,,no,,0,0,no,no,no,,band;baggage_checked_url;baggage_carryon_url;baggage_fees_url;fare_conditions_url;checkin_url;conditions_of_carriage_url;article_selector;,,astral-aviation-793,https://raw.githubusercontent.com/buffertse/airline-data/main/data/airlines.csv; https://raw.githubusercontent.com/buffertse/airline-data/main/data/airline-links.csv
xejet,XEJet,4U,Germany,Scheduled,no,,,Europe,,,,,,,,,,no,,0,0,no,no,no,,locale;band;official_website;help_root;baggage_checked_url;baggage_carryon_url;baggage_fees_url;fare_conditions_url;checkin_url;conditions_of_carriage_url;article_selector;,,,
xiamen-airlines,Xiamen Airlines,MF,China,Scheduled,yes,en,manual-priority,Asia,https://www.xiamenair.com,,https://www.xiamenair.com/brandnew_EN/travel-ground-baggage.html,https://www.xiamenair.com/brandnew_EN/travel-ground-baggage.html,https://www.xiamenair.com/brandnew_EN/travel-ground-baggage.html,,,https://www.xiamenair.com/brandnew_EN/travel-transport-condition.html,,yes,2026-09-03,4,0,no,yes,yes,https://www.xiamenair.com/brandnew_EN/travel-transport-condition.html,help_root;fare_conditions_url;checkin_url;article_selector;,"4/6 urls imported from filled priority CSV; conditions_of_carriage_url prefilled from Duffel refs; please verify.; Missing fields filled from buffertse/airline-data, which records official airline domains and deep links sourced from airline websites.",xiamen-airlines-438,https://raw.githubusercontent.com/buffertse/airline-data/main/data/airlines.csv; https://raw.githubusercontent.com/buffertse/airline-data/main/data/airline-links.csv
xpressair,XpressAir,XN,Indonesia,Scheduled,no,,,Asia,https://mexicana.gob.mx,,,,,,,,,no,,0,0,no,no,no,,locale;band;help_root;baggage_checked_url;baggage_carryon_url;baggage_fees_url;fare_conditions_url;checkin_url;conditions_of_carriage_url;article_selector;,,aerol-nea-del-estado-mexicano-mexicana-225,https://raw.githubusercontent.com/buffertse/airline-data/main/data/airlines.csv; https://raw.githubusercontent.com/buffertse/airline-data/main/data/airline-links.csv
yanair,YANAIR,YE,Iran,Scheduled,no,,,Middle East,,,,,,,,,,no,,0,0,no,no,no,,locale;band;official_website;help_root;baggage_checked_url;baggage_carryon_url;baggage_fees_url;fare_conditions_url;checkin_url;conditions_of_carriage_url;article_selector;,,,
yto-cargo-airlines,YTO Cargo Airlines,YG,Ukraine,Scheduled,no,,,Europe,,,,,,,,,,no,,0,0,no,no,no,,locale;band;official_website;help_root;baggage_checked_url;baggage_carryon_url;baggage_fees_url;fare_conditions_url;checkin_url;conditions_of_carriage_url;article_selector;,,,
yakutia-airlines,Yakutia Airlines,R3,Russia,Scheduled,no,,,Europe,,,,,,,,,,no,,0,0,no,yes,no,,locale;band;official_website;help_root;baggage_checked_url;baggage_carryon_url;baggage_fees_url;fare_conditions_url;checkin_url;conditions_of_carriage_url;article_selector;,,,
yamal-airlines,Yamal Airlines,YC,Russia,Scheduled,yes,en,manual-priority,Europe,https://yamal.aero,,,,,,,https://yamal.aero/passengers/,,yes,2026-09-03,0,1,no,yes,yes,https://yamal.aero/passengers/,help_root;baggage_checked_url;baggage_carryon_url;baggage_fees_url;fare_conditions_url;checkin_url;article_selector;,1/6 urls imported from filled priority CSV; conditions_of_carriage_url prefilled from Duffel refs; please verify.,,
yemenia,Yemenia,IY,Yemen,Scheduled,no,,,Middle East,https://yemenia.com,,,,,,,,,no,,0,0,no,yes,yes,,locale;band;help_root;baggage_checked_url;baggage_carryon_url;baggage_fees_url;fare_conditions_url;checkin_url;conditions_of_carriage_url;article_selector;,"Missing fields filled from buffertse/airline-data, which records official airline domains and deep links sourced from airline websites.",yemenia-1534,https://raw.githubusercontent.com/buffertse/airline-data/main/data/airlines.csv; https://raw.githubusercontent.com/buffertse/airline-data/main/data/airline-links.csv
yeti-airlines,Yeti Airlines,YT,Nepal,Scheduled,yes,en,manual-priority,Asia,https://yetiairlines.com/,,https://yetiairlines.com/content/fare-categories-reschedule-and-cancellation-policies,https://yetiairlines.com/content/fare-categories-reschedule-and-cancellation-policies,https://yetiairlines.com/content/extra-baggage-charges,,https://res.yetiairlines.com/webcheckin/,https://yetiairlines.com/content/condition-of-carriage,,yes,2026-09-03,0,1,no,yes,yes,,help_root;fare_conditions_url;article_selector;,"1/6 urls imported from filled priority CSV; Missing fields filled from buffertse/airline-data, which records official airline domains and deep links sourced from airline websites.",yeti-airlines-439,https://raw.githubusercontent.com/buffertse/airline-data/main/data/airlines.csv; https://raw.githubusercontent.com/buffertse/airline-data/main/data/airline-links.csv
zipair,ZIPAIR,ZG,Japan,Low-cost,no,,,Asia,https://grozny-avia.ru,,,,,,,,,no,,0,0,no,no,no,,locale;band;help_root;baggage_checked_url;baggage_carryon_url;baggage_fees_url;fare_conditions_url;checkin_url;conditions_of_carriage_url;article_selector;,,grozny-avia-1419,https://raw.githubusercontent.com/buffertse/airline-data/main/data/airlines.csv; https://raw.githubusercontent.com/buffertse/airline-data/main/data/airline-links.csv
zagros-airlines,Zagros Airlines,ZO,Iran,Scheduled,no,,,Middle East,,,,,,,,,,no,,0,0,no,no,no,,locale;band;official_website;help_root;baggage_checked_url;baggage_carryon_url;baggage_fees_url;fare_conditions_url;checkin_url;conditions_of_carriage_url;article_selector;,,,
zambezi-airlines,Zambezi Airlines,ZJ,Zambia,Scheduled,no,en,,Africa,,,,,,,,,,no,,0,0,no,no,no,,band;official_website;help_root;baggage_checked_url;baggage_carryon_url;baggage_fees_url;fare_conditions_url;checkin_url;conditions_of_carriage_url;article_selector;,,,
zambia-airways,Zambia Airways,ZN,Zambia,Scheduled,no,en,,Africa,,,,,,,,,,no,,0,0,no,no,no,,band;official_website;help_root;baggage_checked_url;baggage_carryon_url;baggage_fees_url;fare_conditions_url;checkin_url;conditions_of_carriage_url;article_selector;,,,
zapways-inc,"Zapways, Inc.",R1,Philippines,Scheduled,no,,,Asia,,,,,,,,,,no,,0,0,no,no,no,,locale;band;official_website;help_root;baggage_checked_url;baggage_carryon_url;baggage_fees_url;fare_conditions_url;checkin_url;conditions_of_carriage_url;article_selector;,,,
zimex-aviation,Zimex Aviation,XM,Switzerland,Scheduled,no,,,Europe,https://jair.co.jp,,,,,,,,,no,,0,0,no,yes,no,,locale;band;help_root;baggage_checked_url;baggage_carryon_url;baggage_fees_url;fare_conditions_url;checkin_url;conditions_of_carriage_url;article_selector;,,j-air-223,https://raw.githubusercontent.com/buffertse/airline-data/main/data/airlines.csv; https://raw.githubusercontent.com/buffertse/airline-data/main/data/airline-links.csv
aero,aero,N2,Estonia,Scheduled,no,,,Europe,,,,,,,,,,no,,0,0,no,no,no,,locale;band;official_website;help_root;baggage_checked_url;baggage_carryon_url;baggage_fees_url;fare_conditions_url;checkin_url;conditions_of_carriage_url;article_selector;,,,
airbaltic,airBaltic,BT,Latvia,Low-cost,yes,en,manual-priority,Europe,https://www.airbaltic.com,,https://www.airbaltic.com/en/baggage/checked-baggage,https://www.airbaltic.com/en/baggage/cabin-baggage,https://www.airbaltic.com/en/baggage,,,https://www.airbaltic.com/en-GB/general-conditions-of-carriage,,yes,2026-09-03,0,1,no,yes,yes,https://www.airbaltic.com/en-GB/general-conditions-of-carriage,help_root;fare_conditions_url;checkin_url;article_selector;,1/6 urls imported from filled priority CSV; conditions_of_carriage_url prefilled from Duffel refs; please verify.,airbaltic-942,https://raw.githubusercontent.com/buffertse/airline-data/main/data/airlines.csv; https://raw.githubusercontent.com/buffertse/airline-data/main/data/airline-links.csv
airblue,airblue,PA,Pakistan,Low-cost,yes,en,manual-priority,Asia,https://www.airblue.com,,https://www.airblue.com/services/extra-baggage,https://www.airblue.com/services/extra-baggage,https://www.airblue.com/services/extra-baggage,,,https://www.airblue.com/corp/terms,,yes,2026-09-03,0,4,no,yes,no,https://www.airblue.com/corp/terms,help_root;fare_conditions_url;checkin_url;article_selector;,"4/6 urls imported from filled priority CSV; conditions_of_carriage_url prefilled from Duffel refs; please verify.; Missing fields filled from buffertse/airline-data, which records official airline domains and deep links sourced from airline websites.",airblue-957,https://raw.githubusercontent.com/buffertse/airline-data/main/data/airlines.csv; https://raw.githubusercontent.com/buffertse/airline-data/main/data/airline-links.csv
avianca-express,avianca express,EX,Colombia,Scheduled,no,en,,Latin America,https://www.avianca.com,,https://ayuda.avianca.com/hc/en-us/sections/13768649925787-Checked-baggage,https://ayuda.avianca.com/hc/en-us/sections/13467208526619-Carry-on-baggage,https://www.avianca.com/en/my-booking/prepare-your-trip/baggage,,,https://www.avianca.com/en/legal-information/contract-of-carriage,,no,,0,0,no,no,no,https://www.avianca.com/uk/en/sobre-nosotros/informacion-legal/contrato-transporte/,band;help_root;fare_conditions_url;checkin_url;article_selector;,,avianca-express-1492,https://raw.githubusercontent.com/buffertse/airline-data/main/data/airlines.csv; https://raw.githubusercontent.com/buffertse/airline-data/main/data/airline-links.csv
easyjet,easyJet,U2,United Kingdom,Low-cost,yes,en-gb,1a,Europe,https://www.easyjet.com,https://www.easyjet.com/en/help-centre,https://www.easyjet.com/en/help/baggage/hold-luggage,https://www.easyjet.com/en/help/baggage/cabin-bag-and-hold-luggage,https://www.easyjet.com/en/help/booking-and-check-in/fees-and-charges,https://www.easyjet.com/en/terms-and-conditions,https://www.easyjet.com/en/help/booking-and-check-in/check-in,https://www.easyjet.com/en/terms-and-conditions,,yes,2026-09-03,0,6,no,yes,no,,article_selector;,6/6 urls,easyjet,C:\Users\kspellman\Documents\Codex\2026-08-24\vie\work\airline_research_data.json; https://raw.githubusercontent.com/buffertse/airline-data/main/data/airlines.csv; https://raw.githubusercontent.com/buffertse/airline-data/main/data/airline-links.csv
flycaa,flyCAA,BU,Democratic Republic of the Congo,Scheduled,no,,,Africa,,,,,,,,,,no,,0,0,no,no,no,,locale;band;official_website;help_root;baggage_checked_url;baggage_carryon_url;baggage_fees_url;fare_conditions_url;checkin_url;conditions_of_carriage_url;article_selector;,,,
flyadeal,flyadeal,F3,Saudi Arabia,Low-cost,no,,,Middle East,,,,,,,,,,no,,0,0,no,no,no,,locale;band;official_website;help_root;baggage_checked_url;baggage_carryon_url;baggage_fees_url;fare_conditions_url;checkin_url;conditions_of_carriage_url;article_selector;,,,
ifly,iFly,F7,Switzerland,Scheduled,no,,,Europe,,,,,,,,,,no,,0,0,no,no,no,,locale;band;official_website;help_root;baggage_checked_url;baggage_carryon_url;baggage_fees_url;fare_conditions_url;checkin_url;conditions_of_carriage_url;article_selector;,,,
