carrier_key,name,iata,country,type,locale,band,region,official_website,help_root,baggage_checked_url,baggage_carryon_url,baggage_fees_url,fare_conditions_url,checkin_url,conditions_of_carriage_url,article_selector,notes,has_fact_file,has_review_file,matched_source_airline_id,enrichment_sources
abx-air-inc,"ABX Air, Inc.",GB,United States,Scheduled,,,,https://abxair.com,https://www.abxair.com/contact,,,,,,,,"Missing fields filled from buffertse/airline-data, which records official airline domains and deep links sourced from airline websites.",yes,no,abx-air-354,https://raw.githubusercontent.com/buffertse/airline-data/main/data/airlines.csv; https://raw.githubusercontent.com/buffertse/airline-data/main/data/airline-links.csv
adria-airways,Adria Airways,JP,Slovenia,Scheduled,,,,,,,,,,,,,,yes,no,,
aegean-airlines,Aegean Airlines,A3,Greece,Scheduled,,,,https://en.aegeanair.com,,https://en.aegeanair.com/travel-information/baggage/add-baggage,https://en.aegeanair.com/travel-information/baggage/cabin-baggage,https://en.aegeanair.com/travel-information/baggage/add-baggage,,,https://en.aegeanair.com/conditions-notices/conditions-notices/,,"conditions_of_carriage_url prefilled from Duffel refs; please verify.; Missing fields filled from buffertse/airline-data, which records official airline domains and deep links sourced from airline websites.",yes,no,aegean-airlines-1019,https://raw.githubusercontent.com/buffertse/airline-data/main/data/airlines.csv; https://raw.githubusercontent.com/buffertse/airline-data/main/data/airline-links.csv
aero-charter-ukraine,Aero-Charter Ukraine,DW,Ukraine,Scheduled,,,,,,,,,,,,,,yes,no,,
aero-mongolia,Aero Mongolia,M0,Mongolia,Scheduled,,,,https://aeromongolia.mn,,,,,,,,,"Missing fields filled from buffertse/airline-data, which records official airline domains and deep links sourced from airline websites.",yes,no,aero-mongolia-1025,https://raw.githubusercontent.com/buffertse/airline-data/main/data/airlines.csv; https://raw.githubusercontent.com/buffertse/airline-data/main/data/airline-links.csv
aero-tropics-air-services,Aero-Tropics Air Services,HC,Australia,Scheduled,,,,https://flyairsenegal.com,,,,,,,https://flyairsenegal.com/en/legal-notice/conditions-of-carriage/,,conditions_of_carriage_url prefilled from Duffel refs; please verify.,yes,no,,
aeroflot,Aeroflot,SU,Russia,Scheduled,,,,https://www.aeroflot.ru,,,,,,,https://www.aeroflot.ru/gb-en/information/legal/contract,,conditions_of_carriage_url prefilled from Duffel refs; please verify.,yes,no,aeroflot-1846,
aeromar,Aeromar,VW,Mexico,Scheduled,,,,,,,,,,,,,,yes,no,,
aeromexico,Aeroméxico,AM,Mexico,Scheduled,,,,https://aeromexico.com,,https://www.aeromexico.com/en-us/travel-information/baggage,https://www.aeromexico.com/en/travel-with-aeromexico/baggage/carry-on-bags,https://www.aeromexico.com/en/travel-with-aeromexico/baggage/excess-baggage-charges/index.html,,,https://aeromexico.com/en-us/legal-information,,"conditions_of_carriage_url prefilled from Duffel refs; please verify.; Missing fields filled from buffertse/airline-data, which records official airline domains and deep links sourced from airline websites.",yes,no,aerom-xico-1032,https://raw.githubusercontent.com/buffertse/airline-data/main/data/airlines.csv; https://raw.githubusercontent.com/buffertse/airline-data/main/data/airline-links.csv
african-express-airways,African Express Airways,XU,Kenya,Scheduled,,,,https://africanexpress.net,,,,,,,,,"Missing fields filled from buffertse/airline-data, which records official airline domains and deep links sourced from airline websites.",yes,no,african-express-airways-1038,https://raw.githubusercontent.com/buffertse/airline-data/main/data/airlines.csv; https://raw.githubusercontent.com/buffertse/airline-data/main/data/airline-links.csv
ahk-air-hong-kong-limited,AHK Air Hong Kong Limited,LD,Hong Kong,Scheduled,,,,https://airhongkong.com.hk,https://www.airhongkong.com.hk/contactus,,,,,,,,"Missing fields filled from buffertse/airline-data, which records official airline domains and deep links sourced from airline websites.",yes,no,air-hong-kong-1144,https://raw.githubusercontent.com/buffertse/airline-data/main/data/airlines.csv; https://raw.githubusercontent.com/buffertse/airline-data/main/data/airline-links.csv
aigle-azur,Aigle Azur,ZI,France,Scheduled,,,,,,,,,,,,,,yes,no,,
air-albania,Air Albania,ZB,Reunion,Scheduled,,,,https://airalbania.com.al,https://www.airalbania.com.al/contact,https://www.airalbania.com.al/luggage,https://www.airalbania.com.al/luggage,https://www.airalbania.com.al/luggage,,,https://www.airalbania.com.al/conditions-of-carriage,,"Missing fields filled from buffertse/airline-data, which records official airline domains and deep links sourced from airline websites.",yes,no,air-albania-1388,https://raw.githubusercontent.com/buffertse/airline-data/main/data/airlines.csv; https://raw.githubusercontent.com/buffertse/airline-data/main/data/airline-links.csv; https://raw.githubusercontent.com/buffertse/airline-data/main/derived/baggage-summary.csv
air-alsie,Air Alsie,6I,Denmark,Scheduled,,,,https://alsieexpress.dk,https://www.alsie.com/contact-us,,,,,,,,"Missing fields filled from buffertse/airline-data, which records official airline domains and deep links sourced from airline websites.",yes,no,air-alsie-1007,https://raw.githubusercontent.com/buffertse/airline-data/main/data/airlines.csv; https://raw.githubusercontent.com/buffertse/airline-data/main/data/airline-links.csv
air-arabia,Air Arabia,G9,United Arab Emirates,Low-cost,,,,https://airarabia.com,https://www.airarabia.com/ar-ae/help/frequently-asked-questions/faq-source/special-assistance/baby-stroller,https://www.airarabia.com/en/faqs/checked-baggage,https://www.airarabia.com/ar/checked-and-hand-baggages,https://www.airarabia.com/en/faqs/checked-baggage,,,https://www.airarabia.com/en/about-us/conditions-of-carriage,,"Missing fields filled from buffertse/airline-data, which records official airline domains and deep links sourced from airline websites.",yes,no,air-arabia-1124,https://raw.githubusercontent.com/buffertse/airline-data/main/data/airlines.csv; https://raw.githubusercontent.com/buffertse/airline-data/main/data/airline-links.csv
air-arabia-egypt,Air Arabia Egypt,E5,Egypt,Low-cost,,,,https://airarabia.com,,https://www.airarabia.com/ar/help/baggage-enquiries/checked-baggage_baggage-enquiries,https://www.airarabia.com/ar/checked-and-hand-baggages,https://www.airarabia.com/ar/help/baggage-enquiries/checked-baggage_baggage-enquiries,,,https://www.airarabia.com/en/about-us/conditions-of-carriage,,"Missing fields filled from buffertse/airline-data, which records official airline domains and deep links sourced from airline websites.",yes,no,air-arabia-egypt-1123,https://raw.githubusercontent.com/buffertse/airline-data/main/data/airlines.csv; https://raw.githubusercontent.com/buffertse/airline-data/main/data/airline-links.csv
air-arabia-maroc,Air Arabia Maroc,3O,Morocco,Low-cost,,,,,,,,,,,,,,yes,no,,
air-astana,Air Astana,KC,Kazakhstan,Scheduled,,,,https://airastana.com,https://help.airastana.com/hc/en-gb,https://airastana.com/global-en/information/checked-baggage,https://airastana.com/ind-en/information/carry-on-baggage,https://airastana.com/global-en/information/checked-baggage,,,,,"Missing fields filled from buffertse/airline-data, which records official airline domains and deep links sourced from airline websites.",yes,no,air-astana-1127,https://raw.githubusercontent.com/buffertse/airline-data/main/data/airlines.csv; https://raw.githubusercontent.com/buffertse/airline-data/main/data/airline-links.csv
air-austral,Air Austral,UU,France,Scheduled,,,,https://www.air-austral.com,https://www.air-austral.com/en/help.html,https://www.air-austral.com/en/prepare-your-flight/your-baggage/checked-baggage.html,https://www.air-austral.com/en/prepare-your-flight/your-baggage/carry-on-baggage.html,https://www.air-austral.com/en/prepare-your-flight/your-baggage/checked-baggage.html,,,https://www.air-austral.com/en/general-conditions-of-carriage.html,,"conditions_of_carriage_url prefilled from Duffel refs; please verify.; Missing fields filled from buffertse/airline-data, which records official airline domains and deep links sourced from airline websites.",yes,no,air-austral-1128,https://raw.githubusercontent.com/buffertse/airline-data/main/data/airlines.csv; https://raw.githubusercontent.com/buffertse/airline-data/main/data/airline-links.csv
air-botswana,Air Botswana,BP,Botswana,Scheduled,,,,https://www.airbotswana.co.bw,https://www.airbotswana.co.bw/contact-us,https://www.airbotswana.co.bw/please-inspect-your-baggage-immediately-after-claiming-it-your-destination,https://www.airbotswana.co.bw/please-inspect-your-baggage-immediately-after-claiming-it-your-destination,https://www.airbotswana.co.bw/please-inspect-your-baggage-immediately-after-claiming-it-your-destination,,,https://www.airbotswana.co.bw/general-conditions-carriage,,"conditions_of_carriage_url prefilled from Duffel refs; please verify.; Missing fields filled from buffertse/airline-data, which records official airline domains and deep links sourced from airline websites.",yes,no,air-botswana-1129,https://raw.githubusercontent.com/buffertse/airline-data/main/data/airlines.csv; https://raw.githubusercontent.com/buffertse/airline-data/main/data/airline-links.csv
air-burkina,Air Burkina,2J,Burkina Faso,Scheduled,,,,https://air-burkina.com,,https://air-burkina.com/en/plan-a-trip/luggage/checked-baggage,https://air-burkina.com/preparer-son-voyage/bagages/franchise-bagages,https://air-burkina.com/en/plan-a-trip/luggage/checked-baggage,,,"https://air-burkina.com/en/general-conditions-of-carriage#:~:text=The%20passenger%20is%20required%20to,departure%20formalities%20to%20be%20completed.",,"conditions_of_carriage_url prefilled from Duffel refs; please verify.; Missing fields filled from buffertse/airline-data, which records official airline domains and deep links sourced from airline websites.",yes,no,air-burkina-1131,https://raw.githubusercontent.com/buffertse/airline-data/main/data/airlines.csv; https://raw.githubusercontent.com/buffertse/airline-data/main/data/airline-links.csv; https://raw.githubusercontent.com/buffertse/airline-data/main/derived/baggage-summary.csv
air-busan,Air Busan,BX,South Korea,Low-cost,,,,,,,,,,,,,,yes,no,,
air-cambodia,Air Cambodia,K6,Cambodia,Scheduled,,,,https://www.cambodiaangkorair.com,,,,,,,https://www.cambodiaangkorair.com/post-category/34/terms-and-conditions,,conditions_of_carriage_url prefilled from Duffel refs; please verify.,yes,no,air-cambodia-1010,
air-cargo-carriers-llc,"Air Cargo Carriers, LLC.",2Q,United States,Scheduled,,,,https://aircar.com,,,,,,,,,"Missing fields filled from buffertse/airline-data, which records official airline domains and deep links sourced from airline websites.",yes,no,air-cargo-carriers-686,https://raw.githubusercontent.com/buffertse/airline-data/main/data/airlines.csv; https://raw.githubusercontent.com/buffertse/airline-data/main/data/airline-links.csv
air-changan,Air Changan,9H,China,Scheduled,,,,https://airchangan.com,,https://www.airchangan.com/acEntry/baggage,https://www.airchangan.com/acEntry/baggage,https://www.airchangan.com/acEntry/baggage,,,,,"Missing fields filled from buffertse/airline-data, which records official airline domains and deep links sourced from airline websites.",yes,no,air-changan-60,https://raw.githubusercontent.com/buffertse/airline-data/main/data/airlines.csv; https://raw.githubusercontent.com/buffertse/airline-data/main/data/airline-links.csv
air-corsica,Air Corsica,XK,France,Scheduled,,,,https://www.aircorsica.com,,https://www.aircorsica.com/flights/cabin-hold-baggage.html,https://www.aircorsica.com/flights/cabin-hold-baggage.html,https://www.aircorsica.com/flights/cabin-hold-baggage.html,,,https://www.aircorsica.com/flights/conditions-carriage-passengers.html,,"conditions_of_carriage_url prefilled from Duffel refs; please verify.; Missing fields filled from buffertse/airline-data, which records official airline domains and deep links sourced from airline websites.",yes,no,air-corsica-1137,https://raw.githubusercontent.com/buffertse/airline-data/main/data/airlines.csv; https://raw.githubusercontent.com/buffertse/airline-data/main/data/airline-links.csv
air-cote-divoire,Air Cote D'Ivoire,HF,Côte d'Ivoire (Ivory Coast),Scheduled,,,,https://aircotedivoire.com,,https://www.aircotedivoire.com/informations/bagages,https://www.aircotedivoire.com/informations/bagages,https://www.aircotedivoire.com/informations/bagages,,,https://www.aircotedivoire.com/en/flight-booking/terms-and-conditions-of-carriage,,"Missing fields filled from buffertse/airline-data, which records official airline domains and deep links sourced from airline websites.",yes,no,air-c-te-d-ivoire-1046,https://raw.githubusercontent.com/buffertse/airline-data/main/data/airlines.csv; https://raw.githubusercontent.com/buffertse/airline-data/main/data/airline-links.csv
air-dilijans,Air Dilijans,RM,Armenia,Scheduled,,,,https://armeniafly.com,,https://airdilijans.com/non-standard-baggage,https://airdilijans.com/non-standard-baggage,https://airdilijans.com/non-standard-baggage,,,https://armeniafly.com/conditions-of-carriage-en,,"conditions_of_carriage_url prefilled from Duffel refs; please verify.; Missing fields filled from buffertse/airline-data, which records official airline domains and deep links sourced from airline websites.",yes,no,air-dilijans-807,https://raw.githubusercontent.com/buffertse/airline-data/main/data/airlines.csv; https://raw.githubusercontent.com/buffertse/airline-data/main/data/airline-links.csv
air-djibouti,Air Djibouti,DJ,Djibouti,Scheduled,,,,https://air-djibouti.com,https://air-djibouti.com/contact.php,,,,,,,,"Missing fields filled from buffertse/airline-data, which records official airline domains and deep links sourced from airline websites.",yes,no,air-djibouti-1502,https://raw.githubusercontent.com/buffertse/airline-data/main/data/airlines.csv; https://raw.githubusercontent.com/buffertse/airline-data/main/data/airline-links.csv
air-europa,Air Europa,UX,Spain,Scheduled,,,,https://www.aireuropa.com,,https://www.aireuropa.com/de/en/aea/travel-information/baggage/checked-baggage,https://www.aireuropa.com/de/en/aea/travel-information/baggage/carry-on-luggage,https://www.aireuropa.com/de/en/aea/travel-information/baggage/checked-baggage,,,https://www.aireuropa.com/uk/en/aea/travel-information/terms-and-conditions/conditions-of-carriage.html,,"conditions_of_carriage_url prefilled from Duffel refs; please verify.; Missing fields filled from buffertse/airline-data, which records official airline domains and deep links sourced from airline websites.",yes,no,air-europa-980,https://raw.githubusercontent.com/buffertse/airline-data/main/data/airlines.csv; https://raw.githubusercontent.com/buffertse/airline-data/main/data/airline-links.csv
air-greenland,Air Greenland,GL,Greenland,Scheduled,,,,https://as-agl-web-prod.azurewebsites.net,,https://agent.airgreenland.com/hc/en-us/articles/115005305567-Baggage,https://agent.airgreenland.com/hc/en-us/articles/115005305567-Baggage,https://agent.airgreenland.com/hc/en-us/articles/115005305567-Baggage,,,https://as-agl-web-prod.azurewebsites.net/media/5hkdqc4p/provisions-of-carriage-air-greenland.pdf,,"conditions_of_carriage_url prefilled from Duffel refs; please verify.; Missing fields filled from buffertse/airline-data, which records official airline domains and deep links sourced from airline websites.",yes,no,air-greenland-1142,https://raw.githubusercontent.com/buffertse/airline-data/main/data/airlines.csv; https://raw.githubusercontent.com/buffertse/airline-data/main/data/airline-links.csv; https://raw.githubusercontent.com/buffertse/airline-data/main/derived/baggage-summary.csv
air-iceland-connect,Air Iceland Connect,NY,Iceland,Scheduled,,,,,,,,,,,,,,yes,no,,
air-india-express,Air India Express,IX,India,Low-cost,,,,https://airindiaexpress.in,,,,,,,,,"Missing fields filled from buffertse/airline-data, which records official airline domains and deep links sourced from airline websites.",yes,no,air-india-express-1146,https://raw.githubusercontent.com/buffertse/airline-data/main/data/airlines.csv; https://raw.githubusercontent.com/buffertse/airline-data/main/data/airline-links.csv
air-japan,Air Japan,NQ,Japan,Scheduled,,,,https://www.air-japan.co.jp,,,,,,,https://www.air-japan.co.jp/,,conditions_of_carriage_url prefilled from Duffel refs; please verify.,yes,no,air-japan-230,
air-kiribati,Air Kiribati,IK,Kiribati,Scheduled,,,,,,,,,,,,,,yes,no,,
air-koryo,Air Koryo,JS,North Korea,Scheduled,,,,https://airkoryo.com.kp,,,,,,,,,"Missing fields filled from buffertse/airline-data, which records official airline domains and deep links sourced from airline websites.",yes,no,air-koryo-842,https://raw.githubusercontent.com/buffertse/airline-data/main/data/airlines.csv; https://raw.githubusercontent.com/buffertse/airline-data/main/data/airline-links.csv
air-libya,Air Libya,7I,Libya,Scheduled,,,,,,,,,,,,,,yes,no,,
air-macau,Air Macau,NX,Macao,Scheduled,,,,http://www.airmacau.com.mo,,https://www.airmacau.com.mo/mo/flightRules/luggage,https://www.airmacau.com.mo/mo/flightRules/luggage,https://www.airmacau.com.mo/mo/flightRules/luggage,,,http://www.airmacau.com.mo/,,"conditions_of_carriage_url prefilled from Duffel refs; please verify.; Missing fields filled from buffertse/airline-data, which records official airline domains and deep links sourced from airline websites.",yes,no,air-macau-1152,https://raw.githubusercontent.com/buffertse/airline-data/main/data/airlines.csv; https://raw.githubusercontent.com/buffertse/airline-data/main/data/airline-links.csv
air-madagascar,Air Madagascar,MD,Madagascar,Scheduled,,,,https://madagascarairlines.com,,https://madagascarairlines.com/en/plan-your-trip/baggage.html,https://madagascarairlines.com/en/plan-your-trip/baggage.html,https://madagascarairlines.com/en/plan-your-trip/baggage.html,,,https://madagascarairlines.com/en/informations/general-conditions-of-sale-and-carriage.html,,"conditions_of_carriage_url prefilled from Duffel refs; please verify.; Missing fields filled from buffertse/airline-data, which records official airline domains and deep links sourced from airline websites.",yes,no,air-madagascar-830,https://raw.githubusercontent.com/buffertse/airline-data/main/data/airlines.csv; https://raw.githubusercontent.com/buffertse/airline-data/main/data/airline-links.csv
air-mauritius,Air Mauritius,MK,Mauritius,Scheduled,,,,https://www.airmauritius.com,https://www.airmauritius.com/en/help/faq/special-assistance,https://www.airmauritius.com/en/before-you-fly/baggage/checked-baggage,https://www.airmauritius.com/en/before-you-fly/baggage/carry-on-baggage,https://www.airmauritius.com/en/before-you-fly/baggage/checked-baggage,,,https://www.airmauritius.com/conditions-of-carriage,,"conditions_of_carriage_url prefilled from Duffel refs; please verify.; Missing fields filled from buffertse/airline-data, which records official airline domains and deep links sourced from airline websites.",yes,no,air-mauritius-1156,https://raw.githubusercontent.com/buffertse/airline-data/main/data/airlines.csv; https://raw.githubusercontent.com/buffertse/airline-data/main/data/airline-links.csv
air-mekong,Air Mekong,P8,Vietnam,Scheduled,,,,,,,,,,,,,,yes,no,,
air-moana,Air Moana,NM,French Polynesia,Scheduled,,,,,,,,,,,,,,yes,no,,
air-moldova,Air Moldova,9U,Moldova,Scheduled,,,,https://www.airmoldova.md,,,,,,,https://www.airmoldova.md/terms-of-carriage-en/,,conditions_of_carriage_url prefilled from Duffel refs; please verify.,yes,no,,
air-namibia,Air Namibia,SW,Namibia,Scheduled,,,,,,,,,,,,,,yes,no,,
air-niamey,Air Niamey,A7,Niger,Low-cost,,,,,,,,,,,,,,yes,no,,
air-niugini,Air Niugini,PX,Papua New Guinea,Scheduled,,,,https://www.airniugini.com.pg,https://www.airniugini.com.pg/help/frequently-asked-questions,https://www.airniugini.com.pg/travel-information/baggage,https://www.airniugini.com.pg/en-sg/travel-information/baggage/excess-baggage,https://www.airniugini.com.pg/travel-information/baggage,,,https://www.airniugini.com.pg/conditions-of-carriage/,,"conditions_of_carriage_url prefilled from Duffel refs; please verify.; Missing fields filled from buffertse/airline-data, which records official airline domains and deep links sourced from airline websites.",yes,no,air-niugini-1158,https://raw.githubusercontent.com/buffertse/airline-data/main/data/airlines.csv; https://raw.githubusercontent.com/buffertse/airline-data/main/data/airline-links.csv; https://raw.githubusercontent.com/buffertse/airline-data/main/derived/baggage-summary.csv
air-north,Air North,4N,Canada,Scheduled,,,,https://www.flyairnorth.com,,https://flyairnorth.com/baggage-carry-on/musical-instruments,https://flyairnorth.com/baggage-carry-on,https://flyairnorth.com/baggage-carry-on/musical-instruments,,,https://www.flyairnorth.com/support,,"conditions_of_carriage_url prefilled from Duffel refs; please verify.; Missing fields filled from buffertse/airline-data, which records official airline domains and deep links sourced from airline websites.",yes,no,air-north-1157,https://raw.githubusercontent.com/buffertse/airline-data/main/data/airlines.csv; https://raw.githubusercontent.com/buffertse/airline-data/main/data/airline-links.csv; https://raw.githubusercontent.com/buffertse/airline-data/main/derived/baggage-summary.csv
air-nostrum,Air Nostrum,YW,Spain,Scheduled,,,,https://airnostrum.es,,,,,,,,,"Missing fields filled from buffertse/airline-data, which records official airline domains and deep links sourced from airline websites.",yes,no,air-nostrum-1159,https://raw.githubusercontent.com/buffertse/airline-data/main/data/airlines.csv; https://raw.githubusercontent.com/buffertse/airline-data/main/data/airline-links.csv
air-rarotonga,Air Rarotonga,GZ,Cook Islands,Scheduled,,,,https://airraro.com,,https://airraro.com/passenger-baggage,https://airraro.com/passenger-baggage,https://airraro.com/passenger-baggage,,,,,"Missing fields filled from buffertse/airline-data, which records official airline domains and deep links sourced from airline websites.",yes,no,air-rarotonga-1162,https://raw.githubusercontent.com/buffertse/airline-data/main/data/airlines.csv; https://raw.githubusercontent.com/buffertse/airline-data/main/data/airline-links.csv
air-saint-pierre,Air Saint Pierre,PJ,France,Scheduled,,,,https://airsaintpierre.com,,https://airsaintpierre.com/travel-informations/luggage,https://airsaintpierre.com/travel-informations/luggage,https://airsaintpierre.com/travel-informations/luggage,,,https://airsaintpierre.com/general-conditions-of-carriage,,"Missing fields filled from buffertse/airline-data, which records official airline domains and deep links sourced from airline websites.",yes,no,air-saint-pierre-1163,https://raw.githubusercontent.com/buffertse/airline-data/main/data/airlines.csv; https://raw.githubusercontent.com/buffertse/airline-data/main/data/airline-links.csv; https://raw.githubusercontent.com/buffertse/airline-data/main/derived/baggage-summary.csv
air-serbia,Air Serbia,JU,Serbia,Scheduled,,,,https://www.airserbia.com,,,,,,,https://www.airserbia.com/en/footer_copy_menu/legal/general-conditions-of-carriage,,conditions_of_carriage_url prefilled from Duffel refs; please verify.,yes,no,,
air-seychelles,Air Seychelles,HM,Seychelles,Scheduled,,,,https://www.airseychelles.com,,,,,,,https://www.airseychelles.com/en/conditions-of-carriage,,conditions_of_carriage_url prefilled from Duffel refs; please verify.,yes,no,,
air-tahiti,Air Tahiti,VT,French Polynesia,Scheduled,,,,https://www.airtahitinui.com,,,,,,,https://www.airtahitinui.com/uk-en/conditions-carriage,,conditions_of_carriage_url prefilled from Duffel refs; please verify.,yes,no,,
air-tahiti-nui,Air Tahiti Nui,TN,France,Scheduled,,,,https://www.airtahitinui.com,,https://au.airtahitinui.com/excess-baggage,https://us.airtahitinui.com/baggage-allowances,https://au.airtahitinui.com/excess-baggage,,,https://www.airtahitinui.com/uk-en/conditions-carriage,,"conditions_of_carriage_url prefilled from Duffel refs; please verify.; Missing fields filled from buffertse/airline-data, which records official airline domains and deep links sourced from airline websites.",yes,no,air-tahiti-nui-987,https://raw.githubusercontent.com/buffertse/airline-data/main/data/airlines.csv; https://raw.githubusercontent.com/buffertse/airline-data/main/data/airline-links.csv; https://raw.githubusercontent.com/buffertse/airline-data/main/derived/baggage-summary.csv
air-tanzania,Air Tanzania,TC,Tanzania,Scheduled,,,,https://www.airtanzania.co.tz,,https://airtanzania.co.tz/baggage,https://airtanzania.co.tz/baggage,https://airtanzania.co.tz/baggage,,,https://www.airtanzania.co.tz/,,"conditions_of_carriage_url prefilled from Duffel refs; please verify.; Missing fields filled from buffertse/airline-data, which records official airline domains and deep links sourced from airline websites.",yes,no,air-tanzania-corporation-427,https://raw.githubusercontent.com/buffertse/airline-data/main/data/airlines.csv; https://raw.githubusercontent.com/buffertse/airline-data/main/data/airline-links.csv
air-thanlwin,Air Thanlwin,ST,Myanmar,Scheduled,,,,,,,,,,,,,,yes,no,,
air-tindi,Air Tindi,8T,Canada,Scheduled,,,,https://airtindi.com,,https://airtindi.com/travel-information/baggage,https://airtindi.com/travel-information/carry-on,https://airtindi.com/travel-information/baggage,,,,,"Missing fields filled from buffertse/airline-data, which records official airline domains and deep links sourced from airline websites.",yes,no,air-tindi-1167,https://raw.githubusercontent.com/buffertse/airline-data/main/data/airlines.csv; https://raw.githubusercontent.com/buffertse/airline-data/main/data/airline-links.csv
air-transat,Air Transat,TS,Canada,Scheduled,,,,https://www.airtransat.com,,https://www.airtransat.com/en-CA/Travel-information/Baggage,https://www.airtransat.com/en-CA/Travel-information/Baggage,https://www.airtransat.com/de-DE/baggage-and-optional-services-fees,,,https://www.airtransat.com/en-GB/legal-notice-uk/general-terms-and-conditions,,"conditions_of_carriage_url prefilled from Duffel refs; please verify.; Missing fields filled from buffertse/airline-data, which records official airline domains and deep links sourced from airline websites.",yes,no,air-transat-1169,https://raw.githubusercontent.com/buffertse/airline-data/main/data/airlines.csv; https://raw.githubusercontent.com/buffertse/airline-data/main/data/airline-links.csv
air-transport-international-llc,Air Transport International L.L.C.,8C,United States,Scheduled,,,,https://airtransport.cc,,,,,,,,,"Missing fields filled from buffertse/airline-data, which records official airline domains and deep links sourced from airline websites.",yes,no,air-transport-international-1168,https://raw.githubusercontent.com/buffertse/airline-data/main/data/airlines.csv; https://raw.githubusercontent.com/buffertse/airline-data/main/data/airline-links.csv
air-vanuatu,Air Vanuatu,NF,Vanuatu,Scheduled,,,,https://www.airvanuatu.com,,https://staging.airvanuatu.com/travel-info/baggage,https://staging.airvanuatu.com/travel-info/baggage,https://staging.airvanuatu.com/travel-info/baggage,,https://staging.airvanuatu.com/plan-and-book/online-check-in,https://www.airvanuatu.com/travel-info/conditions-of-carriage,,"conditions_of_carriage_url prefilled from Duffel refs; please verify.; Missing fields filled from buffertse/airline-data, which records official airline domains and deep links sourced from airline websites.",yes,no,air-vanuatu-1170,https://raw.githubusercontent.com/buffertse/airline-data/main/data/airlines.csv; https://raw.githubusercontent.com/buffertse/airline-data/main/data/airline-links.csv
air-zimbabwe,Air Zimbabwe,UM,Zimbabwe,Scheduled,,,,https://airzimbabwe.aero,https://www.airzimbabwe.aero/call-centre-customer-service,https://www.airzimbabwe.aero/baggage,https://www.airzimbabwe.aero/baggage,https://www.airzimbabwe.aero/baggage,,,,,"Missing fields filled from buffertse/airline-data, which records official airline domains and deep links sourced from airline websites.",yes,no,air-zimbabwe-1173,https://raw.githubusercontent.com/buffertse/airline-data/main/data/airlines.csv; https://raw.githubusercontent.com/buffertse/airline-data/main/data/airline-links.csv; https://raw.githubusercontent.com/buffertse/airline-data/main/derived/baggage-summary.csv
airbaltic,airBaltic,BT,Latvia,Low-cost,,,,https://www.airbaltic.com,,,,,,,https://www.airbaltic.com/en-GB/general-conditions-of-carriage,,conditions_of_carriage_url prefilled from Duffel refs; please verify.,yes,yes,,
airblue,airblue,PA,Pakistan,Low-cost,,,,https://www.airblue.com,,https://www.airblue.com/services/extra-baggage,https://www.airblue.com/services/extra-baggage,https://www.airblue.com/services/extra-baggage,,,https://www.airblue.com/corp/terms,,"conditions_of_carriage_url prefilled from Duffel refs; please verify.; Missing fields filled from buffertse/airline-data, which records official airline domains and deep links sourced from airline websites.",yes,no,airblue-957,https://raw.githubusercontent.com/buffertse/airline-data/main/data/airlines.csv; https://raw.githubusercontent.com/buffertse/airline-data/main/data/airline-links.csv
airbridgecargo,AirBridgeCargo,RU,Russia,Scheduled,,,,https://airbridgecargo.com,,,,,,,https://www.airbridgecargo.com/page/47/en/page/95/conditions-of-carriage,,"Missing fields filled from buffertse/airline-data, which records official airline domains and deep links sourced from airline websites.",yes,no,airbridgecargo-airlines-1118,https://raw.githubusercontent.com/buffertse/airline-data/main/data/airlines.csv; https://raw.githubusercontent.com/buffertse/airline-data/main/data/airline-links.csv
aircalin,Aircalin,SB,New Caledonia,Scheduled,,,,https://aircalin.com,,https://us.aircalin.com/en/baggages/checked-baggages,https://us.aircalin.com/en/baggages/cabin-baggages,https://us.aircalin.com/en/baggages/checked-baggages,,,,,"Missing fields filled from buffertse/airline-data, which records official airline domains and deep links sourced from airline websites.",yes,no,aircalin-1174,https://raw.githubusercontent.com/buffertse/airline-data/main/data/airlines.csv; https://raw.githubusercontent.com/buffertse/airline-data/main/data/airline-links.csv
airkenya,AirKenya,P2,Kenya,Scheduled,,,,https://airkenya.com,https://airkenya.com/contact,https://airkenya.com/baggage-policy,https://airkenya.com/baggage-policy,https://airkenya.com/baggage-policy,,,,,"Missing fields filled from buffertse/airline-data, which records official airline domains and deep links sourced from airline websites.",yes,no,airkenya-express-1177,https://raw.githubusercontent.com/buffertse/airline-data/main/data/airlines.csv; https://raw.githubusercontent.com/buffertse/airline-data/main/data/airline-links.csv
airline-urga,Airline Urga,3N,Ukraine,Scheduled,,,,,,,,,,,,,,yes,no,,
airlink,Airlink,4Z,Austria,Scheduled,,,,https://www.flyairlink.com,,,,,,,https://www.flyairlink.com/en/za/conditions-of-carriage,,conditions_of_carriage_url prefilled from Duffel refs; please verify.,yes,no,airlink-cargo-828,
airnorth,Airnorth,TL,Australia,Scheduled,,,,https://www.airnorth.com.au,,https://www.airnorth.com.au/checked-baggage,https://www.airnorth.com.au/carry-on-baggage,https://www.airnorth.com.au/checked-baggage,,,https://www.airnorth.com.au/plan/fare-information/conditions-of-carriage/,,"conditions_of_carriage_url prefilled from Duffel refs; please verify.; Missing fields filled from buffertse/airline-data, which records official airline domains and deep links sourced from airline websites.",yes,no,airnorth-1179,https://raw.githubusercontent.com/buffertse/airline-data/main/data/airlines.csv; https://raw.githubusercontent.com/buffertse/airline-data/main/data/airline-links.csv
ajet,Ajet,VF,Cyprus,Low-cost,,,,https://ajet.com,https://ajet.com/en/contact,https://ajet.com/en/services/free-baggage-allowance,https://ajet.com/en/services/free-baggage-allowance,https://ajet.com/en/services/free-baggage-allowance,,,,,"Missing fields filled from buffertse/airline-data, which records official airline domains and deep links sourced from airline websites.",yes,no,ajet-1275,https://raw.githubusercontent.com/buffertse/airline-data/main/data/airlines.csv; https://raw.githubusercontent.com/buffertse/airline-data/main/data/airline-links.csv; https://raw.githubusercontent.com/buffertse/airline-data/main/derived/baggage-summary.csv
aklak-air,Aklak Air,6L,Canada,Scheduled,,,,https://info.hac-air.co.jp,https://aklakair.ca/contact-us,https://aklakair.ca/policies/baggage-policy,https://aklakair.ca/policies/baggage-policy,https://aklakair.ca/policies/baggage-policy,,,,,"Missing fields filled from buffertse/airline-data, which records official airline domains and deep links sourced from airline websites.",yes,no,aklak-air-1189,https://raw.githubusercontent.com/buffertse/airline-data/main/data/airlines.csv; https://raw.githubusercontent.com/buffertse/airline-data/main/data/airline-links.csv
all-nippon-airways,All Nippon Airways,NH,Japan,Scheduled,,,,https://www.ana.co.jp,https://www.ana.co.jp/en/jp/guide/reservation/support/domestic/family,https://www.ana.co.jp/en/in/travel-information/baggage-information/checked-baggage,https://www.ana.co.jp/en/us/travel-information/baggage-information/carry-on,https://www.ana.co.jp/en/in/travel-information/baggage-information/checked-baggage,,,https://www.ana.co.jp/en/gb/siteinfo/international/conditions-of-carriage/,,"conditions_of_carriage_url prefilled from Duffel refs; please verify.; Missing fields filled from buffertse/airline-data, which records official airline domains and deep links sourced from airline websites.",yes,no,ana,https://raw.githubusercontent.com/buffertse/airline-data/main/data/airlines.csv; https://raw.githubusercontent.com/buffertse/airline-data/main/data/airline-links.csv
allegiant-air,Allegiant Air,G4,United States,Low-cost,,,,https://www.allegiantair.com,,,,,,,https://www.allegiantair.com/contract-carriage,,conditions_of_carriage_url prefilled from Duffel refs; please verify.,yes,no,,
almasria-universal-airlines,AlMasria Universal Airlines,UJ,Egypt,Scheduled,,,,https://magnicharters.com.mx,https://almasriaairlines.com/contact-us,,,,,,,,"Missing fields filled from buffertse/airline-data, which records official airline domains and deep links sourced from airline websites.",yes,no,almasria-universal-airlines-1511,https://raw.githubusercontent.com/buffertse/airline-data/main/data/airlines.csv; https://raw.githubusercontent.com/buffertse/airline-data/main/data/airline-links.csv
amakusa-airlines,Amakusa Airlines,MZ,Japan,Scheduled,,,,,,,,,,,,,,yes,no,,
amerijet-international-inc,Amerijet International Inc.,M6,United States,Scheduled,,,,https://amerijet.com,https://amerijet.com/help-and-support-center,,,,,,,,"Missing fields filled from buffertse/airline-data, which records official airline domains and deep links sourced from airline websites.",yes,no,amerijet-international-1791,https://raw.githubusercontent.com/buffertse/airline-data/main/data/airlines.csv; https://raw.githubusercontent.com/buffertse/airline-data/main/data/airline-links.csv
ana-wings,ANA Wings,EH,Japan,Scheduled,,,,https://www.ana.co.jp,,,,,,,https://www.ana.co.jp/en/gb/siteinfo/international/conditions-of-carriage/,,conditions_of_carriage_url prefilled from Duffel refs; please verify.,yes,no,ana-wings-937,
ariana-afghan-airlines,Ariana Afghan Airlines,FG,Afghanistan,Scheduled,,,,https://www.flyariana.com,,https://www.flyariana.com/Plan-and-Book/Baggage,https://www.flyariana.com/Plan-and-Book/Baggage,https://www.flyariana.com/Plan-and-Book/Baggage,,,https://www.flyariana.com/FooterLinks/Legal,,"conditions_of_carriage_url prefilled from Duffel refs; please verify.; Missing fields filled from buffertse/airline-data, which records official airline domains and deep links sourced from airline websites.",yes,no,ariana-afghan-airlines-1527,https://raw.githubusercontent.com/buffertse/airline-data/main/data/airlines.csv; https://raw.githubusercontent.com/buffertse/airline-data/main/data/airline-links.csv; https://raw.githubusercontent.com/buffertse/airline-data/main/derived/baggage-summary.csv
arik-air,Arik Air,W3,Nigeria,Scheduled,,,,https://arikair.com,,,,,,,,,"Missing fields filled from buffertse/airline-data, which records official airline domains and deep links sourced from airline websites.",yes,no,arik-air-1531,https://raw.githubusercontent.com/buffertse/airline-data/main/data/airlines.csv; https://raw.githubusercontent.com/buffertse/airline-data/main/data/airline-links.csv
arkia,Arkia,IZ,Israel,Scheduled,,,,https://www.arkia.co.il,,,,,,,https://www.arkia.co.il/content/movil-domestic,,conditions_of_carriage_url prefilled from Duffel refs; please verify.,yes,no,,
aserca-airlines,Aserca Airlines,R7,Venezuela,Scheduled,,,,,,,,,,,,,,yes,no,,
asiana-airlines,Asiana Airlines,OZ,South Korea,Scheduled,,,,https://flyasiana.com,,https://flyasiana.com/C/GB/EN/ready/baggage,https://flyasiana.com/C/GB/EN/ready/baggage,https://flyasiana.com/C/GB/EN/ready/baggage,,,https://flyasiana.com/C/GB/EN/contents/terms-of-transportation-and-notification,,"conditions_of_carriage_url prefilled from Duffel refs; please verify.; Missing fields filled from buffertse/airline-data, which records official airline domains and deep links sourced from airline websites.",yes,no,asiana-airlines-721,https://raw.githubusercontent.com/buffertse/airline-data/main/data/airlines.csv; https://raw.githubusercontent.com/buffertse/airline-data/main/data/airline-links.csv
asl-airlines-france,ASL Airlines France,5O,France,Scheduled,,,,https://www.aslairlines.fr,,https://www.aslairlines.fr/en/travel-information/prepare-your-trip/luggage,https://www.aslairlines.fr/en/travellers-information/prepare-your-trip/your-baggage,https://www.aslairlines.fr/en/travel-information/prepare-your-trip/luggage,,,https://www.aslairlines.fr/wp-content/uploads/2013/04/190219-GAL-CONDITIONS-OF-CARRIAGE-2019-1.pdf,,"conditions_of_carriage_url prefilled from Duffel refs; please verify.; Missing fields filled from buffertse/airline-data, which records official airline domains and deep links sourced from airline websites.",yes,no,asl-airlines-france-370,https://raw.githubusercontent.com/buffertse/airline-data/main/data/airlines.csv; https://raw.githubusercontent.com/buffertse/airline-data/main/data/airline-links.csv; https://raw.githubusercontent.com/buffertse/airline-data/main/derived/baggage-summary.csv
atlantic-airways,Atlantic Airways,RC,Faroe Islands,Low-cost,,,,https://www.atlanticairways.com,,https://www.atlantic.fo/alt-um-ferðina/ferðatreytir/conditions-of-carriage-for-passengers-and-baggage,https://www.atlantic.fo/alt-um-ferðina/ferðatreytir/conditions-of-carriage-for-passengers-and-baggage,https://www.atlantic.fo/alt-um-ferðina/ferðatreytir/conditions-of-carriage-for-passengers-and-baggage,,,https://www.atlanticairways.com/media/1523/iata_conditions-of-contract_en.pdf,,"conditions_of_carriage_url prefilled from Duffel refs; please verify.; Missing fields filled from buffertse/airline-data, which records official airline domains and deep links sourced from airline websites.",yes,no,atlantic-airways-449,https://raw.githubusercontent.com/buffertse/airline-data/main/data/airlines.csv; https://raw.githubusercontent.com/buffertse/airline-data/main/data/airline-links.csv
atlas-air,Atlas Air,5Y,United States,Scheduled,,,,https://islesofscilly-travel.co.uk,,https://www.atlasair.com/page_widgets/text-widget-passenger-services-baggage,https://www.atlasair.com/page_widgets/text-widget-passenger-services-baggage,https://www.atlasair.com/page_widgets/text-widget-passenger-services-baggage,,,https://jumpseat.atlasair.com/aa/ConditionsofCarriage.pdf,,"Missing fields filled from buffertse/airline-data, which records official airline domains and deep links sourced from airline websites.",yes,no,atlas-air-1666,https://raw.githubusercontent.com/buffertse/airline-data/main/data/airlines.csv; https://raw.githubusercontent.com/buffertse/airline-data/main/data/airline-links.csv
atran,Atran,V8,Russia,Scheduled,,,,https://atran.ru,https://www.atran.ru/ru/contacts,,,,,,,,"Missing fields filled from buffertse/airline-data, which records official airline domains and deep links sourced from airline websites.",yes,no,atran-169,https://raw.githubusercontent.com/buffertse/airline-data/main/data/airlines.csv; https://raw.githubusercontent.com/buffertse/airline-data/main/data/airline-links.csv
austrian-airlines,Austrian Airlines,OS,Austria,Scheduled,,,,https://www.austrian.com,,https://www.austrian.com/at/en/baggage,https://www.austrian.com/at/en/baggage,https://www.austrian.com/at/en/baggage,,,https://www.austrian.com/es/en/legal/conditions-of-carriage,,"conditions_of_carriage_url prefilled from Duffel refs; please verify.; Missing fields filled from buffertse/airline-data, which records official airline domains and deep links sourced from airline websites.",yes,no,austrian-airlines-1690,https://raw.githubusercontent.com/buffertse/airline-data/main/data/airlines.csv; https://raw.githubusercontent.com/buffertse/airline-data/main/data/airline-links.csv
avianca,Avianca,AV,Colombia,Scheduled,,,,https://www.avianca.com,,https://ayuda.avianca.com/hc/en-us/sections/13768649925787-Checked-baggage,https://ayuda.avianca.com/hc/en-us/sections/13467208526619-Carry-on-baggage,https://ayuda.avianca.com/hc/en-us/sections/13768649925787-Checked-baggage,,,https://www.avianca.com/uk/en/sobre-nosotros/informacion-legal/contrato-transporte/,,"conditions_of_carriage_url prefilled from Duffel refs; please verify.; Missing fields filled from buffertse/airline-data, which records official airline domains and deep links sourced from airline websites.",yes,no,avianca-953,https://raw.githubusercontent.com/buffertse/airline-data/main/data/airlines.csv; https://raw.githubusercontent.com/buffertse/airline-data/main/data/airline-links.csv
avianca-costa-rica,Avianca Costa Rica,LR,Costa Rica,Scheduled,,,,https://www.avianca.com,https://www.avianca.com/en/about-us/contact-us,https://ayuda.avianca.com/hc/en-us/sections/13768649925787-Checked-baggage,https://ayuda.avianca.com/hc/en-us/sections/13467208526619-Carry-on-baggage,https://ayuda.avianca.com/hc/en-us/sections/13768649925787-Checked-baggage,,https://ayuda.avianca.com/hc/en-us/sections/13499963148955-Check-in,https://www.avianca.com/uk/en/sobre-nosotros/informacion-legal/contrato-transporte/,,"conditions_of_carriage_url prefilled from Duffel refs; please verify.; Missing fields filled from buffertse/airline-data, which records official airline domains and deep links sourced from airline websites.",yes,no,avianca-costa-rica-14,https://raw.githubusercontent.com/buffertse/airline-data/main/data/airlines.csv; https://raw.githubusercontent.com/buffertse/airline-data/main/data/airline-links.csv
avianca-ecuador,Avianca Ecuador,2K,Ecuador,Scheduled,,,,https://avianca.com,https://www.avianca.com/en/about-us/contact-us,https://ayuda.avianca.com/hc/en-us/sections/13768649925787-Checked-baggage,https://ayuda.avianca.com/hc/en-us/sections/13467208526619-Carry-on-baggage,https://ayuda.avianca.com/hc/en-us/sections/13768649925787-Checked-baggage,,,avianca.com/otr/en/about-us/legal-documentation/contract-of-carriage/,,"conditions_of_carriage_url prefilled from Duffel refs; please verify.; Missing fields filled from buffertse/airline-data, which records official airline domains and deep links sourced from airline websites.",yes,no,avianca-ecuador-657,https://raw.githubusercontent.com/buffertse/airline-data/main/data/airlines.csv; https://raw.githubusercontent.com/buffertse/airline-data/main/data/airline-links.csv
aviastar-tu,Aviastar-TU,4B,Russia,Scheduled,,,,https://www.boutiqueair.com,,,,,,,https://www.boutiqueair.com/pages/terms,,conditions_of_carriage_url prefilled from Duffel refs; please verify.,yes,no,aviastar-tu-688,
avion-express-lithuania,Avion Express Lithuania,X9,Lithuania,Scheduled,,,,https://avionexpress.aero,https://avionexpress.aero/contacts,,,,,,,,"Missing fields filled from buffertse/airline-data, which records official airline domains and deep links sourced from airline websites.",yes,no,avion-express-1707,https://raw.githubusercontent.com/buffertse/airline-data/main/data/airlines.csv; https://raw.githubusercontent.com/buffertse/airline-data/main/data/airline-links.csv
avion-express-malta,Avion Express Malta,4X,Malta,Scheduled,,,,https://avionexpressmalta.aero,,,,,,,,,"Missing fields filled from buffertse/airline-data, which records official airline domains and deep links sourced from airline websites.",yes,no,avion-express-malta-264,https://raw.githubusercontent.com/buffertse/airline-data/main/data/airlines.csv; https://raw.githubusercontent.com/buffertse/airline-data/main/data/airline-links.csv
azerbaijan-airlines,Azerbaijan Airlines,J2,Azerbaijan,Scheduled,,,,https://www.azal.az,https://help.azal.az/hc/en-us/articles/36299412204562-How-do-I-know-which-fare-is-best-for-me,https://help.azal.az/hc/en-us/articles/36484496277266-What-items-are-restricted-in-baggage,https://help.azal.az/hc/en-us/articles/36291641558162-Where-can-I-find-hand-baggage-rules,https://help.azal.az/hc/en-us/articles/36484496277266-What-items-are-restricted-in-baggage,,,https://www.azal.az/en/information/rules-and-conditions,,"conditions_of_carriage_url prefilled from Duffel refs; please verify.; Missing fields filled from buffertse/airline-data, which records official airline domains and deep links sourced from airline websites.",yes,no,azerbaijan-airlines-982,https://raw.githubusercontent.com/buffertse/airline-data/main/data/airlines.csv; https://raw.githubusercontent.com/buffertse/airline-data/main/data/airline-links.csv
batik-air,Batik Air,ID,Indonesia,Scheduled,,,,,,,,,,,,,,yes,no,,
bearskin-airlines,Bearskin Airlines,JV,Canada,Scheduled,,,,https://bearskinairlines.com,,,,,,,,,"Missing fields filled from buffertse/airline-data, which records official airline domains and deep links sourced from airline websites.",yes,no,bearskin-airlines-1734,https://raw.githubusercontent.com/buffertse/airline-data/main/data/airlines.csv; https://raw.githubusercontent.com/buffertse/airline-data/main/data/airline-links.csv
beijing-capital-airlines,Beijing Capital Airlines,JD,China,Scheduled,,,,https://intl.jdair.net,,,,,,,https://intl.jdair.net/news/index?id=73&valueMenuaid=75,,conditions_of_carriage_url prefilled from Duffel refs; please verify.,yes,no,,
bemidji-airlines,Bemidji Airlines,CH,United States,Scheduled,,,,,,,,,,,,,,yes,no,,
bering-air,Bering Air,8E,United States,Scheduled,,,,https://beringair.com,,https://www.beringair.com/faqs/nome-excess-baggage-rates,https://www.beringair.com/faqs/nome-excess-baggage-rates,https://www.beringair.com/faqs/nome-excess-baggage-rates,,,,,"Missing fields filled from buffertse/airline-data, which records official airline domains and deep links sourced from airline websites.",yes,no,bering-air-1063,https://raw.githubusercontent.com/buffertse/airline-data/main/data/airlines.csv; https://raw.githubusercontent.com/buffertse/airline-data/main/data/airline-links.csv
berjaya-air,Berjaya Air,J8,Malaysia,Scheduled,,,,https://berjaya-air.com,https://www.berjaya-air.com/contact,,,,,,,,"Missing fields filled from buffertse/airline-data, which records official airline domains and deep links sourced from airline websites.",yes,no,berjaya-air-1736,https://raw.githubusercontent.com/buffertse/airline-data/main/data/airlines.csv; https://raw.githubusercontent.com/buffertse/airline-data/main/data/airline-links.csv
bhutan-airlines,Bhutan Airlines,B3,Bhutan,Scheduled,,,,https://bhutanairlines.bt,,https://www.bhutanairlines.bt/travel-tools/baggage-and-cargo,https://www.bhutanairlines.bt/services/in-flight-services/baggage-baggage,https://www.bhutanairlines.bt/travel-tools/baggage-and-cargo,,,,,"Missing fields filled from buffertse/airline-data, which records official airline domains and deep links sourced from airline websites.",yes,no,bhutan-airlines-800,https://raw.githubusercontent.com/buffertse/airline-data/main/data/airlines.csv; https://raw.githubusercontent.com/buffertse/airline-data/main/data/airline-links.csv; https://raw.githubusercontent.com/buffertse/airline-data/main/derived/baggage-summary.csv
binter-canarias,Binter Canarias,NT,Spain,Scheduled,,,,https://www.bintercanarias.com,,https://www.bintercanarias.com/en/extra-checked-baggage,https://www.bintercanarias.com/es/informacion/equipaje-de-mano,https://www.bintercanarias.com/en/extra-checked-baggage,,,https://www.bintercanarias.com/eng/information/contract-of-carriage,,"conditions_of_carriage_url prefilled from Duffel refs; please verify.; Missing fields filled from buffertse/airline-data, which records official airline domains and deep links sourced from airline websites.",yes,no,binter-canarias-1770,https://raw.githubusercontent.com/buffertse/airline-data/main/data/airlines.csv; https://raw.githubusercontent.com/buffertse/airline-data/main/data/airline-links.csv; https://raw.githubusercontent.com/buffertse/airline-data/main/derived/baggage-summary.csv
blue-air,Blue Air,0B,Romania,Low-cost,,,,,,,,,,,,,,yes,no,,
blue-islands,Blue Islands,SI,United Kingdom,Scheduled,,,,,,,,,,,,,,yes,no,,
blue1,Blue1,KF,Finland,Scheduled,,,,https://www.airbelgium.com,,,,,,,https://www.airbelgium.com/en/legal/general-terms-and-conditions-of-carriage/,,conditions_of_carriage_url prefilled from Duffel refs; please verify.,yes,no,,
boliviana-de-aviacion,Boliviana de Aviación,OB,Bolivia,Scheduled,,,,https://www.boa.bo,,https://www.boa.bo/Contenido/baggage-cc5xiep3,https://www.boa.bo/Contenido/baggage-cc5xiep3,https://www.boa.bo/Contenido/baggage-cc5xiep3,,,https://www.boa.bo/content/docs/contrato_transporte_en.pdf,,"conditions_of_carriage_url prefilled from Duffel refs; please verify.; Missing fields filled from buffertse/airline-data, which records official airline domains and deep links sourced from airline websites.",yes,no,boliviana-de-aviaci-n-1786,https://raw.githubusercontent.com/buffertse/airline-data/main/data/airlines.csv; https://raw.githubusercontent.com/buffertse/airline-data/main/data/airline-links.csv
breeze-airways,Breeze Airways,MX,United States,Low-cost,,,,https://flybreeze.com,https://www.flybreeze.com/support,,,,,,,,"Missing fields filled from buffertse/airline-data, which records official airline domains and deep links sourced from airline websites.",yes,no,breeze-airways-1406,https://raw.githubusercontent.com/buffertse/airline-data/main/data/airlines.csv; https://raw.githubusercontent.com/buffertse/airline-data/main/data/airline-links.csv
brit-air,Brit Air,DB,France,Scheduled,,,,,,,,,,,,,,yes,no,,
brussels-airlines,Brussels Airlines,SN,Belgium,Scheduled,,,,https://www.brusselsairlines.com,,https://www.brusselsairlines.com/ao/en/extra-services/baggage/checked-baggage,https://www.brusselsairlines.com/ao/en/extra-services/baggage/checked-baggage,https://www.brusselsairlines.com/ao/en/extra-services/baggage/checked-baggage,,,https://www.brusselsairlines.com/de/en/legal-notices/terms-and-conditions-conditions-of-carriage,,"conditions_of_carriage_url prefilled from Duffel refs; please verify.; Missing fields filled from buffertse/airline-data, which records official airline domains and deep links sourced from airline websites.",yes,yes,brussels-airlines-462,https://raw.githubusercontent.com/buffertse/airline-data/main/data/airlines.csv; https://raw.githubusercontent.com/buffertse/airline-data/main/data/airline-links.csv
buddha-air,Buddha Air,U4,Nepal,Scheduled,,,,https://buddhaair.com,,https://www.buddhaair.com/detail/baggage,https://www.buddhaair.com/blog/cabin-or-carry-on-luggage-rules-what-you-need-to-know,https://www.buddhaair.com/detail/baggage,,,,,"Missing fields filled from buffertse/airline-data, which records official airline domains and deep links sourced from airline websites.",yes,yes,buddha-air-1618,https://raw.githubusercontent.com/buffertse/airline-data/main/data/airlines.csv; https://raw.githubusercontent.com/buffertse/airline-data/main/data/airline-links.csv
bulgaria-air,Bulgaria Air,FB,Bulgaria,Scheduled,,,,https://www.air.bg,,,,,,,https://www.air.bg/en/customer-support/general-conditions-of-carriage/,,conditions_of_carriage_url prefilled from Duffel refs; please verify.,no,yes,q822130-1737,
buta-airways,Buta Airways,55,Azerbaijan,Low-cost,,,,,,,,,,,,,,no,yes,,
bvi-airways,BVI Airways,XV,British Virgin Islands,Scheduled,,,,,,,,,,,,,,yes,no,,
cabo-verde-airlines,Cabo Verde Airlines,VR,Cape Verde,Scheduled,,,,https://caboverdeairlines.com,https://caboverdeairlines.com/en/need-help/offices.html,https://www.caboverdeairlines.com/informacoes-de-viagem/no-aeroporto/bagagem.html,https://caboverdeairlines.com/en/travel-information/at-the-airport/baggage-info,https://www.caboverdeairlines.com/informacoes-de-viagem/no-aeroporto/bagagem.html,,,https://caboverdeairlines.com/general-terms-and-conditions/,,"conditions_of_carriage_url prefilled from Duffel refs; please verify.; Missing fields filled from buffertse/airline-data, which records official airline domains and deep links sourced from airline websites.",yes,yes,cabo-verde-airlines-1543,https://raw.githubusercontent.com/buffertse/airline-data/main/data/airlines.csv; https://raw.githubusercontent.com/buffertse/airline-data/main/data/airline-links.csv; https://raw.githubusercontent.com/buffertse/airline-data/main/derived/baggage-summary.csv
calm-air,Calm Air,MO,Canada,Scheduled,,,,https://www.calmair.com,,https://www.calmair.com/before-you-fly/baggage,https://www.calmair.com/before-you-fly/baggage/carry-on,https://www.calmair.com/before-you-fly/baggage,,,https://www.calmair.com/before-you-fly/passenger-rights,,"conditions_of_carriage_url prefilled from Duffel refs; please verify.; Missing fields filled from buffertse/airline-data, which records official airline domains and deep links sourced from airline websites.",yes,yes,calm-air-1817,https://raw.githubusercontent.com/buffertse/airline-data/main/data/airlines.csv; https://raw.githubusercontent.com/buffertse/airline-data/main/data/airline-links.csv
canadian-north,Canadian North,5T,Canada,Scheduled,,,,https://canadiannorth.com,https://canadiannorth.com/contact,https://canadiannorth.com/advisory/new-our-checked-baggage-policies-have-changed,https://canadiannorth.com/advisory/new-our-checked-baggage-policies-have-changed,https://canadiannorth.com/advisory/new-our-checked-baggage-policies-have-changed,,,,,"Missing fields filled from buffertse/airline-data, which records official airline domains and deep links sourced from airline websites.",yes,no,canadian-north-18,https://raw.githubusercontent.com/buffertse/airline-data/main/data/airlines.csv; https://raw.githubusercontent.com/buffertse/airline-data/main/data/airline-links.csv
carpatair,Carpatair,V3,Romania,Scheduled,,,,https://carpatair.com,https://www.carpatair.com/contact,https://www.carpatair.com/baggage-rules,https://www.carpatair.com/baggage-rules,https://www.carpatair.com/baggage-rules,,,,,"Missing fields filled from buffertse/airline-data, which records official airline domains and deep links sourced from airline websites.",yes,no,carpatair-1747,https://raw.githubusercontent.com/buffertse/airline-data/main/data/airlines.csv; https://raw.githubusercontent.com/buffertse/airline-data/main/data/airline-links.csv; https://raw.githubusercontent.com/buffertse/airline-data/main/derived/baggage-summary.csv
cayman-airways,Cayman Airways,KX,Cayman Islands,Scheduled,,,,https://www.caymanairways.com,,https://www.caymanairways.com/baggage-policy,https://www.caymanairways.com/baggage-policy,https://www.caymanairways.com/cal-introduces-new-baggage-fee-structure,,,https://www.caymanairways.com/contract-of-carriage,,"conditions_of_carriage_url prefilled from Duffel refs; please verify.; Missing fields filled from buffertse/airline-data, which records official airline domains and deep links sourced from airline websites.",yes,no,cayman-airways-43,https://raw.githubusercontent.com/buffertse/airline-data/main/data/airlines.csv; https://raw.githubusercontent.com/buffertse/airline-data/main/data/airline-links.csv
ceiba-intercontinental,CEIBA Intercontinental,C2,Equatorial Guinea,Scheduled,,,,https://airt.net,,,,,,,,,"Missing fields filled from buffertse/airline-data, which records official airline domains and deep links sourced from airline websites.",yes,no,ceiba-intercontinental-1613,https://raw.githubusercontent.com/buffertse/airline-data/main/data/airlines.csv; https://raw.githubusercontent.com/buffertse/airline-data/main/data/airline-links.csv
cemair,CemAir,5Z,South Africa,Scheduled,,,,https://www.flycemair.co.za,https://www.cemair.co.za/Contact-Us.html,,,,,,https://www.flycemair.co.za/general_r/extras_and_info.php,,"conditions_of_carriage_url prefilled from Duffel refs; please verify.; Missing fields filled from buffertse/airline-data, which records official airline domains and deep links sourced from airline websites.",no,yes,cemair-1065,https://raw.githubusercontent.com/buffertse/airline-data/main/data/airlines.csv; https://raw.githubusercontent.com/buffertse/airline-data/main/data/airline-links.csv
central-mountain-air,Central Mountain Air,9M,Canada,Scheduled,,,,https://flycma.com,https://www.flycma.com/contact-us,,,,,,,,"Missing fields filled from buffertse/airline-data, which records official airline domains and deep links sourced from airline websites.",yes,yes,central-mountain-air-1743,https://raw.githubusercontent.com/buffertse/airline-data/main/data/airlines.csv; https://raw.githubusercontent.com/buffertse/airline-data/main/data/airline-links.csv
chair-airlines,Chair Airlines,GM,Switzerland,Scheduled,,,,,,,,,,,,,,no,yes,,
chautauqua-airlines,Chautauqua Airlines,RP,United States,Scheduled,,,,,,,,,,,,,,yes,no,,
chengdu-airlines,Chengdu Airlines,EU,China,Scheduled,,,,,,,,,,,,,,yes,yes,,
china-cargo-airlines,China Cargo Airlines,CK,China,Scheduled,,,,,,,,,,,,,,yes,no,,
china-express-airlines,China Express Airlines,G5,China,Scheduled,,,,https://chinaexpressair.com,https://www.chinaexpressair.com/help/indexNotice/indexNotice.html,https://www.chinaexpressair.com/b2cweb/luggage,https://www.chinaexpressair.com/b2cweb/luggage,https://www.chinaexpressair.com/b2cweb/luggage,,,,,"Missing fields filled from buffertse/airline-data, which records official airline domains and deep links sourced from airline websites.",yes,yes,china-express-airlines-75,https://raw.githubusercontent.com/buffertse/airline-data/main/data/airlines.csv; https://raw.githubusercontent.com/buffertse/airline-data/main/data/airline-links.csv
china-southern-airlines,China Southern Airlines,CZ,China,Scheduled,,,,https://www.csair.com,,https://extra.csair.com/content/extraLuggage/index.html,https://csair.com/sg/en/tourguide/luggage_service/carryon_luggage,https://extra.csair.com/content/extraLuggage/index.html,,,https://www.csair.com/cn/tourguide/booking/orders/order/gjysztj/,,"conditions_of_carriage_url prefilled from Duffel refs; please verify.; Missing fields filled from buffertse/airline-data, which records official airline domains and deep links sourced from airline websites.",yes,no,china-southern-airlines-927,https://raw.githubusercontent.com/buffertse/airline-data/main/data/airlines.csv; https://raw.githubusercontent.com/buffertse/airline-data/main/data/airline-links.csv
china-united-airlines,China United Airlines,KN,China,Low-cost,,,,,,,,,,,,,,yes,yes,,
chongqing-airlines,Chongqing Airlines,OQ,China,Scheduled,,,,,,,,,,,,,,yes,yes,,
cimber,Cimber,QA,Denmark,Scheduled,,,,,,,,,,,,,,yes,no,,
citilink,Citilink,QG,Indonesia,Low-cost,,,,https://citilink.co.id,,,,,,,,,"Missing fields filled from buffertse/airline-data, which records official airline domains and deep links sourced from airline websites.",yes,yes,citilink-99,https://raw.githubusercontent.com/buffertse/airline-data/main/data/airlines.csv; https://raw.githubusercontent.com/buffertse/airline-data/main/data/airline-links.csv
cm-airlines,CM Airlines,H5,Honduras,Scheduled,,,,https://iflyltd.ru,,https://www.cmairlines.com/equipaje-en,https://www.cmairlines.com/equipaje-en,https://www.cmairlines.com/equipaje-en,,,,,"Missing fields filled from buffertse/airline-data, which records official airline domains and deep links sourced from airline websites.",no,yes,cm-airlines-1305,https://raw.githubusercontent.com/buffertse/airline-data/main/data/airlines.csv; https://raw.githubusercontent.com/buffertse/airline-data/main/data/airline-links.csv; https://raw.githubusercontent.com/buffertse/airline-data/main/derived/baggage-summary.csv
conviasa,Conviasa,V0,Venezuela,Scheduled,,,,https://conviasa.aero,,https://conviasa.aero/en/guiapasajero/equipajefacturado,https://www.conviasa.aero/en/guiapasajero/franquiciadeequipaje,https://conviasa.aero/en/guiapasajero/equipajefacturado,,,,,"Missing fields filled from buffertse/airline-data, which records official airline domains and deep links sourced from airline websites.",yes,no,conviasa-1554,https://raw.githubusercontent.com/buffertse/airline-data/main/data/airlines.csv; https://raw.githubusercontent.com/buffertse/airline-data/main/data/airline-links.csv; https://raw.githubusercontent.com/buffertse/airline-data/main/derived/baggage-summary.csv
copa-airlines,Copa Airlines,CM,Panama,Scheduled,,,,https://www.copaair.com,,,,,,,https://www.copaair.com/en/web/us/contract-of-carriage,,conditions_of_carriage_url prefilled from Duffel refs; please verify.,yes,no,,
corendon-airlines,Corendon Airlines,XC,Turkey,Scheduled,,,,https://corendon-airlines.com,,,,,,,,,"Missing fields filled from buffertse/airline-data, which records official airline domains and deep links sourced from airline websites.",yes,yes,corendon-airlines-1542,https://raw.githubusercontent.com/buffertse/airline-data/main/data/airlines.csv; https://raw.githubusercontent.com/buffertse/airline-data/main/data/airline-links.csv
corendon-airlines-europe,Corendon Airlines Europe,XR,Malta,Scheduled,,,,https://corendonairlines.com,,https://www.corendonairlines.com/baggage-allowance/for-infants,https://www.corendonairlines.com/baggage-allowance/baggage-seat-charges,https://www.corendonairlines.com/baggage-allowance/baggage-seat-charges,,,,,"Missing fields filled from buffertse/airline-data, which records official airline domains and deep links sourced from airline websites.",yes,no,corendon-airlines-europe-1396,https://raw.githubusercontent.com/buffertse/airline-data/main/data/airlines.csv; https://raw.githubusercontent.com/buffertse/airline-data/main/data/airline-links.csv; https://raw.githubusercontent.com/buffertse/airline-data/main/derived/baggage-summary.csv
corsair-international,Corsair International,SS,France,Scheduled,,,,https://www.flycorsair.com,,,,,,,https://www.flycorsair.com/en/legal/general-sale-and-transport-conditions,,conditions_of_carriage_url prefilled from Duffel refs; please verify.,yes,yes,,
croatia-airlines,Croatia Airlines,OU,Croatia,Scheduled,,,,https://www.croatiaairlines.com,,https://www.croatiaairlines.com/Baggage/Checked-baggage,https://www.croatiaairlines.com/Baggage/Hand-baggage,https://www.croatiaairlines.com/resources/documents/excess_baggage_charges.pdf,,,https://www.croatiaairlines.com/Legal-information/General-conditions-of-carriage,,"conditions_of_carriage_url prefilled from Duffel refs; please verify.; Missing fields filled from buffertse/airline-data, which records official airline domains and deep links sourced from airline websites.",yes,no,croatia-airlines-955,https://raw.githubusercontent.com/buffertse/airline-data/main/data/airlines.csv; https://raw.githubusercontent.com/buffertse/airline-data/main/data/airline-links.csv
cronos-airlines,Cronos Airlines,C8,Equatorial Guinea,Scheduled,,,,,,,,,,,,,,yes,no,,
csa-czech-airlines,CSA Czech Airlines,OK,Czech Republic,Scheduled,,,,https://www.csa.cz,,,,,,,https://www.csa.cz/gb-en/travel-information/before-the-flight/conditions-of-carriage/,,conditions_of_carriage_url prefilled from Duffel refs; please verify.,yes,yes,,
cyprus-airways,Cyprus Airways,CY,Cyprus,Scheduled,,,,https://cyprusairways.com,,https://fr.cyprusairways.com/en/baggage,https://fr.cyprusairways.com/en/baggage,https://fr.cyprusairways.com/en/baggage,,,,,"Missing fields filled from buffertse/airline-data, which records official airline domains and deep links sourced from airline websites.",yes,no,cyprus-airways-908,https://raw.githubusercontent.com/buffertse/airline-data/main/data/airlines.csv; https://raw.githubusercontent.com/buffertse/airline-data/main/data/airline-links.csv
daallo-airlines,Daallo Airlines,D3,Djibouti,Scheduled,,,,,,,,,,,,,,yes,yes,,
dana-air,Dana Air,9J,Nigeria,Scheduled,,,,,,,,,,,,,,yes,no,,
danish-air-transport,Danish Air Transport,DX,Denmark,Scheduled,,,,,,,,,,,,,,no,yes,,
delta-air-lines,Delta Air Lines,DL,United States,Scheduled,,,,https://www.delta.com,,https://de.delta.com/baggage/landing.action,https://de.delta.com/cn/de/baggage/carry-on-baggage,https://de.delta.com/cn/de/baggage/checked-baggage/previous-baggage-fees,,,https://www.delta.com/gb/en/legal/contract-of-carriage-igr,,"conditions_of_carriage_url prefilled from Duffel refs; please verify.; Missing fields filled from buffertse/airline-data, which records official airline domains and deep links sourced from airline websites.",yes,no,delta-air-lines-640,https://raw.githubusercontent.com/buffertse/airline-data/main/data/airlines.csv; https://raw.githubusercontent.com/buffertse/airline-data/main/data/airline-links.csv
dhl-air-limited,DHL Air Limited,D0,United Kingdom,Scheduled,,,,https://dhl.com,,https://www.dhl.com/discover/en-us/ship-with-dhl/services/ship-your-luggage-ahead-with-dhl-express,https://www.dhl.com/discover/en-us/ship-with-dhl/services/ship-your-luggage-ahead-with-dhl-express,https://www.dhl.com/discover/en-us/ship-with-dhl/services/ship-your-luggage-ahead-with-dhl-express,,,,,"Missing fields filled from buffertse/airline-data, which records official airline domains and deep links sourced from airline websites.",yes,no,dhl-air-uk-1745,https://raw.githubusercontent.com/buffertse/airline-data/main/data/airlines.csv; https://raw.githubusercontent.com/buffertse/airline-data/main/data/airline-links.csv
dniproavia,Dniproavia,Z6,Ukraine,Scheduled,,,,,,,,,,,,,,yes,yes,,
donavia,Donavia,D9,Russia,Scheduled,,,,,,,,,,,,,,yes,no,,
donghai-airlines,Donghai Airlines,DZ,China,Scheduled,,,,,,,,,,,,,,yes,yes,,
dot-lt,DOT LT,R6,Lithuania,Scheduled,,,,,,,,,,,,,,yes,no,,
eastar-jet,Eastar Jet,ZE,South Korea,Low-cost,,,,https://main.eastarjet.com,,,,,,,https://main.eastarjet.com/pdf/domestic_conditions_of_carriage_en.pdf,,"Missing fields filled from buffertse/airline-data, which records official airline domains and deep links sourced from airline websites.",yes,no,eastar-jet-1287,https://raw.githubusercontent.com/buffertse/airline-data/main/data/airlines.csv; https://raw.githubusercontent.com/buffertse/airline-data/main/data/airline-links.csv
eastern-airways,Eastern Airways,T3,United Kingdom,Low-cost,,,,https://easternairways.com,,,,,,,,,"Missing fields filled from buffertse/airline-data, which records official airline domains and deep links sourced from airline websites.",yes,no,eastern-airways-291,https://raw.githubusercontent.com/buffertse/airline-data/main/data/airlines.csv; https://raw.githubusercontent.com/buffertse/airline-data/main/data/airline-links.csv
edelweiss-air,Edelweiss Air,WK,Switzerland,Scheduled,,,,https://flyedelweiss.com,https://www.flyedelweiss.com/ch/en/customer-service/faq/travel-with-kids.html,https://www.flyedelweiss.com/ch/de/prepare/baggage/free-baggage/checked-baggage.html,https://www.flyedelweiss.com/gb/en/prepare/baggage/free-baggage/hand-baggage.html,https://www.flyedelweiss.com/ch/de/prepare/baggage/free-baggage/checked-baggage.html,,,,,"Missing fields filled from buffertse/airline-data, which records official airline domains and deep links sourced from airline websites.",yes,no,edelweiss-air-1533,https://raw.githubusercontent.com/buffertse/airline-data/main/data/airlines.csv; https://raw.githubusercontent.com/buffertse/airline-data/main/data/airline-links.csv
egyptair,Egyptair,MS,Egypt,Scheduled,,,,https://www.egyptair.com,,,,,,,https://www.egyptair.com/en/Pages/Conditions-of-Carriage.aspx,,conditions_of_carriage_url prefilled from Duffel refs; please verify.,yes,no,egyptair-cargo-312,
ellinair,Ellinair,EL,Greece,Scheduled,,,,,,,,,,,,,,no,yes,,
enter-air,Enter Air,E4,Poland,Scheduled,,,,https://enterair.pl,,,,,,,,,"Missing fields filled from buffertse/airline-data, which records official airline domains and deep links sourced from airline websites.",no,yes,enter-air-337,https://raw.githubusercontent.com/buffertse/airline-data/main/data/airlines.csv; https://raw.githubusercontent.com/buffertse/airline-data/main/data/airline-links.csv
envoy-air,Envoy Air,MQ,United States,Scheduled,,,,https://envoyair.com,https://www.envoyair.com/contact,,,,,,,,"Missing fields filled from buffertse/airline-data, which records official airline domains and deep links sourced from airline websites.",yes,no,envoy-air-1012,https://raw.githubusercontent.com/buffertse/airline-data/main/data/airlines.csv; https://raw.githubusercontent.com/buffertse/airline-data/main/data/airline-links.csv
eritrean-airlines,Eritrean Airlines,B8,Eritrea,Scheduled,,,,,,,,,,,,,,yes,no,,
ernest-airlines,Ernest Airlines,EG,Italy,Low-cost,,,,,,,,,,,,,,no,yes,,
ethiopian-airlines,Ethiopian Airlines,ET,Ethiopia,Scheduled,,,,https://www.ethiopianairlines.com,,https://www.ethiopianairlines.com/ga/en/information/baggage-information/free-baggage-allowance,https://www.ethiopianairlines.com/information/baggage-information/carry-on-baggage,https://www.ethiopianairlines.com/ga/en/information/baggage-information/free-baggage-allowance,,,https://www.ethiopianairlines.com/aa/information/essential-information/conditions-of-carriage,,"conditions_of_carriage_url prefilled from Duffel refs; please verify.; Missing fields filled from buffertse/airline-data, which records official airline domains and deep links sourced from airline websites.",yes,no,ethiopian-airlines-798,https://raw.githubusercontent.com/buffertse/airline-data/main/data/airlines.csv; https://raw.githubusercontent.com/buffertse/airline-data/main/data/airline-links.csv
etihad-airways,Etihad Airways,EY,United Arab Emirates,Scheduled,,,,https://www.etihad.com,,https://www.etihad.com/en/help/faq/baggage,https://www.etihad.com/en/help/faq/baggage,https://www.etihad.com/en/help/faq/baggage,,,https://www.etihad.com/en-gb/legal/conditions-of-carriage,,"conditions_of_carriage_url prefilled from Duffel refs; please verify.; Missing fields filled from buffertse/airline-data, which records official airline domains and deep links sourced from airline websites.",yes,no,etihad-airways-724,https://raw.githubusercontent.com/buffertse/airline-data/main/data/airlines.csv; https://raw.githubusercontent.com/buffertse/airline-data/main/data/airline-links.csv; https://raw.githubusercontent.com/buffertse/airline-data/main/derived/baggage-summary.csv
euroatlantic-airways,EuroAtlantic Airways,YU,Portugal,Scheduled,,,,https://flyeuroatlantic.pt,,,,,,,,,"Missing fields filled from buffertse/airline-data, which records official airline domains and deep links sourced from airline websites.",yes,yes,euroatlantic-airways-1476,https://raw.githubusercontent.com/buffertse/airline-data/main/data/airlines.csv; https://raw.githubusercontent.com/buffertse/airline-data/main/data/airline-links.csv
european-air-charter,European Air Charter,H6,United Kingdom,Scheduled,,,,https://euaircharter.com,https://euaircharter.com/contact,,,,,,,,"Missing fields filled from buffertse/airline-data, which records official airline domains and deep links sourced from airline websites.",yes,no,european-air-charter-2,https://raw.githubusercontent.com/buffertse/airline-data/main/data/airlines.csv; https://raw.githubusercontent.com/buffertse/airline-data/main/data/airline-links.csv
everts-air-cargo,Everts Air Cargo,5V,United States,Scheduled,,,,https://evertsair.com,https://evertsair.com/index.php/contact,,,,,,,,"Missing fields filled from buffertse/airline-data, which records official airline domains and deep links sourced from airline websites.",yes,no,everts-air-377,https://raw.githubusercontent.com/buffertse/airline-data/main/data/airlines.csv; https://raw.githubusercontent.com/buffertse/airline-data/main/data/airline-links.csv
expressjet,ExpressJet,EV,United States,Scheduled,,,,https://expressjet.com,,,,,,,,,"Missing fields filled from buffertse/airline-data, which records official airline domains and deep links sourced from airline websites.",yes,no,expressjet-1843,https://raw.githubusercontent.com/buffertse/airline-data/main/data/airlines.csv; https://raw.githubusercontent.com/buffertse/airline-data/main/data/airline-links.csv
fat-far-eastern-air-transport,FAT Far Eastern Air Transport,FE,Taiwan (Republic of China),Scheduled,,,,,,,,,,,,,,yes,no,,
fedex,FedEx,FX,United States,Scheduled,,,,,,,,,,,,,,yes,no,,
firefly,Firefly,FY,Malaysia,Scheduled,,,,https://fireflyz.com.my,,https://askfy.fireflyz.com.my/s/topic/0TOJ1000000CahUOAS/checked-baggage-allowance,https://askfy.fireflyz.com.my/s/topic/0TOJ1000000CahUOAS/checked-baggage-allowance,https://askfy.fireflyz.com.my/s/topic/0TOJ1000000CahUOAS/checked-baggage-allowance,,https://booking.fireflyz.com.my/WebCheckIn.aspx,https://www.fireflyz.com.my/flights/general-conditions-carriage,,"Missing fields filled from buffertse/airline-data, which records official airline domains and deep links sourced from airline websites.",yes,yes,firefly-401,https://raw.githubusercontent.com/buffertse/airline-data/main/data/airlines.csv; https://raw.githubusercontent.com/buffertse/airline-data/main/data/airline-links.csv
first-air,First Air,7F,Canada,Scheduled,,,,,,,,,,,,,,yes,yes,,
flair-airlines,Flair Airlines,F8,Canada,Low-cost,,,,,,,,,,,,,,no,yes,,
fly-all-ways,Fly All Ways,8W,Suriname,Scheduled,,,,,,,,,,,,,,no,yes,,
fly-baghdad,Fly Baghdad,IF,Iraq,Scheduled,,,,https://flybaghdad.net,,,,,,,,,"Missing fields filled from buffertse/airline-data, which records official airline domains and deep links sourced from airline websites.",no,yes,fly-baghdad-675,https://raw.githubusercontent.com/buffertse/airline-data/main/data/airlines.csv; https://raw.githubusercontent.com/buffertse/airline-data/main/data/airline-links.csv
fly-one,Fly One,5F,Moldova,Low-cost,,,,https://flyone.eu,,,,,,,https://flyone.eu/en/About-FLYONE/General-Rules,,conditions_of_carriage_url prefilled from Duffel refs; please verify.,no,yes,,
flyarystan,FlyArystan,FS,Kazakhstan,Low-cost,,,,,,,,,,,,,,no,yes,,
flybe,Flybe,BE,United Kingdom,Low-cost,,,,,,,,,,,,,,yes,no,,
flybosnia,FlyBosnia,6W,Bosnia and Herzegovina,Scheduled,,,,https://flybosnia.ba,,,,,,,,,"Missing fields filled from buffertse/airline-data, which records official airline domains and deep links sourced from airline websites.",no,yes,flybosnia-1461,https://raw.githubusercontent.com/buffertse/airline-data/main/data/airlines.csv; https://raw.githubusercontent.com/buffertse/airline-data/main/data/airline-links.csv
flyegypt,FlyEgypt,FT,Egypt,Scheduled,,,,,,,,,,,,,,no,yes,,
frontier-airlines,Frontier Airlines,F9,United States,Low-cost,,,,https://www.flyfrontier.com,https://faq.flyfrontier.com/help/bags-and-seats,https://www.flyfrontier.com/baggage,https://www.flyfrontier.com/DEALS/SALES/PROMO-CODE/CARRYON,https://www.flyfrontier.com/baggage,,,https://www.flyfrontier.com/legal/contract-of-carriage,,"conditions_of_carriage_url prefilled from Duffel refs; please verify.; Missing fields filled from buffertse/airline-data, which records official airline domains and deep links sourced from airline websites.",yes,no,frontier-airlines-165,https://raw.githubusercontent.com/buffertse/airline-data/main/data/airlines.csv; https://raw.githubusercontent.com/buffertse/airline-data/main/data/airline-links.csv
fuji-dream-airlines,Fuji Dream Airlines,JH,Japan,Scheduled,,,,https://fujidreamairlines.com,,,,,,,,,"Missing fields filled from buffertse/airline-data, which records official airline domains and deep links sourced from airline websites.",no,yes,fuji-dream-airlines-308,https://raw.githubusercontent.com/buffertse/airline-data/main/data/airlines.csv; https://raw.githubusercontent.com/buffertse/airline-data/main/data/airline-links.csv
fuzhou-airlines,Fuzhou Airlines,FU,China,Scheduled,,,,https://fuzhou-air.cn,https://www.fuzhou-air.cn/micro/main/help/640de5a7b008a77243c6b5d0,,,,,https://www.fuzhou-air.cn/micro/main/checkin,,,"Missing fields filled from buffertse/airline-data, which records official airline domains and deep links sourced from airline websites.",no,yes,fuzhou-airlines-532,https://raw.githubusercontent.com/buffertse/airline-data/main/data/airlines.csv; https://raw.githubusercontent.com/buffertse/airline-data/main/data/airline-links.csv
georgian-airways,Georgian Airways,A9,Georgia,Scheduled,,,,https://www.georgian-airways.com,,https://georgian-airways.com/en/information/baggage,https://dev.georgian-airways.com/en/service/baggage-information,https://georgian-airways.com/en/information/baggage,,https://georgian-airways.com/en/checkin,https://www.georgian-airways.com/en/information/conditions,,"conditions_of_carriage_url prefilled from Duffel refs; please verify.; Missing fields filled from buffertse/airline-data, which records official airline domains and deep links sourced from airline websites.",yes,no,georgian-airways-1796,https://raw.githubusercontent.com/buffertse/airline-data/main/data/airlines.csv; https://raw.githubusercontent.com/buffertse/airline-data/main/data/airline-links.csv; https://raw.githubusercontent.com/buffertse/airline-data/main/derived/baggage-summary.csv
globus-airlines,Globus Airlines,GH,Russia,Scheduled,,,,,,,,,,,,,,yes,no,,
gojet-airlines,GoJet Airlines,G7,United States,Scheduled,,,,https://gojetairlines.com,https://gojetairlines.com/contact-us,,,,,,,,"Missing fields filled from buffertse/airline-data, which records official airline domains and deep links sourced from airline websites.",yes,no,gojet-airlines-llc-460,https://raw.githubusercontent.com/buffertse/airline-data/main/data/airlines.csv; https://raw.githubusercontent.com/buffertse/airline-data/main/data/airline-links.csv
gol-transportes-aereos,Gol Transportes Aéreos,G3,Brazil,Low-cost,,,,https://www.voegol.com.br,,,,,,,https://www.voegol.com.br/en-us/legal-information/passenger-air-transportation-agreement,,conditions_of_carriage_url prefilled from Duffel refs; please verify.,yes,no,,
grand-canyon-scenic-airlines,Grand Canyon Scenic Airlines,YR,United States,Scheduled,,,,https://grandcanyonairlines.com,https://www.grandcanyonairlines.com/contact,,,,,,https://www.grandcanyonairlines.com/contract-of-carriage,,"Missing fields filled from buffertse/airline-data, which records official airline domains and deep links sourced from airline websites.",yes,no,grand-canyon-airlines-874,https://raw.githubusercontent.com/buffertse/airline-data/main/data/airlines.csv; https://raw.githubusercontent.com/buffertse/airline-data/main/data/airline-links.csv
grand-china-air,Grand China Air,CN,China,Scheduled,,,,,,,,,,,,,,yes,yes,,
great-lakes-airlines,Great Lakes Airlines,ZK,United States,Scheduled,,,,,,,,,,,,,,yes,no,,
gulf-air,Gulf Air,GF,Bahrain,Scheduled,,,,https://www.gulfair.com,,https://www.gulfair.com/help/baggage/personal-items,https://www.gulfair.com/help/baggage/personal-items,https://www.gulfair.com/help/baggage/personal-items,,,https://www.gulfair.com/transparency/conditions-of-carriage,,"conditions_of_carriage_url prefilled from Duffel refs; please verify.; Missing fields filled from buffertse/airline-data, which records official airline domains and deep links sourced from airline websites.",yes,no,gulf-air-1260,https://raw.githubusercontent.com/buffertse/airline-data/main/data/airlines.csv; https://raw.githubusercontent.com/buffertse/airline-data/main/data/airline-links.csv
gx-airlines,GX Airlines,GX,China,Scheduled,,,,https://gxairlines.com,,https://www.gxairlines.com/stdair/webckipe/baggagePurchase,https://www.gxairlines.com/stdair/webckipe/baggagePurchase,https://www.gxairlines.com/stdair/webckipe/baggagePurchase,,https://www.gxairlines.com/stdair/webckipe/allChannelCheckIn,,,"Missing fields filled from buffertse/airline-data, which records official airline domains and deep links sourced from airline websites.",no,yes,gx-airlines-694,https://raw.githubusercontent.com/buffertse/airline-data/main/data/airlines.csv; https://raw.githubusercontent.com/buffertse/airline-data/main/data/airline-links.csv
hainan-airlines,Hainan Airlines,HU,China,Scheduled,,,,https://www.hainanairlines.com,,https://www.hainanairlines.com/go/Baggage/Checked_Baggage_before_25JUL.pdf,https://www.hainanairlines.com/go/Baggage/Checked_Baggage_before_25JUL.pdf,https://www.hainanairlines.com/go/Baggage/Checked_Baggage_before_25JUL.pdf,,,https://www.hainanairlines.com/HUPortal/dyn/portal/DisplayPage?LANGUAGE=GB&COUNTRY_SITE=GB&SITE=CBHZCBHZ&PAGE=TECO,,"conditions_of_carriage_url prefilled from Duffel refs; please verify.; Missing fields filled from buffertse/airline-data, which records official airline domains and deep links sourced from airline websites.",yes,yes,hainan-airlines-932,https://raw.githubusercontent.com/buffertse/airline-data/main/data/airlines.csv; https://raw.githubusercontent.com/buffertse/airline-data/main/data/airline-links.csv
halcyonair,Halcyonair,7Z,Cape Verde,Scheduled,,,,,,,,,,,,,,yes,no,,
hawaiian-airlines,Hawaiian Airlines,HA,United States,Scheduled,,,,https://www.hawaiianairlines.com,https://www.hawaiianairlines.com/content/ha/about-us/help-contact,,https://www.hawaiianairlines.com/content/travel-info/baggage/carry-on-luggage,https://www.hawaiianairlines.com/content/travel-info/baggage/baggage-fee-waivers-exceptions,,,https://www.hawaiianairlines.com/legal/international-contract-of-carriage,,"conditions_of_carriage_url prefilled from Duffel refs; please verify.; Missing fields filled from buffertse/airline-data, which records official airline domains and deep links sourced from airline websites.",yes,yes,hawaiian-airlines-1500,https://raw.githubusercontent.com/buffertse/airline-data/main/data/airlines.csv; https://raw.githubusercontent.com/buffertse/airline-data/main/data/airline-links.csv
hawkair,Hawkair,BH,Canada,Scheduled,,,,,,,,,,,,,,yes,no,,
hebei-airlines,Hebei Airlines,NS,China,Scheduled,,,,https://hbhk.com.cn,,,,,,,,,"Missing fields filled from buffertse/airline-data, which records official airline domains and deep links sourced from airline websites.",no,yes,hebei-airlines-81,https://raw.githubusercontent.com/buffertse/airline-data/main/data/airlines.csv; https://raw.githubusercontent.com/buffertse/airline-data/main/data/airline-links.csv
heli-air-monaco,Heli Air Monaco,YO,Monaco,Scheduled,,,,https://heliairmonaco.com,https://www.heliairmonaco.com/en/contact.html,,,,,,,,"Missing fields filled from buffertse/airline-data, which records official airline domains and deep links sourced from airline websites.",yes,no,heli-air-monaco-1644,https://raw.githubusercontent.com/buffertse/airline-data/main/data/airlines.csv; https://raw.githubusercontent.com/buffertse/airline-data/main/data/airline-links.csv
helijet,Helijet,JB,Canada,Scheduled,,,,https://helijet.com,,,,,,,,,"Missing fields filled from buffertse/airline-data, which records official airline domains and deep links sourced from airline websites.",yes,no,helijet-1073,https://raw.githubusercontent.com/buffertse/airline-data/main/data/airlines.csv; https://raw.githubusercontent.com/buffertse/airline-data/main/data/airline-links.csv
helvetic-airways,Helvetic Airways,2L,Switzerland,Scheduled,,,,https://www.helvetic.com,https://www.helvetic.com/en/help,,,,,,https://www.helvetic.com/en/travelinfo,,"conditions_of_carriage_url prefilled from Duffel refs; please verify.; Missing fields filled from buffertse/airline-data, which records official airline domains and deep links sourced from airline websites.",yes,yes,helvetic-airways-454,https://raw.githubusercontent.com/buffertse/airline-data/main/data/airlines.csv; https://raw.githubusercontent.com/buffertse/airline-data/main/data/airline-links.csv
himalaya-airlines,Himalaya Airlines,H9,Nepal,Scheduled,,,,https://www.himalaya-airlines.com,https://www.himalaya-airlines.com/contact/faqs,https://www.himalaya-airlines.com/services/baggage-information/746-checked-baggage,https://www.himalaya-airlines.com/services/baggage-information/747-hand-baggage,https://www.himalaya-airlines.com/services/baggage-information/746-checked-baggage,,https://www.himalaya-airlines.com/services/online-check-in,https://www.himalaya-airlines.com/travel-ha/general-conditions-of-carriage,,"conditions_of_carriage_url prefilled from Duffel refs; please verify.; Missing fields filled from buffertse/airline-data, which records official airline domains and deep links sourced from airline websites.",no,yes,himalaya-airlines-600,https://raw.githubusercontent.com/buffertse/airline-data/main/data/airlines.csv; https://raw.githubusercontent.com/buffertse/airline-data/main/data/airline-links.csv
hong-kong-airlines,Hong Kong Airlines,HX,Hong Kong SAR of China,Scheduled,,,,https://www.hongkongairlines.com,,https://www.hongkongairlines.com/en_HK/hx/Checked+baggage,https://www.hongkongairlines.com/en_CN/fly-with-us/baggage/checkedbaggage,https://www.hongkongairlines.com/en_HK/hx/Checked+baggage,,,https://www.hongkongairlines.com/en_HK/footer/legal-privacy/home,,"conditions_of_carriage_url prefilled from Duffel refs; please verify.; Missing fields filled from buffertse/airline-data, which records official airline domains and deep links sourced from airline websites.",yes,yes,hong-kong-airlines-20,https://raw.githubusercontent.com/buffertse/airline-data/main/data/airlines.csv; https://raw.githubusercontent.com/buffertse/airline-data/main/data/airline-links.csv; https://raw.githubusercontent.com/buffertse/airline-data/main/derived/baggage-summary.csv
hop,HOP!,A5,France,Low-cost,,,,https://hop.fr,https://www.hop.fr/en/contact,,,,,,,,"Missing fields filled from buffertse/airline-data, which records official airline domains and deep links sourced from airline websites.",no,yes,air-france-hop-1047,https://raw.githubusercontent.com/buffertse/airline-data/main/data/airlines.csv; https://raw.githubusercontent.com/buffertse/airline-data/main/data/airline-links.csv
horizon-air,Horizon Air,QX,United States,Scheduled,,,,,,,,,,,,,,yes,no,,
hunnu-air,Hunnu Air,MR,Germany,Scheduled,,,,https://hunnuair.com,https://www.hunnuair.com/en/contacts,,,https://www.hunnuair.com/cn/baggagefee,,,,,"Missing fields filled from buffertse/airline-data, which records official airline domains and deep links sourced from airline websites.",yes,yes,hunnu-air-1792,https://raw.githubusercontent.com/buffertse/airline-data/main/data/airlines.csv; https://raw.githubusercontent.com/buffertse/airline-data/main/data/airline-links.csv
iberia-express,Iberia Express,I2,Spain,Low-cost,,,,https://www.iberiaexpress.com,,https://www.iberiaexpress.com/en/general-info/passenger-information/before-you-go/baggage/checked-baggage,https://www.iberiaexpress.com/en/general-info/passenger-information/before-you-go/baggage/hand-baggage,https://www.iberiaexpress.com/en/general-info/passenger-information/before-you-go/baggage/checked-baggage,,,https://www.iberiaexpress.com/en/general-info/contact/general-terms-and-conditions/general-conditions-of-carriage,,"conditions_of_carriage_url prefilled from Duffel refs; please verify.; Missing fields filled from buffertse/airline-data, which records official airline domains and deep links sourced from airline websites.",yes,no,iberia-express-506,https://raw.githubusercontent.com/buffertse/airline-data/main/data/airlines.csv; https://raw.githubusercontent.com/buffertse/airline-data/main/data/airline-links.csv
ibex-airlines,Ibex Airlines,FW,Japan,Scheduled,,,,,,,,,,,,,,yes,no,,
icelandair,Icelandair,FI,Iceland,Scheduled,,,,https://www.icelandair.com,https://www.icelandair.com/support,https://www.icelandair.com/support/baggage,https://www.icelandair.com/support/baggage,https://www.icelandair.com/support/baggage,,,https://www.icelandair.com/support/terms-and-conditions/conditions-of-carriage/,,"conditions_of_carriage_url prefilled from Duffel refs; please verify.; Missing fields filled from buffertse/airline-data, which records official airline domains and deep links sourced from airline websites.",yes,no,icelandair-738,https://raw.githubusercontent.com/buffertse/airline-data/main/data/airlines.csv; https://raw.githubusercontent.com/buffertse/airline-data/main/data/airline-links.csv
intercaribbean-airways,InterCaribbean Airways,JY,Turks and Caicos Islands,Scheduled,,,,https://intercaribbean.com,,,,,,,,,"Missing fields filled from buffertse/airline-data, which records official airline domains and deep links sourced from airline websites.",yes,no,intercaribbean-airways-1248,https://raw.githubusercontent.com/buffertse/airline-data/main/data/airlines.csv; https://raw.githubusercontent.com/buffertse/airline-data/main/data/airline-links.csv
iraero,IrAero,IO,Russia,Scheduled,,,,https://iraero.ru,,,,,,,,,"Missing fields filled from buffertse/airline-data, which records official airline domains and deep links sourced from airline websites.",yes,yes,iraero-679,https://raw.githubusercontent.com/buffertse/airline-data/main/data/airlines.csv; https://raw.githubusercontent.com/buffertse/airline-data/main/data/airline-links.csv
iraqi-airways,Iraqi Airways,IA,Iraq,Scheduled,,,,https://iraqiairways.com.iq,,,,,,,,,"Missing fields filled from buffertse/airline-data, which records official airline domains and deep links sourced from airline websites.",yes,yes,iraqi-airways-1759,https://raw.githubusercontent.com/buffertse/airline-data/main/data/airlines.csv; https://raw.githubusercontent.com/buffertse/airline-data/main/data/airline-links.csv
island-air,Island Air,WP,Mexico,Scheduled,,,,,,,,,,,,,,no,yes,,
israir-airlines,Israir Airlines,6H,Israel,Scheduled,,,,https://www.israirairlines.com,,https://www.israir.co.il/Info/Baggage_Policy.html,https://www.israir.co.il/Passengers_Info/Baggage_Policy_English.html,https://www.israir.co.il/Info/Baggage_Policy.html,,https://www.israir.co.il/Passengers_Info/Online_Check_In_Policy_English,https://www.israirairlines.com/,,"conditions_of_carriage_url prefilled from Duffel refs; please verify.; Missing fields filled from buffertse/airline-data, which records official airline domains and deep links sourced from airline websites.",yes,yes,israir-airlines-1411,https://raw.githubusercontent.com/buffertse/airline-data/main/data/airlines.csv; https://raw.githubusercontent.com/buffertse/airline-data/main/data/airline-links.csv; https://raw.githubusercontent.com/buffertse/airline-data/main/derived/baggage-summary.csv
izhavia,Izhavia,I8,Russia,Scheduled,,,,,,,,,,,,,,yes,yes,,
jambojet,Jambojet,JM,Kenya,Low-cost,,,,,,,,,,,,,,no,yes,,
japan-air-commuter,Japan Air Commuter,JC,Japan,Scheduled,,,,,,,,,,,,,,yes,no,,
japan-transocean-air,Japan Transocean Air,NU,Japan,Scheduled,,,,https://en.jta-okinawa.com,,,,,,,,,"Missing fields filled from buffertse/airline-data, which records official airline domains and deep links sourced from airline websites.",yes,no,japan-transocean-air-1435,https://raw.githubusercontent.com/buffertse/airline-data/main/data/airlines.csv; https://raw.githubusercontent.com/buffertse/airline-data/main/data/airline-links.csv
jazeera-airways,Jazeera Airways,J9,Kuwait,Low-cost,,,,https://www.jazeeraairways.com,https://www.jazeeraairways.com/en-kw/help/faqs,https://www.jazeeraairways.com/en-ae/plan/baggage-allowance/checked-baggage,https://www.jazeeraairways.com/en/plan/baggage-allowance/cabin-baggage,https://aem.jazeeraairways.com/en/add-ons/baggage-upgrades/extra-baggage-charges,,,https://www.jazeeraairways.com/en-kw/terms-and-conditions,,"conditions_of_carriage_url prefilled from Duffel refs; please verify.; Missing fields filled from buffertse/airline-data, which records official airline domains and deep links sourced from airline websites.",yes,yes,jazeera-airways-61,https://raw.githubusercontent.com/buffertse/airline-data/main/data/airlines.csv; https://raw.githubusercontent.com/buffertse/airline-data/main/data/airline-links.csv
jeju-air,Jeju Air,7C,Republic of Korea,Low-cost,,,,https://www.jejuair.net,https://www.jejuair.net/en/linkService/help/main.do,https://www.jejuair.net/en/additionalService/service/preorderedBaggage.do,https://www.jejuair.net/en/linkService/boardingProcessGuide/cabinBaggage.do,https://www.jejuair.net/en/additionalService/service/preorderedBaggage.do,,,https://www.jejuair.net/en/terms/page/carriageTemrs.do,,"conditions_of_carriage_url prefilled from Duffel refs; please verify.; Missing fields filled from buffertse/airline-data, which records official airline domains and deep links sourced from airline websites.",yes,yes,jeju-air-1271,https://raw.githubusercontent.com/buffertse/airline-data/main/data/airlines.csv; https://raw.githubusercontent.com/buffertse/airline-data/main/data/airline-links.csv
jet-airways,Jet Airways,9W,India,Scheduled,,,,,,,,,,,,,,yes,yes,,
jet-asia-airways,Jet Asia Airways,JF,Thailand,Scheduled,,,,,,,,,,,,,,yes,no,,
jet-aviation-business,Jet Aviation Business,PP,Switzerland,Scheduled,,,,https://jetaviation.com,,,,,,,,,"Missing fields filled from buffertse/airline-data, which records official airline domains and deep links sourced from airline websites.",yes,no,jet-aviation-1808,https://raw.githubusercontent.com/buffertse/airline-data/main/data/airlines.csv; https://raw.githubusercontent.com/buffertse/airline-data/main/data/airline-links.csv
jet2com,Jet2.com,LS,United Kingdom,Low-cost,,,,https://jet2.com,,https://app.jet2.com/en/baggage,https://www.jet2.com/en/baggage,https://app.jet2.com/en/baggage,,,,,"Missing fields filled from buffertse/airline-data, which records official airline domains and deep links sourced from airline websites.",yes,yes,jet2-com-167,https://raw.githubusercontent.com/buffertse/airline-data/main/data/airlines.csv; https://raw.githubusercontent.com/buffertse/airline-data/main/data/airline-links.csv; https://raw.githubusercontent.com/buffertse/airline-data/main/derived/baggage-summary.csv
jetsmart,JetSmart,JA,Chile,Low-cost,,,,https://jetsmart.com,,,,,,,,,"Missing fields filled from buffertse/airline-data, which records official airline domains and deep links sourced from airline websites.",no,yes,jetsmart-943,https://raw.githubusercontent.com/buffertse/airline-data/main/data/airlines.csv; https://raw.githubusercontent.com/buffertse/airline-data/main/data/airline-links.csv
jetstar-asia,Jetstar Asia,3K,Singapore,Low-cost,,,,https://www.jetstar.com,,https://www.jetstar.com/au/en/flights/baggage,https://www.jetstar.com/sg/en/flights/baggage/carry-on-baggage,https://www.jetstar.com/au/en/help/excess-baggage-charges-at-the-airport,,,https://www.jetstar.com/jp/en/conditions-of-carriage-3k,,"conditions_of_carriage_url prefilled from Duffel refs; please verify.; Missing fields filled from buffertse/airline-data, which records official airline domains and deep links sourced from airline websites.",yes,no,jetstar-asia-airways-1807,https://raw.githubusercontent.com/buffertse/airline-data/main/data/airlines.csv; https://raw.githubusercontent.com/buffertse/airline-data/main/data/airline-links.csv
jetstar-japan,Jetstar Japan,GK,Japan,Low-cost,,,,https://www.jetstar.com,,,,,,,https://www.jetstar.com/jp/en/conditions-of-carriage-gk,,conditions_of_carriage_url prefilled from Duffel refs; please verify.,yes,yes,,
jiangxi-air,Jiangxi Air,RY,China,Low-cost,,,,https://airjiangxi.com,,,,,,,,,"Missing fields filled from buffertse/airline-data, which records official airline domains and deep links sourced from airline websites.",no,yes,jiangxi-air-585,https://raw.githubusercontent.com/buffertse/airline-data/main/data/airlines.csv; https://raw.githubusercontent.com/buffertse/airline-data/main/data/airline-links.csv
jin-air,Jin Air,LJ,South Korea,Low-cost,,,,,,,,,,,,,,no,yes,,
jordan-aviation,Jordan Aviation,R5,Jordan,Scheduled,,,,,,,,,,,,,,yes,yes,,
juneyao-airlines,Juneyao Airlines,HO,China,Scheduled,,,,https://global.juneyaoair.com,,https://global.juneyaoair.com/checkedBaggage,https://global.juneyaoair.com/carryOnBaggage,https://global.juneyaoair.com/checkedBaggage,,,https://global.juneyaoair.com/servicehelp/new/General%20Conditions%20of%20Carriage,,"conditions_of_carriage_url prefilled from Duffel refs; please verify.; Missing fields filled from buffertse/airline-data, which records official airline domains and deep links sourced from airline websites.",no,yes,q1713277-548,https://raw.githubusercontent.com/buffertse/airline-data/main/data/airlines.csv; https://raw.githubusercontent.com/buffertse/airline-data/main/data/airline-links.csv
kalitta-air,Kalitta Air,K4,United States,Scheduled,,,,,,,,,,,,,,yes,no,,
kalstar-aviation,Kalstar Aviation,KD,Indonesia,Scheduled,,,,,,,,,,,,,,no,yes,,
kam-air,Kam Air,RQ,Afghanistan,Scheduled,,,,https://www.kamair.com,https://www.kamair.com/contact-us,https://www.kamair.com/baggage,https://www.kamair.com/baggage,https://www.kamair.com/baggage,,,https://www.kamair.com/terms-and-conditions#agreement-and-terms,,"conditions_of_carriage_url prefilled from Duffel refs; please verify.; Missing fields filled from buffertse/airline-data, which records official airline domains and deep links sourced from airline websites.",yes,yes,kam-air-1453,https://raw.githubusercontent.com/buffertse/airline-data/main/data/airlines.csv; https://raw.githubusercontent.com/buffertse/airline-data/main/data/airline-links.csv; https://raw.githubusercontent.com/buffertse/airline-data/main/derived/baggage-summary.csv
kan-air,Kan Air,K8,Thailand,Scheduled,,,,https://kanairlines.com,,,,,,,,,"Missing fields filled from buffertse/airline-data, which records official airline domains and deep links sourced from airline websites.",yes,no,kan-air-325,https://raw.githubusercontent.com/buffertse/airline-data/main/data/airlines.csv; https://raw.githubusercontent.com/buffertse/airline-data/main/data/airline-links.csv
kartika-airlines,Kartika Airlines,3Y,Indonesia,Scheduled,,,,,,,,,,,,,,yes,no,,
kenmore-air,Kenmore Air,M5,United States,Scheduled,,,,https://kenmoreair.com,,,,,,,,,"Missing fields filled from buffertse/airline-data, which records official airline domains and deep links sourced from airline websites.",yes,no,kenmore-air-963,https://raw.githubusercontent.com/buffertse/airline-data/main/data/airlines.csv; https://raw.githubusercontent.com/buffertse/airline-data/main/data/airline-links.csv
kenn-borek-air,Kenn Borek Air,4K,Canada,Scheduled,,,,https://askariaviation.com,,,,,,,https://askariaviation.com/,,conditions_of_carriage_url prefilled from Duffel refs; please verify.,yes,no,,
kenya-airways,Kenya Airways,KQ,Kenya,Scheduled,,,,https://www.kenya-airways.com,,https://www.kenya-airways.com/prepare-for-travel/baggage-information/en,https://www.kenya-airways.com/en/plan/baggage-information/hand-baggage,https://www.kenya-airways.com/prepare-for-travel/baggage-information/en,,,https://www.kenya-airways.com/condition-of-carriage/en/,,"conditions_of_carriage_url prefilled from Duffel refs; please verify.; Missing fields filled from buffertse/airline-data, which records official airline domains and deep links sourced from airline websites.",yes,no,kenya-airways-1498,https://raw.githubusercontent.com/buffertse/airline-data/main/data/airlines.csv; https://raw.githubusercontent.com/buffertse/airline-data/main/data/airline-links.csv
klm-cityhopper,KLM Cityhopper,WA,Netherlands,Scheduled,,,,,,,,,,,,,,yes,no,,
klm-royal-dutch-airlines,KLM Royal Dutch Airlines,KL,Netherlands,Scheduled,,,,https://www.klm.com,,https://www.klm.com/information/baggage/checked-baggage-allowance,https://saudi.klm.com/information/baggage/checked-baggage-allowance,https://www.klm.com/information/baggage/checked-baggage-allowance,,,https://www.klm.com/information/legal/conditions-carriage,,"conditions_of_carriage_url prefilled from Duffel refs; please verify.; Missing fields filled from buffertse/airline-data, which records official airline domains and deep links sourced from airline websites.",yes,yes,klm-594,https://raw.githubusercontent.com/buffertse/airline-data/main/data/airlines.csv; https://raw.githubusercontent.com/buffertse/airline-data/main/data/airline-links.csv; https://raw.githubusercontent.com/buffertse/airline-data/main/derived/baggage-summary.csv
kulula,Kulula,МН,South Africa,Low-cost,,,,,,,,,,,,,,no,yes,,
kunming-airlines,Kunming Airlines,KY,China,Scheduled,,,,,,,,,,,,,,yes,yes,,
kuwait-airways,Kuwait Airways,KU,Kuwait,Scheduled,,,,https://www.kuwaitairways.com,,https://kuwaitairways.com/en/services/baggage,https://kuwaitairways.com/en/is/free-carry-on-baggage,https://kuwaitairways.com/en/services/baggage,,,https://www.kuwaitairways.com/en/terms/conditions-of-carriage,,"conditions_of_carriage_url prefilled from Duffel refs; please verify.; Missing fields filled from buffertse/airline-data, which records official airline domains and deep links sourced from airline websites.",yes,no,kuwait-airways-1768,https://raw.githubusercontent.com/buffertse/airline-data/main/data/airlines.csv; https://raw.githubusercontent.com/buffertse/airline-data/main/data/airline-links.csv
la-compagnie,La Compagnie,B0,France,Scheduled,,,,https://lacompagnie.com,,,,,,,,,"Missing fields filled from buffertse/airline-data, which records official airline domains and deep links sourced from airline websites.",yes,no,la-compagnie-586,https://raw.githubusercontent.com/buffertse/airline-data/main/data/airlines.csv; https://raw.githubusercontent.com/buffertse/airline-data/main/data/airline-links.csv
la-costena,La Costeña,LC,Nicaragua,Scheduled,,,,,,,,,,,,,,no,yes,,
lam-mozambique-airlines,LAM Mozambique Airlines,TM,Mozambique,Scheduled,,,,https://lam.co.mz,,https://www.lam.co.mz/en/Travel-Information/Baggage,https://www.lam.co.mz/en/Travel-Information/Baggage,https://www.lam.co.mz/en/Travel-Information/Baggage,,,,,"Missing fields filled from buffertse/airline-data, which records official airline domains and deep links sourced from airline websites.",yes,no,lam-mozambique-airlines-195,https://raw.githubusercontent.com/buffertse/airline-data/main/data/airlines.csv; https://raw.githubusercontent.com/buffertse/airline-data/main/data/airline-links.csv
lan-chile-cargo,LAN Chile Cargo,UC,Chile,Scheduled,,,,,,,,,,,,,,yes,no,,
lanmei-airlines,Lanmei Airlines,LQ,Cambodia,Low-cost,,,,https://lanmeiairlines.com,,,,,,,https://lanmeiairlines.com/lanmeiairlines2.0/default/menus/EN/experience/LMTransport.html,,conditions_of_carriage_url prefilled from Duffel refs; please verify.,no,yes,,
lao-airlines,Lao Airlines,QV,Laos,Scheduled,,,,https://laoairlines.com,,https://laoairlines.com/en/baggage-optional-service-charges,https://laoairlines.com/en/baggage-optional-service-charges,https://laoairlines.com/lo/baggage-optional-service-charges,,,https://laoairlines.com/en/term-and-condition/#,,"conditions_of_carriage_url prefilled from Duffel refs; please verify.; Missing fields filled from buffertse/airline-data, which records official airline domains and deep links sourced from airline websites.",yes,no,lao-airlines-1662,https://raw.githubusercontent.com/buffertse/airline-data/main/data/airlines.csv; https://raw.githubusercontent.com/buffertse/airline-data/main/data/airline-links.csv; https://raw.githubusercontent.com/buffertse/airline-data/main/derived/baggage-summary.csv
lao-skyway,Lao Skyway,LK,Laos,Scheduled,,,,,,,,,,,,,,no,yes,,
laser-airlines,LASER Airlines,QL,Venezuela,Scheduled,,,,https://laserairlines.com,,,,,,,,,"Missing fields filled from buffertse/airline-data, which records official airline domains and deep links sourced from airline websites.",yes,yes,laser-airlines-1382,https://raw.githubusercontent.com/buffertse/airline-data/main/data/airlines.csv; https://raw.githubusercontent.com/buffertse/airline-data/main/data/airline-links.csv
latam-airlines,LATAM Airlines,LA,Chile,Scheduled,,,,https://www.latamairlines.com,,https://www.latamairlines.com/us/en/experience/prepare-your-trip/baggage/checked-baggage,https://www.latamairlines.com/gb/en/experience/prepare-your-trip/baggage/carry-on,https://www.latamairlines.com/au/en/experience/prepare-your-trip/baggage/excess-fees,,,https://www.latamairlines.com/gb/en/legal/transportation-contract-conditions,,"conditions_of_carriage_url prefilled from Duffel refs; please verify.; Missing fields filled from buffertse/airline-data, which records official airline domains and deep links sourced from airline websites.",yes,no,latam,https://raw.githubusercontent.com/buffertse/airline-data/main/data/airlines.csv; https://raw.githubusercontent.com/buffertse/airline-data/main/data/airline-links.csv
latam-airlines-colombia,LATAM Airlines Colombia,4C,Colombia,Scheduled,,,,https://latam.com,,,,,,,,,"Missing fields filled from buffertse/airline-data, which records official airline domains and deep links sourced from airline websites.",yes,no,latam-airlines-colombia-1175,https://raw.githubusercontent.com/buffertse/airline-data/main/data/airlines.csv; https://raw.githubusercontent.com/buffertse/airline-data/main/data/airline-links.csv
latam-airlines-ecuador,LATAM Airlines Ecuador,XL,Ecuador,Scheduled,,,,https://www.latamairlines.com,,,,,,,https://www.latamairlines.com/gb/en/legal/transportation-contract-conditions,,conditions_of_carriage_url prefilled from Duffel refs; please verify.,yes,no,latam-airlines-ecuador-1520,
latam-airlines-paraguay,LATAM Airlines Paraguay,PZ,Paraguay,Scheduled,,,,https://latam.com,,,,,,,,,"Missing fields filled from buffertse/airline-data, which records official airline domains and deep links sourced from airline websites.",yes,no,latam-airlines-paraguay-999,https://raw.githubusercontent.com/buffertse/airline-data/main/data/airlines.csv; https://raw.githubusercontent.com/buffertse/airline-data/main/data/airline-links.csv
latam-airlines-peru,LATAM Airlines Peru,LP,Peru,Scheduled,,,,https://latam.com,,,,,,,,,"Missing fields filled from buffertse/airline-data, which records official airline domains and deep links sourced from airline websites.",yes,no,latam-airlines-peru-173,https://raw.githubusercontent.com/buffertse/airline-data/main/data/airlines.csv; https://raw.githubusercontent.com/buffertse/airline-data/main/data/airline-links.csv
libyan-airlines,Libyan Airlines,LN,Libya,Scheduled,,,,https://libyanairlines.aero,,,,,,,,,"Missing fields filled from buffertse/airline-data, which records official airline domains and deep links sourced from airline websites.",yes,yes,libyan-airlines-51,https://raw.githubusercontent.com/buffertse/airline-data/main/data/airlines.csv; https://raw.githubusercontent.com/buffertse/airline-data/main/data/airline-links.csv
link-airways,Link Airways,FC,Australia,Scheduled,,,,https://linkairways.com,,https://www.linkairways.com/Plan-Your-Travel/checked-baggage,https://www.linkairways.com/Plan-Your-Travel/Cabin-Baggage,https://www.linkairways.com/Plan-Your-Travel/checked-baggage,,,https://www.linkairways.com/about-us/conditions-of-carriage,,"Missing fields filled from buffertse/airline-data, which records official airline domains and deep links sourced from airline websites.",no,yes,link-airways-885,https://raw.githubusercontent.com/buffertse/airline-data/main/data/airlines.csv; https://raw.githubusercontent.com/buffertse/airline-data/main/data/airline-links.csv
loganair,Loganair,LM,United Kingdom,Scheduled,,,,https://www.loganair.co.uk,https://www.loganair.co.uk/helpcentre/children-infants,https://www.loganair.co.uk/travel-help/luggage,https://www.loganair.co.uk/travel-help/luggage,https://www.loganair.co.uk/travel-help/luggage,,,https://www.loganair.co.uk/travel-help/carriage-conditions/,,"conditions_of_carriage_url prefilled from Duffel refs; please verify.; Missing fields filled from buffertse/airline-data, which records official airline domains and deep links sourced from airline websites.",yes,yes,loganair-1806,https://raw.githubusercontent.com/buffertse/airline-data/main/data/airlines.csv; https://raw.githubusercontent.com/buffertse/airline-data/main/data/airline-links.csv
loong-air,Loong Air,GJ,China,Scheduled,,,,https://loongair.cn,,,,,,,,,"Missing fields filled from buffertse/airline-data, which records official airline domains and deep links sourced from airline websites.",no,yes,loong-air-1304,https://raw.githubusercontent.com/buffertse/airline-data/main/data/airlines.csv; https://raw.githubusercontent.com/buffertse/airline-data/main/data/airline-links.csv
lot-polish,LOT Polish,LO,Poland,Scheduled,,,,https://www.lot.com,https://www.lot.com/us/en/help-center/contact,https://www.lot.com/am/en/journey/baggage,https://www.lot.com/am/en/journey/baggage/long-haul-baggage,https://www.lot.com/am/en/journey/baggage,,,https://www.lot.com/pl/en/regulations/conditions-of-carriage,,"conditions_of_carriage_url prefilled from Duffel refs; please verify.; Missing fields filled from buffertse/airline-data, which records official airline domains and deep links sourced from airline websites.",yes,no,lot-polish-airlines-682,https://raw.githubusercontent.com/buffertse/airline-data/main/data/airlines.csv; https://raw.githubusercontent.com/buffertse/airline-data/main/data/airline-links.csv; https://raw.githubusercontent.com/buffertse/airline-data/main/derived/baggage-summary.csv
lucky-air,Lucky Air,8L,China,Low-cost,,,,https://www.luckyair.net,,,,,,https://www.luckyair.net/micro/main/checkin,https://www.luckyair.net/help.html?id=5d7714de91c6dd531559d9b7,,"conditions_of_carriage_url prefilled from Duffel refs; please verify.; Missing fields filled from buffertse/airline-data, which records official airline domains and deep links sourced from airline websites.",yes,yes,lucky-air-630,https://raw.githubusercontent.com/buffertse/airline-data/main/data/airlines.csv; https://raw.githubusercontent.com/buffertse/airline-data/main/data/airline-links.csv
lufthansa-cityline,Lufthansa CityLine,CL,Germany,Scheduled,,,,https://lufthansacityline.com,,,,,,,,,"Missing fields filled from buffertse/airline-data, which records official airline domains and deep links sourced from airline websites.",yes,no,lufthansa-cityline-499,https://raw.githubusercontent.com/buffertse/airline-data/main/data/airlines.csv; https://raw.githubusercontent.com/buffertse/airline-data/main/data/airline-links.csv
luxair,Luxair,LG,Luxembourg,Scheduled,,,,https://www.luxair.lu,,https://www.luxair.lu/sites/default/files/teaser_pdf/2025-03/2025_03_LG%20AIRLINE_PIECE%20CONCEPT_BAGAGES%20INTERNET%20ENG.pdf,https://www.luxair.lu/en/information/cabin-baggage,https://www.luxair.lu/sites/default/files/teaser_pdf/2025-03/2025_03_LG%20AIRLINE_PIECE%20CONCEPT_BAGAGES%20INTERNET%20ENG.pdf,,https://www.luxair.lu/en/checkin,https://www.luxair.lu/en/information/general-conditions-carriage,,"conditions_of_carriage_url prefilled from Duffel refs; please verify.; Missing fields filled from buffertse/airline-data, which records official airline domains and deep links sourced from airline websites.",yes,yes,luxair-1600,https://raw.githubusercontent.com/buffertse/airline-data/main/data/airlines.csv; https://raw.githubusercontent.com/buffertse/airline-data/main/data/airline-links.csv
lynden-air-cargo-llc,"Lynden Air Cargo, LLC",L2,United States,Scheduled,,,,,,,,,,,,,,yes,no,,
magnicharters,Magnicharters,0Z,Mexico,Scheduled,,,,,,,,,,,,,,no,yes,,
mahan-air,Mahan Air,W5,Iran,Scheduled,,,,,,,,,,,,,,yes,yes,,
maldivian,Maldivian,Q2,Maldives,Scheduled,,,,https://maldivian.aero,,https://maldivian.aero/flying-with-us/before-you-fly/baggage-policy.html,https://maldivian.aero/flying-with-us/before-you-fly/baggage-policy.html,https://maldivian.aero/flying-with-us/before-you-fly/high-volume-baggage-charges.html,,,,,"Missing fields filled from buffertse/airline-data, which records official airline domains and deep links sourced from airline websites.",yes,yes,maldivian-516,https://raw.githubusercontent.com/buffertse/airline-data/main/data/airlines.csv; https://raw.githubusercontent.com/buffertse/airline-data/main/data/airline-links.csv
mandarin-airlines,Mandarin Airlines,AE,Taiwan,Scheduled,,,,https://global.csair.com,,https://www.mandarin-airlines.com/english/airport_baggage.htm,https://www.mandarin-airlines.com/english/airport_baggage.htm,https://www.mandarin-airlines.com/english/airport_baggage.htm,,,https://global.csair.com/MO/GB/booking-policy/international-carriage-conditions,,"conditions_of_carriage_url prefilled from Duffel refs; please verify.; Missing fields filled from buffertse/airline-data, which records official airline domains and deep links sourced from airline websites.",no,yes,mandarin-airlines-181,https://raw.githubusercontent.com/buffertse/airline-data/main/data/airlines.csv; https://raw.githubusercontent.com/buffertse/airline-data/main/data/airline-links.csv
mango,Mango,JE,South Africa,Low-cost,,,,https://flymango.com,,,,,,,,,"Missing fields filled from buffertse/airline-data, which records official airline domains and deep links sourced from airline websites.",yes,yes,mango-207,https://raw.githubusercontent.com/buffertse/airline-data/main/data/airlines.csv; https://raw.githubusercontent.com/buffertse/airline-data/main/data/airline-links.csv
martinair,Martinair,MP,Netherlands,Scheduled,,,,https://martinair.com,https://www.martinair.com/general-contact,,,,,,,,"Missing fields filled from buffertse/airline-data, which records official airline domains and deep links sourced from airline websites.",yes,no,martinair-1204,https://raw.githubusercontent.com/buffertse/airline-data/main/data/airlines.csv; https://raw.githubusercontent.com/buffertse/airline-data/main/data/airline-links.csv
maya-island-air,Maya Island Air,2M,Belize,Scheduled,,,,https://www.mayaislandair.com,,https://www.mayaislandair.com/belize-flights-baggage,https://www.mayaislandair.com/belize-flights-baggage,https://www.mayaislandair.com/belize-flights-baggage,,,https://www.mayaislandair.com/Information/Terms-and-Conditions,,"conditions_of_carriage_url prefilled from Duffel refs; please verify.; Missing fields filled from buffertse/airline-data, which records official airline domains and deep links sourced from airline websites.",yes,no,maya-island-air-361,https://raw.githubusercontent.com/buffertse/airline-data/main/data/airlines.csv; https://raw.githubusercontent.com/buffertse/airline-data/main/data/airline-links.csv; https://raw.githubusercontent.com/buffertse/airline-data/main/derived/baggage-summary.csv
mayair,MAYAir,7M,Mexico,Scheduled,,,,https://mayair.com.mx,,,,,,,,,"Missing fields filled from buffertse/airline-data, which records official airline domains and deep links sourced from airline websites.",no,yes,mayair-124,https://raw.githubusercontent.com/buffertse/airline-data/main/data/airlines.csv; https://raw.githubusercontent.com/buffertse/airline-data/main/data/airline-links.csv
miat-mongolian-airlines,MIAT Mongolian Airlines,OM,Mongolia,Scheduled,,,,https://www.miat.com,,https://miat.com/en/856/checked-baggage,https://miat.com/en/856/checked-baggage,https://miat.com/en/856/checked-baggage,,,https://www.miat.com/,,"conditions_of_carriage_url prefilled from Duffel refs; please verify.; Missing fields filled from buffertse/airline-data, which records official airline domains and deep links sourced from airline websites.",yes,yes,miat-mongolian-airlines-1425,https://raw.githubusercontent.com/buffertse/airline-data/main/data/airlines.csv; https://raw.githubusercontent.com/buffertse/airline-data/main/data/airline-links.csv
middle-east-airlines,Middle East Airlines,ME,Lebanon,Low-cost,,,,https://www.mea.com.lb,,,,,,,https://www.mea.com.lb/english/plan-and-book/legal-notices/conditions-of-carriage,,conditions_of_carriage_url prefilled from Duffel refs; please verify.,yes,no,,
mng-airlines,MNG Airlines,MB,Turkey,Scheduled,,,,https://mngairlines.com,,,,,,,,,"Missing fields filled from buffertse/airline-data, which records official airline domains and deep links sourced from airline websites.",yes,no,mng-airlines-635,https://raw.githubusercontent.com/buffertse/airline-data/main/data/airlines.csv; https://raw.githubusercontent.com/buffertse/airline-data/main/data/airline-links.csv
monacair,Monacair,QM,Monaco,Scheduled,,,,https://monacair.mc,,,,,,,,,"Missing fields filled from buffertse/airline-data, which records official airline domains and deep links sourced from airline websites.",no,yes,monacair-517,https://raw.githubusercontent.com/buffertse/airline-data/main/data/airlines.csv; https://raw.githubusercontent.com/buffertse/airline-data/main/data/airline-links.csv
montenegro-airlines,Montenegro Airlines,YM,Montenegro,Scheduled,,,,,,,,,,,,,,yes,no,,
motor-sich-airlines,Motor Sich Airlines,M9,Ukraine,Scheduled,,,,https://flymotorsich.com,,,,,,,https://flymotorsich.com/en/pages/conditions,,conditions_of_carriage_url prefilled from Duffel refs; please verify.,yes,no,,
myanmar-airways-international,Myanmar Airways International,8M,Myanmar,Scheduled,,,,https://maiair.com,,https://www.maiair.com/plan-your-journey/before-you-fly/checked-baggage,https://www.maiair.com/plan-your-journey/before-you-fly/checked-baggage,https://www.maiair.com/plan-your-journey/before-you-fly/checked-baggage,,,https://maiair.com/plan-your-journey/general-conditions-of-carriage,,"conditions_of_carriage_url prefilled from Duffel refs; please verify.; Missing fields filled from buffertse/airline-data, which records official airline domains and deep links sourced from airline websites.",yes,yes,myanmar-airways-international-639,https://raw.githubusercontent.com/buffertse/airline-data/main/data/airlines.csv; https://raw.githubusercontent.com/buffertse/airline-data/main/data/airline-links.csv; https://raw.githubusercontent.com/buffertse/airline-data/main/derived/baggage-summary.csv
myanmar-national-airlines,Myanmar National Airlines,UB,Myanmar,Scheduled,,,,https://secure.flymna.com,,,,,,,,,"Missing fields filled from buffertse/airline-data, which records official airline domains and deep links sourced from airline websites.",no,yes,myanmar-national-airlines-3,https://raw.githubusercontent.com/buffertse/airline-data/main/data/airlines.csv; https://raw.githubusercontent.com/buffertse/airline-data/main/data/airline-links.csv
myway-airlines,Myway Airlines,MJ,Georgia,Scheduled,,,,https://mywayairlines.com,,,,,,,https://mywayairlines.com/en/381/General-Condition-of-Carriage,,conditions_of_carriage_url prefilled from Duffel refs; please verify.,no,yes,,
nam-air,NAM Air,IN,Indonesia,Scheduled,,,,,,,,,,,,,,no,yes,,
national-airlines,National Airlines,N8,United States,Scheduled,,,,https://nationalairlines.com,,https://www.nationalairlines.com/baggage-info,https://www.nationalairlines.com/baggage-info,https://www.nationalairlines.com/baggage-info,,,,,"Missing fields filled from buffertse/airline-data, which records official airline domains and deep links sourced from airline websites.",yes,no,national-airlines-1788,https://raw.githubusercontent.com/buffertse/airline-data/main/data/airlines.csv; https://raw.githubusercontent.com/buffertse/airline-data/main/data/airline-links.csv; https://raw.githubusercontent.com/buffertse/airline-data/main/derived/baggage-summary.csv
nauru-airlines,Nauru Airlines,ON,Nauru,Scheduled,,,,https://nauruair.com,,https://www.nauruair.com/travel-info/baggage,https://www.nauruair.com/travel-info/baggage,https://www.nauruair.com/travel-info/baggage,,,https://www.nauruair.com/travel-info/conditions-of-carriage,,"Missing fields filled from buffertse/airline-data, which records official airline domains and deep links sourced from airline websites.",yes,yes,nauru-airlines-646,https://raw.githubusercontent.com/buffertse/airline-data/main/data/airlines.csv; https://raw.githubusercontent.com/buffertse/airline-data/main/data/airline-links.csv; https://raw.githubusercontent.com/buffertse/airline-data/main/derived/baggage-summary.csv
neos,Neos,NO,Italy,Scheduled,,,,https://neosair.com,,https://www.neosair.com/en/information/checked-baggages,https://www.neosair.com/en/information/carry-on-baggages,https://www.neosair.com/en/information/checked-baggages,,,,,"Missing fields filled from buffertse/airline-data, which records official airline domains and deep links sourced from airline websites.",yes,yes,neos-1631,https://raw.githubusercontent.com/buffertse/airline-data/main/data/airlines.csv; https://raw.githubusercontent.com/buffertse/airline-data/main/data/airline-links.csv
nepal-airlines,Nepal Airlines,RA,Nepal,Scheduled,,,,https://nepalairlines.com.np,,https://www.nepalairlines.com.np/baggage,https://www.nepalairlines.com.np/carry-on-baggage,https://www.nepalairlines.com.np/baggage,,,https://nepalairlines.com.np/instructions,,"conditions_of_carriage_url prefilled from Duffel refs; please verify.; Missing fields filled from buffertse/airline-data, which records official airline domains and deep links sourced from airline websites.",no,yes,nepal-airlines-1446,https://raw.githubusercontent.com/buffertse/airline-data/main/data/airlines.csv; https://raw.githubusercontent.com/buffertse/airline-data/main/data/airline-links.csv
niki,Niki,HG,Austria,Low-cost,,,,,,,,,,,,,,no,yes,,
nile-air,Nile Air,NP,Egypt,Scheduled,,,,https://www.nileair.com,,,,,,,https://www.nileair.com/#/en/home,,conditions_of_carriage_url prefilled from Duffel refs; please verify.,yes,yes,,
nippon-cargo-airlines,Nippon Cargo Airlines,KZ,Japan,Scheduled,,,,https://nca.aero,,,,,,,,,"Missing fields filled from buffertse/airline-data, which records official airline domains and deep links sourced from airline websites.",yes,no,nippon-cargo-airlines-351,https://raw.githubusercontent.com/buffertse/airline-data/main/data/airlines.csv; https://raw.githubusercontent.com/buffertse/airline-data/main/data/airline-links.csv
nok-air,Nok Air,DD,Thailand,Low-cost,,,,https://nokair.com,,https://content.nokair.com/en/Journey-Planning/Baggage.aspx,https://content.nokair.com/en/Journey-Planning/Baggage/Hand-Baggage-allowance.aspx,https://content.nokair.com/en/Journey-Planning/Baggage.aspx,,,,,"Missing fields filled from buffertse/airline-data, which records official airline domains and deep links sourced from airline websites.",yes,yes,nok-air-64,https://raw.githubusercontent.com/buffertse/airline-data/main/data/airlines.csv; https://raw.githubusercontent.com/buffertse/airline-data/main/data/airline-links.csv
nokscoot,NokScoot,XW,Thailand,Low-cost,,,,,,,,,,,,,,no,yes,,
nordstar,NordStar,Y7,Russia,Scheduled,,,,,,,,,,,,,,no,yes,,
nordwind-airlines,Nordwind Airlines,N4,Russia,Scheduled,,,,https://nordwindairlines.ru,,https://nordwindairlines.ru/en/faq/baggage,https://nordwindairlines.ru/en/faq/hand-luggage,https://nordwindairlines.ru/en/faq/baggage,,,,,"Missing fields filled from buffertse/airline-data, which records official airline domains and deep links sourced from airline websites.",yes,yes,nordwind-airlines-624,https://raw.githubusercontent.com/buffertse/airline-data/main/data/airlines.csv; https://raw.githubusercontent.com/buffertse/airline-data/main/data/airline-links.csv; https://raw.githubusercontent.com/buffertse/airline-data/main/derived/baggage-summary.csv
norse-atlantic-uk,Norse Atlantic UK,Z0,United Kingdom,Low-cost,,,,,,,,,,,,,,yes,no,,
northern-air-cargo,Northern Air Cargo,NC,United States,Scheduled,,,,https://cobham.com.au,,,,,,,,,"Missing fields filled from buffertse/airline-data, which records official airline domains and deep links sourced from airline websites.",yes,no,northern-air-cargo-1789,https://raw.githubusercontent.com/buffertse/airline-data/main/data/airlines.csv; https://raw.githubusercontent.com/buffertse/airline-data/main/data/airline-links.csv
northwest-airlines,Northwest Airlines,NW,United States,Scheduled,,,,,,,,,,,,,,yes,no,,
northwestern-air,Northwestern Air,J3,Canada,Scheduled,,,,,,,,,,,,,,yes,no,,
norwegian-air-sweden,Norwegian Air Sweden,D8,Sweden,Scheduled,,,,https://www.norwegian.com,,,,,,,https://www.norwegian.com/en/booking/helpful-booking-info/legal/general-conditions-of-carriage/,,conditions_of_carriage_url prefilled from Duffel refs; please verify.,yes,no,,
nouvelair,Nouvelair,BJ,Tunisia,Scheduled,,,,https://nouvelair.com,,https://www.nouvelair.com/en/bagage,https://www.nouvelair.com/en/bagage,https://www.nouvelair.com/en/bagage,,,,,"Missing fields filled from buffertse/airline-data, which records official airline domains and deep links sourced from airline websites.",yes,no,nouvelair-760,https://raw.githubusercontent.com/buffertse/airline-data/main/data/airlines.csv; https://raw.githubusercontent.com/buffertse/airline-data/main/data/airline-links.csv; https://raw.githubusercontent.com/buffertse/airline-data/main/derived/baggage-summary.csv
nova-airlines,NOVA Airlines,O9,Sudan,Scheduled,,,,https://novaairways.com,,,,,,,,,"Missing fields filled from buffertse/airline-data, which records official airline domains and deep links sourced from airline websites.",yes,no,nova-airline-1578,https://raw.githubusercontent.com/buffertse/airline-data/main/data/airlines.csv; https://raw.githubusercontent.com/buffertse/airline-data/main/data/airline-links.csv
novoair,Novoair,VQ,Bangladesh,Scheduled,,,,https://flynovoair.com,,https://www.flynovoair.com/travelinfo/baggage/pets,https://www.flynovoair.com/travelinfo/baggage/pets,https://www.flynovoair.com/travelinfo/baggage/pets,,,,,"Missing fields filled from buffertse/airline-data, which records official airline domains and deep links sourced from airline websites.",no,yes,novoair-971,https://raw.githubusercontent.com/buffertse/airline-data/main/data/airlines.csv; https://raw.githubusercontent.com/buffertse/airline-data/main/data/airline-links.csv
okay-airways,Okay Airways,BK,China,Scheduled,,,,,,,,,,,,,,yes,yes,,
olympic-air,Olympic Air,OA,Greece,Scheduled,,,,https://www.olympicair.com,,https://www.olympicair.com/en/travel-information/travelling-with-olympic-air/baggage,https://www.olympicair.com/en/travel-information/travelling-with-olympic-air/baggage/baggage-info,https://www.olympicair.com/en/travel-information/travelling-with-olympic-air/baggage,,,https://www.olympicair.com/en/conditions-and-notices/,,"conditions_of_carriage_url prefilled from Duffel refs; please verify.; Missing fields filled from buffertse/airline-data, which records official airline domains and deep links sourced from airline websites.",yes,no,olympic-air-1443,https://raw.githubusercontent.com/buffertse/airline-data/main/data/airlines.csv; https://raw.githubusercontent.com/buffertse/airline-data/main/data/airline-links.csv; https://raw.githubusercontent.com/buffertse/airline-data/main/derived/baggage-summary.csv
oman-air,Oman Air,WY,Oman,Scheduled,,,,https://www.omanair.com,,https://www.omanair.com/en/faqs-baggage,https://www.omanair.com/en/extra-bags-weight,https://www.omanair.com/en/faqs-baggage,,,https://www.omanair.com/au/en/conditions-carriage,,"conditions_of_carriage_url prefilled from Duffel refs; please verify.; Missing fields filled from buffertse/airline-data, which records official airline domains and deep links sourced from airline websites.",yes,yes,oman-air-1767,https://raw.githubusercontent.com/buffertse/airline-data/main/data/airlines.csv; https://raw.githubusercontent.com/buffertse/airline-data/main/data/airline-links.csv; https://raw.githubusercontent.com/buffertse/airline-data/main/derived/baggage-summary.csv
onur-air,Onur Air,8Q,Turkey,Low-cost,,,,https://www.onurair.com,,,,,,,https://www.onurair.com/en/faq/detail/General-Terms/859/1332/0,,conditions_of_carriage_url prefilled from Duffel refs; please verify.,yes,yes,,
orient-thai-airlines,Orient Thai Airlines,OX,Thailand,Low-cost,,,,,,,,,,,,,,yes,no,,
pacific-airlines,Pacific Airlines,BL,Vietnam,Scheduled,,,,https://pacificairlines.com,,,,,,,,,"Missing fields filled from buffertse/airline-data, which records official airline domains and deep links sourced from airline websites.",yes,no,pacific-airlines-197,https://raw.githubusercontent.com/buffertse/airline-data/main/data/airlines.csv; https://raw.githubusercontent.com/buffertse/airline-data/main/data/airline-links.csv
pacific-coastal-airlines,Pacific Coastal Airlines,8P,Canada,Scheduled,,,,https://www.pacificcoastal.com,,https://www.pacificcoastal.com/checked-baggage-qa,https://www.pacificcoastal.com/baggage,https://www.pacificcoastal.com/checked-baggage-qa,,,https://www.pacificcoastal.com/fare-terms-conditions/,,"conditions_of_carriage_url prefilled from Duffel refs; please verify.; Missing fields filled from buffertse/airline-data, which records official airline domains and deep links sourced from airline websites.",yes,no,pacific-coastal-airlines-404,https://raw.githubusercontent.com/buffertse/airline-data/main/data/airlines.csv; https://raw.githubusercontent.com/buffertse/airline-data/main/data/airline-links.csv; https://raw.githubusercontent.com/buffertse/airline-data/main/derived/baggage-summary.csv
pal-express,PAL Express,2P,Philippines,Low-cost,,,,,,,,,,,,,,yes,no,,
pascan-aviation,Pascan Aviation,P6,Canada,Scheduled,,,,,,,,,,,,,,yes,yes,,
pawa-dominicana,PAWA Dominicana,7N,Dominican Republic,Scheduled,,,,,,,,,,,,,,no,yes,,
pegasus-airlines,Pegasus Airlines,PC,Turkey,Low-cost,,,,https://www.flypgs.com,,,,,,,https://www.flypgs.com/en/useful-info/info-about-flights/general-rules,,conditions_of_carriage_url prefilled from Duffel refs; please verify.,yes,no,,
png-air,PNG Air,CG,Papua New Guinea,Scheduled,,,,http://cargo.pngair.com.pg,,,,,,,http://cargo.pngair.com.pg/staticpages/office_other_details.aspx?details_type=T&carrier_code=CG&airport_code=UNG,,conditions_of_carriage_url prefilled from Duffel refs; please verify.,yes,no,,
polar-air-cargo-worldwide-inc,"Polar Air Cargo Worldwide, Inc.",PO,United States,Scheduled,,,,https://polaraircargo.com,https://www.polaraircargo.com/customer-support/tact-tariff,,,,,,,,"Missing fields filled from buffertse/airline-data, which records official airline domains and deep links sourced from airline websites.",yes,no,polar-air-cargo-220,https://raw.githubusercontent.com/buffertse/airline-data/main/data/airlines.csv; https://raw.githubusercontent.com/buffertse/airline-data/main/data/airline-links.csv
porter-airlines,Porter Airlines,P3,Canada,Scheduled,,,,https://www.flyporter.com,,,,,,,https://www.flyporter.com/en/travel-terms-and-conditions,,conditions_of_carriage_url prefilled from Duffel refs; please verify.,no,yes,,
precision-air,Precision Air,PW,Tanzania,Scheduled,,,,https://www.precisionairtz.com,,https://www.precisionairtz.com/helpdesk/ExcessBaggagePolicy,https://www.precisionairtz.com/helpdesk/ExcessBaggagePolicy,https://www.precisionairtz.com/helpdesk/ExcessBaggagePolicy,,,https://www.precisionairtz.com/en/about-us/10-travel-planner/14-conditions-of-carriage,,"conditions_of_carriage_url prefilled from Duffel refs; please verify.; Missing fields filled from buffertse/airline-data, which records official airline domains and deep links sourced from airline websites.",no,yes,precision-air-1816,https://raw.githubusercontent.com/buffertse/airline-data/main/data/airlines.csv; https://raw.githubusercontent.com/buffertse/airline-data/main/data/airline-links.csv; https://raw.githubusercontent.com/buffertse/airline-data/main/derived/baggage-summary.csv
primera-air,Primera Air,PF,Iceland,Scheduled,,,,,,,,,,,,,,yes,yes,,
proflight-zambia,Proflight Zambia,P0,Zambia,Scheduled,,,,https://proflight-zambia.com,,,,,,,https://proflight-zambia.com/img/cms/documents/Terms&Conditions%20v30apr21.pdf,,conditions_of_carriage_url prefilled from Duffel refs; please verify.,yes,yes,proflight-zambia-856,
qingdao-airlines,Qingdao Airlines,QW,China,Scheduled,,,,https://qdairlines.com,,,,,,,,,"Missing fields filled from buffertse/airline-data, which records official airline domains and deep links sourced from airline websites.",no,yes,qingdao-airlines-490,https://raw.githubusercontent.com/buffertse/airline-data/main/data/airlines.csv; https://raw.githubusercontent.com/buffertse/airline-data/main/data/airline-links.csv
red-wings,Red Wings,WZ,Russia,Scheduled,,,,,,,,,,,,,,no,yes,,
regional-air,Regional Air,8N,Mauritania,Scheduled,,,,https://regionaltanzania.com,,https://regionaltanzania.com/wp-content/uploads/sites/6/2026/02/Baggage-policy-new.pdf,https://regionaltanzania.com/wp-content/uploads/sites/6/2026/02/Baggage-policy-new.pdf,https://regionaltanzania.com/wp-content/uploads/sites/6/2026/02/Baggage-policy-new.pdf,,,,,"Missing fields filled from buffertse/airline-data, which records official airline domains and deep links sourced from airline websites.",yes,yes,regional-air-services-1639,https://raw.githubusercontent.com/buffertse/airline-data/main/data/airlines.csv; https://raw.githubusercontent.com/buffertse/airline-data/main/data/airline-links.csv
rex-regional-express,Rex - Regional Express,ZL,Australia,Scheduled,,,,https://www.rex.com.au,,https://rex.com.au/FlightInfo/BaggageAllowance.aspx,https://rex.com.au/FlightInfo/BaggageAllowance.aspx,https://rex.com.au/FlightInfo/BaggageAllowance.aspx,,,https://www.rex.com.au/flightinfo/COC.aspx,,"conditions_of_carriage_url prefilled from Duffel refs; please verify.; Missing fields filled from buffertse/airline-data, which records official airline domains and deep links sourced from airline websites.",yes,no,rex-airlines-1702,https://raw.githubusercontent.com/buffertse/airline-data/main/data/airlines.csv; https://raw.githubusercontent.com/buffertse/airline-data/main/data/airline-links.csv; https://raw.githubusercontent.com/buffertse/airline-data/main/derived/baggage-summary.csv
rossiya-airlines,Rossiya Airlines,FV,Russia,Scheduled,,,,https://rossiya-airlines.com,,https://www.rossiya-airlines.com/en/flight-with-us/category_passenger/your_baggage,https://www.rossiya-airlines.com/en/flight-with-us/category_passenger/your_baggage,https://www.rossiya-airlines.com/en/flight-with-us/category_passenger/your_baggage,,,,,"Missing fields filled from buffertse/airline-data, which records official airline domains and deep links sourced from airline websites.",yes,no,rossiya-1602,https://raw.githubusercontent.com/buffertse/airline-data/main/data/airlines.csv; https://raw.githubusercontent.com/buffertse/airline-data/main/data/airline-links.csv
royal-air-maroc,Royal Air Maroc,AT,Morocco,Scheduled,,,,https://www.royalairmaroc.com,,,,,,,https://www.royalairmaroc.com/uk-en/general-terms-and-conditions,,conditions_of_carriage_url prefilled from Duffel refs; please verify.,yes,yes,ram-cargo-991,
royal-air-philippines,Royal Air Philippines,RW,Philippines,Low-cost,,,,,,,,,,,,,,no,yes,,
royal-brunei-airlines,Royal Brunei Airlines,BI,Brunei,Scheduled,,,,https://www.flyroyalbrunei.com,,https://www.flyroyalbrunei.com/united-kingdom/en/information/checked-baggage,https://www.flyroyalbrunei.com/brunei/en/information/cabin-baggage,https://www.flyroyalbrunei.com/united-kingdom/en/information/checked-baggage,,,https://www.flyroyalbrunei.com/rba/carriage-conditions.php,,"conditions_of_carriage_url prefilled from Duffel refs; please verify.; Missing fields filled from buffertse/airline-data, which records official airline domains and deep links sourced from airline websites.",yes,yes,royal-brunei-airlines-41,https://raw.githubusercontent.com/buffertse/airline-data/main/data/airlines.csv; https://raw.githubusercontent.com/buffertse/airline-data/main/data/airline-links.csv
royal-jordanian,Royal Jordanian,RJ,Jordan,Scheduled,,,,https://www.rj.com,,https://www.rj.com/en/info-and-tips/baggage-information/excess-baggage,https://www.rj.com/en/info-and-tips/baggage-information/carry-on-pieces,https://www.rj.com/en/info-and-tips/baggage-information/excess-baggage,,,https://www.rj.com/en/info-and-tips/conditions-of-carriage,,"conditions_of_carriage_url prefilled from Duffel refs; please verify.; Missing fields filled from buffertse/airline-data, which records official airline domains and deep links sourced from airline websites.",yes,yes,royal-jordanian-1740,https://raw.githubusercontent.com/buffertse/airline-data/main/data/airlines.csv; https://raw.githubusercontent.com/buffertse/airline-data/main/data/airline-links.csv
ruili-airlines,Ruili Airlines,DR,China,Low-cost,,,,https://rlair.net,,,,,,,,,"Missing fields filled from buffertse/airline-data, which records official airline domains and deep links sourced from airline websites.",no,yes,ruili-airlines-488,https://raw.githubusercontent.com/buffertse/airline-data/main/data/airlines.csv; https://raw.githubusercontent.com/buffertse/airline-data/main/data/airline-links.csv
rusline,RusLine,7R,Russia,Scheduled,,,,https://rusline.aero,,https://www.rusline.aero/en/read/faq/Bagazh_i_ruchnaya_klad,https://www.rusline.aero/en/read/faq/Bagazh_i_ruchnaya_klad,https://www.rusline.aero/en/read/faq/Bagazh_i_ruchnaya_klad,,,,,"Missing fields filled from buffertse/airline-data, which records official airline domains and deep links sourced from airline websites.",yes,yes,rusline-161,https://raw.githubusercontent.com/buffertse/airline-data/main/data/airlines.csv; https://raw.githubusercontent.com/buffertse/airline-data/main/data/airline-links.csv; https://raw.githubusercontent.com/buffertse/airline-data/main/derived/baggage-summary.csv
rwandair,RwandAir,WB,Rwanda,Scheduled,,,,https://www.rwandair.com,,https://www.rwandair.com/cn/checked-baggage,https://www.rwandair.com/cn/cabin-baggage,https://www.rwandair.com/cn/checked-baggage,,,https://www.rwandair.com/our-policies/terms-conditions-of-carriage/,,"conditions_of_carriage_url prefilled from Duffel refs; please verify.; Missing fields filled from buffertse/airline-data, which records official airline domains and deep links sourced from airline websites.",yes,yes,rwandair-1045,https://raw.githubusercontent.com/buffertse/airline-data/main/data/airlines.csv; https://raw.githubusercontent.com/buffertse/airline-data/main/data/airline-links.csv
s7-airlines,S7 Airlines,S7,Russia,Scheduled,,,,,,,,,,,,,,no,yes,,
safarilink-aviation,Safarilink Aviation,F2,Kenya,Scheduled,,,,,,,,,,,,,,no,yes,,
safi-airways,Safi Airways,4Q,Afghanistan,Scheduled,,,,,,,,,,,,,,yes,yes,,
samoa-airways,Samoa Airways,OL,Samoa,Scheduled,,,,https://www.samoaairways.com,,,,,,,https://www.samoaairways.com/flying-with-us/terms-and-conditions-of-carriage/,,conditions_of_carriage_url prefilled from Duffel refs; please verify.,no,yes,samoa-airways-1815,
sansa,SANSA,RZ,Costa Rica,Scheduled,,,,https://flysansa.com,,https://www.flysansa.com/travelinfo/baggage,https://www.flysansa.com/FAQs/frequent-questions-baggage,https://www.flysansa.com/travelinfo/baggage,,,,,"Missing fields filled from buffertse/airline-data, which records official airline domains and deep links sourced from airline websites.",yes,yes,sansa-756,https://raw.githubusercontent.com/buffertse/airline-data/main/data/airlines.csv; https://raw.githubusercontent.com/buffertse/airline-data/main/data/airline-links.csv; https://raw.githubusercontent.com/buffertse/airline-data/main/derived/baggage-summary.csv
sas-scandinavian,SAS Scandinavian,SK,Sweden,Scheduled,,,,https://www.flysas.com,,https://www.sas.se/reseinfo/bagage,https://www.flysas.com/en/travel-info/baggage/carry-on,https://www.flysas.com/en/legal-info/optional-services-fees/extra-baggage-fees,,,https://www.flysas.com/gb-en/legal-info/conditions-of-carriage/,,"conditions_of_carriage_url prefilled from Duffel refs; please verify.; Missing fields filled from buffertse/airline-data, which records official airline domains and deep links sourced from airline websites.",yes,no,sas,https://raw.githubusercontent.com/buffertse/airline-data/main/data/airlines.csv; https://raw.githubusercontent.com/buffertse/airline-data/main/data/airline-links.csv
sata-air-acores,SATA Air Acores,SP,Portugal,Scheduled,,,,,,,,,,,,,,yes,no,,
scat,SCAT,DV,Kazakhstan,Low-cost,,,,https://sundayairlines.kz,,https://new.sundayairlines.kz/kk/reference/baggage,https://sundayairlines.kz/en/reference/baggage,https://new.sundayairlines.kz/kk/reference/baggage,,,,,"Missing fields filled from buffertse/airline-data, which records official airline domains and deep links sourced from airline websites.",yes,no,sunday-airlines-734,https://raw.githubusercontent.com/buffertse/airline-data/main/data/airlines.csv; https://raw.githubusercontent.com/buffertse/airline-data/main/data/airline-links.csv; https://raw.githubusercontent.com/buffertse/airline-data/main/derived/baggage-summary.csv
sepehran-airlines,Sepehran Airlines,IS,Iran,Low-cost,,,,,,,,,,,,,,yes,no,,
serene-air,Serene Air,ER,Pakistan,Scheduled,,,,,,,,,,,,,,no,yes,,
severstal-air-company,Severstal Air Company,D2,Russia,Scheduled,,,,https://severstal-avia.ru,,,,,,,,,"Missing fields filled from buffertse/airline-data, which records official airline domains and deep links sourced from airline websites.",yes,yes,severstal-air-company-695,https://raw.githubusercontent.com/buffertse/airline-data/main/data/airlines.csv; https://raw.githubusercontent.com/buffertse/airline-data/main/data/airline-links.csv
shaheen-air,Shaheen Air,NL,Pakistan,Scheduled,,,,,,,,,,,,,,yes,no,,
shandong-airlines,Shandong Airlines,SC,China,Scheduled,,,,https://www.sda.cn,,,,,,,https://www.sda.cn/en/about/news/show/3195.html,,conditions_of_carriage_url prefilled from Duffel refs; please verify.,yes,no,,
shanghai-airlines,Shanghai Airlines,FM,China,Scheduled,,,,https://www.ceair.com,,,,,,,https://www.ceair.com/global/en_static/Announcement/TravelTips/dsGeneralCondition/shanghaiAirlinesLuggageRules/shdomesticRules/,,conditions_of_carriage_url prefilled from Duffel refs; please verify.,yes,no,,
shenzhen-airlines,Shenzhen Airlines,ZH,China,Scheduled,,,,https://www.shenzhenair.com,,https://globalpage.shenzhenair.com/zhair/cms/static/resources/images/doc/DomesticCarriageforPassengerAndBaggage_en.pdf,https://globalpage.shenzhenair.com/zhair/cms/static/resources/images/doc/DomesticCarriageforPassengerAndBaggage_en.pdf,https://globalpage.shenzhenair.com/zhair/cms/static/resources/images/doc/DomesticCarriageforPassengerAndBaggage_en.pdf,,,https://www.shenzhenair.com/szair_B2C/getStaticHtml.action?htmlName=termService,,"conditions_of_carriage_url prefilled from Duffel refs; please verify.; Missing fields filled from buffertse/airline-data, which records official airline domains and deep links sourced from airline websites.",yes,no,shenzhen-airlines-1825,https://raw.githubusercontent.com/buffertse/airline-data/main/data/airlines.csv; https://raw.githubusercontent.com/buffertse/airline-data/main/data/airline-links.csv
sichuan-airlines,Sichuan Airlines,3U,China,Scheduled,,,,https://sichuanair.com,,,,https://www.sichuanair.com/3uair/static/excel/EXCESSBAGGAGECHARGE_.xlsx,,,www.scal.com.cn,,"conditions_of_carriage_url prefilled from Duffel refs; please verify.; Missing fields filled from buffertse/airline-data, which records official airline domains and deep links sourced from airline websites.",yes,no,sichuan-airlines-930,https://raw.githubusercontent.com/buffertse/airline-data/main/data/airlines.csv; https://raw.githubusercontent.com/buffertse/airline-data/main/data/airline-links.csv
silkair,SilkAir,MI,Singapore,Scheduled,,,,,,,,,,,,,,yes,no,,
silver-airways,Silver Airways,3M,United States,Scheduled,,,,https://www.silverairways.com,,,,,,,https://www.silverairways.com/docs/default-source/legal-documents/silver-airways-contract-of-carriage-05oct2021.pdf?sfvrsn=b273701b_1,,conditions_of_carriage_url prefilled from Duffel refs; please verify.,yes,no,,
sky-airline,Sky Airline,H2,Chile,Low-cost,,,,https://www.skyairline.com,https://www.skyairline.com/support,https://www.skyairline.com/en/unitedstates/equipaje,https://www.skyairline.com/en/unitedstates/equipaje,https://www.skyairline.com/en/unitedstates/equipaje,,,https://www.skyairline.com/upload/Documents/Air_transport_contract.pdf,,"conditions_of_carriage_url prefilled from Duffel refs; please verify.; Missing fields filled from buffertse/airline-data, which records official airline domains and deep links sourced from airline websites.",yes,yes,sky-airline-403,https://raw.githubusercontent.com/buffertse/airline-data/main/data/airlines.csv; https://raw.githubusercontent.com/buffertse/airline-data/main/data/airline-links.csv
sky-airlines,Sky Airlines,ZY,Turkey,Scheduled,,,,https://skyairline.com,https://www.skyairline.com/support,https://www.skyairline.com/en/unitedstates/equipaje,https://www.skyairline.com/en/unitedstates/equipaje,https://www.skyairline.com/en/unitedstates/equipaje,,,,,"Missing fields filled from buffertse/airline-data, which records official airline domains and deep links sourced from airline websites.",yes,no,sky-airline-403,https://raw.githubusercontent.com/buffertse/airline-data/main/data/airlines.csv; https://raw.githubusercontent.com/buffertse/airline-data/main/data/airline-links.csv
sky-angkor-airlines,Sky Angkor Airlines,ZA,Cambodia,Scheduled,,,,,,,,,,,,,,yes,yes,,
skybahamas,SkyBahamas,Q7,Bahamas,Scheduled,,,,,,,,,,,,,,yes,no,,
skyjet-airlines,SkyJet Airlines,M8,Uganda,Scheduled,,,,,,,,,,,,,,no,yes,,
skymark-airlines,Skymark Airlines,BC,Japan,Low-cost,,,,,,,,,,,,,,yes,yes,,
skyup-airlines,SkyUp Airlines,PQ,Puerto Rico,Low-cost,,,,,,,,,,,,,,no,yes,,
skyward-airlines,Skyward Airlines,OW,Canada,Scheduled,,,,https://skywardairlines.co.ke,,https://www.skywardairlines.co.ke/baggage-policy,https://www.skywardairlines.co.ke/baggage-policy,https://www.skywardairlines.co.ke/baggage-policy,,,,,"Missing fields filled from buffertse/airline-data, which records official airline domains and deep links sourced from airline websites.",yes,no,skyward-airlines-857,https://raw.githubusercontent.com/buffertse/airline-data/main/data/airlines.csv; https://raw.githubusercontent.com/buffertse/airline-data/main/data/airline-links.csv
skywest-airlines,SkyWest Airlines,OO,Australia,Scheduled,,,,https://www.skywest.com,,,,,,,https://www.skywest.com/fly-skywest-airlines/customer-information#!contract-of-carriage,,conditions_of_carriage_url prefilled from Duffel refs; please verify.,yes,no,,
skywork-airlines,SkyWork Airlines,SX,Switzerland,Scheduled,,,,,,,,,,,,,,no,yes,,
smartavia,SmartAvia,5N,Russia,Scheduled,,,,,,,,,,,,,,no,yes,,
solaseed-air,Solaseed Air,6J,Japan,Low-cost,,,,,,,,,,,,,,yes,no,,
solomon-airlines,Solomon Airlines,IE,Solomon Islands,Scheduled,,,,https://www.flysolomons.com,,https://www.flysolomons.com/experience/baggage-information,https://www.flysolomons.com/experience/baggage-information,https://www.flysolomons.com/experience/baggage-information,,,https://www.flysolomons.com/bookings/conditions-of-carriage,,"conditions_of_carriage_url prefilled from Duffel refs; please verify.; Missing fields filled from buffertse/airline-data, which records official airline domains and deep links sourced from airline websites.",yes,no,solomon-airlines-588,https://raw.githubusercontent.com/buffertse/airline-data/main/data/airlines.csv; https://raw.githubusercontent.com/buffertse/airline-data/main/data/airline-links.csv; https://raw.githubusercontent.com/buffertse/airline-data/main/derived/baggage-summary.csv
somon-air,Somon Air,SZ,Tajikistan,Scheduled,,,,https://somonair.com,,https://somonair.com/en/baggage,https://somonair.com/en/baggage,https://somonair.com/en/baggage,,,,,"Missing fields filled from buffertse/airline-data, which records official airline domains and deep links sourced from airline websites.",yes,yes,somon-air-716,https://raw.githubusercontent.com/buffertse/airline-data/main/data/airlines.csv; https://raw.githubusercontent.com/buffertse/airline-data/main/data/airline-links.csv
sounds-air,Sounds Air,S8,South Africa,Scheduled,,,,,,,,,,,,,,no,yes,,
south-african-airways,South African Airways,SA,South Africa,Scheduled,,,,https://www.flysaa.com,,https://www.flysaa.com/manage-fly/baggage/checked-baggage,https://www.flysaa.com/manage-fly/baggage/hand-baggage,https://www.flysaa.com/manage-fly/baggage/optional-service-fees,,,https://www.flysaa.com/documents/51855150/126723733/Conditions+of+Carriage,,"conditions_of_carriage_url prefilled from Duffel refs; please verify.; Missing fields filled from buffertse/airline-data, which records official airline domains and deep links sourced from airline websites.",yes,no,south-african-airways-758,https://raw.githubusercontent.com/buffertse/airline-data/main/data/airlines.csv; https://raw.githubusercontent.com/buffertse/airline-data/main/data/airline-links.csv
southern-air,Southern Air,9R,United States,Scheduled,,,,,,,,,,,,,,yes,no,,
southern-airways-express,Southern Airways Express,9X,United States,Scheduled,,,,https://iflysouthern.com,,,,,,,https://iflysouthern.com/contract-of-carriage/,,conditions_of_carriage_url prefilled from Duffel refs; please verify.,yes,no,southern-airways-express-431,
southwest-airlines,Southwest Airlines,WN,United States,Low-cost,,,,https://www.southwest.com,https://support.southwest.com/helpcenter/s,https://support.southwest.com/helpcenter/s/article/checked-baggage-policy,https://espanol-support.southwest.com/helpcenter/s/article/carryon-baggage-policy,https://support.southwest.com/helpcenter/s/article/checked-baggage-policy,,,https://www.southwest.com/html/about-southwest/index.html?clk=GFOOTER-CONTRACT-OF-CARRIAGE#_tab_5,,"conditions_of_carriage_url prefilled from Duffel refs; please verify.; Missing fields filled from buffertse/airline-data, which records official airline domains and deep links sourced from airline websites.",yes,no,southwest,https://raw.githubusercontent.com/buffertse/airline-data/main/data/airlines.csv; https://raw.githubusercontent.com/buffertse/airline-data/main/data/airline-links.csv
spicejet,SpiceJet,SG,India,Low-cost,,,,https://sn2ag.com,,https://www.spicejet.com/baggage,https://corporate.spicejet.com/ExcessBaggage.aspx,https://www.spicejet.com/baggage,,,,,"Missing fields filled from buffertse/airline-data, which records official airline domains and deep links sourced from airline websites.",yes,no,spicejet-1809,https://raw.githubusercontent.com/buffertse/airline-data/main/data/airlines.csv; https://raw.githubusercontent.com/buffertse/airline-data/main/data/airline-links.csv; https://raw.githubusercontent.com/buffertse/airline-data/main/derived/baggage-summary.csv
spirit-airlines,Spirit Airlines,NK,United States,Low-cost,,,,https://content.spirit.com,,,,,,,https://content.spirit.com/Shared/en-us/Documents/Contract_of_Carriage.pdf,,conditions_of_carriage_url prefilled from Duffel refs; please verify.,yes,no,,
spring-japan,Spring Japan,IJ,Japan,Low-cost,,,,,,,,,,,,,,yes,yes,,
srilankan-airlines,SriLankan Airlines,UL,Sri Lanka,Scheduled,,,,https://www.srilankan.com,,https://www.srilankan.com/en_uk/plan-and-book/luggage,https://www.srilankan.com/en_uk/plan-and-book/luggage,https://www.srilankan.com/en_uk/plan-and-book/luggage,,,https://www.srilankan.com/Zh_cn/Corporate/conditions-of-carriage-for-passengers-and-baggage,,"conditions_of_carriage_url prefilled from Duffel refs; please verify.; Missing fields filled from buffertse/airline-data, which records official airline domains and deep links sourced from airline websites.",yes,no,srilankan-airlines-1757,https://raw.githubusercontent.com/buffertse/airline-data/main/data/airlines.csv; https://raw.githubusercontent.com/buffertse/airline-data/main/data/airline-links.csv; https://raw.githubusercontent.com/buffertse/airline-data/main/derived/baggage-summary.csv
sriwijaya-air,Sriwijaya Air,SJ,Indonesia,Scheduled,,,,,,,,,,,,,,yes,no,,
st-barth-commuter,St Barth Commuter,PV,France,Scheduled,,,,https://stbarthcommuter.com,,,,,,,,,"Missing fields filled from buffertse/airline-data, which records official airline domains and deep links sourced from airline websites.",no,yes,st-barth-commuter-579,https://raw.githubusercontent.com/buffertse/airline-data/main/data/airlines.csv; https://raw.githubusercontent.com/buffertse/airline-data/main/data/airline-links.csv
starbow,Starbow,S9,Ghana,Scheduled,,,,,,,,,,,,,,no,yes,,
starlux-airlines,STARLUX Airlines,JX,Singapore,Scheduled,,,,https://www.starlux-airlines.com,,https://www.starlux-airlines.com/en-ID/support/faq/baggage,https://www.starlux-airlines.com/en-ID/support/faq/baggage,https://www.starlux-airlines.com/en-ID/support/faq/baggage,,,https://www.starlux-airlines.com/en-TW/terms-conditions/conditions-of-carriage,,"conditions_of_carriage_url prefilled from Duffel refs; please verify.; Missing fields filled from buffertse/airline-data, which records official airline domains and deep links sourced from airline websites.",yes,no,starlux-airlines-883,https://raw.githubusercontent.com/buffertse/airline-data/main/data/airlines.csv; https://raw.githubusercontent.com/buffertse/airline-data/main/data/airline-links.csv
sudan-airways,Sudan Airways,SD,Sudan,Scheduled,,,,,,,,,,,,,,yes,yes,,
sun-air,SUN-AIR,ZU,Denmark,Scheduled,,,,,,,,,,,,,,yes,no,,
sun-country-airlines,Sun Country Airlines,SY,United States,Low-cost,,,,https://assets.ctfassets.net,https://www.suncountry.com/help-center/bags-and-seats,,,,,,https://assets.ctfassets.net/2aov1ouggrmn/1oeBYihGf7m9y7W0WFcdfo/89f1754fcef67eb7da26286f019604d0/Contract_of_Carriage_Update_-_06182021.pdf,,"conditions_of_carriage_url prefilled from Duffel refs; please verify.; Missing fields filled from buffertse/airline-data, which records official airline domains and deep links sourced from airline websites.",no,yes,sun-country-airlines-1773,https://raw.githubusercontent.com/buffertse/airline-data/main/data/airlines.csv; https://raw.githubusercontent.com/buffertse/airline-data/main/data/airline-links.csv
sunclass-airlines,Sunclass Airlines,DK,Denmark,Scheduled,,,,https://no.sunclassairlines.dk,,,,,,,,,"Missing fields filled from buffertse/airline-data, which records official airline domains and deep links sourced from airline websites.",yes,yes,sunclass-airlines-235,https://raw.githubusercontent.com/buffertse/airline-data/main/data/airlines.csv; https://raw.githubusercontent.com/buffertse/airline-data/main/data/airline-links.csv
sundair,SundAir,SR,Germany,Scheduled,,,,https://sundair.com,,https://www.sundair.com/infos-luggage,https://www.sundair.com/infos-luggage,https://www.sundair.com/infos-luggage,,,,,"Missing fields filled from buffertse/airline-data, which records official airline domains and deep links sourced from airline websites.",yes,yes,sundair-873,https://raw.githubusercontent.com/buffertse/airline-data/main/data/airlines.csv; https://raw.githubusercontent.com/buffertse/airline-data/main/data/airline-links.csv
sunexpress,SunExpress,XQ,Turkey,Low-cost,,,,https://www.sunexpress.com,,https://www.sunexpress.com/en-gb/information/luggage-info/checked-baggage,https://www.sunexpress.com/en-gb/information/luggage-info/hand-baggage,https://www.sunexpress.com/en-gb/information/luggage-info/checked-baggage,,,https://www.sunexpress.com/en/terms-conditions-sunexpress/,,"conditions_of_carriage_url prefilled from Duffel refs; please verify.; Missing fields filled from buffertse/airline-data, which records official airline domains and deep links sourced from airline websites.",yes,yes,sunexpress-158,https://raw.githubusercontent.com/buffertse/airline-data/main/data/airlines.csv; https://raw.githubusercontent.com/buffertse/airline-data/main/data/airline-links.csv
sunexpress-deutschland,SunExpress Deutschland,XG,Germany,Low-cost,,,,,,,,,,,,,,yes,no,,
sunrise-airways,Sunrise Airways,S6,Haiti,Scheduled,,,,https://mccallaviation.com,,https://www.sunriseairways.net/kre/checked-baggage,https://www.sunriseairways.net/kre/carry-on-baggage,https://www.sunriseairways.net/kre/checked-baggage,,,,,"Missing fields filled from buffertse/airline-data, which records official airline domains and deep links sourced from airline websites.",yes,yes,sunrise-airways-1673,https://raw.githubusercontent.com/buffertse/airline-data/main/data/airlines.csv; https://raw.githubusercontent.com/buffertse/airline-data/main/data/airline-links.csv
sunwing-airlines,Sunwing Airlines,WG,Canada,Low-cost,,,,https://www.sunwing.ca,,,,,,,https://www.sunwing.ca/en/sunwing-airlines/conditions-of-contract,,conditions_of_carriage_url prefilled from Duffel refs; please verify.,yes,yes,,
suparna-airlines,Suparna Airlines,Y8,People's Republic of China,Scheduled,,,,,,,,,,,,,,yes,yes,,
surinam-airways,Surinam Airways,PY,Suriname,Scheduled,,,,,,,,,,,,,,yes,yes,,
swoop,Swoop,WO,Canada,Low-cost,,,,,,,,,,,,,,yes,yes,,
sylt-air-gmbh,Sylt Air GmbH,7E,Germany,Scheduled,,,,https://syltair.eu,,,,,,,,,"Missing fields filled from buffertse/airline-data, which records official airline domains and deep links sourced from airline websites.",yes,no,sylt-air-966,https://raw.githubusercontent.com/buffertse/airline-data/main/data/airlines.csv; https://raw.githubusercontent.com/buffertse/airline-data/main/data/airline-links.csv
syrianair,SyrianAir,RB,Syria,Scheduled,,,,https://syrian-airlines.net,,,,,,,,,"Missing fields filled from buffertse/airline-data, which records official airline domains and deep links sourced from airline websites.",no,yes,syrian-air-1765,https://raw.githubusercontent.com/buffertse/airline-data/main/data/airlines.csv; https://raw.githubusercontent.com/buffertse/airline-data/main/data/airline-links.csv
taag-angola,TAAG Angola,DT,Angola,Scheduled,,,,http://www.taag.com,,,,,,,http://www.taag.com/en/Taag/Conditions-of-Carriage,,conditions_of_carriage_url prefilled from Duffel refs; please verify.,yes,yes,,
tag-airlines,TAG Airlines,5U,Switzerland,Scheduled,,,,,,,,,,,,,,no,yes,,
tailwind-airlines,Tailwind Airlines,TI,Turkey,Scheduled,,,,,,,,,,,,,,yes,yes,,
tajik-air,Tajik Air,7J,Tajikistan,Scheduled,,,,https://tajikair.tj,,https://www.tajikair.tj/baggage.html,https://www.tajikair.tj/baggage.html,https://www.tajikair.tj/baggage.html,,,,,"Missing fields filled from buffertse/airline-data, which records official airline domains and deep links sourced from airline websites.",yes,yes,tajik-air-1347,https://raw.githubusercontent.com/buffertse/airline-data/main/data/airlines.csv; https://raw.githubusercontent.com/buffertse/airline-data/main/data/airline-links.csv
tame,TAME,EQ,Ecuador,Scheduled,,,,,,,,,,,,,,yes,no,,
tandem-aero,Tandem Aero,TQ,Moldova,Scheduled,,,,,,,,,,,,,,yes,no,,
tap-air-portugal,TAP Air Portugal,TP,Portugal,Scheduled,,,,https://www.flytap.com,,https://www.flytap.com/en-at/information/baggage/hold-baggage,https://www.flytap.com/en-cv/baggage/hand-baggage,https://www.flytap.com/en-at/information/baggage/hold-baggage,,,https://www.flytap.com/en-gb/transport-conditions?accordionid=1,,"conditions_of_carriage_url prefilled from Duffel refs; please verify.; Missing fields filled from buffertse/airline-data, which records official airline domains and deep links sourced from airline websites.",yes,yes,tap-air-portugal-707,https://raw.githubusercontent.com/buffertse/airline-data/main/data/airlines.csv; https://raw.githubusercontent.com/buffertse/airline-data/main/data/airline-links.csv
taquan-air,Taquan Air,K3,United States,Scheduled,,,,https://taquanair.com,,,,,,,,,"Missing fields filled from buffertse/airline-data, which records official airline domains and deep links sourced from airline websites.",yes,no,taquan-air-1104,https://raw.githubusercontent.com/buffertse/airline-data/main/data/airlines.csv; https://raw.githubusercontent.com/buffertse/airline-data/main/data/airline-links.csv
tar-aerolineas,TAR Aerolíneas,YQ,Mexico,Scheduled,,,,,,,,,,,,,,no,yes,,
tarco-aviation,Tarco Aviation,3T,Sudan,Scheduled,,,,,,,,,,,,,,yes,no,,
tarom,Tarom,RO,Romania,Scheduled,,,,https://www.tarom.ro,,https://www.tarom.ro/en/passenger-information/baggage/checked-baggage,https://www.tarom.ro/en/passenger-information/baggage/hand-baggage,https://www.tarom.ro/en/passenger-information/baggage/checked-baggage,,,https://www.tarom.ro/en/travelling-terms-and-conditions,,"conditions_of_carriage_url prefilled from Duffel refs; please verify.; Missing fields filled from buffertse/airline-data, which records official airline domains and deep links sourced from airline websites.",no,yes,q240656-792,https://raw.githubusercontent.com/buffertse/airline-data/main/data/airlines.csv; https://raw.githubusercontent.com/buffertse/airline-data/main/data/airline-links.csv
tatarstan-airlines,Tatarstan Airlines,U9,Russia,Scheduled,,,,,,,,,,,,,,yes,no,,
thai-airasia-x,Thai AirAsia X,XJ,Thailand,Low-cost,,,,,,,,,,,,,,yes,yes,,
thai-lion-air,Thai Lion Air,SL,Thailand,Low-cost,,,,https://lionairthai.com,,https://www.lionairthai.com/cn/en/Extra-Services/Lion-Baggage,https://www.lionairthai.com/cn/en/Extra-Services/Lion-Baggage,https://www.lionairthai.com/cn/en/Extra-Services/Lion-Baggage,,,,,"Missing fields filled from buffertse/airline-data, which records official airline domains and deep links sourced from airline websites.",yes,yes,thai-lion-air-445,https://raw.githubusercontent.com/buffertse/airline-data/main/data/airlines.csv; https://raw.githubusercontent.com/buffertse/airline-data/main/data/airline-links.csv
thai-smile,THAI Smile,WE,Thailand,Low-cost,,,,https://www.thaismileair.com,,,,,,,https://www.thaismileair.com/en/Terms-and-Conditions,,conditions_of_carriage_url prefilled from Duffel refs; please verify.,yes,yes,,
thai-vietjet-air,Thai Vietjet Air,VZ,Thailand,Low-cost,,,,https://vietjetair.com,,https://www.vietjetair.com/en/FAQ/baggage-1599453547698,https://seo.vietjetair.com/en/pages/to-have-a-good-flight-1599448842652/baggage-service-1608369253127,https://www.vietjetair.com/en/FAQ/baggage-1599453547698,,,,,"Missing fields filled from buffertse/airline-data, which records official airline domains and deep links sourced from airline websites.",yes,no,thai-vietjet-air-786,https://raw.githubusercontent.com/buffertse/airline-data/main/data/airlines.csv; https://raw.githubusercontent.com/buffertse/airline-data/main/data/airline-links.csv; https://raw.githubusercontent.com/buffertse/airline-data/main/derived/baggage-summary.csv
thomas-cook-airlines,Thomas Cook Airlines,MT,Belgium,Scheduled,,,,https://maltamedair.com,,,,,,,https://maltamedair.com/general-conditions-of-carriage/,,conditions_of_carriage_url prefilled from Duffel refs; please verify.,yes,no,,
thomas-cook-airlines-belgium,Thomas Cook Airlines Belgium,HQ,Belgium,Scheduled,,,,,,,,,,,,,,yes,no,,
tianjin-airlines,Tianjin Airlines,GS,China,Scheduled,,,,https://tianjin-air.com,,,,,,,,,"Missing fields filled from buffertse/airline-data, which records official airline domains and deep links sourced from airline websites.",yes,no,tianjin-airlines-409,https://raw.githubusercontent.com/buffertse/airline-data/main/data/airlines.csv; https://raw.githubusercontent.com/buffertse/airline-data/main/data/airline-links.csv
tigerair-mandala,Tigerair Mandala,RI,Indonesia,Scheduled,,,,,,,,,,,,,,yes,no,,
titan-airways-limited,Titan Airways Limited,ZT,United Kingdom,Scheduled,,,,https://titan-airways.com,,https://www.titan-airways.com/passenger/travel-information/baggage/hold-baggage,https://www.titan-airways.com/passenger/travel-information/baggage/hold-baggage,https://www.titan-airways.com/passenger/travel-information/baggage/hold-baggage,,,https://www.titan-airways.com/passenger/conditions-of-carriage,,"Missing fields filled from buffertse/airline-data, which records official airline domains and deep links sourced from airline websites.",yes,no,titan-airways-465,https://raw.githubusercontent.com/buffertse/airline-data/main/data/airlines.csv; https://raw.githubusercontent.com/buffertse/airline-data/main/data/airline-links.csv
trade-air,Trade Air,C3,Croatia,Scheduled,,,,https://trade-air.com,,https://www.trade-air.com/passengers/luggage-information,https://www.trade-air.com/passengers/luggage-information,https://www.trade-air.com/passengers/luggage-information,,,,,"Missing fields filled from buffertse/airline-data, which records official airline domains and deep links sourced from airline websites.",yes,no,trade-air-456,https://raw.githubusercontent.com/buffertse/airline-data/main/data/airlines.csv; https://raw.githubusercontent.com/buffertse/airline-data/main/data/airline-links.csv
tradewind-aviation,Tradewind Aviation,TJ,United States,Scheduled,,,,https://s3.amazonaws.com,,https://www.flytradewind.com/luggage-policy,https://www.flytradewind.com/luggage-policy,https://www.flytradewind.com/luggage-policy,,,https://s3.amazonaws.com/uploads.flytradewind.com/app/uploads/2021/08/08145706/Tradewind-Aviation-Contract-of-Carriage.pdf,,"conditions_of_carriage_url prefilled from Duffel refs; please verify.; Missing fields filled from buffertse/airline-data, which records official airline domains and deep links sourced from airline websites.",no,yes,tradewind-aviation-519,https://raw.githubusercontent.com/buffertse/airline-data/main/data/airlines.csv; https://raw.githubusercontent.com/buffertse/airline-data/main/data/airline-links.csv; https://raw.githubusercontent.com/buffertse/airline-data/main/derived/baggage-summary.csv
transavia-france,Transavia France,TO,France,Low-cost,,,,https://www.transavia.com,,,,,,,https://www.transavia.com/en-UK/conditions/conditions-of-carriage/,,conditions_of_carriage_url prefilled from Duffel refs; please verify.,yes,no,,
transnusa,Transnusa,8B,Indonesia,Scheduled,,,,,,,,,,,,,,no,yes,,
trigana-air-service,Trigana Air Service,IL,Indonesia,Scheduled,,,,https://trigana-air.com,,,,,,,,,"Missing fields filled from buffertse/airline-data, which records official airline domains and deep links sourced from airline websites.",yes,no,trigana-air-service-759,https://raw.githubusercontent.com/buffertse/airline-data/main/data/airlines.csv; https://raw.githubusercontent.com/buffertse/airline-data/main/data/airline-links.csv
trip-linhas-aereas,TRIP Linhas Aéreas,T4,Brazil,Scheduled,,,,,,,,,,,,,,yes,no,,
tui-fly-deutschland,TUI fly Deutschland,X3,Germany,Scheduled,,,,,,,,,,,,,,yes,no,,
tunisair,Tunisair,TU,Tunisia,Scheduled,,,,http://www.tunisair.com,,https://www.tunisair.com/en/guide-utilisateur/prepare-your-luggage,https://www.tunisair.com/en/guide-utilisateur/prepare-your-luggage,https://www.tunisair.com/en/guide-utilisateur/prepare-your-luggage,,,http://www.tunisair.com/site/publish/module/cgt/cgt.asp,,"conditions_of_carriage_url prefilled from Duffel refs; please verify.; Missing fields filled from buffertse/airline-data, which records official airline domains and deep links sourced from airline websites.",yes,no,tunisair-1567,https://raw.githubusercontent.com/buffertse/airline-data/main/data/airlines.csv; https://raw.githubusercontent.com/buffertse/airline-data/main/data/airline-links.csv
tunisair-express,Tunisair Express,UG,Tunisia,Scheduled,,,,https://tunisairexpress.net,,https://www.tunisairexpress.net/en/checked-baggage,https://www.tunisairexpress.net/en/checked-baggage,https://www.tunisairexpress.net/en/checked-baggage,,,,,"Missing fields filled from buffertse/airline-data, which records official airline domains and deep links sourced from airline websites.",yes,no,tunisair-express-1370,https://raw.githubusercontent.com/buffertse/airline-data/main/data/airlines.csv; https://raw.githubusercontent.com/buffertse/airline-data/main/data/airline-links.csv
turkmenistan-airlines,Turkmenistan Airlines,T5,Turkmenistan,Scheduled,,,,https://turkmenistanairlines.tm,,,,,,,,,"Missing fields filled from buffertse/airline-data, which records official airline domains and deep links sourced from airline websites.",yes,no,turkmenistan-airlines-1718,https://raw.githubusercontent.com/buffertse/airline-data/main/data/airlines.csv; https://raw.githubusercontent.com/buffertse/airline-data/main/data/airline-links.csv
tway-air,T'way Air,TW,South Korea,Low-cost,,,,,,,,,,,,,,yes,no,,
uls-airlines-cargo,ULS Airlines Cargo,GO,Turkey,Scheduled,,,,https://airghana.com,,,,,,,,,"Missing fields filled from buffertse/airline-data, which records official airline domains and deep links sourced from airline websites.",yes,no,uls-airlines-cargo-777,https://raw.githubusercontent.com/buffertse/airline-data/main/data/airlines.csv; https://raw.githubusercontent.com/buffertse/airline-data/main/data/airline-links.csv
uni-air,Uni Air,B7,Taiwan,Scheduled,,,,https://www.uniair.com.tw,,,,,,,https://www.uniair.com.tw/rwd/download/UNI%20%20Conditions%20of%20Carriage_en-US.pdf,,conditions_of_carriage_url prefilled from Duffel refs; please verify.,yes,yes,uni-air-1575,
uni-top-airlines,Uni-Top Airlines,UW,,Scheduled,,,,,,,,,,,,,,yes,no,,
united-airlines,United Airlines,UA,United States,Scheduled,,,,https://www.united.com,,https://www.united.com/de/de/fly/baggage/checked-bags.html,https://www.united.com/de/de/fly/baggage/checked-bags.html,https://www.united.com/de/de/fly/baggage/checked-bags.html,,,https://www.united.com/ual/en/GB/fly/contract.html,,"conditions_of_carriage_url prefilled from Duffel refs; please verify.; Missing fields filled from buffertse/airline-data, which records official airline domains and deep links sourced from airline websites.",yes,yes,united-airlines-556,https://raw.githubusercontent.com/buffertse/airline-data/main/data/airlines.csv; https://raw.githubusercontent.com/buffertse/airline-data/main/data/airline-links.csv
ural-airlines,Ural Airlines,U6,Russia,Scheduled,,,,https://www.uralairlines.ru,,https://www.uralairlines.ru/en/rules/sverkhnormativnyy-bagazh,https://www.uralairlines.ru/en/rules/sverkhnormativnyy-bagazh,https://www.uralairlines.ru/en/rules/sverkhnormativnyy-bagazh,,,https://www.uralairlines.ru/en/rules/dogovor-perevozki/,,"conditions_of_carriage_url prefilled from Duffel refs; please verify.; Missing fields filled from buffertse/airline-data, which records official airline domains and deep links sourced from airline websites.",yes,yes,ural-airlines-1440,https://raw.githubusercontent.com/buffertse/airline-data/main/data/airlines.csv; https://raw.githubusercontent.com/buffertse/airline-data/main/data/airline-links.csv; https://raw.githubusercontent.com/buffertse/airline-data/main/derived/baggage-summary.csv
urumqi-air,Urumqi Air,UQ,Uganda,Scheduled,,,,http://www.urumqi-air.com,,,,,,,"http://www.urumqi-air.com/air-pc/doc/Urumqi%20Airlines%20Co.,%20Ltd.%20General%20Conditions%20of%20International%20Carriage%20for%20Passengers%20and%20Baggage.pdf",,conditions_of_carriage_url prefilled from Duffel refs; please verify.,yes,no,urumqi-air-575,
us-bangla-airlines,US-Bangla Airlines,BS,Bangladesh,Scheduled,,,,https://us-bangla.com,,https://us-bangla.com/your-baggage-info,https://us-bangla.com/your-baggage-info,https://us-bangla.com/your-baggage-info,,,,,"Missing fields filled from buffertse/airline-data, which records official airline domains and deep links sourced from airline websites.",yes,no,us-bangla-airlines-542,https://raw.githubusercontent.com/buffertse/airline-data/main/data/airlines.csv; https://raw.githubusercontent.com/buffertse/airline-data/main/data/airline-links.csv
uzbekistan-airways,Uzbekistan Airways,HY,Uzbekistan,Scheduled,,,,http://uzbekistan-airlines.de,,https://www.uzairways.com/en/baggage,https://www.uzairways.com/en/baggage,https://www.uzairways.com/en/baggage,,,http://uzbekistan-airlines.de/en/?page_id=89,,"conditions_of_carriage_url prefilled from Duffel refs; please verify.; Missing fields filled from buffertse/airline-data, which records official airline domains and deep links sourced from airline websites.",yes,yes,uzbekistan-airways-1469,https://raw.githubusercontent.com/buffertse/airline-data/main/data/airlines.csv; https://raw.githubusercontent.com/buffertse/airline-data/main/data/airline-links.csv
valuejet,ValueJet,VK,Nigeria,Low-cost,,,,https://flyvaluejet.com,https://www.flyvaluejet.com/help/faqs,,,,,,,,"Missing fields filled from buffertse/airline-data, which records official airline domains and deep links sourced from airline websites.",yes,no,valuejet-205,https://raw.githubusercontent.com/buffertse/airline-data/main/data/airlines.csv; https://raw.githubusercontent.com/buffertse/airline-data/main/data/airline-links.csv
vieques-air-link,Vieques Air Link,V4,United States,Scheduled,,,,https://viequesairlink.com,,https://viequesairlink.com/baggage-policy,https://viequesairlink.com/baggage-policy,https://viequesairlink.com/baggage-policy,,,,,"Missing fields filled from buffertse/airline-data, which records official airline domains and deep links sourced from airline websites.",yes,no,vieques-air-link-1711,https://raw.githubusercontent.com/buffertse/airline-data/main/data/airlines.csv; https://raw.githubusercontent.com/buffertse/airline-data/main/data/airline-links.csv
vim-airlines,VIM Airlines,NN,Russia,Scheduled,,,,,,,,,,,,,,yes,yes,,
virgin-america,Virgin America,VX,United States,Low-cost,,,,,,,,,,,,,,yes,yes,,
vistara,Vistara,UK,India,Scheduled,,,,https://www.airvistara.com,,,,,,,https://www.airvistara.com/gb/en/terms-and-conditions,,conditions_of_carriage_url prefilled from Duffel refs; please verify.,yes,no,,
viva-aerobus,Viva Aerobus,VB,Mexico,Low-cost,,,,https://vivaaerobus.com,,https://blog.vivaaerobus.com/medidas-equipaje-articulos,https://blog.vivaaerobus.com/medidas-equipaje-articulos,https://blog.vivaaerobus.com/medidas-equipaje-articulos,,,,,"Missing fields filled from buffertse/airline-data, which records official airline domains and deep links sourced from airline websites.",yes,yes,viva-1717,https://raw.githubusercontent.com/buffertse/airline-data/main/data/airlines.csv; https://raw.githubusercontent.com/buffertse/airline-data/main/data/airline-links.csv
viva-air-colombia,Viva Air Colombia,VH,Colombia,Low-cost,,,,https://www.vivaair.com,,,,,,,https://www.vivaair.com/co/en/legal-information_terms-and-conditions,,conditions_of_carriage_url prefilled from Duffel refs; please verify.,no,yes,,
vladivostok-air,Vladivostok Air,XF,Russia,Scheduled,,,,,,,,,,,,,,yes,no,,
vlm-airlines,VLM Airlines,VG,Belgium,Scheduled,,,,,,,,,,,,,,yes,no,,
voepass-linhas-aereas,VOEPASS Linhas Aéreas,2Z,Brazil,Scheduled,,,,,,,,,,,,,,yes,no,,
volaris,Volaris,Y4,Mexico,Low-cost,,,,https://cms.volaris.com,,https://cms.volaris.com/en/useful-information/baggage/checked-baggage/checked-baggage,https://cms.volaris.com/en/cabin-baggage,https://cms.volaris.com/en/useful-information/baggage/checked-baggage/checked-baggage,,,https://cms.volaris.com/globalassets/pdfs/eng/contract-carriage-domestic-int-q6.pdf,,"conditions_of_carriage_url prefilled from Duffel refs; please verify.; Missing fields filled from buffertse/airline-data, which records official airline domains and deep links sourced from airline websites.",yes,yes,volaris-1209,https://raw.githubusercontent.com/buffertse/airline-data/main/data/airlines.csv; https://raw.githubusercontent.com/buffertse/airline-data/main/data/airline-links.csv
volga-dnepr-airlines,Volga-Dnepr Airlines,VI,Russia,Scheduled,,,,https://volga-dnepr.com,https://volga-dnepr.com/about/contacts,,,,,,,,"Missing fields filled from buffertse/airline-data, which records official airline domains and deep links sourced from airline websites.",yes,no,volga-dnepr-airlines-1675,https://raw.githubusercontent.com/buffertse/airline-data/main/data/airlines.csv; https://raw.githubusercontent.com/buffertse/airline-data/main/data/airline-links.csv
volotea,Volotea,V7,Spain,Low-cost,,,,https://www.volotea.com,,https://www.volotea.com/en/baggage,https://partners.volotea.com/en/tags_agencies/hand-baggage,https://www.volotea.com/en/flights-faq/before-flying/luggage/which-luggage-is-included-in-the-price-of-the-ticket--106,,,https://www.volotea.com/en/legal-conditions/conditions-of-carriage/,,"conditions_of_carriage_url prefilled from Duffel refs; please verify.; Missing fields filled from buffertse/airline-data, which records official airline domains and deep links sourced from airline websites.",no,yes,volotea-767,https://raw.githubusercontent.com/buffertse/airline-data/main/data/airlines.csv; https://raw.githubusercontent.com/buffertse/airline-data/main/data/airline-links.csv
wamos-air,Wamos Air,EB,Spain,Scheduled,,,,https://wamosair.com,,,,,,,,,"Missing fields filled from buffertse/airline-data, which records official airline domains and deep links sourced from airline websites.",yes,no,wamos-air-243,https://raw.githubusercontent.com/buffertse/airline-data/main/data/airlines.csv; https://raw.githubusercontent.com/buffertse/airline-data/main/data/airline-links.csv
warbelows-air,Warbelows Air,4W,Nigeria,Scheduled,,,,,,,,,,,,,,yes,no,,
west-air,West Air,PN,China,Low-cost,,,,,,,,,,,,,,yes,yes,,
westjet-encore,WestJet Encore,WR,Canada,Low-cost,,,,,,,,,,,,,,yes,no,,
white-airways,White Airways,WI,Portugal,Scheduled,,,,,,,,,,,,,,yes,no,,
wideroe,Widerøe,WF,Norway,Scheduled,,,,,,,,,,,,,,yes,yes,,
winair,Winair,WM,United States,Scheduled,,,,https://fly-winair.sx,,,,,,,,,"Missing fields filled from buffertse/airline-data, which records official airline domains and deep links sourced from airline websites.",yes,yes,winair-119,https://raw.githubusercontent.com/buffertse/airline-data/main/data/airlines.csv; https://raw.githubusercontent.com/buffertse/airline-data/main/data/airline-links.csv
windrose-airlines,Windrose Airlines,7W,Ukraine,Scheduled,,,,https://windrose.aero,,https://windrose.aero/en/prepare_for_flight/baggage/checked_baggage,https://windrose.aero/en/prepare_for_flight/baggage/hand_luggage,https://windrose.aero/en/prepare_for_flight/baggage/checked_baggage,,,https://windrose.aero/en/prepare_for_flight/prepare/rules/,,"conditions_of_carriage_url prefilled from Duffel refs; please verify.; Missing fields filled from buffertse/airline-data, which records official airline domains and deep links sourced from airline websites.",yes,no,windrose-airlines-15,https://raw.githubusercontent.com/buffertse/airline-data/main/data/airlines.csv; https://raw.githubusercontent.com/buffertse/airline-data/main/data/airline-links.csv; https://raw.githubusercontent.com/buffertse/airline-data/main/derived/baggage-summary.csv
wow-air,WOW Air,WW,Iceland,Low-cost,,,,,,,,,,,,,,yes,no,,
xiamen-airlines,Xiamen Airlines,MF,China,Scheduled,,,,https://www.xiamenair.com,,https://www.xiamenair.com/brandnew_EN/travel-ground-baggage.html,https://www.xiamenair.com/brandnew_EN/travel-ground-baggage.html,https://www.xiamenair.com/brandnew_EN/travel-ground-baggage.html,,,https://www.xiamenair.com/brandnew_EN/travel-transport-condition.html,,"conditions_of_carriage_url prefilled from Duffel refs; please verify.; Missing fields filled from buffertse/airline-data, which records official airline domains and deep links sourced from airline websites.",yes,yes,xiamen-airlines-438,https://raw.githubusercontent.com/buffertse/airline-data/main/data/airlines.csv; https://raw.githubusercontent.com/buffertse/airline-data/main/data/airline-links.csv
yakutia-airlines,Yakutia Airlines,R3,Russia,Scheduled,,,,,,,,,,,,,,yes,no,,
yamal-airlines,Yamal Airlines,YC,Russia,Scheduled,,,,https://yamal.aero,,,,,,,https://yamal.aero/passengers/,,conditions_of_carriage_url prefilled from Duffel refs; please verify.,yes,yes,,
yemenia,Yemenia,IY,Yemen,Scheduled,,,,https://yemenia.com,,,,,,,,,"Missing fields filled from buffertse/airline-data, which records official airline domains and deep links sourced from airline websites.",yes,yes,yemenia-1534,https://raw.githubusercontent.com/buffertse/airline-data/main/data/airlines.csv; https://raw.githubusercontent.com/buffertse/airline-data/main/data/airline-links.csv
yeti-airlines,Yeti Airlines,YT,Nepal,Scheduled,,,,https://yetiairlines.com,,,,https://yetiairlines.com/content/extra-baggage-charges,,,,,"Missing fields filled from buffertse/airline-data, which records official airline domains and deep links sourced from airline websites.",yes,yes,yeti-airlines-439,https://raw.githubusercontent.com/buffertse/airline-data/main/data/airlines.csv; https://raw.githubusercontent.com/buffertse/airline-data/main/data/airline-links.csv
zimex-aviation,Zimex Aviation,XM,Switzerland,Scheduled,,,,,,,,,,,,,,yes,no,,
