issues,status,type,words,titleLen,descLen,h1,url,title,description,canonical
"","200","home","1417","57","118","1","https://www.originfacts.com","Originfacts — The facts behind every place worth visiting","The facts behind every place worth visiting — plus the latest on flights, hotels, airlines, airports and destinations.","https://www.originfacts.com"
"","200","static","1186","31","153","1","https://www.originfacts.com/about","About Originfacts · Originfacts","Originfacts is a travel blog about the facts of origins — the cultures, histories, and stories behind destinations — alongside the latest travel info on…","https://www.originfacts.com/about"
"thin","200","static","267","33","123","1","https://www.originfacts.com/contact","Contact Originfacts · Originfacts","Get in touch about Originfacts — support, privacy, cookies, accessibility, affiliate enquiries, or user content complaints.","https://www.originfacts.com/contact"
"short_description","200","static","769","25","71","1","https://www.originfacts.com/all-articles","All stories · Originfacts","Every travel guide, flight hack, and hotel review we&#x27;ve published.","https://www.originfacts.com/all-articles"
"","200","static","535","86","117","1","https://www.originfacts.com/destinations","Destination Directory — Browse Cities, Countries & Regions | OriginFacts · Originfacts","Every place we&#x27;ve written about — continents, countries, and cities worth your time. Search, filter, and browse.","https://www.originfacts.com/destinations"
"","200","static","1592","64","142","1","https://www.originfacts.com/flight-search","Cheap Flight Search | Compare Airline Fares Online · Originfacts","Compare cheap flights from hundreds of airlines and travel sites, check flexible dates, browse popular routes, and plan hotels near your trip.","https://www.originfacts.com/flight-search"
"","200","static","1222","37","116","1","https://www.originfacts.com/flight-routes","Flight Routes Directory · Originfacts","Every route we track — searchable by origin, destination, IATA code, or country. Carriers, flight time, and booking.","https://www.originfacts.com/flight-routes"
"","200","static","554","81","124","1","https://www.originfacts.com/airlines","Airline Directory — Search Carriers & Verified Guides | OriginFacts · Originfacts","A searchable directory of airlines worldwide — IATA codes, hubs, and details for scheduled, low-cost, and regional carriers.","https://www.originfacts.com/airlines"
"","200","static","1169","42","105","1","https://www.originfacts.com/countries","Countries — travel directory · Originfacts","Browse countries with commercial air service — ISO codes, airport counts, cities, and regional groupings.","https://www.originfacts.com/countries"
"","200","static","17106","22","128","1","https://www.originfacts.com/sitemap","Site Map · Originfacts","A complete index of every page on Originfacts — articles, destinations, airlines, airports, countries, categories, and policies.","https://www.originfacts.com"
"","200","category","761","26","154","1","https://www.originfacts.com/category/destinations","Destinations · Originfacts","Field-tested guides to cities, regions, and out-of-the-way corners worth the flight — the kind of places that earn a second visit. Expect honest takes on…","https://www.originfacts.com/category/destinations"
"","200","category","889","21","152","1","https://www.originfacts.com/category/flights","Flights · Originfacts","Everything we know about paying less for a seat in the air — from the search habits that surface the cheapest fares to the routing tricks (mixed cabins…","https://www.originfacts.com/category/flights"
"","200","category","746","20","150","1","https://www.originfacts.com/category/hotels","Hotels · Originfacts","Honest, walked-the-halls reviews of hotels we actually slept in — boutique finds, design-led independents, the dependable city standbys, and the rare…","https://www.originfacts.com/category/hotels"
"long_description","200","category","765","25","166","1","https://www.originfacts.com/category/car-rentals","Car Rentals · Originfacts","Renting a car has more landmines than booking a flight: airport surcharges, fuel policies that punish honesty, &quot;free upgrades&quot; that aren&#x27;t, and damage…","https://www.originfacts.com/category/car-rentals"
"","200","category","757","25","147","1","https://www.originfacts.com/category/travel-tips","Travel Tips · Originfacts","The small moves that make travel dramatically easier — packing systems that actually compress, gear that justifies the carry-on space, the airport…","https://www.originfacts.com/category/travel-tips"
"long_title","200","article","1449","66","151","1","https://www.originfacts.com/articles/perfect-day-ayutthaya-avoid-crowds","How to Visit Ayutthaya Without the Crowds in One Day · Originfacts","Start early, skip the tour buses, and bike to the temples most visitors miss. A practical, crowd-free one-day guide to Ayutthaya from Bangkok by train.","https://www.originfacts.com/articles/perfect-day-ayutthaya-avoid-crowds"
"","200","article","1624","63","149","1","https://www.originfacts.com/articles/top-boutique-hotels-ayutthaya-2026","Best Boutique Hotels in Ayutthaya to Book in 2026 · Originfacts","Skip the day trip. These boutique hotels in Ayutthaya put you steps from ancient ruins at $40–$180/night. Our honest 2026 guide covers top picks and…","https://www.originfacts.com/articles/top-boutique-hotels-ayutthaya-2026"
"long_title","200","article","1580","68","157","1","https://www.originfacts.com/articles/ayutthaya-2026-insider-tips-first-timer","Ayutthaya 2026: 9 Insider Tips for First-Time Visitors · Originfacts","Planning your first trip to Ayutthaya in 2026? From the best train to take from Bangkok to the temples most visitors skip, here&#x27;s your no-fluff insider…","https://www.originfacts.com/articles/ayutthaya-2026-insider-tips-first-timer"
"","200","article","1681","64","151","1","https://www.originfacts.com/articles/best-ayutthaya-hotels-history-lovers-2026","7 Best Ayutthaya Hotels for History Lovers in 2026 · Originfacts","Stay inside the ancient capital instead of day-tripping. Our picks for the 7 best Ayutthaya hotels in 2026 cover every budget, from $30 guesthouses to…","https://www.originfacts.com/articles/best-ayutthaya-hotels-history-lovers-2026"
"long_title|h1_2","200","article","1469","67","153","2","https://www.originfacts.com/articles/cheap-flights-bangkok-2026-adventure-guide","Cheap Flights to Bangkok 2026: Score Deals Under $700 · Originfacts","Find cheap flights to Bangkok in 2026 with insider tactics. Learn the best booking windows, departure cities, and airlines for Southeast Asia adventures…","https://www.originfacts.com/articles/cheap-flights-bangkok-2026-adventure-guide"
"long_title","200","article","2098","66","155","1","https://www.originfacts.com/articles/best-hotels-bangkok-thailand-every-budget","Best Hotels in Bangkok for Every Budget (2025 Guide) · Originfacts","From $12 hostel dorms near BTS Silom to $500/night riverside luxury at the Mandarin Oriental, here are Bangkok&#x27;s best hotels for every budget in 2025.","https://www.originfacts.com/articles/best-hotels-bangkok-thailand-every-budget"
"long_title","200","article","2276","68","147","1","https://www.originfacts.com/articles/bangkok-travel-tips-first-timer-2026","15 Bangkok Travel Tips Every First-Timer Needs in 2026 · Originfacts","Planning your first Bangkok trip in 2026? Get 15 honest, practical tips on transport, temples, scams, food, and hotels — with real prices and zero…","https://www.originfacts.com/articles/bangkok-travel-tips-first-timer-2026"
"long_title","200","article","2224","66","147","1","https://www.originfacts.com/articles/when-to-book-bangkok-flights-2026","When to Book Bangkok Flights in 2026 for Big Savings · Originfacts","The best months, booking windows, and airline tricks for cheap Bangkok flights in 2026 — with concrete fare benchmarks from LAX, JFK, LHR, and SYD.","https://www.originfacts.com/articles/when-to-book-bangkok-flights-2026"
"long_title","200","article","2236","67","148","1","https://www.originfacts.com/articles/best-airlines-bangkok-2026","Best Airlines to Fly to Bangkok in 2026: Honest Picks · Originfacts","A working travel journalist&#x27;s honest picks for flying to Bangkok in 2026 — by region, class, and budget. Real prices, real tradeoffs, no fluff.","https://www.originfacts.com/articles/best-airlines-bangkok-2026"
"","200","article","2146","64","152","1","https://www.originfacts.com/articles/cheap-bangkok-flights-2026-insider-tricks","7 Insider Tricks for Cheap Bangkok Flights in 2026 · Originfacts","Real strategies from a frequent Bangkok flyer: how to find sub-$750 round-trips from the US in 2026, which weeks to target, and which airlines actually…","https://www.originfacts.com/articles/cheap-bangkok-flights-2026-insider-tricks"
"long_title","200","article","2188","71","155","1","https://www.originfacts.com/articles/budget-bangkok-travel-hacks-2026","Budget Bangkok Travel Hacks for 2026: Save More, See More · Originfacts","Flights, hotels, food, and transport tips to travel Bangkok on a budget in 2026. Real prices, named neighborhoods, and no fluff — just what actually works.","https://www.originfacts.com/articles/budget-bangkok-travel-hacks-2026"
"long_title","200","article","2182","68","149","1","https://www.originfacts.com/articles/beat-bangkok-heat-crowds-2026","Beat Bangkok&#x27;s Heat and Crowds Like a Pro in 2026 · Originfacts","Learn exactly when to visit Bangkok, how to structure your days around the heat, navigate the BTS, and skip the worst crowds at the Grand Palace and…","https://www.originfacts.com/articles/beat-bangkok-heat-crowds-2026"
"long_title","200","article","2252","73","149","1","https://www.originfacts.com/articles/rent-a-car-bangkok-2026-guide","How to Rent a Car in Bangkok in 2026: The Stress-Free Guide · Originfacts","Everything you need to rent a car in Bangkok in 2026 — IDP requirements, best rental companies, insurance traps, airport pickup tips, and real costs…","https://www.originfacts.com/articles/rent-a-car-bangkok-2026-guide"
"long_title","200","article","2258","68","146","1","https://www.originfacts.com/articles/best-self-drive-routes-from-bangkok-2026","Best Self-Drive Routes From Bangkok to Explore in 2026 · Originfacts","Plan the best self-drive routes from Bangkok in 2026 — Kanchanaburi, Khao Yai, Hua Hin & more. Car rental tips, distances, costs, and road advice.","https://www.originfacts.com/articles/best-self-drive-routes-from-bangkok-2026"
"","200","article","2206","63","148","1","https://www.originfacts.com/articles/bangkok-car-rentals-2026-top-agencies","Bangkok Car Rentals 2026: 7 Best Agencies to Book · Originfacts","The 7 best car rental agencies in Bangkok for 2026 — from Avis and Hertz at Suvarnabhumi to local Thai operators. Honest prices, key caveats, and a…","https://www.originfacts.com/articles/bangkok-car-rentals-2026-top-agencies"
"long_title","200","article","1647","73","145","1","https://www.originfacts.com/articles/adelaide-airport-guide-2026-terminals-airlines-layovers","Adelaide Airport Guide 2026: Terminals, Airlines & Layovers · Originfacts","Plan your Adelaide Airport trip in 2026. Covers terminal layout, airlines, transfer times, transport to the CBD, lounge access, and layover tips.","https://www.originfacts.com/articles/adelaide-airport-guide-2026-terminals-airlines-layovers"
"","200","article","1567","61","152","1","https://www.originfacts.com/articles/cheap-adelaide-flights-insider-tricks-2026","7 Tricks to Book Cheap Adelaide Flights in 2026 · Originfacts","Find cheap Adelaide flights in 2026 with these 7 insider tricks — from Jetstar Tuesday sales and Rex fares to Google Flights tracking and Qantas Points…","https://www.originfacts.com/articles/cheap-adelaide-flights-insider-tricks-2026"
"long_title","200","article","1644","73","153","1","https://www.originfacts.com/articles/best-flights-to-adelaide-2026-routes-fares-tips","Best Flights to Adelaide 2026: Routes, Fares & Booking Tips · Originfacts","Find the best flights to Adelaide in 2026. Compare domestic routes, international fares, airlines like Qantas, Jetstar & Singapore Airlines, and when to…","https://www.originfacts.com/articles/best-flights-to-adelaide-2026-routes-fares-tips"
"","200","article","1680","58","141","1","https://www.originfacts.com/articles/where-to-sleep-in-perth-hotels-worth-booking","7 Best Hotels in Perth Worth Booking in 2024 · Originfacts","From Elizabeth Quay splurges to budget Northbridge picks, here are 7 Perth hotels that actually deliver — with honest prices, tradeoffs, and…","https://www.originfacts.com/articles/where-to-sleep-in-perth-hotels-worth-booking"
"long_title","200","article","1523","70","152","1","https://www.originfacts.com/articles/booking-direct-flights-to-perth","Direct Flights to Perth: Airlines, Routes & Booking Tips · Originfacts","Find the best direct flights to Perth (PER) — from London, Singapore, and across Australia. Airline options, timing tips, and fare-finding steps in one…","https://www.originfacts.com/articles/booking-direct-flights-to-perth"
"long_title","200","article","1637","71","150","1","https://www.originfacts.com/articles/perth-best-hotels-2026","Perth&#x27;s Best Hotels for 2026: 10 Stays Worth Booking · Originfacts","From luxury waterfront suites at Elizabeth Quay to boutique Northbridge stays under $200/night — the honest guide to Perth&#x27;s best hotels in 2026.","https://www.originfacts.com/articles/perth-best-hotels-2026"
"","200","article","1580","55","155","1","https://www.originfacts.com/articles/cheap-flights-to-perth-2026-tips","7 Tips for Cheap Flights to Perth in 2026 · Originfacts","Perth airfares don&#x27;t have to break the bank. Learn 7 expert strategies for finding cheap flights to Perth (PER) in 2026, from timing to airline hacks.","https://www.originfacts.com/articles/cheap-flights-to-perth-2026-tips"
"long_title","200","article","1800","70","150","1","https://www.originfacts.com/articles/stopovers-long-haul-vietnam-flights-worth-it","5 Stopovers That Make Long-Haul Vietnam Flights Worth It · Originfacts","Turn your long-haul Vietnam flight into two trips. These five stopovers — Tokyo, Doha, Singapore, Taipei, KL — are worth the extra night, often at no…","https://www.originfacts.com/articles/stopovers-long-haul-vietnam-flights-worth-it"
"","200","article","1593","63","154","1","https://www.originfacts.com/articles/ultimate-guide-booking-vietnam-flights-2026","Ultimate Guide to Booking Vietnam Flights in 2026 · Originfacts","Find the best airlines, booking windows, and domestic flight tips for Vietnam in 2026. Concrete advice on fares, routes from the US, and Tet season traps…","https://www.originfacts.com/articles/ultimate-guide-booking-vietnam-flights-2026"
"long_title","200","article","1534","66","138","1","https://www.originfacts.com/articles/hanoi-vs-ho-chi-minh-city-which-airport-to-fly-into","Hanoi vs Ho Chi Minh City: Which Airport to Fly Into · Originfacts","HAN or SGN? Compare Hanoi and Ho Chi Minh City airports by routes, prices, transport, and itinerary fit before you book your Vietnam trip.","https://www.originfacts.com/articles/hanoi-vs-ho-chi-minh-city-which-airport-to-fly-into"
"","200","article","1642","65","145","1","https://www.originfacts.com/articles/best-airlines-flying-to-vietnam-2026-ranked","7 Best Airlines to Vietnam in 2026, Ranked by Value · Originfacts","Singapore Airlines, Vietnam Airlines, Cathay Pacific — ranked honestly by price and cabin quality for 2026 flights to Hanoi and Ho Chi Minh City.","https://www.originfacts.com/articles/best-airlines-flying-to-vietnam-2026-ranked"
"long_title","200","article","1602","71","157","1","https://www.originfacts.com/articles/melbourne-most-daring-hotel-stays","Melbourne&#x27;s Most Daring Hotel Stays for Adventurous… · Originfacts","From a laneway micro-hotel to a vineyard estate on the Mornington Peninsula, these are Melbourne&#x27;s most daring accommodation options — with real prices…","https://www.originfacts.com/articles/melbourne-most-daring-hotel-stays"
"long_description","200","article","1703","64","161","1","https://www.originfacts.com/articles/bold-melbourne-hotels-thrill-seekers-2026","7 Bold Melbourne Hotels for Thrill-Seekers in 2026 · Originfacts","From Notel&#x27;s rooftop Airstreams to W Melbourne&#x27;s WET deck, these 7 bold Melbourne hotels are built for travelers who want more than a standard stay in…","https://www.originfacts.com/articles/bold-melbourne-hotels-thrill-seekers-2026"
"","200","article","1652","62","160","1","https://www.originfacts.com/articles/where-to-sleep-in-jakarta-hotel-picks-2026","Jakarta Hotels 2026: Best Picks for Every Budget · Originfacts","SCBD luxury or budget stays near Gambir station — here&#x27;s exactly where to sleep in Jakarta in 2026, with real prices and neighbourhood intel to book smart.","https://www.originfacts.com/articles/where-to-sleep-in-jakarta-hotel-picks-2026"
"","200","article","1781","65","153","1","https://www.originfacts.com/articles/best-hotels-jakarta-stylish-stay-2026","7 Best Hotels in Jakarta for a Stylish Stay in 2026 · Originfacts","From Raffles Jakarta in SCBD to ARTOTEL Menteng, these are the 7 best Jakarta hotels for 2026 — with honest prices, locations, and who each one actually…","https://www.originfacts.com/articles/best-hotels-jakarta-stylish-stay-2026"
"long_title","200","article","1604","68","150","1","https://www.originfacts.com/articles/best-budget-hotels-adelaide-2026","Best Budget Hotels in Adelaide for 2026 | Travel Guide · Originfacts","Find the best cheap hotels in Adelaide for 2026 — central locations, honest prices, and real trade-offs explained. Ibis, Quest, YHA and more compared.","https://www.originfacts.com/articles/best-budget-hotels-adelaide-2026"
"long_title","200","article","1692","70","142","1","https://www.originfacts.com/articles/cheap-hotels-adelaide-style-2026","10 Cheap Hotels in Adelaide With Real Style (2026 Guide) · Originfacts","Looking for cheap hotels in Adelaide that actually look good? Here are 10 top picks for 2026 — from the CBD to Glenelg — all under $160/night.","https://www.originfacts.com/articles/cheap-hotels-adelaide-style-2026"
"","200","article","1614","61","150","1","https://www.originfacts.com/articles/insider-tricks-booking-affordable-melbourne-flights","7 Tricks for Booking Cheap Flights to Melbourne · Originfacts","Find cheap flights to Melbourne with these 7 insider tricks — from the best booking windows and low-cost carriers to points strategies and error fare…","https://www.originfacts.com/articles/insider-tricks-booking-affordable-melbourne-flights"
"","200","article","1626","65","154","1","https://www.originfacts.com/articles/cheap-hotels-denpasar-2026-guide","Cheap Hotels in Denpasar: Book Before 2026 Fills Up · Originfacts","Denpasar&#x27;s cheap hotels offer unbeatable value under $50/night. Find the best budget stays near Ngurah Rai Airport before 2026 peak season sells out.","https://www.originfacts.com/articles/cheap-hotels-denpasar-2026-guide"
"","200","article","1578","65","154","1","https://www.originfacts.com/articles/cheap-flights-to-melbourne-2026","Cheap Flights to Melbourne 2026: When & How to Book · Originfacts","Find cheap flights to Melbourne in 2026 with our expert guide — best booking windows, top airlines, routing tricks, and the tools that surface the lowest…","https://www.originfacts.com/articles/cheap-flights-to-melbourne-2026"
"long_title","200","article","1566","72","152","1","https://www.originfacts.com/articles/budget-stays-denpasar-affordable-hotels-2026","Best Budget Hotels in Denpasar for 2026 | Affordable Stays · Originfacts","Find the best cheap hotels in Denpasar for 2026. Real prices, honest tradeoffs, and neighborhood guides to stretch your Bali budget without sacrificing…","https://www.originfacts.com/articles/budget-stays-denpasar-affordable-hotels-2026"
"","200","article","1560","59","155","1","https://www.originfacts.com/articles/jakarta-budget-travel-tips-2026","Jakarta Budget Travel Tips: Save More in 2026 · Originfacts","Practical travel tips for visiting Jakarta on a budget in 2026 — cheap flights, MRT transport costs, affordable food, and where to stay without overpaying.","https://www.originfacts.com/articles/jakarta-budget-travel-tips-2026"
"long_title","200","article","1531","66","155","1","https://www.originfacts.com/articles/how-to-get-around-jakarta-like-a-local","7 Smart Tips for Getting Around Jakarta Like a Local · Originfacts","MRT hacks, GrabBike etiquette, airport train costs, and rush hour windows — 7 practical travel tips for navigating Jakarta without losing hours to traffic.","https://www.originfacts.com/articles/how-to-get-around-jakarta-like-a-local"
"long_title","200","article","2275","68","159","1","https://www.originfacts.com/articles/brisbane-friendliest-boutique-hotels-2026","Brisbane&#x27;s 7 Best Boutique Hotels to Book in 2026 · Originfacts","From The Calile on James Street to Emporium South Bank, these are Brisbane&#x27;s best boutique hotels in 2026 — with real prices, honest caveats, and booking…","https://www.originfacts.com/articles/brisbane-friendliest-boutique-hotels-2026"
"long_title","200","article","1580","68","151","1","https://www.originfacts.com/articles/jakarta-travel-tips-first-timer-2026","10 Jakarta Travel Tips Every First-Timer Needs in 2026 · Originfacts","Planning your first Jakarta trip in 2026? Get 10 practical travel tips on flights, transport, food, neighborhoods, and timing to make the most of your…","https://www.originfacts.com/articles/jakarta-travel-tips-first-timer-2026"
"long_description","200","article","2166","59","162","1","https://www.originfacts.com/articles/jakarta-hotel-gems-locals-love-2026","5 Jakarta Hotels Locals Actually Love in 2026 · Originfacts","Skip the generic towers. These 5 Jakarta hotels — from Menteng&#x27;s colonial Hermitage to Kosenda&#x27;s rooftop bar — deliver real neighbourhood character and…","https://www.originfacts.com/articles/jakarta-hotel-gems-locals-love-2026"
"","200","article","1595","64","152","1","https://www.originfacts.com/articles/budget-travel-tips-brisbane-2026","Budget Travel Tips for Brisbane in 2026: Save More · Originfacts","Practical budget travel tips for Brisbane in 2026 — from cheap flights and affordable accommodation to free attractions and low-cost eats. Plan smarter…","https://www.originfacts.com/articles/budget-travel-tips-brisbane-2026"
"long_title","200","article","1614","69","148","1","https://www.originfacts.com/articles/what-to-pack-for-brisbane-2026","What to Pack for Brisbane in 2026: A Smart Travel Guide · Originfacts","Heading to Brisbane in 2026? Get the definitive packing list — right clothing, sun protection, day-trip gear, and electronics tips for every season.","https://www.originfacts.com/articles/what-to-pack-for-brisbane-2026"
"long_title","200","article","1873","69","155","1","https://www.originfacts.com/articles/honest-brisbane-travel-tips-first-timer-2026","12 Honest Brisbane Travel Tips for First-Timers in 2026 · Originfacts","Planning your first Brisbane trip in 2026? These 12 honest travel tips cover go cards, neighborhoods, day trips, heat, and what&#x27;s actually worth your…","https://www.originfacts.com/articles/honest-brisbane-travel-tips-first-timer-2026"
"long_title","200","article","2318","66","142","1","https://www.originfacts.com/articles/seaside-uk-hotels-coastal-views-2026","9 Best Seaside UK Hotels With Coastal Views for 2026 · Originfacts","Nine British seaside hotels worth booking in 2026, with real 2026 rates, transport tips, and honest tradeoffs — from Cornwall to the Hebrides.","https://www.originfacts.com/articles/seaside-uk-hotels-coastal-views-2026"
"","200","article","2169","63","146","1","https://www.originfacts.com/articles/best-london-boutique-hotels-2026-city-break","Best London Boutique Hotels for a 2026 City Break · Originfacts","A travel writer&#x27;s honest shortlist of London&#x27;s best boutique hotels for 2026 — real prices, neighborhoods, tradeoffs, and where to skip.","https://www.originfacts.com/articles/best-london-boutique-hotels-2026-city-break"
"","200","article","2100","65","152","1","https://www.originfacts.com/articles/cosy-uk-countryside-hotels-2026","12 Cosy UK Countryside Hotels Worth Booking in 2026 · Originfacts","Twelve UK countryside hotels I&#x27;d rebook tomorrow — from £140 Yorkshire inns to Cairngorms farmhouses. Real 2026 prices, honest tradeoffs, no fluff.","https://www.originfacts.com/articles/cosy-uk-countryside-hotels-2026"
"","200","article","2272","64","150","1","https://www.originfacts.com/articles/cheapest-flights-to-uk-2026","7 Cheapest Flights to the UK Worth Booking in 2026 · Originfacts","Find the cheapest flights to the UK in 2026 — 7 real routes from JFK, LAX, ORD, BOS, MIA, PHL, and SEA with concrete fares, best booking windows, and…","https://www.originfacts.com/articles/cheapest-flights-to-uk-2026"
"long_title","200","article","2123","72","151","1","https://www.originfacts.com/articles/qantas-domestic-flights-review-comparison-australia","Qantas Domestic Flights: Honest Review vs Virgin & Jetstar · Originfacts","Is Qantas worth paying more on Australian domestic routes? We compare fares, baggage, lounges, and on-board experience vs Virgin Australia and Jetstar.","https://www.originfacts.com/articles/qantas-domestic-flights-review-comparison-australia"
"","200","article","2175","63","148","1","https://www.originfacts.com/articles/best-airport-hotels-near-perth-airport","Best Airport Hotels Near Perth Airport (PER) 2024 · Originfacts","Find the best hotels near Perth Airport — from the on-site ibis to the Crowne Plaza shuttle. Real prices, honest tradeoffs, and park-and-fly advice…","https://www.originfacts.com/articles/best-airport-hotels-near-perth-airport"
"long_title","200","article","2147","73","137","1","https://www.originfacts.com/articles/australia-road-trip-car-rentals-2026","Best Australia Road Trip Car Rentals 2026: Book Early Guide · Originfacts","Which Australian car rental companies to book for 2026 road trips, what to pay, and the excess insurance trick that saves $300+ per hire.","https://www.originfacts.com/articles/australia-road-trip-car-rentals-2026"
"","200","article","2247","65","154","1","https://www.originfacts.com/articles/renting-car-australia-2026-first-timer-tips","Renting a Car in Australia 2026: 7 First-Timer Tips · Originfacts","Real-world tips for renting a car in Australia in 2026: insurance traps, toll roads, when to book, which suppliers to trust, and how to avoid hidden fees.","https://www.originfacts.com/articles/renting-car-australia-2026-first-timer-tips"
"long_title","200","article","2310","66","134","1","https://www.originfacts.com/articles/qantas-vs-virgin-australia-2026","Qantas vs Virgin Australia 2026: Which Airline Wins? · Originfacts","Honest 2026 comparison of Qantas and Virgin Australia: routes, lounges, points, prices, and which airline actually wins for your trip.","https://www.originfacts.com/articles/qantas-vs-virgin-australia-2026"
"long_title","200","article","2230","72","142","1","https://www.originfacts.com/articles/melbourne-flights-under-900-return-2026","Fly to Melbourne for Under $900 Return in 2026: Full Guide · Originfacts","How to score round-trip fares to Melbourne under $900 in 2026 — best airlines, booking windows, US gateways, and the fees that quietly add up.","https://www.originfacts.com/articles/melbourne-flights-under-900-return-2026"
"long_title","200","article","2253","71","151","1","https://www.originfacts.com/articles/direct-flights-australia-2026-new-routes","Direct Flights to Australia 2026: Best New Routes & Fares · Originfacts","New 2026 nonstops to Australia: Qantas Project Sunrise, United&#x27;s SFO-BNE, Perth-Paris, and the cheapest months to book. Real prices, honest picks.","https://www.originfacts.com/articles/direct-flights-australia-2026-new-routes"
"long_title","200","article","2194","69","143","1","https://www.originfacts.com/articles/best-time-book-sydney-flights-2026","Best Time to Book Sydney Flights in 2026 (Honest Guide) · Originfacts","When to book Sydney flights in 2026: cheapest months, exact booking windows by route, airline sales that actually work, and the weeks to avoid.","https://www.originfacts.com/articles/best-time-book-sydney-flights-2026"
"long_title","200","article","2141","74","154","1","https://www.originfacts.com/articles/cheap-flights-to-australia-2026","Cheap Flights to Australia 2026: 7 Tricks That Actually Work · Originfacts","Score cheap flights to Australia in 2026 with 7 proven tricks: best months, undercutting airlines, Brisbane hacks, points redemptions, and free stopovers.","https://www.originfacts.com/articles/cheap-flights-to-australia-2026"
"","200","article","2362","65","153","1","https://www.originfacts.com/articles/cross-5-southeast-asian-borders-stress-free-2026","Cross 5 Southeast Asian Borders Stress-Free in 2026 · Originfacts","Thailand to Laos, Cambodia to Vietnam, Malaysia to Singapore — your practical 2026 guide to 5 Southeast Asian border crossings with real fees, visa tips…","https://www.originfacts.com/articles/cross-5-southeast-asian-borders-stress-free-2026"
"long_title","200","article","2235","69","155","1","https://www.originfacts.com/articles/pack-smarter-southeast-asia-adventures-2026","How to Pack Smart for Southeast Asia Adventures in 2026 · Originfacts","Stop overpacking for Southeast Asia. This 2026 guide covers the exact bags, clothing, tech, and health gear you need for the region&#x27;s best adventures.","https://www.originfacts.com/articles/pack-smarter-southeast-asia-adventures-2026"
"long_title","200","article","1490","71","141","1","https://www.originfacts.com/articles/cheap-2026-flights-southeast-asia-wild-frontier","Cheap 2026 Flights Across Southeast Asia: Frontier Routes · Originfacts","Sub-$50 fares to Borneo, Sumatra, and the Mekong in 2026. Which budget airlines deliver, when to book, and the frontier routes worth chasing.","https://www.originfacts.com/articles/cheap-2026-flights-southeast-asia-wild-frontier"
"","200","article","1520","60","153","1","https://www.originfacts.com/articles/flight-hacks-southeast-asia-2026","7 Bold Flight Hacks for Southeast Asia in 2026 · Originfacts","Real flight hacks for Southeast Asia 2026: positioning through Singapore, AirAsia multi-city stacks, ZIPAIR via Tokyo, shoulder-season pricing, and more.","https://www.originfacts.com/articles/flight-hacks-southeast-asia-2026"
"long_title","200","article","2102","69","153","1","https://www.originfacts.com/articles/cheap-flights-to-bali-avoid-hidden-fees","Cheap Flights to Bali: Avoid Hidden Fees and Book Smart · Originfacts","Find the cheapest flights to Bali without paying hidden fees. Airline comparisons, booking tricks, and a pre-checkout checklist to keep your fare honest.","https://www.originfacts.com/articles/cheap-flights-to-bali-avoid-hidden-fees"
"","200","article","2165","61","151","1","https://www.originfacts.com/articles/cheap-flights-to-tokyo-best-booking-strategies","Cheap Flights to Tokyo: Best Booking Strategies · Originfacts","Find cheap flights to Tokyo with proven booking strategies — best airlines, timing windows, Google Flights tips, and miles redemptions for Japan trips.","https://www.originfacts.com/articles/cheap-flights-to-tokyo-best-booking-strategies"
"","200","article","2188","65","148","1","https://www.originfacts.com/articles/carry-on-only-packing-tips","Carry-On Only Packing: Travel Light, Forget Nothing · Originfacts","A tested carry-on only packing system: real airline size and weight limits, what to pack for 2 weeks, and the gear and checklist that actually work.","https://www.originfacts.com/articles/carry-on-only-packing-tips"
"long_title","200","article","1544","76","142","1","https://www.originfacts.com/articles/cheap-flights-sydney-2026-adventurers-guide","Cheap Flights to Sydney 2026: The Bold Adventurer&#x27;s Guide · Originfacts","Score cheap flights to Sydney in 2026 with exact fare windows, airline rankings from LAX, JFK and LHR, and booking tactics that actually work.","https://www.originfacts.com/articles/cheap-flights-sydney-2026-adventurers-guide"
"long_title","200","article","2276","68","133","1","https://www.originfacts.com/articles/best-apps-websites-cheap-hotels","Best Apps & Websites for Cheap Hotels in 2025 (Tested) · Originfacts","The hotel booking apps and websites that actually save money in 2025 — plus the stacking trick that cuts another 10–20% off any rate.","https://www.originfacts.com/articles/best-apps-websites-cheap-hotels"
"long_title","200","article","2332","73","150","1","https://www.originfacts.com/articles/budget-friendly-perth-trip-planning-guide","Budget-Friendly Perth Trip: Real Costs & Hotel Picks (2024) · Originfacts","Plan a budget trip to Perth for around AUD $140/day. Real hotel prices, transit hacks, cheap eats, and when to book for 30% off shoulder-season rates.","https://www.originfacts.com/articles/budget-friendly-perth-trip-planning-guide"
"long_title","200","article","2090","70","149","1","https://www.originfacts.com/articles/what-to-pack-for-thailand-travel","What to Pack for Thailand: The Complete Travel Checklist · Originfacts","The only Thailand packing list you need — clothing, health essentials, tech, and money tips for 1–3 week trips. Skip the overpacking, travel smarter.","https://www.originfacts.com/articles/what-to-pack-for-thailand-travel"
"long_title","200","article","2231","71","157","1","https://www.originfacts.com/articles/melbourne-design-hotels-opening-2026","Melbourne&#x27;s 7 Best New Design Hotels Opening in 2026 · Originfacts","An honest guide to Melbourne&#x27;s most anticipated 2026 hotel openings — Capella, 1 Hotel, Ace, The Standard and more, with real rates and booking tactics.","https://www.originfacts.com/articles/melbourne-design-hotels-opening-2026"
"","200","article","2305","63","146","1","https://www.originfacts.com/articles/family-friendly-gold-coast-hotels-2026","8 Best Family-Friendly Gold Coast Hotels for 2026 · Originfacts","Honest picks for the 8 best family-friendly Gold Coast hotels in 2026, with real prices, tradeoffs, and tips on when to book for the lowest rates.","https://www.originfacts.com/articles/family-friendly-gold-coast-hotels-2026"
"long_title","200","article","2364","69","152","1","https://www.originfacts.com/articles/top-10-outback-lodges-australia-2026","Top 10 Australian Outback Lodges Worth Visiting in 2026 · Originfacts","Honest picks for the best Outback lodges in Australia for 2026, with 2025 prices, transfer times, and which one fits your trip — from Longitude 131° to…","https://www.originfacts.com/articles/top-10-outback-lodges-australia-2026"
"long_title","200","article","2323","74","152","1","https://www.originfacts.com/articles/sydney-best-boutique-hotels-2026","Sydney&#x27;s 9 Best Boutique Hotels for 2026 (Honest Picks) · Originfacts","Nine boutique hotels in Sydney worth booking in 2026 — real prices, neighbourhoods, and tradeoffs from The Rocks to Redfern, Potts Point to Surry Hills.","https://www.originfacts.com/articles/sydney-best-boutique-hotels-2026"
"","200","article","2259","61","154","1","https://www.originfacts.com/articles/australia-beach-hotels-2026","12 Best Australia Beach Hotels to Book for 2026 · Originfacts","An honest guide to 12 of the best beach hotels in Australia for 2026 — real prices, locations, and which ones are worth booking, from Byron Bay to Broome.","https://www.originfacts.com/articles/australia-beach-hotels-2026"
"","200","article","2147","57","142","1","https://www.originfacts.com/articles/beat-crowds-angkor-wat-smart-tricks","7 Smart Tricks to Beat Crowds at Angkor Wat · Originfacts","Skip the tour-bus chaos at Angkor Wat with 7 proven crowd-beating strategies: best timing, ticket tricks, hidden temples, and tuk-tuk secrets.","https://www.originfacts.com/articles/beat-crowds-angkor-wat-smart-tricks"
"long_title","200","article","2260","68","145","1","https://www.originfacts.com/articles/navigate-remote-mekong-villages-like-a-pro-2026","Remote Mekong Villages: Complete Travel Guide for 2026 · Originfacts","Slow boats, songthaews, and village homestays — your practical guide to navigating remote Mekong communities in northern Laos and beyond in 2026.","https://www.originfacts.com/articles/navigate-remote-mekong-villages-like-a-pro-2026"
"long_title","200","article","2103","70","148","1","https://www.originfacts.com/articles/where-to-stay-in-bali-best-hotels-every-budget","Where to Stay in Bali: Best Hotels for Every Budget 2025 · Originfacts","From $15 dorm beds in Canggu to $700/night clifftop villas in Uluwatu — our honest guide to where to stay in Bali for every budget and travel style.","https://www.originfacts.com/articles/where-to-stay-in-bali-best-hotels-every-budget"
"long_title","200","article","2219","68","150","1","https://www.originfacts.com/articles/cheap-hotels-tokyo-best-areas-budget-travelers","Cheap Hotels in Tokyo: Best Areas for Budget Travelers · Originfacts","Find affordable hotels in Tokyo under $80/night. Asakusa, Shinjuku, Ueno — the best neighborhoods, timing tips, and budget hotel chains worth booking.","https://www.originfacts.com/articles/cheap-hotels-tokyo-best-areas-budget-travelers"
"long_title","200","article","2214","69","152","1","https://www.originfacts.com/articles/digital-detox-travel-guide-unplug-maps-tickets","Digital Detox Travel Guide: Unplug, Keep Maps & Tickets · Originfacts","A practical digital detox travel guide: how to unplug 80% of the time without losing maps, boarding passes, or transit tickets. Tested system with real…","https://www.originfacts.com/articles/digital-detox-travel-guide-unplug-maps-tickets"
"","200","article","2387","40","150","1","https://www.originfacts.com/articles/cheap-flights-for-families-save-on-group-travel","Cheap Flights for Families · Originfacts","Real tactics for booking cheap family flights: fare traps to avoid, best booking windows, points plays, and airport hacks that save hundreds per trip.","https://www.originfacts.com/articles/cheap-flights-for-families-save-on-group-travel"
"","200","article","1011","53","147","1","https://www.originfacts.com/articles/best-pet-friendly-hotels-europe-2026-travel-guide","Best Pet-Friendly Hotels in Europe 2026 · Originfacts","Planning a European trip with your pet? Discover the best pet-friendly hotels in Europe for 2026, from luxury stays to budget options. Expert tips…","https://www.originfacts.com/articles/best-pet-friendly-hotels-europe-2026-travel-guide"
"long_title","200","article","1686","73","156","1","https://www.originfacts.com/articles/bali-wildest-jungle-hotels-2026","9 Wildest Bali Jungle Hotels to Book in 2026 (Honest Picks) · Originfacts","A journalist&#x27;s ranked guide to Bali&#x27;s best jungle hotels for 2026 — from Capella Ubud and Buahan Banyan Tree to the under-$300 pick worth booking.","https://www.originfacts.com/articles/bali-wildest-jungle-hotels-2026"
"","200","article","1560","63","148","1","https://www.originfacts.com/articles/wild-castle-hotels-germany-2026","10 Best Castle Hotels in Germany to Book for 2026 · Originfacts","Real castle hotels in Germany worth booking in 2026 — Rhine fortresses, Mosel châteaux, Bavarian retreats — with prices, transit times, and booking…","https://www.originfacts.com/articles/wild-castle-hotels-germany-2026"
"h1_2","200","article","1617","42","149","2","https://www.originfacts.com/articles/how-to-find-cheapest-flights-proven-strategies","How to Find Cheapest Flights · Originfacts","Learn expert strategies to find the cheapest flights every time. From booking windows to search tools, these proven tactics save hundreds on airfare.","https://www.originfacts.com/articles/how-to-find-cheapest-flights-proven-strategies"
"long_title","200","article","2205","68","150","1","https://www.originfacts.com/articles/renting-a-car-in-japan-save-money-self-drive","Renting a Car in Japan: Save Money on Self-Drive Tours · Originfacts","How to rent a car in Japan without overpaying — IDP tips, ETC cards, best regions, cost breakdowns, and booking strategies for Hokkaido, Okinawa, and…","https://www.originfacts.com/articles/renting-a-car-in-japan-save-money-self-drive"
"long_title","200","article","2233","68","155","1","https://www.originfacts.com/articles/airport-vs-city-car-rentals-cheaper","Airport vs City Car Rentals: Which Is Cheaper in 2024? · Originfacts","Airport car rentals run 20-30% more than city branches. Here&#x27;s exactly when to skip the counter, when not to, and how to compare prices in 60 seconds.","https://www.originfacts.com/articles/airport-vs-city-car-rentals-cheaper"
"long_title","200","article","2028","69","145","1","https://www.originfacts.com/articles/best-time-to-book-cheap-car-rentals-for-maximum-savings","Best Time to Book Cheap Car Rentals for Maximum Savings · Originfacts","Find out exactly when to book car rentals for the lowest rates, which tools to use, and how the re-book strategy can save $100+ on a single trip.","https://www.originfacts.com/articles/best-time-to-book-cheap-car-rentals-for-maximum-savings"
"long_title","200","article","2103","68","157","1","https://www.originfacts.com/articles/cheap-car-rentals-avoid-hidden-fees","Cheap Car Rentals: How to Avoid Hidden Fees Every Time · Originfacts","Find cheap car rentals and dodge hidden fees at the counter. From credit card coverage to off-airport pickup, here&#x27;s exactly what to do before you book.","https://www.originfacts.com/articles/cheap-car-rentals-avoid-hidden-fees"
"long_title","200","article","2171","70","152","1","https://www.originfacts.com/articles/airport-vs-city-car-rentals-which-saves-money","Airport vs City Car Rentals: Which Saves You More Money? · Originfacts","Airport car rentals are convenient but often cost 20–40% more than city locations. Find out when each option makes sense and how to compare prices fast.","https://www.originfacts.com/articles/airport-vs-city-car-rentals-which-saves-money"
"h1_2","200","article","1042","59","150","2","https://www.originfacts.com/articles/skip-airport-security-lines-2026","7 Ways to Skip Airport Security Lines in 2026 · Originfacts","Breeze through airport security in 2026 with these 7 proven strategies. From TSA PreCheck to biometric tech, discover how to save hours on every trip.","https://www.originfacts.com/articles/skip-airport-security-lines-2026"
"long_title|h1_2","200","article","1326","71","151","2","https://www.originfacts.com/articles/how-to-score-free-hotel-upgrades-insider-tips-2026","Free Hotel Upgrades 2026: Insider Tips That Actually Work · Originfacts","Discover proven strategies to score free hotel room upgrades in 2026. Learn loyalty program hacks, booking tactics, and check-in tips that get results.","https://www.originfacts.com/articles/how-to-score-free-hotel-upgrades-insider-tips-2026"
"","200","destination","1175","22","148","1","https://www.originfacts.com/destinations/adelaide","Adelaide · Originfacts","Adelaide balances cosmopolitan flair with wild coastal edges, where world-class wine regions meet pristine beaches within minutes. Festival seasons…","https://www.originfacts.com/destinations/adelaide"
"","200","destination","863","25","153","1","https://www.originfacts.com/destinations/afghanistan","Afghanistan · Originfacts","Afghanistan sits at the crossroads of Central and South Asia, a landlocked country of stark contrasts: snow-capped Hindu Kush peaks, sun-bleached desert…","https://www.originfacts.com/destinations/afghanistan"
"","200","destination","856","20","153","1","https://www.originfacts.com/destinations/africa","Africa · Originfacts","Africa is a continent of 54 countries spanning roughly 30 million km² — Sahara to Cape, equator to Mediterranean, more linguistic and cultural diversity…","https://www.originfacts.com/destinations/africa"
"","200","destination","852","21","148","1","https://www.originfacts.com/destinations/albania","Albania · Originfacts","Albania occupies a mountainous Adriatic and Ionian coastline in the Western Balkans, where Ottoman-era bazaars, communist-era bunkers, and medieval…","https://www.originfacts.com/destinations/albania"
"","200","destination","989","21","159","1","https://www.originfacts.com/destinations/algeria","Algeria · Originfacts","Algeria is North Africa&#x27;s largest country by area, where the Sahara&#x27;s ergs and plateaus stretch across some nine-tenths of the land while the narrow…","https://www.originfacts.com/destinations/algeria"
"","200","destination","884","28","150","1","https://www.originfacts.com/destinations/american-samoa","American Samoa · Originfacts","American Samoa occupies a cluster of volcanic islands and coral atolls in the South Pacific, where steep forested ridges drop sharply to reef-fringed…","https://www.originfacts.com/destinations/american-samoa"
"","200","destination","952","20","151","1","https://www.originfacts.com/destinations/angola","Angola · Originfacts","Angola stretches from the Atlantic coast deep into sub-Saharan Africa, its terrain shifting from coastal lowlands and arid Namib edges in the south to…","https://www.originfacts.com/destinations/angola"
"","200","destination","843","22","150","1","https://www.originfacts.com/destinations/anguilla","Anguilla · Originfacts","Anguilla is a low-lying coral island in the northeastern Caribbean — flat, scrub-covered, and rimmed by stretches of white-sand beach lapped by water…","https://www.originfacts.com/destinations/anguilla"
"long_description","200","destination","893","33","162","1","https://www.originfacts.com/destinations/antigua-and-barbuda","Antigua and Barbuda · Originfacts","Two islands in the eastern Caribbean — Antigua&#x27;s famously indented coastline and Barbuda&#x27;s flat coral terrain — share a small-nation identity shaped by…","https://www.originfacts.com/destinations/antigua-and-barbuda"
"","200","destination","984","23","151","1","https://www.originfacts.com/destinations/argentina","Argentina · Originfacts","Argentina stretches from the subtropical north down to the wind-scoured tip of Patagonia, covering nearly 2.8 million km² of plains, Andean peaks, and…","https://www.originfacts.com/destinations/argentina"
"","200","destination","912","21","154","1","https://www.originfacts.com/destinations/armenia","Armenia · Originfacts","Armenia is a landlocked country in the South Caucasus, where ancient monasteries cling to volcanic hillsides, apricot orchards line highland valleys, and…","https://www.originfacts.com/destinations/armenia"
"","200","destination","853","19","147","1","https://www.originfacts.com/destinations/aruba","Aruba · Originfacts","A small Dutch Caribbean island of 179 km² sitting outside the hurricane belt, Aruba is defined by steady trade winds, bone-dry desert terrain, and…","https://www.originfacts.com/destinations/aruba"
"","200","destination","1324","18","149","1","https://www.originfacts.com/destinations/asia","Asia · Originfacts","Asia is the largest continent by both area and population — 4.7 billion people, 49 countries, climates from Arctic tundra to monsoon rainforest, and…","https://www.originfacts.com/destinations/asia"
"","200","destination","1425","23","148","1","https://www.originfacts.com/destinations/australia","Australia · Originfacts","Australia occupies an entire continent yet concentrates most of its 26 million people along a thin coastal rim, leaving the vast red interior — the…","https://www.originfacts.com/destinations/australia"
"","200","destination","895","21","148","1","https://www.originfacts.com/destinations/austria","Austria · Originfacts","Austria sits at the geographic heart of Europe, a landlocked country of Alpine peaks, river valleys, and Baroque city centres where classical music…","https://www.originfacts.com/destinations/austria"
"","200","destination","885","24","146","1","https://www.originfacts.com/destinations/azerbaijan","Azerbaijan · Originfacts","Azerbaijan sits at the crossroads of Eastern Europe and Western Asia, where the Caucasus mountains give way to the shores of the Caspian Sea, oil…","https://www.originfacts.com/destinations/azerbaijan"
"","200","destination","965","21","150","1","https://www.originfacts.com/destinations/bahamas","Bahamas · Originfacts","An archipelago of around 700 islands and 2,400 cays scattered across 260,000 km² of the western Atlantic, the Bahamas is defined by shallow turquoise…","https://www.originfacts.com/destinations/bahamas"
"","200","destination","881","21","151","1","https://www.originfacts.com/destinations/bahrain","Bahrain · Originfacts","A small archipelago of 33 islands in the Arabian Gulf, Bahrain sits between ancient pearl-diving heritage and a modern skyline, where the scent of oud…","https://www.originfacts.com/destinations/bahrain"
"","200","destination","1477","21","152","1","https://www.originfacts.com/destinations/bangkok","Bangkok · Originfacts","Bangkok is a gloriously chaotic collision of gilded temples and neon skyscrapers, where longtail boats carve the murky Chao Phraya and street woks hiss…","https://www.originfacts.com/destinations/bangkok"
"","200","destination","903","24","151","1","https://www.originfacts.com/destinations/bangladesh","Bangladesh · Originfacts","Bangladesh is a country shaped by water — the vast Bengal delta, braided rivers, and monsoon rains define its flat, densely settled landscape, home to…","https://www.originfacts.com/destinations/bangladesh"
"","200","destination","854","22","154","1","https://www.originfacts.com/destinations/barbados","Barbados · Originfacts","Barbados sits at the eastern edge of the Caribbean, a coral limestone island of 431 km² shaped by trade winds, sugarcane fields, and the steady rhythm of…","https://www.originfacts.com/destinations/barbados"
"","200","destination","879","21","149","1","https://www.originfacts.com/destinations/belarus","Belarus · Originfacts","Belarus sits at the geographical centre of Europe, a landlocked country of dense forests, slow rivers, and wide agricultural plains where Soviet-era…","https://www.originfacts.com/destinations/belarus"
"","200","destination","926","21","154","1","https://www.originfacts.com/destinations/belgium","Belgium · Originfacts","A small, densely populated country at Western Europe&#x27;s crossroads, Belgium packs Flemish canal cities, Walloon forests, a short but lively North Sea…","https://www.originfacts.com/destinations/belgium"
"","200","destination","939","20","150","1","https://www.originfacts.com/destinations/belize","Belize · Originfacts","Belize sits where the Caribbean meets the Maya world: a small Central American nation of dense rainforest, limestone caves, and the hemisphere&#x27;s…","https://www.originfacts.com/destinations/belize"
"","200","destination","873","19","152","1","https://www.originfacts.com/destinations/benin","Benin · Originfacts","Benin stretches from a narrow Atlantic coastline northward through forest, savanna, and semi-arid scrubland — a compact West African nation where Vodun…","https://www.originfacts.com/destinations/benin"
"","200","destination","869","21","144","1","https://www.originfacts.com/destinations/bermuda","Bermuda · Originfacts","A cluster of some 180 coral islands in the North Atlantic, roughly 1,070 kilometres east of the Carolinas, Bermuda is defined by pastel-painted…","https://www.originfacts.com/destinations/bermuda"
"","200","destination","863","20","154","1","https://www.originfacts.com/destinations/bhutan","Bhutan · Originfacts","Bhutan occupies a landlocked stretch of the eastern Himalayas, where dzongs — fortress-monasteries — anchor valleys of rice terraces and pine forest, and…","https://www.originfacts.com/destinations/bhutan"
"","200","destination","978","21","155","1","https://www.originfacts.com/destinations/bolivia","Bolivia · Originfacts","Bolivia is landlocked at the heart of South America, where the Andean altiplano — one of the world&#x27;s highest inhabited plateaus — gives way to Amazon…","https://www.originfacts.com/destinations/bolivia"
"","200","destination","913","36","149","1","https://www.originfacts.com/destinations/bosnia-and-herzegovina","Bosnia and Herzegovina · Originfacts","Bosnia and Herzegovina occupies a mountainous core of the western Balkans, where Ottoman minarets and Austro-Hungarian facades share the same narrow…","https://www.originfacts.com/destinations/bosnia-and-herzegovina"
"","200","destination","893","22","152","1","https://www.originfacts.com/destinations/botswana","Botswana · Originfacts","Botswana is defined by vast, flat expanses of savanna, salt pans, and the slow pulse of the Okavango Delta — a landlocked southern African nation where…","https://www.originfacts.com/destinations/botswana"
"","200","destination","1012","20","153","1","https://www.originfacts.com/destinations/brazil","Brazil · Originfacts","Brazil occupies nearly half of South America — rainforest canopy, cerrado savanna, caatinga scrubland, and thousands of kilometres of Atlantic coastline…","https://www.originfacts.com/destinations/brazil"
"","200","destination","1198","22","159","1","https://www.originfacts.com/destinations/brisbane","Brisbane · Originfacts","Brisbane pulses with subtropical energy where the serpentine river carves through gleaming towers and heritage Queenslanders. Australia&#x27;s fastest-growing…","https://www.originfacts.com/destinations/brisbane"
"","200","destination","901","36","150","1","https://www.originfacts.com/destinations/british-virgin-islands","British Virgin Islands · Originfacts","Scattered across roughly 150 square kilometres of the northeastern Caribbean, the British Virgin Islands form an archipelago of some 60 islands, cays…","https://www.originfacts.com/destinations/british-virgin-islands"
"","200","destination","877","20","150","1","https://www.originfacts.com/destinations/brunei","Brunei · Originfacts","A small sultanate on the northern coast of Borneo, Brunei is defined by dense equatorial rainforest, a gilded capital skyline, and one of the highest…","https://www.originfacts.com/destinations/brunei"
"","200","destination","981","22","150","1","https://www.originfacts.com/destinations/bulgaria","Bulgaria · Originfacts","Bulgaria sits at the crossroads of Europe and the Near East, its interior shaped by the Balkan Mountains and rolling agricultural plains, its eastern…","https://www.originfacts.com/destinations/bulgaria"
"","200","destination","900","26","153","1","https://www.originfacts.com/destinations/burkina-faso","Burkina Faso · Originfacts","A landlocked nation at the heart of West Africa, Burkina Faso is a country of flat savanna plains, dusty harmattan winds, and a cultural life defined by…","https://www.originfacts.com/destinations/burkina-faso"
"","200","destination","858","21","156","1","https://www.originfacts.com/destinations/burundi","Burundi · Originfacts","Burundi occupies the highlands of Central Africa&#x27;s Great Rift Valley, a small, densely populated country of terraced hillsides, banana groves, and the…","https://www.originfacts.com/destinations/burundi"
"","200","destination","911","22","152","1","https://www.originfacts.com/destinations/cambodia","Cambodia · Originfacts","Cambodia occupies the heart of mainland Southeast Asia, where the vast Tonlé Sap lake swells and recedes with the Mekong&#x27;s seasonal pulse, shaping…","https://www.originfacts.com/destinations/cambodia"
"long_description","200","destination","950","22","163","1","https://www.originfacts.com/destinations/cameroon","Cameroon · Originfacts","Described by its own people as &quot;Africa in miniature,&quot; Cameroon compresses rainforest, savanna, volcanic highlands, and a Gulf of Guinea coastline into a…","https://www.originfacts.com/destinations/cameroon"
"","200","destination","1041","20","151","1","https://www.originfacts.com/destinations/canada","Canada · Originfacts","Canada stretches across six time zones and nearly 10 million km², from Pacific rainforests and Prairie flatlands to Arctic tundra and Atlantic fishing…","https://www.originfacts.com/destinations/canada"
"","200","destination","908","24","154","1","https://www.originfacts.com/destinations/cape-verde","Cape Verde · Originfacts","Ten volcanic islands scattered across the Atlantic some 570 kilometres west of Senegal, Cape Verde blends Saharan dust, oceanic trade winds, and a Creole…","https://www.originfacts.com/destinations/cape-verde"
"","200","destination","882","35","147","1","https://www.originfacts.com/destinations/caribbean-netherlands","Caribbean Netherlands · Originfacts","Three small islands — Bonaire, Sint Eustatius, and Saba — scattered across the southern and northeastern Caribbean, each distinct in landscape and…","https://www.originfacts.com/destinations/caribbean-netherlands"
"","200","destination","899","28","151","1","https://www.originfacts.com/destinations/cayman-islands","Cayman Islands · Originfacts","Three low-lying coral islands in the western Caribbean — Grand Cayman, Cayman Brac, and Little Cayman — where turquoise water meets ironshore rock and…","https://www.originfacts.com/destinations/cayman-islands"
"","200","destination","888","38","153","1","https://www.originfacts.com/destinations/central-african-republic","Central African Republic · Originfacts","The Central African Republic occupies a vast, landlocked plateau at the geographic heart of Africa, where dense rainforest gives way to savanna, and the…","https://www.originfacts.com/destinations/central-african-republic"
"","200","destination","850","18","152","1","https://www.originfacts.com/destinations/chad","Chad · Originfacts","Chad occupies the geographic heart of Africa, a vast landlocked nation where the Sahara Desert grades southward through the Sahel into tropical savanna…","https://www.originfacts.com/destinations/chad"
"missing_description","200","destination","972","24","0","1","https://www.originfacts.com/destinations/chiang-mai","Chiang Mai · Originfacts","","https://www.originfacts.com/destinations/chiang-mai"
"long_description","200","destination","1014","19","163","1","https://www.originfacts.com/destinations/chile","Chile · Originfacts","Chile stretches 4,300 kilometres down South America&#x27;s western edge — one of the world&#x27;s longest and narrowest countries — encompassing the driest desert…","https://www.originfacts.com/destinations/chile"
"","200","destination","1055","19","147","1","https://www.originfacts.com/destinations/china","China · Originfacts","China stretches from the Gobi Desert in the north to the rice terraces of Yunnan in the south, a country of continental scale where ancient temple…","https://www.originfacts.com/destinations/china"
"","200","destination","895","30","147","1","https://www.originfacts.com/destinations/christmas-island","Christmas Island · Originfacts","A remote Australian territory in the Indian Ocean, Christmas Island rises steeply from the sea as a densely forested plateau, its interior largely…","https://www.originfacts.com/destinations/christmas-island"
"","200","destination","881","37","150","1","https://www.originfacts.com/destinations/cocos-keeling-islands","Cocos (Keeling) Islands · Originfacts","Two coral atolls in the eastern Indian Ocean — 27 low-lying islands encircling a turquoise lagoon, roughly 2,750 km northwest of Perth, where coconut…","https://www.originfacts.com/destinations/cocos-keeling-islands"
"","200","destination","1009","22","153","1","https://www.originfacts.com/destinations/colombia","Colombia · Originfacts","Colombia occupies the northwestern corner of South America where the Andes fracture into three separate cordilleras, the Amazon basin stretches into the…","https://www.originfacts.com/destinations/colombia"
"","200","destination","844","21","154","1","https://www.originfacts.com/destinations/comoros","Comoros · Originfacts","Three volcanic islands adrift in the Indian Ocean between Mozambique and Madagascar, Comoros compresses dense forest, crater lakes, and coral reef into a…","https://www.originfacts.com/destinations/comoros"
"","200","destination","876","26","149","1","https://www.originfacts.com/destinations/cook-islands","Cook Islands · Originfacts","Fifteen islands scattered across 2.2 million km² of South Pacific Ocean, the Cook Islands combine volcanic peaks draped in rainforest with low-lying…","https://www.originfacts.com/destinations/cook-islands"
"","200","destination","1000","24","154","1","https://www.originfacts.com/destinations/costa-rica","Costa Rica · Originfacts","Costa Rica occupies a narrow strip of Central America between the Pacific and Caribbean, where cloud forests drip into lowland jungle, volcanoes shoulder…","https://www.originfacts.com/destinations/costa-rica"
"","200","destination","889","21","150","1","https://www.originfacts.com/destinations/croatia","Croatia · Originfacts","Croatia stretches along the eastern Adriatic coast and into the Pannonian Plain, a country of karst limestone, island-dotted sea, and medieval walled…","https://www.originfacts.com/destinations/croatia"
"","200","destination","952","18","153","1","https://www.originfacts.com/destinations/cuba","Cuba · Originfacts","Cuba is the largest island in the Caribbean, where crumbling colonial architecture, vintage American automobiles, and a persistent tropical heat combine…","https://www.originfacts.com/destinations/cuba"
"","200","destination","877","21","152","1","https://www.originfacts.com/destinations/curacao","Curaçao · Originfacts","Curaçao sits in the southern Caribbean, just 60 kilometres off the Venezuelan coast, where Dutch colonial architecture painted in ochre, terracotta and…","https://www.originfacts.com/destinations/curacao"
"","200","destination","867","20","145","1","https://www.originfacts.com/destinations/cyprus","Cyprus · Originfacts","Cyprus sits in the eastern Mediterranean where Europe, Asia, and the Middle East converge — an island of limestone mountains, citrus groves, and…","https://www.originfacts.com/destinations/cyprus"
"","200","destination","870","21","152","1","https://www.originfacts.com/destinations/czechia","Czechia · Originfacts","Czechia sits at the geographical heart of Europe, a landlocked country of Baroque spires, rolling Bohemian hills, and deep river valleys where medieval…","https://www.originfacts.com/destinations/czechia"
"","200","destination","921","22","149","1","https://www.originfacts.com/destinations/dr-congo","DR Congo · Originfacts","The Democratic Republic of Congo sprawls across central Africa in a sweep of equatorial rainforest, savannah, volcanic highlands, and the vast Congo…","https://www.originfacts.com/destinations/dr-congo"
"missing_description","200","destination","941","20","0","1","https://www.originfacts.com/destinations/darwin","Darwin · Originfacts","","https://www.originfacts.com/destinations/darwin"
"","200","destination","909","21","153","1","https://www.originfacts.com/destinations/denmark","Denmark · Originfacts","Denmark occupies the Jutland peninsula and some 400 islands between the North Sea and the Baltic, a flat, wind-scoured country of beech forests, coastal…","https://www.originfacts.com/destinations/denmark"
"","200","destination","1034","22","155","1","https://www.originfacts.com/destinations/denpasar","Denpasar · Originfacts","Denpasar is Bali&#x27;s buzzing capital, where temple spires rise between traffic-filled boulevards and shaded courtyards hide offerings of frangipani and…","https://www.originfacts.com/destinations/denpasar"
"","200","destination","863","22","156","1","https://www.originfacts.com/destinations/djibouti","Djibouti · Originfacts","A small nation wedged between the Horn of Africa and the Red Sea, Djibouti compresses salt lakes, volcanic rock fields, and one of the world&#x27;s busiest…","https://www.originfacts.com/destinations/djibouti"
"","200","destination","843","22","154","1","https://www.originfacts.com/destinations/dominica","Dominica · Originfacts","Dominica is a small volcanic island in the eastern Caribbean that has resisted mass tourism, remaining densely forested, steeply mountainous, and home to…","https://www.originfacts.com/destinations/dominica"
"","200","destination","961","32","144","1","https://www.originfacts.com/destinations/dominican-republic","Dominican Republic · Originfacts","The Dominican Republic occupies the eastern two-thirds of Hispaniola, the second-largest island in the Caribbean, where the Sierra de Neiba and…","https://www.originfacts.com/destinations/dominican-republic"
"","200","destination","997","21","154","1","https://www.originfacts.com/destinations/ecuador","Ecuador · Originfacts","Ecuador compresses four distinct worlds into an area smaller than Nevada: the Pacific coast, the Andean highlands with their double row of volcanoes, the…","https://www.originfacts.com/destinations/ecuador"
"","200","destination","966","19","158","1","https://www.originfacts.com/destinations/egypt","Egypt · Originfacts","Egypt straddles northeast Africa and the Sinai Peninsula, where desert silence is broken by the Nile&#x27;s green corridor and cities dense with millennia of…","https://www.originfacts.com/destinations/egypt"
"","200","destination","877","25","148","1","https://www.originfacts.com/destinations/el-salvador","El Salvador · Originfacts","El Salvador is the smallest and most densely populated country in Central America, a compact landscape of volcanic peaks, Pacific surf beaches, and…","https://www.originfacts.com/destinations/el-salvador"
"","200","destination","894","31","149","1","https://www.originfacts.com/destinations/equatorial-guinea","Equatorial Guinea · Originfacts","Equatorial Guinea occupies a narrow coastal strip on Central Africa&#x27;s Atlantic seaboard and the volcanic island of Bioko, a country where dense…","https://www.originfacts.com/destinations/equatorial-guinea"
"","200","destination","866","21","153","1","https://www.originfacts.com/destinations/eritrea","Eritrea · Originfacts","Eritrea occupies a narrow strip along the Red Sea coast of the Horn of Africa, where highland plateaus drop sharply through semi-arid lowlands to one of…","https://www.originfacts.com/destinations/eritrea"
"","200","destination","909","21","149","1","https://www.originfacts.com/destinations/estonia","Estonia · Originfacts","Estonia occupies the northeastern corner of the Baltic Sea, a small, flat country of dense boreal forest, some 2,400 islands, and a medieval capital…","https://www.originfacts.com/destinations/estonia"
"","200","destination","858","22","154","1","https://www.originfacts.com/destinations/eswatini","Eswatini · Originfacts","Landlocked between South Africa and Mozambique, Eswatini is one of Africa&#x27;s smallest countries — a compact highland kingdom of rolling hills, acacia…","https://www.originfacts.com/destinations/eswatini"
"","200","destination","958","22","153","1","https://www.originfacts.com/destinations/ethiopia","Ethiopia · Originfacts","Ethiopia sits on the Horn of Africa as a landlocked highland plateau ringed by desert lowlands, a country of dramatic elevation swings, ancient Orthodox…","https://www.originfacts.com/destinations/ethiopia"
"","200","destination","1160","20","154","1","https://www.originfacts.com/destinations/europe","Europe · Originfacts","Europe is a relatively compact continent of 44 countries covering roughly 10.5 million km² — a peninsula of peninsulas stretching from the Atlantic coast…","https://www.originfacts.com/destinations/europe"
"","200","destination","845","30","152","1","https://www.originfacts.com/destinations/falkland-islands","Falkland Islands · Originfacts","Two main islands and around 776 smaller ones scattered across the South Atlantic, the Falkland Islands sit roughly 480 kilometres east of Patagonia — a…","https://www.originfacts.com/destinations/falkland-islands"
"","200","destination","902","27","149","1","https://www.originfacts.com/destinations/faroe-islands","Faroe Islands · Originfacts","Eighteen volcanic islands perched in the North Atlantic between Norway and Iceland, the Faroe Islands are defined by steep sea cliffs, narrow fjords…","https://www.originfacts.com/destinations/faroe-islands"
"","200","destination","909","18","152","1","https://www.originfacts.com/destinations/fiji","Fiji · Originfacts","Fiji is an archipelago of roughly 330 islands scattered across the South Pacific, where volcanic peaks drop to coral reefs and sugarcane fields stretch…","https://www.originfacts.com/destinations/fiji"
"","200","destination","946","21","148","1","https://www.originfacts.com/destinations/finland","Finland · Originfacts","Finland stretches across the northern edge of Europe — a country of 188,000 lakes, dense boreal forest, and winters that plunge into polar darkness…","https://www.originfacts.com/destinations/finland"
"","200","destination","1020","20","154","1","https://www.originfacts.com/destinations/france","France · Originfacts","France occupies a hexagonal stretch of western Europe where Atlantic coastline, Alpine peaks, Mediterranean shores, and rolling agricultural plains exist…","https://www.originfacts.com/destinations/france"
"","200","destination","900","27","149","1","https://www.originfacts.com/destinations/french-guiana","French Guiana · Originfacts","French Guiana presses dense Amazonian rainforest — covering more than ninety percent of its territory — against a narrow Atlantic coastline, where a…","https://www.originfacts.com/destinations/french-guiana"
"","200","destination","947","30","154","1","https://www.originfacts.com/destinations/french-polynesia","French Polynesia · Originfacts","French Polynesia scatters 118 islands and atolls across roughly 2.5 million km² of South Pacific Ocean, its interior peaks draped in jungle while shallow…","https://www.originfacts.com/destinations/french-polynesia"
"","200","destination","840","19","152","1","https://www.originfacts.com/destinations/gabon","Gabon · Originfacts","Gabon sits on the equator along Central Africa&#x27;s Atlantic coast, where dense rainforest — covering roughly 85 percent of the land — meets mangrove…","https://www.originfacts.com/destinations/gabon"
"","200","destination","872","20","151","1","https://www.originfacts.com/destinations/gambia","Gambia · Originfacts","A narrow sliver of land wrapped almost entirely by Senegal, Gambia follows the course of the Gambia River for roughly 480 kilometres from the Atlantic…","https://www.originfacts.com/destinations/gambia"
"","200","destination","882","21","152","1","https://www.originfacts.com/destinations/georgia","Georgia · Originfacts","Georgia sits at the crossroads of Eastern Europe and Western Asia, where the Caucasus Mountains drop sharply toward Black Sea lowlands and ancient wine…","https://www.originfacts.com/destinations/georgia"
"","200","destination","1017","21","150","1","https://www.originfacts.com/destinations/germany","Germany · Originfacts","Germany occupies the heart of Europe — a country of dense forests, Rhine river valleys, northern lowland plains, and Bavarian Alpine foothills, where…","https://www.originfacts.com/destinations/germany"
"","200","destination","1007","19","147","1","https://www.originfacts.com/destinations/ghana","Ghana · Originfacts","Ghana sits along the Gulf of Guinea in West Africa, where red laterite roads cut through tropical forest and savanna, the air carries the scent of…","https://www.originfacts.com/destinations/ghana"
"","200","destination","859","23","153","1","https://www.originfacts.com/destinations/gibraltar","Gibraltar · Originfacts","A British Overseas Territory of just 6.7 km² at the southern tip of the Iberian Peninsula, Gibraltar is defined by its monolithic limestone Rock, a busy…","https://www.originfacts.com/destinations/gibraltar"
"","200","destination","1006","20","152","1","https://www.originfacts.com/destinations/greece","Greece · Originfacts","Greece occupies the southern tip of the Balkan Peninsula and scatters roughly 6,000 islands across the Aegean and Ionian seas — a country where ancient…","https://www.originfacts.com/destinations/greece"
"","200","destination","934","23","158","1","https://www.originfacts.com/destinations/greenland","Greenland · Originfacts","Greenland is the world&#x27;s largest island, a vast white expanse of ice sheet and tundra edged by fjords, where the northern lights illuminate winter skies…","https://www.originfacts.com/destinations/greenland"
"","200","destination","854","21","151","1","https://www.originfacts.com/destinations/grenada","Grenada · Originfacts","A small volcanic island nation at the southern end of the Caribbean, Grenada is shaped by dense rainforest interiors, crater lakes, and the persistent…","https://www.originfacts.com/destinations/grenada"
"","200","destination","880","24","144","1","https://www.originfacts.com/destinations/guadeloupe","Guadeloupe · Originfacts","Guadeloupe is a butterfly-shaped archipelago in the eastern Caribbean, where volcanic peaks and dense rainforest meet coral-fringed lagoons and…","https://www.originfacts.com/destinations/guadeloupe"
"","200","destination","864","18","151","1","https://www.originfacts.com/destinations/guam","Guam · Originfacts","A coral-fringed island of roughly 549 km² in the western Pacific, Guam is the largest and southernmost of the Mariana Islands — a place where Chamorro…","https://www.originfacts.com/destinations/guam"
"","200","destination","923","23","151","1","https://www.originfacts.com/destinations/guatemala","Guatemala · Originfacts","Guatemala folds volcanic highlands, dense cloud forest, and lowland jungle into a country roughly the size of Tennessee, where Maya heritage remains a…","https://www.originfacts.com/destinations/guatemala"
"","200","destination","895","22","151","1","https://www.originfacts.com/destinations/guernsey","Guernsey · Originfacts","A self-governing Crown dependency in the English Channel, Guernsey sits closer to the Normandy coast than to England, its granite cliffs and sheltered…","https://www.originfacts.com/destinations/guernsey"
"","200","destination","870","20","153","1","https://www.originfacts.com/destinations/guinea","Guinea · Originfacts","Guinea occupies a humid corner of West Africa where the Fouta Djallon highlands give rise to rivers that drain across the entire region, and where dense…","https://www.originfacts.com/destinations/guinea"
"","200","destination","864","27","151","1","https://www.originfacts.com/destinations/guinea-bissau","Guinea-Bissau · Originfacts","Guinea-Bissau is a small, low-lying West African nation where mangrove estuaries dissolve into the Atlantic, and the rhythm of daily life moves to the…","https://www.originfacts.com/destinations/guinea-bissau"
"","200","destination","880","20","151","1","https://www.originfacts.com/destinations/guyana","Guyana · Originfacts","Guyana sits where the Amazon basin meets the Caribbean coast, a country of dense rainforest, savannah highlands, and rivers that outnumber roads — the…","https://www.originfacts.com/destinations/guyana"
"","200","destination","845","19","154","1","https://www.originfacts.com/destinations/haiti","Haiti · Originfacts","Haiti occupies the western third of Hispaniola in the Caribbean, a mountainous, densely populated country where Creole rhythms, vivid street art, and the…","https://www.originfacts.com/destinations/haiti"
"","200","destination","946","22","153","1","https://www.originfacts.com/destinations/honduras","Honduras · Originfacts","Honduras stretches from Caribbean lowlands and coral-fringed coastline in the north to pine-covered mountains and Pacific coastal plains in the south, a…","https://www.originfacts.com/destinations/honduras"
"","200","destination","945","23","153","1","https://www.originfacts.com/destinations/hong-kong","Hong Kong · Originfacts","Hong Kong occupies a narrow strip of coastline and 260-odd islands on the South China Sea, where glass-tower skylines meet bamboo-forested hillsides and…","https://www.originfacts.com/destinations/hong-kong"
"","200","destination","902","21","148","1","https://www.originfacts.com/destinations/hungary","Hungary · Originfacts","Hungary sits at the heart of Central Europe, its flat Great Plain dissolving into gentle hills and the wide grey ribbon of the Danube, a landlocked…","https://www.originfacts.com/destinations/hungary"
"","200","destination","912","21","152","1","https://www.originfacts.com/destinations/iceland","Iceland · Originfacts","Iceland is fire and ice rendered into landscape: glaciers, geysers, black-sand beaches, and skies that flicker green half the year. ## Overview Iceland…","https://www.originfacts.com/destinations/iceland"
"","200","destination","1037","19","149","1","https://www.originfacts.com/destinations/india","India · Originfacts","India occupies a subcontinent of extraordinary range — from the glaciated Himalayas in the north to tropical coastlines in the south, through desert…","https://www.originfacts.com/destinations/india"
"","200","destination","1357","23","154","1","https://www.originfacts.com/destinations/indonesia","Indonesia · Originfacts","Indonesia stretches across 17,000 islands between the Indian and Pacific Oceans, a nation shaped by volcanic peaks, equatorial rainforest, and one of the…","https://www.originfacts.com/destinations/indonesia"
"","200","destination","969","18","151","1","https://www.originfacts.com/destinations/iran","Iran · Originfacts","A vast plateau ringed by mountain ranges, Iran spans nearly 1.65 million km² between the Caspian Sea and the Persian Gulf, its interior marked by salt…","https://www.originfacts.com/destinations/iran"
"","200","destination","916","18","146","1","https://www.originfacts.com/destinations/iraq","Iraq · Originfacts","Iraq occupies the ancient floodplain between the Tigris and Euphrates rivers, a landscape of desert plateaus, fertile river valleys, and southern…","https://www.originfacts.com/destinations/iraq"
"","200","destination","907","21","150","1","https://www.originfacts.com/destinations/ireland","Ireland · Originfacts","Ireland is an island of low mountains, wide boglands, and a deeply green interior shaped by Atlantic rain — a country where ancient passage tombs and…","https://www.originfacts.com/destinations/ireland"
"","200","destination","922","25","148","1","https://www.originfacts.com/destinations/isle-of-man","Isle of Man · Originfacts","A small self-governing island in the Irish Sea, the Isle of Man sits roughly equidistant from England, Scotland, Ireland, and Wales — its landscape…","https://www.originfacts.com/destinations/isle-of-man"
"","200","destination","938","20","153","1","https://www.originfacts.com/destinations/israel","Israel · Originfacts","Israel occupies a narrow strip of the eastern Mediterranean — desert, fertile valleys, and ancient stone cities compressed into an area smaller than New…","https://www.originfacts.com/destinations/israel"
"","200","destination","1010","19","154","1","https://www.originfacts.com/destinations/italy","Italy · Originfacts","A peninsula shaped by millennia of empire, art, and agriculture, Italy stretches from the Alps to the Mediterranean across 301,000 km², where Roman ruins…","https://www.originfacts.com/destinations/italy"
"","200","destination","935","25","150","1","https://www.originfacts.com/destinations/ivory-coast","Ivory Coast · Originfacts","Ivory Coast stretches from Atlantic surf and dense rainforest in the south to dry savanna and the Sahel fringe in the north — a country of 26 million…","https://www.originfacts.com/destinations/ivory-coast"
"","200","destination","1298","21","154","1","https://www.originfacts.com/destinations/jakarta","Jakarta · Originfacts","Indonesia&#x27;s thunderous capital pulses with contradiction, where gleaming skyscrapers cast shadows over colonial Batavia&#x27;s crumbling facades and…","https://www.originfacts.com/destinations/jakarta"
"","200","destination","880","21","151","1","https://www.originfacts.com/destinations/jamaica","Jamaica · Originfacts","Jamaica rises from the Caribbean Sea as a compact island of surprising vertical relief — the Blue Mountains dominate the interior while coastal plains…","https://www.originfacts.com/destinations/jamaica"
"","200","destination","1205","19","148","1","https://www.originfacts.com/destinations/japan","Japan · Originfacts","Japan is a mountainous archipelago of 6,852 islands where ancient temple districts and neon-lit urban grids exist in close proximity, and where the…","https://www.originfacts.com/destinations/japan"
"","200","destination","897","20","153","1","https://www.originfacts.com/destinations/jersey","Jersey · Originfacts","A small island in the Bay of St Malo, Jersey sits closer to the coast of Normandy than to England, its narrow lanes edged by granite walls, south-facing…","https://www.originfacts.com/destinations/jersey"
"","200","destination","887","20","157","1","https://www.originfacts.com/destinations/jordan","Jordan · Originfacts","Jordan is a compact desert kingdom where rose-red canyons, ancient trade routes, and the lowest point on Earth&#x27;s surface converge in a landscape shaped…","https://www.originfacts.com/destinations/jordan"
"","200","destination","958","24","159","1","https://www.originfacts.com/destinations/kazakhstan","Kazakhstan · Originfacts","Kazakhstan sprawls across Central Asia as the world&#x27;s largest landlocked country — vast steppe rolling into desert, mountain ranges framing the south and…","https://www.originfacts.com/destinations/kazakhstan"
"","200","destination","963","19","159","1","https://www.originfacts.com/destinations/kenya","Kenya · Originfacts","Kenya straddles the equator where savannah grasslands meet snow-capped peaks, coral coastline meets arid northern desert, and Nairobi&#x27;s glass towers rise…","https://www.originfacts.com/destinations/kenya"
"","200","destination","855","22","148","1","https://www.originfacts.com/destinations/kiribati","Kiribati · Originfacts","Kiribati is a scattered nation of 33 low-lying coral atolls and reef islands strung across the central Pacific, straddling both the equator and the…","https://www.originfacts.com/destinations/kiribati"
"","200","destination","853","20","149","1","https://www.originfacts.com/destinations/kosovo","Kosovo · Originfacts","A landlocked country in the central Balkans, Kosovo is defined by river valleys, vine-terraced hills, and the jagged peaks of the Sharr and Accursed…","https://www.originfacts.com/destinations/kosovo"
"","200","destination","842","20","151","1","https://www.originfacts.com/destinations/kuwait","Kuwait · Originfacts","Kuwait sits at the northwestern tip of the Persian Gulf — a small, flat, largely desert nation where glass-and-steel towers rise above an ancient dhow…","https://www.originfacts.com/destinations/kuwait"
"","200","destination","869","24","153","1","https://www.originfacts.com/destinations/kyrgyzstan","Kyrgyzstan · Originfacts","Kyrgyzstan is a landlocked Central Asian republic defined almost entirely by mountains — the Tian Shan and Pamir-Alay ranges cover roughly 94 percent of…","https://www.originfacts.com/destinations/kyrgyzstan"
"","200","destination","887","18","150","1","https://www.originfacts.com/destinations/laos","Laos · Originfacts","Landlocked between five neighbours in mainland Southeast Asia, Laos moves at a pace shaped by the Mekong River — monks collecting alms at dawn, river…","https://www.originfacts.com/destinations/laos"
"","200","destination","896","20","154","1","https://www.originfacts.com/destinations/latvia","Latvia · Originfacts","Latvia sits at the heart of the Baltic, a country of amber coastline, dense pine forest, and art nouveau streetscapes where the rhythms of rural life and…","https://www.originfacts.com/destinations/latvia"
"","200","destination","869","21","151","1","https://www.originfacts.com/destinations/lebanon","Lebanon · Originfacts","Lebanon compresses cedar forests, Mediterranean coastline, and snow-capped mountain ranges into an area smaller than Connecticut, sustaining a culture…","https://www.originfacts.com/destinations/lebanon"
"","200","destination","861","21","151","1","https://www.originfacts.com/destinations/lesotho","Lesotho · Originfacts","A landlocked kingdom entirely encircled by South Africa, Lesotho sits almost entirely above 1,400 metres — a high-altitude plateau of basalt mountains…","https://www.originfacts.com/destinations/lesotho"
"long_description","200","destination","869","21","163","1","https://www.originfacts.com/destinations/liberia","Liberia · Originfacts","Liberia sits at the elbow of West Africa&#x27;s Atlantic coast, its interior blanketed by some of the region&#x27;s last intact tropical rainforest, while fishing…","https://www.originfacts.com/destinations/liberia"
"","200","destination","911","19","148","1","https://www.originfacts.com/destinations/libya","Libya · Originfacts","A vast North African state where the Sahara dominates nine-tenths of the terrain, Libya stretches from the Mediterranean coast inward through stony…","https://www.originfacts.com/destinations/libya"
"","200","destination","860","23","147","1","https://www.originfacts.com/destinations/lithuania","Lithuania · Originfacts","Lithuania is the southernmost of the three Baltic states, a country of amber coastline, dense pine forest, and a Baroque capital that survived the…","https://www.originfacts.com/destinations/lithuania"
"","200","destination","831","24","148","1","https://www.originfacts.com/destinations/luxembourg","Luxembourg · Originfacts","Luxembourg is a small, landlocked grand duchy wedged between Belgium, France, and Germany, where dense Ardennes forest meets river gorges, medieval…","https://www.originfacts.com/destinations/luxembourg"
"long_description","200","destination","906","19","163","1","https://www.originfacts.com/destinations/macau","Macau · Originfacts","A former Portuguese enclave on China&#x27;s southern coast, Macau packs baroque churches, dense high-rises, and some of the world&#x27;s largest casinos into just…","https://www.originfacts.com/destinations/macau"
"","200","destination","901","24","153","1","https://www.originfacts.com/destinations/madagascar","Madagascar · Originfacts","Madagascar sits in the Indian Ocean off the eastern coast of Africa, its 587,000 km² landmass shaped by rainforests on the east, semi-arid spiny deserts…","https://www.originfacts.com/destinations/madagascar"
"","200","destination","841","20","149","1","https://www.originfacts.com/destinations/malawi","Malawi · Originfacts","Malawi is a landlocked sliver of southeastern Africa defined almost as much by water as land — Lake Malawi stretches along nearly the entire eastern…","https://www.originfacts.com/destinations/malawi"
"","200","destination","1033","22","154","1","https://www.originfacts.com/destinations/malaysia","Malaysia · Originfacts","Malaysia spans two distinct landmasses — Peninsular Malaysia flanked by the Strait of Malacca and the South China Sea, and the Borneo states of Sabah and…","https://www.originfacts.com/destinations/malaysia"
"","200","destination","884","22","149","1","https://www.originfacts.com/destinations/maldives","Maldives · Originfacts","The Maldives is an archipelago of 1,192 coral islands arranged in 26 atolls across the central Indian Ocean, where the land rarely rises more than a…","https://www.originfacts.com/destinations/maldives"
"","200","destination","896","18","151","1","https://www.originfacts.com/destinations/mali","Mali · Originfacts","A landlocked West African nation where the Sahara Desert fades into the Sahel and then into the greener Niger River valley, Mali is defined by ancient…","https://www.originfacts.com/destinations/mali"
"","200","destination","854","19","150","1","https://www.originfacts.com/destinations/malta","Malta · Originfacts","A small Mediterranean archipelago south of Sicily, Malta packs Baroque cities, honey-coloured limestone cliffs, and a layered history stretching back…","https://www.originfacts.com/destinations/malta"
"","200","destination","901","30","151","1","https://www.originfacts.com/destinations/marshall-islands","Marshall Islands · Originfacts","Scattered across 1.9 million square kilometres of the central Pacific, the Marshall Islands is an archipelago of 29 low-lying atolls and five isolated…","https://www.originfacts.com/destinations/marshall-islands"
"","200","destination","860","24","150","1","https://www.originfacts.com/destinations/martinique","Martinique · Originfacts","Martinique is a volcanic island in the eastern Caribbean, where dense rainforest meets sugar-cane plains, black-sand Atlantic beaches face white-sand…","https://www.originfacts.com/destinations/martinique"
"","200","destination","874","24","152","1","https://www.originfacts.com/destinations/mauritania","Mauritania · Originfacts","Mauritania stretches across the western edge of the Sahara, where sand dunes swallow ancient caravan cities and the Atlantic coastline meets one of the…","https://www.originfacts.com/destinations/mauritania"
"","200","destination","866","23","152","1","https://www.originfacts.com/destinations/mauritius","Mauritius · Originfacts","A volcanic island of roughly 2,040 km² in the southwest Indian Ocean, Mauritius layers sugarcane plains, basalt peaks, and coral lagoons into a compact…","https://www.originfacts.com/destinations/mauritius"
"","200","destination","829","21","156","1","https://www.originfacts.com/destinations/mayotte","Mayotte · Originfacts","Mayotte rises from the Indian Ocean as a pair of volcanic islands fringed by one of the world&#x27;s largest lagoons, where the scent of ylang-ylang drifts…","https://www.originfacts.com/destinations/mayotte"
"","200","destination","1304","23","154","1","https://www.originfacts.com/destinations/melbourne","Melbourne · Originfacts","Melbourne thrives on contradictions: laneway coffee bars hide behind Victorian facades, street art explodes across industrial walls, and four seasons can…","https://www.originfacts.com/destinations/melbourne"
"","200","destination","1081","20","148","1","https://www.originfacts.com/destinations/mexico","Mexico · Originfacts","Mexico stretches from the Sonoran desert in the north to dense rainforest in the south, a country of 2 million km² where ancient pyramids share the…","https://www.originfacts.com/destinations/mexico"
"","200","destination","937","24","154","1","https://www.originfacts.com/destinations/micronesia","Micronesia · Originfacts","Micronesia is a scatter of more than 600 islands and atolls across the western Pacific, where the deep blue of the ocean defines almost every horizon and…","https://www.originfacts.com/destinations/micronesia"
"","200","destination","847","21","155","1","https://www.originfacts.com/destinations/moldova","Moldova · Originfacts","Landlocked between Romania and Ukraine, Moldova is one of Europe&#x27;s smallest and least-visited countries — a quiet mosaic of vineyards, rolling steppe…","https://www.originfacts.com/destinations/moldova"
"","200","destination","897","22","156","1","https://www.originfacts.com/destinations/mongolia","Mongolia · Originfacts","Mongolia stretches across 1.56 million square kilometres of steppe, desert, and mountain — one of the world&#x27;s most sparsely populated countries, where…","https://www.originfacts.com/destinations/mongolia"
"","200","destination","856","24","157","1","https://www.originfacts.com/destinations/montenegro","Montenegro · Originfacts","A compact Adriatic nation where limestone mountains drop sharply to a narrow coastal strip, Montenegro packs dramatic vertical relief — from Durmitor&#x27;s…","https://www.originfacts.com/destinations/montenegro"
"","200","destination","828","24","152","1","https://www.originfacts.com/destinations/montserrat","Montserrat · Originfacts","A small British Overseas Territory in the eastern Caribbean, Montserrat carries the quiet weight of volcanic drama — its southern half buried under ash…","https://www.originfacts.com/destinations/montserrat"
"","200","destination","1000","21","159","1","https://www.originfacts.com/destinations/morocco","Morocco · Originfacts","Morocco sits at the northwestern edge of Africa, where the Sahara&#x27;s sand dunes give way to cedar forests, snow-dusted Atlas peaks, and the scent of cumin…","https://www.originfacts.com/destinations/morocco"
"","200","destination","922","24","152","1","https://www.originfacts.com/destinations/mozambique","Mozambique · Originfacts","Mozambique stretches along nearly 2,500 kilometres of Indian Ocean coastline in southeastern Africa, its interior shaped by the Zambezi River, savannah…","https://www.originfacts.com/destinations/mozambique"
"","200","destination","954","21","145","1","https://www.originfacts.com/destinations/myanmar","Myanmar · Originfacts","Myanmar stretches from the high Himalayan foothills in the north to the mangrove-fringed Andaman coast in the south, a country of gilded pagodas…","https://www.originfacts.com/destinations/myanmar"
"","200","destination","976","21","152","1","https://www.originfacts.com/destinations/namibia","Namibia · Originfacts","Namibia unfolds across 824,000 square kilometres of stark contrasts — the ochre dunes of the Namib, the skeletal trees of the Kalahari thornveld, and a…","https://www.originfacts.com/destinations/namibia"
"","200","destination","800","19","152","1","https://www.originfacts.com/destinations/nauru","Nauru · Originfacts","Nauru is a raised coral island in the central Pacific, barely 21 km² in area, where phosphate-scarred interior plateau meets a narrow coastal fringe of…","https://www.originfacts.com/destinations/nauru"
"","200","destination","970","19","147","1","https://www.originfacts.com/destinations/nepal","Nepal · Originfacts","Nepal sits between the Tibetan Plateau and the Indo-Gangetic Plain, a landlocked country where subtropical lowland jungles give way to the highest…","https://www.originfacts.com/destinations/nepal"
"","200","destination","939","25","147","1","https://www.originfacts.com/destinations/netherlands","Netherlands · Originfacts","Roughly 41,500 km² of largely reclaimed land sitting at the mouth of the Rhine, Meuse, and Scheldt — the Netherlands is defined by flatness, water…","https://www.originfacts.com/destinations/netherlands"
"","200","destination","897","27","153","1","https://www.originfacts.com/destinations/new-caledonia","New Caledonia · Originfacts","A French archipelago in the South Pacific, New Caledonia wraps a vast coral lagoon — one of the world&#x27;s largest — around a main island of red-earth…","https://www.originfacts.com/destinations/new-caledonia"
"","200","destination","1054","25","151","1","https://www.originfacts.com/destinations/new-zealand","New Zealand · Originfacts","Two main islands and dozens of smaller ones stretched across the South Pacific, New Zealand packs glaciated peaks, geothermal plains, dense rainforest…","https://www.originfacts.com/destinations/new-zealand"
"","200","destination","846","23","159","1","https://www.originfacts.com/destinations/nicaragua","Nicaragua · Originfacts","Nicaragua is Central America&#x27;s largest country by area, where active volcanoes rise above Pacific lowlands, colonial cities sit in warm lake breezes, and…","https://www.originfacts.com/destinations/nicaragua"
"","200","destination","833","19","150","1","https://www.originfacts.com/destinations/niger","Niger · Originfacts","Niger is a landlocked Saharan and Sahelian nation where vast desert dunes give way to the fertile Niger River valley, and where ancient caravan trade…","https://www.originfacts.com/destinations/niger"
"","200","destination","1001","21","153","1","https://www.originfacts.com/destinations/nigeria","Nigeria · Originfacts","Nigeria occupies the hinge of West Africa where the savanna fades south into rainforest and the Niger River splits into a sprawling delta before meeting…","https://www.originfacts.com/destinations/nigeria"
"","200","destination","811","18","154","1","https://www.originfacts.com/destinations/niue","Niue · Originfacts","Niue is a raised coral island in the South Pacific, a single limestone plateau roughly 260 km² in area, where the ocean undercuts the land into sea caves…","https://www.originfacts.com/destinations/niue"
"","200","destination","852","28","150","1","https://www.originfacts.com/destinations/norfolk-island","Norfolk Island · Originfacts","A small volcanic island in the South Pacific, roughly halfway between New Zealand and New Caledonia, Norfolk Island covers just 35 km² and supports a…","https://www.originfacts.com/destinations/norfolk-island"
"","200","destination","887","27","154","1","https://www.originfacts.com/destinations/north-america","North America · Originfacts","North America spans roughly 24.7 million km² from the Arctic tundra of northern Canada to the tropical narrows of Panama, encompassing three vast federal…","https://www.originfacts.com/destinations/north-america"
"","200","destination","894","25","149","1","https://www.originfacts.com/destinations/north-korea","North Korea · Originfacts","A peninsula nation sealed almost entirely from outside view, North Korea occupies a mountainous northern half of Korea — pine-forested ridges, river…","https://www.originfacts.com/destinations/north-korea"
"","200","destination","868","29","156","1","https://www.originfacts.com/destinations/north-macedonia","North Macedonia · Originfacts","North Macedonia sits landlocked in the southern Balkans, a country of mountain ranges, river valleys, and one of Europe&#x27;s deepest lakes, where Ottoman…","https://www.originfacts.com/destinations/north-macedonia"
"","200","destination","918","38","152","1","https://www.originfacts.com/destinations/northern-mariana-islands","Northern Mariana Islands · Originfacts","A scattered arc of fifteen volcanic and limestone islands in the western Pacific, the Northern Mariana Islands sit roughly 2,500 kilometres east of the…","https://www.originfacts.com/destinations/northern-mariana-islands"
"","200","destination","944","20","150","1","https://www.originfacts.com/destinations/norway","Norway · Originfacts","Norway occupies the western edge of the Scandinavian Peninsula, a narrow, mountainous country where deep fjords cut inland from an Atlantic coastline…","https://www.originfacts.com/destinations/norway"
"","200","destination","1331","21","150","1","https://www.originfacts.com/destinations/oceania","Oceania · Originfacts","Oceania spans roughly 8.5 million km² of land scattered across the central and southern Pacific Ocean — a continent-region defined less by contiguous…","https://www.originfacts.com/destinations/oceania"
"","200","destination","895","18","153","1","https://www.originfacts.com/destinations/oman","Oman · Originfacts","Oman occupies the southeastern corner of the Arabian Peninsula, where red-rock wadis, rolling sand dunes, and a 3,165-kilometre coastline meet a society…","https://www.originfacts.com/destinations/oman"
"","200","destination","959","22","154","1","https://www.originfacts.com/destinations/pakistan","Pakistan · Originfacts","Pakistan stretches from the Arabian Sea coast northward through scorched plains and monsoon-fed rivers to some of the highest mountain ranges on Earth, a…","https://www.originfacts.com/destinations/pakistan"
"","200","destination","870","19","151","1","https://www.originfacts.com/destinations/palau","Palau · Originfacts","Palau is an archipelago of over 500 islands scattered across the western Pacific, where limestone rock islands rise from some of the world&#x27;s most…","https://www.originfacts.com/destinations/palau"
"","200","destination","921","20","157","1","https://www.originfacts.com/destinations/panama","Panama · Originfacts","Panama is the slender land bridge connecting North and South America, where the Pacific and Atlantic meet through one of the world&#x27;s most consequential…","https://www.originfacts.com/destinations/panama"
"","200","destination","1004","30","158","1","https://www.originfacts.com/destinations/papua-new-guinea","Papua New Guinea · Originfacts","Papua New Guinea occupies the eastern half of the world&#x27;s second-largest island, where dense rainforest descends from mist-wrapped highlands to mangrove…","https://www.originfacts.com/destinations/papua-new-guinea"
"","200","destination","888","22","152","1","https://www.originfacts.com/destinations/paraguay","Paraguay · Originfacts","Paraguay is a landlocked South American country where subtropical heat, red-earth plains, and the slow curves of the Paraguay River shape a way of life…","https://www.originfacts.com/destinations/paraguay"
"missing_description","200","destination","935","21","0","1","https://www.originfacts.com/destinations/pattaya","Pattaya · Originfacts","","https://www.originfacts.com/destinations/pattaya"
"","200","destination","1281","19","155","1","https://www.originfacts.com/destinations/perth","Perth · Originfacts","Perth is Western Australia&#x27;s sunny capital, set between the Swan River, Indian Ocean beaches and easy day trips to Fremantle, Rottnest Island and the…","https://www.originfacts.com/destinations/perth"
"","200","destination","1015","18","154","1","https://www.originfacts.com/destinations/peru","Peru · Originfacts","Peru folds Amazonian rainforest, high-altitude Andean plateaus, and a narrow Pacific coastal desert into a single country roughly three times the size of…","https://www.originfacts.com/destinations/peru"
"","200","destination","1053","25","154","1","https://www.originfacts.com/destinations/philippines","Philippines · Originfacts","An archipelago of over 7,600 islands stretching across the western Pacific, the Philippines blends Spanish colonial plazas, coral-fringed coastlines, and…","https://www.originfacts.com/destinations/philippines"
"missing_description","200","destination","1201","38","0","1","https://www.originfacts.com/destinations/phra-nakhon-si-ayutthaya","Phra Nakhon Si Ayutthaya · Originfacts","","https://www.originfacts.com/destinations/phra-nakhon-si-ayutthaya"
"missing_description","200","destination","941","20","0","1","https://www.originfacts.com/destinations/phuket","Phuket · Originfacts","","https://www.originfacts.com/destinations/phuket"
"","200","destination","1007","20","145","1","https://www.originfacts.com/destinations/poland","Poland · Originfacts","Poland stretches across the North European Plain between the Baltic Sea and the Carpathian Mountains, a country shaped by centuries of partition…","https://www.originfacts.com/destinations/poland"
"","200","destination","1024","22","152","1","https://www.originfacts.com/destinations/portugal","Portugal · Originfacts","Portugal occupies the southwestern corner of the Iberian Peninsula, where Atlantic winds shape a coastline of cliffs, estuaries, and long sandy beaches…","https://www.originfacts.com/destinations/portugal"
"","200","destination","924","25","145","1","https://www.originfacts.com/destinations/puerto-rico","Puerto Rico · Originfacts","Puerto Rico sits in the northeastern Caribbean, a mountainous island of tropical rainforest, limestone karst country, and more than 270 miles of…","https://www.originfacts.com/destinations/puerto-rico"
"","200","destination","866","19","150","1","https://www.originfacts.com/destinations/qatar","Qatar · Originfacts","A small peninsula of desert and coastline jutting into the Persian Gulf, Qatar has transformed within a single generation from a pearl-diving economy…","https://www.originfacts.com/destinations/qatar"
"","200","destination","888","35","152","1","https://www.originfacts.com/destinations/republic-of-the-congo","Republic of the Congo · Originfacts","The Republic of the Congo straddles the equator in central Africa, where dense rainforest covers more than two-thirds of the land and the Congo River —…","https://www.originfacts.com/destinations/republic-of-the-congo"
"","200","destination","973","21","149","1","https://www.originfacts.com/destinations/romania","Romania · Originfacts","Romania occupies a varied terrain of Carpathian mountains, rolling plains, and the Danube Delta — a country where medieval Saxon towns sit within an…","https://www.originfacts.com/destinations/romania"
"","200","destination","956","20","153","1","https://www.originfacts.com/destinations/russia","Russia · Originfacts","Russia spans eleven time zones and two continents, stretching from the Baltic exclave of Kaliningrad to the Pacific coast of Kamchatka — a country where…","https://www.originfacts.com/destinations/russia"
"","200","destination","856","20","144","1","https://www.originfacts.com/destinations/rwanda","Rwanda · Originfacts","A landlocked equatorial country of steep hills and terraced valleys, Rwanda sits at the heart of sub-Saharan Africa, its dense highland forests…","https://www.originfacts.com/destinations/rwanda"
"","200","destination","916","21","153","1","https://www.originfacts.com/destinations/reunion","Réunion · Originfacts","Réunion rises sharply from the Indian Ocean as a volcanic island of dramatic contrasts — lava fields meeting lush cirques, tropical coastline giving way…","https://www.originfacts.com/destinations/reunion"
"","200","destination","975","58","159","1","https://www.originfacts.com/destinations/saint-helena-ascension-and-tristan-da-cunha","Saint Helena, Ascension and Tristan da Cunha · Originfacts","Three remote volcanic islands scattered across the South Atlantic — Saint Helena, Ascension, and Tristan da Cunha — form one of the world&#x27;s most isolated…","https://www.originfacts.com/destinations/saint-helena-ascension-and-tristan-da-cunha"
"","200","destination","890","35","153","1","https://www.originfacts.com/destinations/saint-kitts-and-nevis","Saint Kitts and Nevis · Originfacts","Two volcanic islands rising from the Caribbean Sea, Saint Kitts and Nevis share a colonial sugar-plantation past with landscapes that shift quickly from…","https://www.originfacts.com/destinations/saint-kitts-and-nevis"
"","200","destination","901","25","152","1","https://www.originfacts.com/destinations/saint-lucia","Saint Lucia · Originfacts","Saint Lucia rises sharply from the eastern Caribbean Sea — a volcanic island of rainforested ridges, twin Piton peaks, and black-and-white sand beaches…","https://www.originfacts.com/destinations/saint-lucia"
"","200","destination","907","26","152","1","https://www.originfacts.com/destinations/saint-martin","Saint Martin · Originfacts","Saint Martin is a small Caribbean island divided between French and Dutch administration, where turquoise lagoons meet salt flats, hillside villas, and…","https://www.originfacts.com/destinations/saint-martin"
"long_description","200","destination","886","39","164","1","https://www.originfacts.com/destinations/saint-pierre-and-miquelon","Saint Pierre and Miquelon · Originfacts","A remnant of France&#x27;s North American empire, Saint Pierre and Miquelon sits just off Newfoundland&#x27;s southern coast — a cluster of windswept islands where…","https://www.originfacts.com/destinations/saint-pierre-and-miquelon"
"","200","destination","937","46","154","1","https://www.originfacts.com/destinations/saint-vincent-and-the-grenadines","Saint Vincent and the Grenadines · Originfacts","A chain of volcanic islands and coral cays stretching through the southern Caribbean, Saint Vincent and the Grenadines combines black-sand beaches formed…","https://www.originfacts.com/destinations/saint-vincent-and-the-grenadines"
"","200","destination","827","19","159","1","https://www.originfacts.com/destinations/samoa","Samoa · Originfacts","Samoa occupies two main volcanic islands — Upolu and Savai&#x27;i — in the heart of Polynesia, where rainforest ridges drop sharply to coral reefs and village…","https://www.originfacts.com/destinations/samoa"
"","200","destination","958","26","153","1","https://www.originfacts.com/destinations/saudi-arabia","Saudi Arabia · Originfacts","Saudi Arabia occupies most of the Arabian Peninsula, a vast plateau of desert, volcanic lava fields, and limestone escarpments stretching across roughly…","https://www.originfacts.com/destinations/saudi-arabia"
"","200","destination","903","21","154","1","https://www.originfacts.com/destinations/senegal","Senegal · Originfacts","Senegal stretches from the arid Sahel in the north to humid, mangrove-lined coastlines in the south, a country shaped by the Atlantic breeze, the call to…","https://www.originfacts.com/destinations/senegal"
"","200","destination","557","20","151","1","https://www.originfacts.com/destinations/serbia","Serbia · Originfacts","Serbia sits at the crossroads of Central and Southeast Europe, landlocked between the Pannonian Plain to the north and the rugged Balkans to the south…","https://www.originfacts.com/destinations/serbia"
"","200","destination","881","24","149","1","https://www.originfacts.com/destinations/seychelles","Seychelles · Originfacts","Seychelles is an archipelago of 115 granite and coral islands scattered across the western Indian Ocean, where dense tropical forest meets turquoise…","https://www.originfacts.com/destinations/seychelles"
"","200","destination","870","26","157","1","https://www.originfacts.com/destinations/sierra-leone","Sierra Leone · Originfacts","Sierra Leone occupies a compact stretch of West Africa&#x27;s Atlantic coast, where white-sand beaches give way abruptly to rainforest-covered hills and the…","https://www.originfacts.com/destinations/sierra-leone"
"","200","destination","905","23","151","1","https://www.originfacts.com/destinations/singapore","Singapore · Originfacts","A city-state of 733 km² at the southern tip of the Malay Peninsula, Singapore compresses equatorial rainforest, colonial architecture, gleaming towers…","https://www.originfacts.com/destinations/singapore"
"","200","destination","875","26","153","1","https://www.originfacts.com/destinations/sint-maarten","Sint Maarten · Originfacts","Sint Maarten occupies the southern 34 km² of a Caribbean island it shares with French Saint-Martin, a compact territory where salt ponds, turquoise bays…","https://www.originfacts.com/destinations/sint-maarten"
"","200","destination","871","22","152","1","https://www.originfacts.com/destinations/slovakia","Slovakia · Originfacts","Slovakia is a landlocked Central European country of forested mountains, medieval towns, and river valleys, where the Carpathian ranges define both the…","https://www.originfacts.com/destinations/slovakia"
"","200","destination","853","22","151","1","https://www.originfacts.com/destinations/slovenia","Slovenia · Originfacts","A small Central European country where the Alps meet the Adriatic and the Pannonian Plain, Slovenia packs glacial lakes, limestone karst, dense forest…","https://www.originfacts.com/destinations/slovenia"
"","200","destination","967","29","149","1","https://www.originfacts.com/destinations/solomon-islands","Solomon Islands · Originfacts","An archipelago of nearly 1,000 islands scattered across the southwestern Pacific, the Solomon Islands sit where dense rainforest meets coral-fringed…","https://www.originfacts.com/destinations/solomon-islands"
"","200","destination","887","21","152","1","https://www.originfacts.com/destinations/somalia","Somalia · Originfacts","Somalia occupies the Horn of Africa, where the Indian Ocean meets the Gulf of Aden across roughly 637,000 km² of arid plains, rugged highlands, and one…","https://www.originfacts.com/destinations/somalia"
"","200","destination","1051","26","150","1","https://www.originfacts.com/destinations/south-africa","South Africa · Originfacts","South Africa occupies the southern tip of the African continent, where savanna, desert, fertile winelands, and two ocean coastlines converge across a…","https://www.originfacts.com/destinations/south-africa"
"","200","destination","886","27","155","1","https://www.originfacts.com/destinations/south-america","South America · Originfacts","South America is a continent of dramatic contrasts — the world&#x27;s largest rainforest, its driest desert, its longest mountain chain, and river systems…","https://www.originfacts.com/destinations/south-america"
"","200","destination","1026","25","150","1","https://www.originfacts.com/destinations/south-korea","South Korea · Originfacts","South Korea occupies the southern half of a mountainous peninsula jutting into the Yellow and East seas, where ancient temple courtyards and neon-lit…","https://www.originfacts.com/destinations/south-korea"
"","200","destination","889","25","158","1","https://www.originfacts.com/destinations/south-sudan","South Sudan · Originfacts","South Sudan is a landlocked country of vast floodplains, tropical forests, and the sprawling wetlands of the Sudd, one of the world&#x27;s largest freshwater…","https://www.originfacts.com/destinations/south-sudan"
"","200","destination","1041","19","147","1","https://www.originfacts.com/destinations/spain","Spain · Originfacts","Spain occupies most of the Iberian Peninsula, a country of stark regional contrasts — arid Castilian plateaus, Pyrenean peaks, Atlantic green, and…","https://www.originfacts.com/destinations/spain"
"","200","destination","975","23","154","1","https://www.originfacts.com/destinations/sri-lanka","Sri Lanka · Originfacts","A teardrop-shaped island off the southern tip of India, Sri Lanka compresses tropical beaches, misty hill-country tea estates, ancient temple cities, and…","https://www.originfacts.com/destinations/sri-lanka"
"","200","destination","876","19","152","1","https://www.originfacts.com/destinations/sudan","Sudan · Originfacts","Sudan stretches across northeastern Africa in a vast arc of desert, savanna, and river valley — where the Blue and White Niles converge at Khartoum and…","https://www.originfacts.com/destinations/sudan"
"","200","destination","878","22","157","1","https://www.originfacts.com/destinations/suriname","Suriname · Originfacts","Suriname sits on South America&#x27;s northeastern shoulder, where dense Amazonian rainforest covers roughly 90 percent of the land and the Atlantic defines…","https://www.originfacts.com/destinations/suriname"
"","200","destination","888","36","151","1","https://www.originfacts.com/destinations/svalbard-and-jan-mayen","Svalbard and Jan Mayen · Originfacts","Svalbard and Jan Mayen are two remote Norwegian territories scattered across the Arctic Ocean, where polar bears outnumber people, glaciers calve into…","https://www.originfacts.com/destinations/svalbard-and-jan-mayen"
"","200","destination","1029","20","153","1","https://www.originfacts.com/destinations/sweden","Sweden · Originfacts","Sweden stretches from the grain fields and beech forests of Skåne in the south to the Arctic tundra and midnight sun of Lapland in the north — a country…","https://www.originfacts.com/destinations/sweden"
"","200","destination","621","25","146","1","https://www.originfacts.com/destinations/switzerland","Switzerland · Originfacts","Switzerland occupies the heart of the Alps, where river valleys, glacial lakes, and high peaks define both the scenery and the pace of life. Four…","https://www.originfacts.com/destinations/switzerland"
"","200","destination","1199","20","158","1","https://www.originfacts.com/destinations/sydney","Sydney · Originfacts","Sydney dazzles with its iconic harbour framed by the Opera House&#x27;s white sails and the steel arc of the Harbour Bridge. Golden beaches meet cosmopolitan…","https://www.originfacts.com/destinations/sydney"
"","200","destination","830","19","146","1","https://www.originfacts.com/destinations/syria","Syria · Originfacts","Syria occupies the eastern edge of the Mediterranean world, where the fertile coastal ranges give way abruptly to steppe and then open desert — a…","https://www.originfacts.com/destinations/syria"
"","200","destination","966","35","152","1","https://www.originfacts.com/destinations/sao-tome-and-principe","São Tomé and Príncipe · Originfacts","Two volcanic islands straddling the equator in the Gulf of Guinea, São Tomé and Príncipe is defined by dense rainforest tumbling toward black and ochre…","https://www.originfacts.com/destinations/sao-tome-and-principe"
"","200","destination","1011","20","151","1","https://www.originfacts.com/destinations/taiwan","Taiwan · Originfacts","Taiwan is a mountainous island of roughly 36,000 km² in the western Pacific, where dense forest-covered peaks descend quickly to coastal plains packed…","https://www.originfacts.com/destinations/taiwan"
"","200","destination","859","24","159","1","https://www.originfacts.com/destinations/tajikistan","Tajikistan · Originfacts","Tajikistan is Central Asia&#x27;s most mountainous country, where more than 90 percent of the land sits above 1,000 metres and the Pamir range presses against…","https://www.originfacts.com/destinations/tajikistan"
"","200","destination","984","22","155","1","https://www.originfacts.com/destinations/tanzania","Tanzania · Originfacts","Tanzania stretches from the Indian Ocean coast across savanna, highland plateau, and the world&#x27;s largest intact volcanic caldera to the snowfields of…","https://www.originfacts.com/destinations/tanzania"
"missing_description","200","destination","935","22","0","1","https://www.originfacts.com/destinations/tasmania","Tasmania · Originfacts","","https://www.originfacts.com/destinations/tasmania"
"","200","destination","1409","22","149","1","https://www.originfacts.com/destinations/thailand","Thailand · Originfacts","Thailand occupies the heart of mainland Southeast Asia, where tropical rainforest gives way to limestone karsts, rice paddies, and a coastline split…","https://www.originfacts.com/destinations/thailand"
"","200","destination","855","25","152","1","https://www.originfacts.com/destinations/timor-leste","Timor-Leste · Originfacts","A young nation on the eastern half of a tropical island, Timor-Leste is shaped by rugged mountain interiors, coral-fringed coastlines, and a history of…","https://www.originfacts.com/destinations/timor-leste"
"","200","destination","855","18","149","1","https://www.originfacts.com/destinations/togo","Togo · Originfacts","Togo is a narrow sliver of West Africa stretching from the Gulf of Guinea northward through savanna and plateau, where the coastal smell of salt and…","https://www.originfacts.com/destinations/togo"
"","200","destination","896","19","152","1","https://www.originfacts.com/destinations/tonga","Tonga · Originfacts","Tonga is an archipelago of 169 islands scattered across the South Pacific, where volcanic interiors meet coral reefs and the rhythm of daily life moves…","https://www.originfacts.com/destinations/tonga"
"","200","destination","933","33","153","1","https://www.originfacts.com/destinations/trinidad-and-tobago","Trinidad and Tobago · Originfacts","Two islands anchoring the southern Caribbean just off Venezuela&#x27;s coast — Trinidad a hub of oil, commerce, and Carnival energy, Tobago quieter with…","https://www.originfacts.com/destinations/trinidad-and-tobago"
"","200","destination","889","21","144","1","https://www.originfacts.com/destinations/tunisia","Tunisia · Originfacts","Tunisia sits at the northeastern tip of Africa, where Mediterranean coastline meets Saharan dunes within a few hundred kilometres — Roman ruins…","https://www.originfacts.com/destinations/tunisia"
"","200","destination","1009","20","153","1","https://www.originfacts.com/destinations/turkey","Turkey · Originfacts","Turkey straddles two continents — a fact felt in its architecture, its cuisine, and the way its cities layer Ottoman domes against modern skylines; from…","https://www.originfacts.com/destinations/turkey"
"","200","destination","524","26","153","1","https://www.originfacts.com/destinations/turkmenistan","Turkmenistan · Originfacts","Turkmenistan is mostly desert — the Karakum occupies around 80 percent of the country, a flat, sand-coloured expanse interrupted by occasional oases and…","https://www.originfacts.com/destinations/turkmenistan"
"","200","destination","948","38","150","1","https://www.originfacts.com/destinations/turks-and-caicos-islands","Turks and Caicos Islands · Originfacts","A British Overseas Territory scattered across the northwestern Caribbean, the Turks and Caicos Islands comprise around 40 low-lying coral islands and…","https://www.originfacts.com/destinations/turks-and-caicos-islands"
"","200","destination","848","20","149","1","https://www.originfacts.com/destinations/tuvalu","Tuvalu · Originfacts","Nine low-lying coral atolls scattered across the central Pacific, Tuvalu sits barely two metres above sea level on average — a nation defined by the…","https://www.originfacts.com/destinations/tuvalu"
"","200","destination","543","20","147","1","https://www.originfacts.com/destinations/uganda","Uganda · Originfacts","Uganda sits at the heart of equatorial Africa, where the Albertine Rift escarpment, crater lakes, and dense montane forest meet the broad northern…","https://www.originfacts.com/destinations/uganda"
"","200","destination","946","21","148","1","https://www.originfacts.com/destinations/ukraine","Ukraine · Originfacts","Ukraine stretches across the eastern edge of Europe in a vast sweep of steppe, river valleys, and forest — the largest country wholly within Europe…","https://www.originfacts.com/destinations/ukraine"
"","200","destination","1033","34","153","1","https://www.originfacts.com/destinations/united-arab-emirates","United Arab Emirates · Originfacts","Seven emirates stitched together across 83,600 km² of Gulf coastline and interior desert, where glass-and-steel skylines rise from dunes and the call to…","https://www.originfacts.com/destinations/united-arab-emirates"
"","200","destination","1250","28","147","1","https://www.originfacts.com/destinations/united-kingdom","United Kingdom · Originfacts","Four nations sharing one island group — chalk cliffs, Highland lochs, Welsh valleys, and Northern Irish drumlins across roughly 244,000 km², where…","https://www.originfacts.com/destinations/united-kingdom"
"","200","destination","1138","27","154","1","https://www.originfacts.com/destinations/united-states","United States · Originfacts","A continental nation of striking contrasts — from Arctic tundra in Alaska to subtropical wetlands in Florida, desert Southwest to temperate Pacific coast…","https://www.originfacts.com/destinations/united-states"
"","200","destination","929","42","150","1","https://www.originfacts.com/destinations/united-states-virgin-islands","United States Virgin Islands · Originfacts","A cluster of Caribbean islands shaped by Danish colonial history and American jurisdiction, the United States Virgin Islands offer a mix of turquoise…","https://www.originfacts.com/destinations/united-states-virgin-islands"
"","200","destination","861","21","159","1","https://www.originfacts.com/destinations/uruguay","Uruguay · Originfacts","Uruguay occupies a gentle roll of pampas grassland and river-laced lowlands on South America&#x27;s Atlantic shore, where cattle outnumber people and a strong…","https://www.originfacts.com/destinations/uruguay"
"","200","destination","954","24","154","1","https://www.originfacts.com/destinations/uzbekistan","Uzbekistan · Originfacts","Uzbekistan sits at the heart of Central Asia, a landlocked country where desert steppe meets ancient Silk Road cities of tilework and turquoise domes — a…","https://www.originfacts.com/destinations/uzbekistan"
"","200","destination","891","21","151","1","https://www.originfacts.com/destinations/vanuatu","Vanuatu · Originfacts","Vanuatu is an archipelago of roughly 80 islands scattered across the southwestern Pacific, where dense jungle descends to coral-fringed coastlines and…","https://www.originfacts.com/destinations/vanuatu"
"","200","destination","1001","23","150","1","https://www.originfacts.com/destinations/venezuela","Venezuela · Originfacts","Venezuela spans Caribbean coastline, Andean peaks, vast llanos grasslands, and Amazonian jungle across roughly 916,000 km², a geographic variety that…","https://www.originfacts.com/destinations/venezuela"
"","200","destination","1160","21","149","1","https://www.originfacts.com/destinations/vietnam","Vietnam · Originfacts","Vietnam stretches roughly 1,650 kilometres along the eastern edge of the Indochina Peninsula, a narrow, S-shaped country where terraced rice paddies…","https://www.originfacts.com/destinations/vietnam"
"","200","destination","900","31","141","1","https://www.originfacts.com/destinations/wallis-and-futuna","Wallis and Futuna · Originfacts","Three volcanic islands — Wallis, Futuna, and the uninhabited Alofi — scattered across the South Pacific between Fiji and Samoa, where French…","https://www.originfacts.com/destinations/wallis-and-futuna"
"","200","destination","872","28","154","1","https://www.originfacts.com/destinations/western-sahara","Western Sahara · Originfacts","Western Sahara is a disputed territory on Africa&#x27;s northwestern edge, where the Sahara meets the Atlantic and vast sand plains stretch uninterrupted…","https://www.originfacts.com/destinations/western-sahara"
"","200","destination","850","19","151","1","https://www.originfacts.com/destinations/yemen","Yemen · Originfacts","Yemen occupies the southwestern corner of the Arabian Peninsula, where terraced highlands drop toward desert plains and a long coastline meets the Red…","https://www.originfacts.com/destinations/yemen"
"","200","destination","597","20","152","1","https://www.originfacts.com/destinations/zambia","Zambia · Originfacts","Zambia sits at the heart of sub-Saharan Africa, a landlocked plateau of miombo woodland, wide rivers, and seasonal floodplains that pulse with wildlife…","https://www.originfacts.com/destinations/zambia"
"","200","destination","892","22","154","1","https://www.originfacts.com/destinations/zimbabwe","Zimbabwe · Originfacts","Zimbabwe occupies a landlocked plateau in southern Africa, where the Zambezi River carves the northern border and the ruins of a medieval stone city rise…","https://www.originfacts.com/destinations/zimbabwe"
"","200","destination","847","27","144","1","https://www.originfacts.com/destinations/aland-islands","Åland Islands · Originfacts","An autonomous archipelago of some 6,700 islands and skerries between Sweden and Finland, Åland moves to the rhythm of ferry wakes, pine-scented…","https://www.originfacts.com/destinations/aland-islands"
"","200","airline","1133","27","150","1","https://www.originfacts.com/airlines/abx-air-inc","ABX Air, Inc. · Originfacts","ABX Air is an American cargo airline headquartered near Wilmington, Ohio. Its origins date to 1980, when Airborne Freight Corporation created an airli","https://www.originfacts.com/airlines/abx-air-inc"
"","200","airline","1162","39","150","1","https://www.originfacts.com/airlines/ahk-air-hong-kong-limited","AHK Air Hong Kong Limited · Originfacts","Air Hong Kong was established in 1986 as Hong Kong’s first all-cargo airline and began flying in 1988 with a Boeing 707 freighter. Cathay Pacific acqu","https://www.originfacts.com/airlines/ahk-air-hong-kong-limited"
"","200","airline","1159","23","149","1","https://www.originfacts.com/airlines/ana-wings","ANA Wings · Originfacts","ANA Wings Co., Ltd. was established on 1 October 2009 through the merger of two existing ANA group carriers, Air Nippon Network and Air Next, both of","https://www.originfacts.com/airlines/ana-wings"
"","200","airline","1164","33","150","1","https://www.originfacts.com/airlines/asl-airlines-france","ASL Airlines France · Originfacts","ASL Airlines France traces its history to 1991, when the business was established as Société d’Exploitation Aéropostale. It subsequently operated unde","https://www.originfacts.com/airlines/asl-airlines-france"
"","200","airline","1475","27","150","1","https://www.originfacts.com/airlines/adria-airways","Adria Airways · Originfacts","Adria Airways was founded in 1961 as Adria Aviopromet, initially operating charter services in what was then Yugoslavia. It later became Slovenia’s fl","https://www.originfacts.com/airlines/adria-airways"
"","200","airline","1509","29","150","1","https://www.originfacts.com/airlines/aegean-airlines","Aegean Airlines · Originfacts","Aegean Airlines is a Greek scheduled carrier whose origins date to 1987, when Aegean Aviation was established. It began scheduled passenger operations","https://www.originfacts.com/airlines/aegean-airlines"
"","200","airline","1604","24","150","1","https://www.originfacts.com/airlines/aer-lingus","Aer Lingus · Originfacts","Aer Lingus is Ireland’s flag carrier and began operations in 1936 with a flight between Dublin and Bristol. Its name is derived from the Irish term fo","https://www.originfacts.com/airlines/aer-lingus"
"","200","airline","1364","27","150","1","https://www.originfacts.com/airlines/aero-mongolia","Aero Mongolia · Originfacts","Aero Mongolia is a privately owned Mongolian scheduled airline founded in 2001 and launched commercially in the early 2000s. It operates under IATA co","https://www.originfacts.com/airlines/aero-mongolia"
"","200","airline","1126","34","149","1","https://www.originfacts.com/airlines/aero-charter-ukraine","Aero-Charter Ukraine · Originfacts","Aero-Charter Ukraine, also known as ACR Aero-Charter, was established in 1997 as a privately owned Ukrainian airline. It operated under the IATA code","https://www.originfacts.com/airlines/aero-charter-ukraine"
"","200","airline","1169","39","150","1","https://www.originfacts.com/airlines/aero-tropics-air-services","Aero-Tropics Air Services · Originfacts","Aero-Tropics Air Services was a small Australian regional carrier operated by Lip-Air Pty Ltd, a company established by the Lippmann family in 1995. C","https://www.originfacts.com/airlines/aero-tropics-air-services"
"","200","airline","2087","22","150","1","https://www.originfacts.com/airlines/aeroflot","Aeroflot · Originfacts","Aeroflot traces its history to 1923 and is Russia’s flag carrier. The Russian state holds a controlling interest in its parent company, making the air","https://www.originfacts.com/airlines/aeroflot"
"","200","airline","1404","21","149","1","https://www.originfacts.com/airlines/aeromar","Aeromar · Originfacts","Aeromar was founded in 1987 and began flying in November of that year under the corporate identity Transportes Aeromar. Despite conflicting corporate","https://www.originfacts.com/airlines/aeromar"
"","200","airline","1811","24","150","1","https://www.originfacts.com/airlines/aeromexico","Aeroméxico · Originfacts","Founded in 1934, Aeroméxico is Mexico’s flag carrier and a full-service scheduled airline. It operates as the principal airline business of Grupo Aero","https://www.originfacts.com/airlines/aeromexico"
"","200","airline","1444","37","150","1","https://www.originfacts.com/airlines/african-express-airways","African Express Airways · Originfacts","African Express Airways is a privately owned Kenyan scheduled airline founded in 1986. Headquartered in Nairobi and identified by the IATA code XU and","https://www.originfacts.com/airlines/african-express-airways"
"","200","airline","1468","24","149","1","https://www.originfacts.com/airlines/aigle-azur","Aigle Azur · Originfacts","Aigle Azur traced its origins to 1946 and was reorganized as Aigle Azur in 1970, becoming one of France’s longest-established private airline brands.","https://www.originfacts.com/airlines/aigle-azur"
"","200","airline","1522","25","150","1","https://www.originfacts.com/airlines/air-albania","Air Albania · Originfacts","Air Albania is listed as a scheduled airline under the ZB IATA code and BUB ICAO designator, with Air Bourbon given as its legal name and France as it","https://www.originfacts.com/airlines/air-albania"
"","200","airline","1127","23","150","1","https://www.originfacts.com/airlines/air-alsie","Air Alsie · Originfacts","Air Alsie was founded in 1989 by Danish businessman and pilot Jens Østerlund Jensen. Based in Sønderborg, the company developed primarily as a busines","https://www.originfacts.com/airlines/air-alsie"
"","200","airline","1432","24","150","1","https://www.originfacts.com/airlines/air-arabia","Air Arabia · Originfacts","Air Arabia was established in 2003 and began flying that year as a low-cost carrier headquartered in Sharjah, United Arab Emirates. It became an early","https://www.originfacts.com/airlines/air-arabia"
"","200","airline","1386","30","150","1","https://www.originfacts.com/airlines/air-arabia-egypt","Air Arabia Egypt · Originfacts","Air Arabia Egypt is an Egyptian low-cost carrier formed in 2009 and launched commercially in 2010. It was established as a joint venture involving Sha","https://www.originfacts.com/airlines/air-arabia-egypt"
"","200","airline","1404","30","150","1","https://www.originfacts.com/airlines/air-arabia-maroc","Air Arabia Maroc · Originfacts","Air Arabia Maroc was established in 2009 and began operating that year as Morocco’s first low-cost carrier. It was formed through a partnership involv","https://www.originfacts.com/airlines/air-arabia-maroc"
"","200","airline","1584","24","150","1","https://www.originfacts.com/airlines/air-astana","Air Astana · Originfacts","Air Astana was founded in 2001 and operated its first commercial flight, between Almaty and Astana, in May 2002. It is Kazakhstan’s flag carrier and a","https://www.originfacts.com/airlines/air-astana"
"","200","airline","1478","25","150","1","https://www.originfacts.com/airlines/air-austral","Air Austral · Originfacts","Air Austral is a French scheduled airline headquartered on Réunion, a French overseas department in the Indian Ocean. Its origins date to 1974, when R","https://www.originfacts.com/airlines/air-austral"
"","200","airline","1467","26","150","1","https://www.originfacts.com/airlines/air-botswana","Air Botswana · Originfacts","Air Botswana is Botswana’s national airline and traces its origins to 1972. It operates as a government-owned statutory corporation under the Air Bots","https://www.originfacts.com/airlines/air-botswana"
"","200","airline","1429","25","150","1","https://www.originfacts.com/airlines/air-burkina","Air Burkina · Originfacts","Air Burkina was established in 1967 as Air Volta and adopted its current name after the country became Burkina Faso in 1984. The airline was partly pr","https://www.originfacts.com/airlines/air-burkina"
"","200","airline","1438","23","150","1","https://www.originfacts.com/airlines/air-busan","Air Busan · Originfacts","Air Busan is a South Korean low-cost airline founded in 2007 as Busan International Airlines and renamed before commencing scheduled services in 2008.","https://www.originfacts.com/airlines/air-busan"
"","200","airline","1435","26","150","1","https://www.originfacts.com/airlines/air-cambodia","Air Cambodia · Originfacts","Air Cambodia began operations in 2009 under the Cambodia Angkor Air identity and adopted its present brand in 2025. The airline was established as a j","https://www.originfacts.com/airlines/air-cambodia"
"","200","airline","2228","24","150","1","https://www.originfacts.com/airlines/air-canada","Air Canada · Originfacts","Air Canada was founded in 1937 as Trans-Canada Air Lines and adopted its present name in 1965. Originally created as a subsidiary of Canadian National","https://www.originfacts.com/airlines/air-canada"
"","200","airline","1139","38","150","1","https://www.originfacts.com/airlines/air-cargo-carriers-llc","Air Cargo Carriers, LLC. · Originfacts","Air Cargo Carriers, LLC is an American cargo airline established in 1986 and headquartered in Milwaukee, Wisconsin. It operates under the IATA code 2Q","https://www.originfacts.com/airlines/air-cargo-carriers-llc"
"","200","airline","1442","25","150","1","https://www.originfacts.com/airlines/air-changan","Air Changan · Originfacts","Air Changan is listed as a scheduled airline headquartered in the People’s Republic of China and identified by IATA code 9H and ICAO code CGN. Its rec","https://www.originfacts.com/airlines/air-changan"
"","200","airline","2140","23","149","1","https://www.originfacts.com/airlines/air-china","Air China · Originfacts","Air China is the flag carrier of the People’s Republic of China and began operating under its present identity in 1988 following the restructuring of","https://www.originfacts.com/airlines/air-china"
"","200","airline","1439","25","150","1","https://www.originfacts.com/airlines/air-corsica","Air Corsica · Originfacts","Air Corsica is a French scheduled airline founded in 1989 as Compagnie Corse Méditerranée, beginning commercial operations the following year. It adop","https://www.originfacts.com/airlines/air-corsica"
"","200","airline","1182","36","150","1","https://www.originfacts.com/airlines/air-cote-divoire","Air Cote D&#x27;Ivoire · Originfacts","Air Côte d’Ivoire was established in May 2012 and began commercial operations in November of that year, succeeding the former national airline Air Ivo","https://www.originfacts.com/airlines/air-cote-divoire"
"","200","airline","1145","26","150","1","https://www.originfacts.com/airlines/air-dilijans","Air Dilijans · Originfacts","Air Dilijans was founded in late 2015 as Aircompany Armenia, a privately owned airline of the Republic of Armenia. It received the IATA code RM and IC","https://www.originfacts.com/airlines/air-dilijans"
"","200","airline","1579","26","150","1","https://www.originfacts.com/airlines/air-djibouti","Air Djibouti · Originfacts","Air Djibouti is the national airline of Djibouti and traces its identity to a carrier established in 1963. The original operation later ceased flying,","https://www.originfacts.com/airlines/air-djibouti"
"","200","airline","1656","24","150","1","https://www.originfacts.com/airlines/air-europa","Air Europa · Originfacts","Air Europa was founded in 1986 and grew from a leisure-focused operator into one of Spain’s principal scheduled airlines. It is owned by Globalia, a S","https://www.originfacts.com/airlines/air-europa"
"","200","airline","2616","24","150","1","https://www.originfacts.com/airlines/air-france","Air France · Originfacts","Air France is France’s flag carrier and a major European scheduled airline. Founded in 1933 through the consolidation of several French aviation compa","https://www.originfacts.com/airlines/air-france"
"","200","airline","1482","27","150","1","https://www.originfacts.com/airlines/air-greenland","Air Greenland · Originfacts","Air Greenland was founded in 1960 as Grønlandsfly and adopted its current name in 2002. It is Greenland’s national airline and has been wholly owned b","https://www.originfacts.com/airlines/air-greenland"
"","200","airline","1418","33","150","1","https://www.originfacts.com/airlines/air-iceland-connect","Air Iceland Connect · Originfacts","Air Iceland Connect was the operating brand of Air Iceland, an Icelandair Group regional carrier. Its aviation heritage reached back to 1937, while th","https://www.originfacts.com/airlines/air-iceland-connect"
"","200","airline","1943","23","150","1","https://www.originfacts.com/airlines/air-india","Air India · Originfacts","Air India traces its origins to 1932, when J. R. D. Tata established Tata Airlines. The business adopted the Air India name in 1946 and was later nati","https://www.originfacts.com/airlines/air-india"
"","200","airline","1436","31","150","1","https://www.originfacts.com/airlines/air-india-express","Air India Express · Originfacts","Air India Express was established by Air India and began operations in 2005, initially serving as the group’s low-cost airline for international route","https://www.originfacts.com/airlines/air-india-express"
"","200","airline","1163","23","150","1","https://www.originfacts.com/airlines/air-japan","Air Japan · Originfacts","Air Japan Co., Ltd. traces its history to 1990, when it was established as World Air Network, and adopted the Air Japan name in 2001. The company is w","https://www.originfacts.com/airlines/air-japan"
"","200","airline","1122","26","150","1","https://www.originfacts.com/airlines/air-kiribati","Air Kiribati · Originfacts","Air Kiribati is the national airline of the Republic of Kiribati and a wholly government-owned enterprise. Established in 1995, it succeeded the count","https://www.originfacts.com/airlines/air-kiribati"
"","200","airline","1381","23","150","1","https://www.originfacts.com/airlines/air-koryo","Air Koryo · Originfacts","Air Koryo is North Korea’s state-owned flag carrier and operates under the IATA code JS and ICAO code KOR. It traces its history to 1955, when Chosonm","https://www.originfacts.com/airlines/air-koryo"
"","200","airline","1424","23","150","1","https://www.originfacts.com/airlines/air-libya","Air Libya · Originfacts","Air Libya is a privately owned Libyan airline founded in 1996, originally operating under the Tibesti Aviation identity. It later used the name Tibest","https://www.originfacts.com/airlines/air-libya"
"","200","airline","1471","23","155","1","https://www.originfacts.com/airlines/air-macau","Air Macau · Originfacts","Air Macau is the flag carrier of Macao, a special administrative region of the People&#x27;s Republic of China. Incorporated in 1994, it began commercial o","https://www.originfacts.com/airlines/air-macau"
"","200","airline","1583","28","150","1","https://www.originfacts.com/airlines/air-madagascar","Air Madagascar · Originfacts","Air Madagascar was established in 1962 and developed as Madagascar’s national flag carrier following independence. Historically controlled by the Mala","https://www.originfacts.com/airlines/air-madagascar"
"","200","airline","1551","27","150","1","https://www.originfacts.com/airlines/air-mauritius","Air Mauritius · Originfacts","Air Mauritius is the national airline of Mauritius. Established in 1967, it began flying in 1972 and has become an important part of the island nation","https://www.originfacts.com/airlines/air-mauritius"
"","200","airline","1408","24","150","1","https://www.originfacts.com/airlines/air-mekong","Air Mekong · Originfacts","Air Mekong was a privately owned Vietnamese scheduled airline founded in 2009 and backed by BIM Group, a diversified company based in Vietnam. Commerc","https://www.originfacts.com/airlines/air-mekong"
"","200","airline","1435","23","150","1","https://www.originfacts.com/airlines/air-moana","Air Moana · Originfacts","Air Moana is a scheduled airline associated with Spain and the legal name Air Madrid, using the IATA code NM and ICAO code DRD. Reliable details about","https://www.originfacts.com/airlines/air-moana"
"","200","airline","1522","25","150","1","https://www.originfacts.com/airlines/air-moldova","Air Moldova · Originfacts","Air Moldova was founded in 1993 following Moldova’s independence and developed from the civil aviation operation previously based in the Moldavian Sov","https://www.originfacts.com/airlines/air-moldova"
"","200","airline","1456","25","149","1","https://www.originfacts.com/airlines/air-namibia","Air Namibia · Originfacts","Air Namibia was Namibia’s state-owned flag carrier and operated scheduled passenger services under the SW airline code. Its origins extended to South","https://www.originfacts.com/airlines/air-namibia"
"","200","airline","1923","29","150","1","https://www.originfacts.com/airlines/air-new-zealand","Air New Zealand · Originfacts","Air New Zealand traces its origins to Tasman Empire Airways Limited, founded in 1940, and adopted its present name in 1965. The New Zealand government","https://www.originfacts.com/airlines/air-new-zealand"
"","200","airline","1122","24","150","1","https://www.originfacts.com/airlines/air-niamey","Air Niamey · Originfacts","Air Niamey was a Nigerien charter carrier founded in 2007 and based in the national capital. Public information about its ownership and corporate stru","https://www.originfacts.com/airlines/air-niamey"
"","200","airline","1547","25","150","1","https://www.originfacts.com/airlines/air-niugini","Air Niugini · Originfacts","Air Niugini is Papua New Guinea’s national airline and is owned by the national government. Established in 1973, it began flying in November of that y","https://www.originfacts.com/airlines/air-niugini"
"","200","airline","1427","23","150","1","https://www.originfacts.com/airlines/air-north","Air North · Originfacts","Air North is a Canadian scheduled airline founded in 1977 as Air North Charter and Training. It is based in Whitehorse and has developed a distinct id","https://www.originfacts.com/airlines/air-north"
"","200","airline","1132","25","150","1","https://www.originfacts.com/airlines/air-nostrum","Air Nostrum · Originfacts","Air Nostrum was founded in Valencia in 1994 and began scheduled flying later that year. Privately funded and legally distinct from Iberia, the Spanish","https://www.originfacts.com/airlines/air-nostrum"
"","200","airline","1419","27","150","1","https://www.originfacts.com/airlines/air-rarotonga","Air Rarotonga · Originfacts","Air Rarotonga is a privately owned Cook Islands airline founded in 1978. Based in the country’s capital, it operates scheduled passenger services unde","https://www.originfacts.com/airlines/air-rarotonga"
"","200","airline","1402","30","150","1","https://www.originfacts.com/airlines/air-saint-pierre","Air Saint Pierre · Originfacts","Air Saint-Pierre is a French scheduled airline based in the overseas collectivity of Saint-Pierre and Miquelon. Founded in 1964, it provides essential","https://www.originfacts.com/airlines/air-saint-pierre"
"","200","airline","1664","24","154","1","https://www.originfacts.com/airlines/air-serbia","Air Serbia · Originfacts","Air Serbia is Serbia&#x27;s national flag carrier and operates scheduled passenger services under the JU airline code. The current Air Serbia identity was","https://www.originfacts.com/airlines/air-serbia"
"","200","airline","1452","28","150","1","https://www.originfacts.com/airlines/air-seychelles","Air Seychelles · Originfacts","Air Seychelles was founded in 1977 as Seychelles Airlines after the consolidation of the local operators Air Mahé and Inter-Island Airways, adopting i","https://www.originfacts.com/airlines/air-seychelles"
"","200","airline","1490","24","150","1","https://www.originfacts.com/airlines/air-tahiti","Air Tahiti · Originfacts","Air Tahiti is a French scheduled airline based in French Polynesia. Its origins extend to the inter-island RAI network established in 1958, which beca","https://www.originfacts.com/airlines/air-tahiti"
"","200","airline","1496","28","150","1","https://www.originfacts.com/airlines/air-tahiti-nui","Air Tahiti Nui · Originfacts","Air Tahiti Nui was founded in 1996 and began commercial operations in 1998, establishing a dedicated long-haul airline for French Polynesia. It is maj","https://www.originfacts.com/airlines/air-tahiti-nui"
"","200","airline","1152","26","149","1","https://www.originfacts.com/airlines/air-tanzania","Air Tanzania · Originfacts","Air Tanzania was established in 1977 after the dissolution of East African Airways and serves as the national airline of Tanzania. It is owned by the","https://www.originfacts.com/airlines/air-tanzania"
"","200","airline","1399","26","150","1","https://www.originfacts.com/airlines/air-thanlwin","Air Thanlwin · Originfacts","Air Thanlwin is a scheduled airline headquartered in Myanmar and identified by IATA code ST and ICAO code RTL. Its corporate identity developed from Y","https://www.originfacts.com/airlines/air-thanlwin"
"","200","airline","1387","23","150","1","https://www.originfacts.com/airlines/air-tindi","Air Tindi · Originfacts","Air Tindi is a privately owned Canadian regional airline established in Yellowknife in 1988. Founded by members of the Arychuk family, it developed ar","https://www.originfacts.com/airlines/air-tindi"
"","200","airline","1511","25","150","1","https://www.originfacts.com/airlines/air-transat","Air Transat · Originfacts","Air Transat is a Canadian scheduled leisure airline founded in Montreal in 1986, with flight operations beginning in 1987. It is owned by Transat A.T.","https://www.originfacts.com/airlines/air-transat"
"","200","airline","1173","48","150","1","https://www.originfacts.com/airlines/air-transport-international-llc","Air Transport International L.L.C. · Originfacts","Air Transport International, commonly known as ATI, is a United States airline whose operating history dates to 1978, with flight operations beginning","https://www.originfacts.com/airlines/air-transport-international-llc"
"","200","airline","1564","25","150","1","https://www.originfacts.com/airlines/air-vanuatu","Air Vanuatu · Originfacts","Air Vanuatu was established in 1981 and is Vanuatu’s state-owned national airline. It has traditionally served both a public-transport role and a tour","https://www.originfacts.com/airlines/air-vanuatu"
"","200","airline","1118","26","150","1","https://www.originfacts.com/airlines/air-zimbabwe","Air Zimbabwe · Originfacts","Air Zimbabwe is Zimbabwe’s national airline and a state-owned carrier. Its origins lie in Air Rhodesia, established in 1967, while the Air Zimbabwe id","https://www.originfacts.com/airlines/air-zimbabwe"
"","200","airline","1441","21","150","1","https://www.originfacts.com/airlines/airasia","AirAsia · Originfacts","AirAsia was founded in 1993 and began operations in 1996. Tune Air, led by Tony Fernandes and Kamarudin Meranun, acquired the struggling carrier in 20","https://www.originfacts.com/airlines/airasia"
"","200","airline","1396","23","150","1","https://www.originfacts.com/airlines/airasia-x","AirAsia X · Originfacts","AirAsia X is a Malaysian low-cost airline founded in 2006 and launched scheduled passenger services in 2007. It operates under the AirAsia brand throu","https://www.originfacts.com/airlines/airasia-x"
"","200","airline","1106","28","150","1","https://www.originfacts.com/airlines/airbridgecargo","AirBridgeCargo · Originfacts","AirBridgeCargo Airlines is a Russian all-cargo carrier created by the privately owned Volga-Dnepr Group. The project began in 2003, and commercial ser","https://www.originfacts.com/airlines/airbridgecargo"
"","200","airline","1346","22","150","1","https://www.originfacts.com/airlines/airkenya","AirKenya · Originfacts","Airkenya Express is a Kenyan scheduled airline whose origins date to the mid-1970s. Airkenya Ltd operated four small aircraft in 1975 and merged its o","https://www.originfacts.com/airlines/airkenya"
"","200","airline","1483","22","150","1","https://www.originfacts.com/airlines/aircalin","Aircalin · Originfacts","Aircalin was founded in Nouméa in 1983 as Air Calédonie International and is New Caledonia’s international airline. It is distinct from Air Calédonie,","https://www.originfacts.com/airlines/aircalin"
"","200","airline","1118","26","150","1","https://www.originfacts.com/airlines/airline-urga","Airline Urga · Originfacts","Airline Urga, legally registered as Air Urga, was founded in 1993 in Ukraine. It is structured as a private joint-stock company and is headquartered i","https://www.originfacts.com/airlines/airline-urga"
"","200","airline","1133","21","150","1","https://www.originfacts.com/airlines/airlink","Airlink · Originfacts","Airlink is a privately owned South African regional airline founded in 1992. Although the supplied data lists Austria as its headquarters country, air","https://www.originfacts.com/airlines/airlink"
"","200","airline","1440","22","150","1","https://www.originfacts.com/airlines/airnorth","Airnorth · Originfacts","Airnorth is an Australian regional airline founded in Darwin in 1978, initially providing charter flights across the Northern Territory. It subsequent","https://www.originfacts.com/airlines/airnorth"
"short_description","200","airline","1330","18","52","1","https://www.originfacts.com/airlines/ajet","Ajet · Originfacts","Ajet (VF/THY) is a low-cost airline based in Cyprus.","https://www.originfacts.com/airlines/ajet"
"","200","airline","1377","23","150","1","https://www.originfacts.com/airlines/aklak-air","Aklak Air · Originfacts","Aklak Air is a Canadian scheduled and charter airline headquartered in Inuvik, Northwest Territories. The carrier says its present corporate form date","https://www.originfacts.com/airlines/aklak-air"
"","200","airline","1410","41","150","1","https://www.originfacts.com/airlines/almasria-universal-airlines","AlMasria Universal Airlines · Originfacts","AlMasria Universal Airlines is a privately owned Egyptian carrier established in 2007, with commercial operations beginning in 2009. It operates under","https://www.originfacts.com/airlines/almasria-universal-airlines"
"","200","airline","1964","29","150","1","https://www.originfacts.com/airlines/alaska-airlines","Alaska Airlines · Originfacts","Alaska Airlines traces its origins to McGee Airways, founded in 1932 to serve communities in the territory of Alaska. It adopted the Alaska Airlines n","https://www.originfacts.com/airlines/alaska-airlines"
"","200","airline","2145","32","150","1","https://www.originfacts.com/airlines/all-nippon-airways","All Nippon Airways · Originfacts","All Nippon Airways, widely known as ANA, was founded in 1952 and began operations with helicopters before expanding into scheduled fixed-wing services","https://www.originfacts.com/airlines/all-nippon-airways"
"","200","airline","1518","27","150","1","https://www.originfacts.com/airlines/allegiant-air","Allegiant Air · Originfacts","Allegiant Air is an American low-cost carrier founded in 1997 and headquartered in Las Vegas. It is part of Allegiant Travel Company, a publicly trade","https://www.originfacts.com/airlines/allegiant-air"
"","200","airline","1358","30","150","1","https://www.originfacts.com/airlines/amakusa-airlines","Amakusa Airlines · Originfacts","Amakusa Airlines was established on 12 October 1998 and began scheduled operations on 23 March 2000. It is a public-private regional carrier headquart","https://www.originfacts.com/airlines/amakusa-airlines"
"","200","airline","2489","31","150","1","https://www.originfacts.com/airlines/american-airlines","American Airlines · Originfacts","American Airlines traces its foundation to 1930, when a group of smaller aviation companies was consolidated as American Airways. The American Airline","https://www.originfacts.com/airlines/american-airlines"
"","200","airline","1415","41","149","1","https://www.originfacts.com/airlines/amerijet-international-inc","Amerijet International Inc. · Originfacts","Amerijet International Inc. is a United States airline founded in 1974 and legally registered as Amerijet International. It is identified by the IATA","https://www.originfacts.com/airlines/amerijet-international-inc"
"","200","airline","1473","36","150","1","https://www.originfacts.com/airlines/ariana-afghan-airlines","Ariana Afghan Airlines · Originfacts","Founded in 1955, Ariana Afghan Airlines is Afghanistan’s state-owned national flag carrier and one of the country’s longest-established aviation insti","https://www.originfacts.com/airlines/ariana-afghan-airlines"
"","200","airline","1485","22","150","1","https://www.originfacts.com/airlines/arik-air","Arik Air · Originfacts","Arik Air is a Nigerian scheduled airline founded in 2002 by businessman Joseph Arumemi-Ikhide and launched commercial services in 2006. The carrier de","https://www.originfacts.com/airlines/arik-air"
"","200","airline","1424","19","149","1","https://www.originfacts.com/airlines/arkia","Arkia · Originfacts","Arkia was founded in 1949 as Israel Inland Airlines and began flying in 1950, initially providing domestic connections to Eilat. It later adopted the","https://www.originfacts.com/airlines/arkia"
"","200","airline","1405","29","150","1","https://www.originfacts.com/airlines/aserca-airlines","Aserca Airlines · Originfacts","Aserca Airlines was a privately owned Venezuelan scheduled airline whose origins dated to 1968, although regular passenger operations began in 1991. I","https://www.originfacts.com/airlines/aserca-airlines"
"","200","airline","1889","29","150","1","https://www.originfacts.com/airlines/asiana-airlines","Asiana Airlines · Originfacts","Asiana Airlines is a South Korean full-service carrier founded in 1988 as the country’s second major international airline. It operates scheduled pass","https://www.originfacts.com/airlines/asiana-airlines"
"","200","airline","1448","30","150","1","https://www.originfacts.com/airlines/atlantic-airways","Atlantic Airways · Originfacts","Atlantic Airways was established in 1987 and began operations in 1988. It is owned by the government of the Faroe Islands and functions as the territo","https://www.originfacts.com/airlines/atlantic-airways"
"","200","airline","1127","23","150","1","https://www.originfacts.com/airlines/atlas-air","Atlas Air · Originfacts","Atlas Air was founded in 1992 and began operations with Boeing 747 freighter aircraft. It is a subsidiary of Atlas Air Worldwide Holdings, which becam","https://www.originfacts.com/airlines/atlas-air"
"","200","airline","1109","19","150","1","https://www.originfacts.com/airlines/atran","Atran · Originfacts","Atran is a Russian cargo airline whose history traces back to a Soviet aviation unit established in 1942. The present identity developed after the bus","https://www.originfacts.com/airlines/atran"
"","200","airline","2093","31","150","1","https://www.originfacts.com/airlines/austrian-airlines","Austrian Airlines · Originfacts","Austrian Airlines is Austria’s flag carrier and traces its present corporate history to 1957, with scheduled operations beginning in 1958. The airline","https://www.originfacts.com/airlines/austrian-airlines"
"","200","airline","1688","21","155","1","https://www.originfacts.com/airlines/avianca","Avianca · Originfacts","Avianca traces its origins to 1919, when SCADTA was founded in Barranquilla, and it is among the world&#x27;s oldest airline brands still operating. The ca","https://www.originfacts.com/airlines/avianca"
"","200","airline","1585","32","150","1","https://www.originfacts.com/airlines/avianca-costa-rica","Avianca Costa Rica · Originfacts","Avianca Costa Rica traces its origins to 1945, when Líneas Aéreas Costarricenses, commonly known as LACSA, was established. It later became part of th","https://www.originfacts.com/airlines/avianca-costa-rica"
"","200","airline","1427","29","150","1","https://www.originfacts.com/airlines/avianca-ecuador","Avianca Ecuador · Originfacts","Avianca Ecuador traces its origins to 1985, when the carrier was established as AeroGal, short for Aerolíneas Galápagos. After becoming part of the Av","https://www.originfacts.com/airlines/avianca-ecuador"
"","200","airline","1133","25","150","1","https://www.originfacts.com/airlines/aviastar-tu","Aviastar-TU · Originfacts","Aviastar-TU is a Russian freight airline established in 2000. Although some aviation databases classify it as a scheduled carrier, its identity is tha","https://www.originfacts.com/airlines/aviastar-tu"
"","200","airline","1386","37","150","1","https://www.originfacts.com/airlines/avion-express-lithuania","Avion Express Lithuania · Originfacts","Avion Express is a Lithuanian airline founded in 2005 as Nordic Solutions Air Services and renamed Avion Express in 2013. Headquartered in Vilnius, it","https://www.originfacts.com/airlines/avion-express-lithuania"
"","200","airline","1135","33","150","1","https://www.originfacts.com/airlines/avion-express-malta","Avion Express Malta · Originfacts","Avion Express Malta is a Malta-registered airline established in 2019 as part of Avion Express, a Lithuanian-origin aviation business owned by Avia So","https://www.originfacts.com/airlines/avion-express-malta"
"","200","airline","1592","33","150","1","https://www.originfacts.com/airlines/azerbaijan-airlines","Azerbaijan Airlines · Originfacts","Azerbaijan Airlines, widely known as AZAL, is the national flag carrier of Azerbaijan. Established in 1992 after the country gained independence, it o","https://www.originfacts.com/airlines/azerbaijan-airlines"
"","200","airline","1376","25","150","1","https://www.originfacts.com/airlines/bvi-airways","BVI Airways · Originfacts","BVI Airways was a privately owned scheduled carrier based in the British Virgin Islands. Established in 2009, it began passenger operations in 2010 un","https://www.originfacts.com/airlines/bvi-airways"
"","200","airline","1515","29","150","1","https://www.originfacts.com/airlines/bangkok-airways","Bangkok Airways · Originfacts","Bangkok Airways began in 1968 as Sahakol Air, initially operating charter services before adopting its current name in 1989. Today it operates as Bang","https://www.originfacts.com/airlines/bangkok-airways"
"","200","airline","1126","23","150","1","https://www.originfacts.com/airlines/batik-air","Batik Air · Originfacts","Batik Air is an Indonesian scheduled airline founded in 2012 and launched commercially in 2013. It belongs to Lion Air Group, the privately owned avia","https://www.originfacts.com/airlines/batik-air"
"","200","airline","1390","31","149","1","https://www.originfacts.com/airlines/bearskin-airlines","Bearskin Airlines · Originfacts","Bearskin Airlines is a Canadian regional carrier founded in 1963 and headquartered in Thunder Bay, Ontario. It began as a small bush-flying operation","https://www.originfacts.com/airlines/bearskin-airlines"
"","200","airline","1505","38","150","1","https://www.originfacts.com/airlines/beijing-capital-airlines","Beijing Capital Airlines · Originfacts","Beijing Capital Airlines is a scheduled Chinese airline whose roots date to 1995, when its predecessor began operating as Deer Jet. The Beijing Capita","https://www.originfacts.com/airlines/beijing-capital-airlines"
"","200","airline","1123","30","150","1","https://www.originfacts.com/airlines/bemidji-airlines","Bemidji Airlines · Originfacts","Bemidji Airlines traces its history to 1946 and began operations in 1947 with a single Noorduyn Norseman. Legally operating as Bemidji Aviation Servic","https://www.originfacts.com/airlines/bemidji-airlines"
"","200","airline","1443","24","150","1","https://www.originfacts.com/airlines/bering-air","Bering Air · Originfacts","Bering Air is a privately held, family-owned regional airline based in Nome, Alaska. Founded in 1979 by Jim and Christine Rowe, it began with a single","https://www.originfacts.com/airlines/bering-air"
"","200","airline","1402","25","150","1","https://www.originfacts.com/airlines/berjaya-air","Berjaya Air · Originfacts","Berjaya Air is a Malaysian airline founded in 1989 and associated with the Berjaya corporate group. Operating under the IATA code J8 and ICAO code BVT","https://www.originfacts.com/airlines/berjaya-air"
"","200","airline","1120","29","150","1","https://www.originfacts.com/airlines/bhutan-airlines","Bhutan Airlines · Originfacts","Bhutan Airlines is a privately owned Bhutanese carrier operated by Tashi Air Private Limited, part of the Tashi Group. Established in 2011, it initial","https://www.originfacts.com/airlines/bhutan-airlines"
"","200","airline","1459","29","150","1","https://www.originfacts.com/airlines/binter-canarias","Binter Canarias · Originfacts","Binter Canarias is a Spanish scheduled airline founded in 1989 to operate regional services within the Canary Islands. It began flying as an Iberia su","https://www.originfacts.com/airlines/binter-canarias"
"","200","airline","1118","22","150","1","https://www.originfacts.com/airlines/blue-air","Blue Air · Originfacts","Blue Air was founded in 2004 as a privately owned Romanian low-cost airline and developed into one of the country’s most recognisable aviation brands.","https://www.originfacts.com/airlines/blue-air"
"","200","airline","1444","26","150","1","https://www.originfacts.com/airlines/blue-islands","Blue Islands · Originfacts","Blue Islands is an independently operated regional airline headquartered in Guernsey. Its origins date to 1999, when the business began flying under t","https://www.originfacts.com/airlines/blue-islands"
"","200","airline","1526","19","150","1","https://www.originfacts.com/airlines/blue1","Blue1 · Originfacts","Blue1 was founded in Finland in 1987 as Air Botnia and adopted the Blue1 name in 2004. The airline became part of the Scandinavian Airlines System gro","https://www.originfacts.com/airlines/blue1"
"","200","airline","1464","35","150","1","https://www.originfacts.com/airlines/boliviana-de-aviacion","Boliviana de Aviación · Originfacts","Boliviana de Aviación, commonly known as BoA, is Bolivia’s state-owned flag carrier. Established in 2007 by the Bolivian government, it began commerci","https://www.originfacts.com/airlines/boliviana-de-aviacion"
"","200","airline","1129","28","150","1","https://www.originfacts.com/airlines/breeze-airways","Breeze Airways · Originfacts","Breeze Airways is a privately held U.S. low-cost carrier founded by aviation entrepreneur David Neeleman, whose previous airline ventures include JetB","https://www.originfacts.com/airlines/breeze-airways"
"","200","airline","1128","22","150","1","https://www.originfacts.com/airlines/brit-air","Brit Air · Originfacts","Brit Air was a French regional airline founded in 1973 in Brittany. Initially an independent operator, it developed into an important feeder carrier f","https://www.originfacts.com/airlines/brit-air"
"","200","airline","2393","29","150","1","https://www.originfacts.com/airlines/british-airways","British Airways · Originfacts","British Airways was formed in 1974 through the merger of British Overseas Airways Corporation and British European Airways, although its corporate lin","https://www.originfacts.com/airlines/british-airways"
"","200","airline","2047","31","149","1","https://www.originfacts.com/airlines/brussels-airlines","Brussels Airlines · Originfacts","Brussels Airlines is Belgium’s flag carrier and a scheduled passenger airline headquartered near Brussels Airport. It was created in 2006 through the","https://www.originfacts.com/airlines/brussels-airlines"
"","200","airline","1419","24","150","1","https://www.originfacts.com/airlines/buddha-air","Buddha Air · Originfacts","Buddha Air is a privately owned Nepalese scheduled airline founded in 1996, with commercial operations beginning in 1997. The carrier is based in Nepa","https://www.originfacts.com/airlines/buddha-air"
"","200","airline","1122","36","149","1","https://www.originfacts.com/airlines/ceiba-intercontinental","CEIBA Intercontinental · Originfacts","CEIBA Intercontinental is the national airline of Equatorial Guinea and operates under the IATA code C2 and ICAO code CEL. Established in 2007, it is","https://www.originfacts.com/airlines/ceiba-intercontinental"
"","200","airline","1727","32","150","1","https://www.originfacts.com/airlines/csa-czech-airlines","CSA Czech Airlines · Originfacts","Czech Airlines, widely known by its CSA abbreviation and OK airline code, was founded in 1923 as Czechoslovak State Airlines. It became the flag carri","https://www.originfacts.com/airlines/csa-czech-airlines"
"","200","airline","1539","33","150","1","https://www.originfacts.com/airlines/cabo-verde-airlines","Cabo Verde Airlines · Originfacts","Cabo Verde Airlines is the flag carrier of Cape Verde, operating under the IATA code VR and ICAO code TCV. Its history begins with TACV, established i","https://www.originfacts.com/airlines/cabo-verde-airlines"
"","200","airline","1487","22","150","1","https://www.originfacts.com/airlines/calm-air","Calm Air · Originfacts","Calm Air is a Canadian scheduled regional airline founded in 1962 by Carl and Gail Morberg in Churchill, Manitoba. The carrier developed around the pr","https://www.originfacts.com/airlines/calm-air"
"","200","airline","1513","28","150","1","https://www.originfacts.com/airlines/canadian-north","Canadian North · Originfacts","Canadian North is a scheduled Canadian airline whose roots date to 1989. The present carrier took shape after Canadian North and First Air combined in","https://www.originfacts.com/airlines/canadian-north"
"","200","airline","1400","23","150","1","https://www.originfacts.com/airlines/carpatair","Carpatair · Originfacts","Carpatair is a Romanian airline founded in 1999, initially under the name Veg Air, and began operations in 2000. It subsequently adopted the Carpatair","https://www.originfacts.com/airlines/carpatair"
"","200","airline","1812","28","155","1","https://www.originfacts.com/airlines/cathay-pacific","Cathay Pacific · Originfacts","Cathay Pacific was founded in 1946 and has developed into Hong Kong&#x27;s principal full-service airline. Its corporate identity is closely associated wit","https://www.originfacts.com/airlines/cathay-pacific"
"","200","airline","1449","28","150","1","https://www.originfacts.com/airlines/cayman-airways","Cayman Airways · Originfacts","Cayman Airways was founded in 1968 and is wholly owned by the Government of the Cayman Islands. It serves as the territory’s flag carrier, using the S","https://www.originfacts.com/airlines/cayman-airways"
"","200","airline","1498","26","150","1","https://www.originfacts.com/airlines/cebu-pacific","Cebu Pacific · Originfacts","Cebu Pacific is a Philippine low-cost airline founded in 1988 and launched scheduled passenger operations in 1996. It operates under Cebu Air, Inc., a","https://www.originfacts.com/airlines/cebu-pacific"
"","200","airline","1456","34","150","1","https://www.originfacts.com/airlines/central-mountain-air","Central Mountain Air · Originfacts","Central Mountain Air is a privately owned Canadian regional airline founded in 1987. Based in Smithers, British Columbia, it operates scheduled passen","https://www.originfacts.com/airlines/central-mountain-air"
"","200","airline","1122","33","150","1","https://www.originfacts.com/airlines/chautauqua-airlines","Chautauqua Airlines · Originfacts","Chautauqua Airlines was founded in 1973 in Jamestown, New York, taking its name from the surrounding Chautauqua County. It developed from a small loca","https://www.originfacts.com/airlines/chautauqua-airlines"
"","200","airline","1409","30","150","1","https://www.originfacts.com/airlines/chengdu-airlines","Chengdu Airlines · Originfacts","Chengdu Airlines is a scheduled Chinese carrier headquartered in Chengdu, Sichuan Province. It was established in 2004 as United Eagle Airlines and ad","https://www.originfacts.com/airlines/chengdu-airlines"
"","200","airline","1754","28","150","1","https://www.originfacts.com/airlines/china-airlines","China Airlines · Originfacts","Founded in 1959, China Airlines is Taiwan’s flag carrier and a scheduled full-service airline. It is part of the state-linked China Airlines Group and","https://www.originfacts.com/airlines/china-airlines"
"","200","airline","1138","34","150","1","https://www.originfacts.com/airlines/china-cargo-airlines","China Cargo Airlines · Originfacts","China Cargo Airlines was established in 1998 and is headquartered in Shanghai. It was created as China’s first airline dedicated to scheduled all-carg","https://www.originfacts.com/airlines/china-cargo-airlines"
"","200","airline","2249","27","155","1","https://www.originfacts.com/airlines/china-eastern","China Eastern · Originfacts","China Eastern Airlines is a state-owned scheduled carrier headquartered in Shanghai, China. Established in 1988 following the restructuring of China&#x27;s","https://www.originfacts.com/airlines/china-eastern"
"","200","airline","1460","36","150","1","https://www.originfacts.com/airlines/china-express-airlines","China Express Airlines · Originfacts","Founded in 2006, China Express Airlines is a scheduled carrier based in the People’s Republic of China. It developed as a specialist regional airline,","https://www.originfacts.com/airlines/china-express-airlines"
"","200","airline","2157","37","154","1","https://www.originfacts.com/airlines/china-southern-airlines","China Southern Airlines · Originfacts","Founded in 1988, China Southern Airlines is one of the largest scheduled passenger carriers in the People&#x27;s Republic of China. It is headquartered in","https://www.originfacts.com/airlines/china-southern-airlines"
"","200","airline","1474","35","150","1","https://www.originfacts.com/airlines/china-united-airlines","China United Airlines · Originfacts","China United Airlines is a Chinese low-cost carrier founded in 1986. Originally associated with the People’s Liberation Army Air Force, it later becam","https://www.originfacts.com/airlines/china-united-airlines"
"","200","airline","1123","32","149","1","https://www.originfacts.com/airlines/chongqing-airlines","Chongqing Airlines · Originfacts","Chongqing Airlines was established in 2007 as a joint venture between China Southern Airlines and a Chongqing municipal transport investment company.","https://www.originfacts.com/airlines/chongqing-airlines"
"","200","airline","1109","20","150","1","https://www.originfacts.com/airlines/cimber","Cimber · Originfacts","Cimber Air was founded in Denmark in 1950 as Sønderjyllands Flyveselskab and adopted the Cimber Air name in 1969. The privately developed regional car","https://www.originfacts.com/airlines/cimber"
"","200","airline","1360","22","150","1","https://www.originfacts.com/airlines/citilink","Citilink · Originfacts","Citilink is an Indonesian low-cost carrier founded in 2001, initially as a lower-fare brand within Garuda Indonesia. It later became a separately mana","https://www.originfacts.com/airlines/citilink"
"","200","airline","1466","22","149","1","https://www.originfacts.com/airlines/conviasa","Conviasa · Originfacts","Conviasa is Venezuela’s government-owned flag carrier and was established in 2004. Its full name is Consorcio Venezolano de Industrias Aeronáuticas y","https://www.originfacts.com/airlines/conviasa"
"","200","airline","1677","27","149","1","https://www.originfacts.com/airlines/copa-airlines","Copa Airlines · Originfacts","Copa Airlines is Panama’s flag carrier and a scheduled full-service airline. Founded in 1947 as Compañía Panameña de Aviación, it began with domestic","https://www.originfacts.com/airlines/copa-airlines"
"","200","airline","1126","31","150","1","https://www.originfacts.com/airlines/corendon-airlines","Corendon Airlines · Originfacts","Corendon Airlines is a Turkish leisure airline founded in 2004 and launched operations in 2005. It is part of the Corendon Tourism Group, whose activi","https://www.originfacts.com/airlines/corendon-airlines"
"","200","airline","1447","38","149","1","https://www.originfacts.com/airlines/corendon-airlines-europe","Corendon Airlines Europe · Originfacts","Corendon Airlines Europe is a Malta-based scheduled carrier operating under IATA code XR and ICAO code CXI. Established in 2017, it forms part of the","https://www.originfacts.com/airlines/corendon-airlines-europe"
"","200","airline","1485","35","149","1","https://www.originfacts.com/airlines/corsair-international","Corsair International · Originfacts","Corsair International is a privately owned French scheduled airline founded in 1981 as Corse Air. It later operated as Corsairfly before adopting its","https://www.originfacts.com/airlines/corsair-international"
"","200","airline","1667","30","155","1","https://www.originfacts.com/airlines/croatia-airlines","Croatia Airlines · Originfacts","Croatia Airlines is Croatia&#x27;s national flag carrier and a scheduled full-service airline. It was founded in 1989 as Zagal, adopted the Croatia Airline","https://www.originfacts.com/airlines/croatia-airlines"
"","200","airline","1361","29","150","1","https://www.originfacts.com/airlines/cronos-airlines","Cronos Airlines · Originfacts","Cronos Airlines is a privately operated carrier based in Equatorial Guinea. Established in 2007, it serves the country’s small scheduled-airline marke","https://www.originfacts.com/airlines/cronos-airlines"
"","200","airline","1605","28","150","1","https://www.originfacts.com/airlines/cyprus-airways","Cyprus Airways · Originfacts","Cyprus Airways is a privately owned scheduled airline based in the Republic of Cyprus. The contemporary carrier began operations in 2017 after the Cyp","https://www.originfacts.com/airlines/cyprus-airways"
"","200","airline","1137","29","150","1","https://www.originfacts.com/airlines/dhl-air-limited","DHL Air Limited · Originfacts","DHL Air Limited, commonly identified as DHL Air UK, is a British cargo airline established in 1982. It operates within DHL Aviation, the collection of","https://www.originfacts.com/airlines/dhl-air-limited"
"","200","airline","1125","20","150","1","https://www.originfacts.com/airlines/dot-lt","DOT LT · Originfacts","DOT LT was a Lithuanian regional airline established in 2003 as Danu Oro Transportas and launched operations in 2004. It adopted the DOT LT name in 20","https://www.originfacts.com/airlines/dot-lt"
"","200","airline","1352","29","150","1","https://www.originfacts.com/airlines/daallo-airlines","Daallo Airlines · Originfacts","Daallo Airlines is a scheduled carrier associated with Djibouti and was established in 1991. It developed its identity around air links serving the Ho","https://www.originfacts.com/airlines/daallo-airlines"
"","200","airline","1129","22","149","1","https://www.originfacts.com/airlines/dana-air","Dana Air · Originfacts","Dana Air is a privately owned Nigerian airline that began scheduled passenger operations in 2008. The carrier trades under the Dana Air name and uses","https://www.originfacts.com/airlines/dana-air"
"","200","airline","2747","29","150","1","https://www.originfacts.com/airlines/delta-air-lines","Delta Air Lines · Originfacts","Delta Air Lines traces its origins to 1925, when the crop-dusting company Huff Daland Dusters was established. The Delta name appeared later in the de","https://www.originfacts.com/airlines/delta-air-lines"
"","200","airline","1408","24","149","1","https://www.originfacts.com/airlines/dniproavia","Dniproavia · Originfacts","Dniproavia was a Ukrainian scheduled airline based in Dnipro. Its origins were associated with the city’s long-established aviation operations, while","https://www.originfacts.com/airlines/dniproavia"
"","200","airline","1407","21","150","1","https://www.originfacts.com/airlines/donavia","Donavia · Originfacts","Donavia was a Russian scheduled airline headquartered in Rostov-on-Don. Its origins dated to 1991, when the local aviation division became an independ","https://www.originfacts.com/airlines/donavia"
"","200","airline","1119","30","150","1","https://www.originfacts.com/airlines/donghai-airlines","Donghai Airlines · Originfacts","Donghai Airlines is a privately owned Chinese airline founded in 2002 and headquartered in Shenzhen, Guangdong. It began as a cargo operator under the","https://www.originfacts.com/airlines/donghai-airlines"
"","200","airline","1755","21","150","1","https://www.originfacts.com/airlines/eva-air","EVA Air · Originfacts","EVA Air is a Taiwanese scheduled airline founded in 1989 and launched by the Evergreen Group, the transportation business best known internationally f","https://www.originfacts.com/airlines/eva-air"
"","200","airline","1418","24","150","1","https://www.originfacts.com/airlines/eastar-jet","Eastar Jet · Originfacts","Eastar Jet is a South Korean low-cost carrier founded in 2007. It began commercial operations in 2009 and uses the IATA code ZE and ICAO code ESR. The","https://www.originfacts.com/airlines/eastar-jet"
"","200","airline","1444","29","150","1","https://www.originfacts.com/airlines/eastern-airways","Eastern Airways · Originfacts","Eastern Airways is a privately owned British regional airline founded in 1997. Legally named Eastern Airways, it operates under the IATA code T3 and I","https://www.originfacts.com/airlines/eastern-airways"
"short_description","200","airline","1100","27","67","1","https://www.originfacts.com/airlines/edelweiss-air","Edelweiss Air · Originfacts","Edelweiss Air (WK/EDW) is a scheduled airline based in Switzerland.","https://www.originfacts.com/airlines/edelweiss-air"
"","200","airline","1765","22","150","1","https://www.originfacts.com/airlines/egyptair","Egyptair · Originfacts","EgyptAir is Egypt’s state-owned flag carrier and one of the world’s longest-established airlines. Founded in 1932 as Misr Airwork, it later operated u","https://www.originfacts.com/airlines/egyptair"
"","200","airline","1767","22","150","1","https://www.originfacts.com/airlines/emirates","Emirates · Originfacts","Emirates was founded in 1985 and is headquartered in Dubai, United Arab Emirates. It is part of the Emirates Group, which is owned by the Investment C","https://www.originfacts.com/airlines/emirates"
"","200","airline","1124","23","150","1","https://www.originfacts.com/airlines/envoy-air","Envoy Air · Originfacts","Envoy Air is a United States regional airline headquartered in Irving, Texas, and wholly owned by American Airlines Group. The company was formed in 1","https://www.originfacts.com/airlines/envoy-air"
"","200","airline","1118","31","150","1","https://www.originfacts.com/airlines/eritrean-airlines","Eritrean Airlines · Originfacts","Eritrean Airlines is the national airline of Eritrea and is wholly owned by the Eritrean government. The company was established in 1991, initially su","https://www.originfacts.com/airlines/eritrean-airlines"
"","200","airline","1639","32","160","1","https://www.originfacts.com/airlines/ethiopian-airlines","Ethiopian Airlines · Originfacts","Ethiopian Airlines is Ethiopia&#x27;s national flag carrier and one of Africa&#x27;s longest-established continuously operating airlines. Founded in 1945, it be","https://www.originfacts.com/airlines/ethiopian-airlines"
"","200","airline","1983","28","150","1","https://www.originfacts.com/airlines/etihad-airways","Etihad Airways · Originfacts","Etihad Airways is the national airline of the United Arab Emirates and a full-service scheduled carrier headquartered in Abu Dhabi. Founded in 2003, i","https://www.originfacts.com/airlines/etihad-airways"
"","200","airline","1119","34","149","1","https://www.originfacts.com/airlines/euroatlantic-airways","EuroAtlantic Airways · Originfacts","EuroAtlantic Airways is a privately owned Portuguese airline founded in 1993 as Air Zarco. It subsequently operated under the name Air Madeira before","https://www.originfacts.com/airlines/euroatlantic-airways"
"","200","airline","1137","34","150","1","https://www.originfacts.com/airlines/european-air-charter","European Air Charter · Originfacts","European Air Charter is a privately owned Bulgarian airline founded in 2000 under the name Bulgarian Air Charter. It adopted its current identity in 2","https://www.originfacts.com/airlines/european-air-charter"
"","200","airline","1143","23","150","1","https://www.originfacts.com/airlines/eurowings","Eurowings · Originfacts","Eurowings is a German low-cost airline whose present identity developed from a regional carrier founded in 1993 and launched in 1994. It is wholly own","https://www.originfacts.com/airlines/eurowings"
"","200","airline","1132","30","150","1","https://www.originfacts.com/airlines/everts-air-cargo","Everts Air Cargo · Originfacts","Everts Air Cargo is an American cargo airline established in 1995 as a Part 121 carrier within the Everts aviation group. Its roots extend to Tatonduk","https://www.originfacts.com/airlines/everts-air-cargo"
"","200","airline","1117","24","150","1","https://www.originfacts.com/airlines/expressjet","ExpressJet · Originfacts","ExpressJet was a U.S. regional airline with a corporate history spanning several identities. It originated in 1986 as a Continental Airlines subsidiar","https://www.originfacts.com/airlines/expressjet"
"","200","airline","1446","43","150","1","https://www.originfacts.com/airlines/fat-far-eastern-air-transport","FAT Far Eastern Air Transport · Originfacts","Far Eastern Air Transport, commonly known as FAT, was a Taiwanese scheduled airline founded in 1957. Its legal name was Far Eastern Air Transport, and","https://www.originfacts.com/airlines/fat-far-eastern-air-transport"
"","200","airline","1114","19","150","1","https://www.originfacts.com/airlines/fedex","FedEx · Originfacts","FedEx Express is the principal air cargo operating company within FedEx Corporation, the United States transportation and logistics group. The airline","https://www.originfacts.com/airlines/fedex"
"","200","airline","1587","26","155","1","https://www.originfacts.com/airlines/fiji-airways","Fiji Airways · Originfacts","Fiji Airways is Fiji&#x27;s national airline and traces its origins to 1947, when aviator Harold Gatty established Katafaga Estates Limited, later known as","https://www.originfacts.com/airlines/fiji-airways"
"","200","airline","1813","21","149","1","https://www.originfacts.com/airlines/finnair","Finnair · Originfacts","Finnair is Finland’s flag carrier and one of the world’s longest-established continuously operating airlines. Founded in 1923 as Aero O/Y, it adopted","https://www.originfacts.com/airlines/finnair"
"","200","airline","1387","21","150","1","https://www.originfacts.com/airlines/firefly","Firefly · Originfacts","Firefly is a Malaysian scheduled airline established in 2007 and operated by FlyFirefly Sdn Bhd. It belongs to Malaysia Aviation Group, the parent gro","https://www.originfacts.com/airlines/firefly"
"","200","airline","1515","23","150","1","https://www.originfacts.com/airlines/first-air","First Air · Originfacts","First Air was a Canadian scheduled airline founded in 1946 as Bradley Air Services. It developed from a small northern aviation operator into an impor","https://www.originfacts.com/airlines/first-air"
"","200","airline","1719","19","150","1","https://www.originfacts.com/airlines/flybe","Flybe · Originfacts","Flybe was a British regional low-cost airline whose roots dated to 1979, when Jersey European Airways was established. The carrier subsequently became","https://www.originfacts.com/airlines/flybe"
"","200","airline","1443","22","150","1","https://www.originfacts.com/airlines/flydubai","Flydubai · Originfacts","Flydubai was established in 2008 and began commercial operations in 2009. The airline is owned by the Government of Dubai and operates under the legal","https://www.originfacts.com/airlines/flydubai"
"","200","airline","1650","31","150","1","https://www.originfacts.com/airlines/frontier-airlines","Frontier Airlines · Originfacts","Frontier Airlines is an American ultra-low-cost carrier founded in 1994 and headquartered in Denver, Colorado. It is owned by Indigo Partners, a priva","https://www.originfacts.com/airlines/frontier-airlines"
"","200","airline","1788","30","150","1","https://www.originfacts.com/airlines/garuda-indonesia","Garuda Indonesia · Originfacts","Garuda Indonesia is Indonesia’s national airline and a full-service scheduled carrier. Its origins date to 1949, when commercial operations began duri","https://www.originfacts.com/airlines/garuda-indonesia"
"","200","airline","1502","30","150","1","https://www.originfacts.com/airlines/georgian-airways","Georgian Airways · Originfacts","Georgian Airways is a privately owned Georgian scheduled airline headquartered in Tbilisi. It was founded in 1993 as Airzena, adopted the Airzena Geor","https://www.originfacts.com/airlines/georgian-airways"
"","200","airline","1126","29","149","1","https://www.originfacts.com/airlines/globus-airlines","Globus Airlines · Originfacts","Globus Airlines was a Russian scheduled carrier established in 2007 as part of the privately owned S7 Group. Its legal identity was Globus, while its","https://www.originfacts.com/airlines/globus-airlines"
"","200","airline","1125","28","150","1","https://www.originfacts.com/airlines/gojet-airlines","GoJet Airlines · Originfacts","GoJet Airlines LLC is an American regional carrier founded in 2004 and headquartered in Bridgeton, Missouri, near St. Louis. It began scheduled operat","https://www.originfacts.com/airlines/gojet-airlines"
"","200","airline","1560","36","150","1","https://www.originfacts.com/airlines/gol-transportes-aereos","Gol Transportes Aéreos · Originfacts","Gol Transportes Aéreos, commonly styled as GOL, is a Brazilian low-cost airline that began operations in 2001. It helped popularize lower-fare air tra","https://www.originfacts.com/airlines/gol-transportes-aereos"
"","200","airline","1152","42","150","1","https://www.originfacts.com/airlines/grand-canyon-scenic-airlines","Grand Canyon Scenic Airlines · Originfacts","Grand Canyon Airlines was founded in 1927 by commercial aviation pioneer J. Parker Van Zandt and has long specialized in aerial sightseeing over north","https://www.originfacts.com/airlines/grand-canyon-scenic-airlines"
"","200","airline","1401","29","150","1","https://www.originfacts.com/airlines/grand-china-air","Grand China Air · Originfacts","Grand China Air is a scheduled airline from the People’s Republic of China. It began operations in 2007 and developed within the HNA aviation group, w","https://www.originfacts.com/airlines/grand-china-air"
"","200","airline","1463","34","150","1","https://www.originfacts.com/airlines/great-lakes-airlines","Great Lakes Airlines · Originfacts","Great Lakes Airlines was a U.S. regional scheduled carrier operated by Great Lakes Aviation. Founded in 1977 and based in Cheyenne, Wyoming, it develo","https://www.originfacts.com/airlines/great-lakes-airlines"
"","200","airline","1769","22","150","1","https://www.originfacts.com/airlines/gulf-air","Gulf Air · Originfacts","Founded in 1950, Gulf Air is the national airline of the Kingdom of Bahrain and one of the Middle East’s longest-established carriers. It began as Gul","https://www.originfacts.com/airlines/gulf-air"
"","200","airline","1486","24","150","1","https://www.originfacts.com/airlines/hk-express","HK Express · Originfacts","HK Express was founded in 2004 and began operations as a full-service regional carrier before adopting the low-cost model in 2013. The airline is base","https://www.originfacts.com/airlines/hk-express"
"","200","airline","1813","29","150","1","https://www.originfacts.com/airlines/hainan-airlines","Hainan Airlines · Originfacts","Hainan Airlines was founded in 1993 and developed from a regional carrier into one of mainland China’s largest scheduled airlines. Its legal operating","https://www.originfacts.com/airlines/hainan-airlines"
"","200","airline","1357","24","150","1","https://www.originfacts.com/airlines/halcyonair","Halcyonair · Originfacts","Halcyonair is a scheduled airline headquartered in Cape Verde, operating under the 7Z IATA code and HCV ICAO code. Its legal name is Halcyonair, while","https://www.originfacts.com/airlines/halcyonair"
"","200","airline","1535","31","150","1","https://www.originfacts.com/airlines/hawaiian-airlines","Hawaiian Airlines · Originfacts","Hawaiian Airlines traces its history to 1929, when it began operations as Inter-Island Airways. It adopted its present name in 1941 and developed into","https://www.originfacts.com/airlines/hawaiian-airlines"
"","200","airline","1364","21","150","1","https://www.originfacts.com/airlines/hawkair","Hawkair · Originfacts","Hawkair was a privately owned Canadian regional airline founded in 1994 and headquartered in Terrace, British Columbia. It began as a cargo operator s","https://www.originfacts.com/airlines/hawkair"
"","200","airline","1131","29","150","1","https://www.originfacts.com/airlines/heli-air-monaco","Heli Air Monaco · Originfacts","Heli Air Monaco is a Monaco-based helicopter operator founded in 1976. It developed its identity around scheduled passenger flights linking the princi","https://www.originfacts.com/airlines/heli-air-monaco"
"","200","airline","1104","21","150","1","https://www.originfacts.com/airlines/helijet","Helijet · Originfacts","Founded in 1986, Helijet International is a privately held, Canadian-owned airline headquartered at Vancouver International Airport in Richmond, Briti","https://www.originfacts.com/airlines/helijet"
"","200","airline","1394","30","149","1","https://www.originfacts.com/airlines/helvetic-airways","Helvetic Airways · Originfacts","Helvetic Airways is a Swiss regional airline founded in 2003 and headquartered in Kloten, near Zurich Airport. It began operations using the Helvetic","https://www.originfacts.com/airlines/helvetic-airways"
"","200","airline","1611","32","150","1","https://www.originfacts.com/airlines/hong-kong-airlines","Hong Kong Airlines · Originfacts","Hong Kong Airlines is a privately owned scheduled carrier based in Hong Kong, China. It adopted its current name and began operating under the Hong Ko","https://www.originfacts.com/airlines/hong-kong-airlines"
"","200","airline","1132","25","150","1","https://www.originfacts.com/airlines/horizon-air","Horizon Air · Originfacts","Horizon Air is a regional airline founded in 1981 and headquartered in the Seattle area of Washington state. It is a wholly owned subsidiary of Alaska","https://www.originfacts.com/airlines/horizon-air"
"","200","airline","1388","23","150","1","https://www.originfacts.com/airlines/hunnu-air","Hunnu Air · Originfacts","Hunnu Air is a Mongolian scheduled carrier founded in 2011 and headquartered in Ulaanbaatar. It began operations under the name Mongolian Airlines bef","https://www.originfacts.com/airlines/hunnu-air"
"","200","airline","2541","25","150","1","https://www.originfacts.com/airlines/ita-airways","ITA Airways · Originfacts","ITA Airways began operations in 2021 as Italy’s new flag carrier, succeeding Alitalia’s passenger operations while remaining a legally distinct compan","https://www.originfacts.com/airlines/ita-airways"
"","200","airline","2075","20","149","1","https://www.originfacts.com/airlines/iberia","Iberia · Originfacts","Founded in 1927, Iberia is Spain’s flag carrier and one of Europe’s longest-established airlines. It operates as a full-service scheduled carrier and","https://www.originfacts.com/airlines/iberia"
"","200","airline","1151","28","150","1","https://www.originfacts.com/airlines/iberia-express","Iberia Express · Originfacts","Iberia Express is a Spanish low-cost airline established in 2011 and launched into commercial service in 2012. It operates as a wholly owned subsidiar","https://www.originfacts.com/airlines/iberia-express"
"","200","airline","1378","27","149","1","https://www.originfacts.com/airlines/ibex-airlines","Ibex Airlines · Originfacts","Ibex Airlines is a privately owned Japanese regional airline established in 1999, originally under the name Fairinc. It began scheduled operations in","https://www.originfacts.com/airlines/ibex-airlines"
"","200","airline","1421","24","154","1","https://www.originfacts.com/airlines/icelandair","Icelandair · Originfacts","Icelandair traces its origins to Flugfélag Akureyrar, founded in 1937, and the modern airline emerged after Iceland&#x27;s two principal carriers combined","https://www.originfacts.com/airlines/icelandair"
"","200","airline","1383","20","150","1","https://www.originfacts.com/airlines/indigo","IndiGo · Originfacts","IndiGo is an Indian low-cost airline that began operations in 2006. Its parent company is InterGlobe Aviation Limited, a publicly listed business head","https://www.originfacts.com/airlines/indigo"
"","200","airline","1414","36","150","1","https://www.originfacts.com/airlines/intercaribbean-airways","InterCaribbean Airways · Originfacts","InterCaribbean Airways is a privately owned scheduled airline headquartered in the Turks and Caicos Islands. It was founded in 1991 as InterIsland Air","https://www.originfacts.com/airlines/intercaribbean-airways"
"","200","airline","1108","20","150","1","https://www.originfacts.com/airlines/iraero","IrAero · Originfacts","IrAero was founded in 1999 and began operations with cargo flights between Irkutsk and Yakutsk using Antonov An-26 aircraft. Scheduled passenger servi","https://www.originfacts.com/airlines/iraero"
"","200","airline","1119","27","150","1","https://www.originfacts.com/airlines/iraqi-airways","Iraqi Airways · Originfacts","Iraqi Airways is Iraq’s national airline and one of the Middle East’s oldest surviving carriers. Established in 1945 and beginning operations in 1946,","https://www.originfacts.com/airlines/iraqi-airways"
"","200","airline","1433","29","150","1","https://www.originfacts.com/airlines/israir-airlines","Israir Airlines · Originfacts","Israir Airlines is an Israeli carrier whose roots date to 1989, when it was established as Kanfei HaEmek. It adopted the Israir name in 1996 and devel","https://www.originfacts.com/airlines/israir-airlines"
"","200","airline","1107","21","150","1","https://www.originfacts.com/airlines/izhavia","Izhavia · Originfacts","Izhavia is a scheduled regional airline based in Izhevsk, the capital of Russia’s Udmurt Republic. The modern carrier was established in 1992, althoug","https://www.originfacts.com/airlines/izhavia"
"","200","airline","1145","32","149","1","https://www.originfacts.com/airlines/japan-air-commuter","Japan Air Commuter · Originfacts","Japan Air Commuter was established in 1983 and began operations in 1985 as a regional airline serving communities in southern Japan. Headquartered in","https://www.originfacts.com/airlines/japan-air-commuter"
"","200","airline","1982","28","149","1","https://www.originfacts.com/airlines/japan-airlines","Japan Airlines · Originfacts","Japan Airlines, commonly known as JAL, is Japan’s flag carrier and a scheduled full-service airline. It was founded in 1951 and developed into one of","https://www.originfacts.com/airlines/japan-airlines"
"","200","airline","1398","34","150","1","https://www.originfacts.com/airlines/japan-transocean-air","Japan Transocean Air · Originfacts","Japan Transocean Air is a scheduled Japanese regional airline headquartered in Naha, Okinawa Prefecture. It was founded in 1967 as Southwest Air Lines","https://www.originfacts.com/airlines/japan-transocean-air"
"","200","airline","1417","29","149","1","https://www.originfacts.com/airlines/jazeera-airways","Jazeera Airways · Originfacts","Jazeera Airways is a Kuwaiti low-cost airline founded in 2004 and launched commercially the following year. It operates under the J9 airline code and","https://www.originfacts.com/airlines/jazeera-airways"
"","200","airline","1421","22","150","1","https://www.originfacts.com/airlines/jeju-air","Jeju Air · Originfacts","Jeju Air is a South Korean low-cost airline founded in 2005 and named after Jeju Island, one of the country’s leading leisure destinations. It began s","https://www.originfacts.com/airlines/jeju-air"
"","200","airline","1642","25","150","1","https://www.originfacts.com/airlines/jet-airways","Jet Airways · Originfacts","Jet Airways was founded in 1992 and began scheduled passenger services in 1993, developing into one of India’s largest privately owned full-service ai","https://www.originfacts.com/airlines/jet-airways"
"","200","airline","1126","30","149","1","https://www.originfacts.com/airlines/jet-asia-airways","Jet Asia Airways · Originfacts","Jet Asia Airways was established in Thailand in 2009 and began operating in 2010. Legally registered under the same name, it developed primarily as a","https://www.originfacts.com/airlines/jet-asia-airways"
"","200","airline","1139","35","150","1","https://www.originfacts.com/airlines/jet-aviation-business","Jet Aviation Business · Originfacts","Jet Aviation was founded in Basel, Switzerland, in 1967, initially as an aircraft maintenance business. It expanded into aircraft management and chart","https://www.originfacts.com/airlines/jet-aviation-business"
"","200","airline","1431","22","150","1","https://www.originfacts.com/airlines/jet2com","Jet2.com · Originfacts","Jet2.com is a British low-cost airline whose origins date to 1983, when Channel Express was established as an airfreight and charter operator. The Jet","https://www.originfacts.com/airlines/jet2com"
"","200","airline","1479","21","149","1","https://www.originfacts.com/airlines/jetstar","Jetstar · Originfacts","Jetstar Airways is an Australian low-cost airline founded in 2003 and launched passenger services in 2004. It is wholly owned by the Qantas Group and","https://www.originfacts.com/airlines/jetstar"
"","200","airline","1434","26","149","1","https://www.originfacts.com/airlines/jetstar-asia","Jetstar Asia · Originfacts","Jetstar Asia Airways was a Singapore-based low-cost airline founded in 2004 and launched as part of the wider Jetstar brand. It operated under the 3K","https://www.originfacts.com/airlines/jetstar-asia"
"","200","airline","1391","27","149","1","https://www.originfacts.com/airlines/jetstar-japan","Jetstar Japan · Originfacts","Jetstar Japan is a Japanese low-cost carrier established in 2011 and launched in 2012. It operates under the Jetstar brand and is a joint venture led","https://www.originfacts.com/airlines/jetstar-japan"
"","200","airline","1123","29","150","1","https://www.originfacts.com/airlines/jordan-aviation","Jordan Aviation · Originfacts","Jordan Aviation is a privately owned Jordanian airline founded in 1998 by Captain Mohammed Al-Khashman. It began flight operations in 2000 and is head","https://www.originfacts.com/airlines/jordan-aviation"
"","200","airline","1120","28","150","1","https://www.originfacts.com/airlines/klm-cityhopper","KLM Cityhopper · Originfacts","KLM Cityhopper is a Dutch regional airline established in 1991 through the merger of NLM CityHopper and NetherLines. It is wholly owned by KLM Royal D","https://www.originfacts.com/airlines/klm-cityhopper"
"","200","airline","2424","38","150","1","https://www.originfacts.com/airlines/klm-royal-dutch-airlines","KLM Royal Dutch Airlines · Originfacts","KLM Royal Dutch Airlines is the flag carrier of the Netherlands and was founded in 1919. It is widely recognized as the world’s oldest airline still o","https://www.originfacts.com/airlines/klm-royal-dutch-airlines"
"","200","airline","1121","25","150","1","https://www.originfacts.com/airlines/kalitta-air","Kalitta Air · Originfacts","Kalitta Air is a US cargo carrier established by aviator and businessman Conrad Kalitta. The present airline received federal authority and began reve","https://www.originfacts.com/airlines/kalitta-air"
"","200","airline","1467","21","150","1","https://www.originfacts.com/airlines/kam-air","Kam Air · Originfacts","Kam Air is a privately owned Afghan scheduled airline founded in 2003. Operating under the IATA code RQ and ICAO code KMF, it became Afghanistan’s fir","https://www.originfacts.com/airlines/kam-air"
"","200","airline","1115","21","150","1","https://www.originfacts.com/airlines/kan-air","Kan Air · Originfacts","Kan Air was a privately owned Thai regional carrier operated by Kannithi Aviation Company Limited. Founded in 2010, it began scheduled services in 201","https://www.originfacts.com/airlines/kan-air"
"","200","airline","1118","30","150","1","https://www.originfacts.com/airlines/kartika-airlines","Kartika Airlines · Originfacts","Kartika Airlines was an Indonesian scheduled airline established in 2001. It traded under the Kartika Airlines name and used the IATA code 3Y and ICAO","https://www.originfacts.com/airlines/kartika-airlines"
"","200","airline","1442","25","150","1","https://www.originfacts.com/airlines/kenmore-air","Kenmore Air · Originfacts","Kenmore Air is a privately held, family-owned regional airline based in Washington state. Founded in 1946 by Bob Munro, Reg Collins and Jack Mines, it","https://www.originfacts.com/airlines/kenmore-air"
"","200","airline","1162","28","150","1","https://www.originfacts.com/airlines/kenn-borek-air","Kenn Borek Air · Originfacts","Kenn Borek Air is a privately held Canadian operator headquartered in Calgary, Alberta. Its origins date to 1966, when Vic Turner Ltd began supporting","https://www.originfacts.com/airlines/kenn-borek-air"
"","200","airline","1812","27","150","1","https://www.originfacts.com/airlines/kenya-airways","Kenya Airways · Originfacts","Kenya Airways is Kenya’s national airline and was founded in 1977 following the break-up of East African Airways. It is a publicly listed company, wit","https://www.originfacts.com/airlines/kenya-airways"
"","200","airline","1892","24","149","1","https://www.originfacts.com/airlines/korean-air","Korean Air · Originfacts","Korean Air is South Korea’s flag carrier and a full-service scheduled airline. It was founded in 1969 after the Hanjin Group acquired the state-owned","https://www.originfacts.com/airlines/korean-air"
"","200","airline","1404","30","150","1","https://www.originfacts.com/airlines/kunming-airlines","Kunming Airlines · Originfacts","Kunming Airlines was founded in 2005 and began commercial operations in 2009. Based in Kunming, the capital of Yunnan Province, it operates as a Chine","https://www.originfacts.com/airlines/kunming-airlines"
"","200","airline","1613","28","149","1","https://www.originfacts.com/airlines/kuwait-airways","Kuwait Airways · Originfacts","Kuwait Airways is the national airline of Kuwait and traces its history to 1953, when it was established as Kuwait National Airways. Operations began","https://www.originfacts.com/airlines/kuwait-airways"
"","200","airline","1459","37","150","1","https://www.originfacts.com/airlines/lam-mozambique-airlines","LAM Mozambique Airlines · Originfacts","LAM Mozambique Airlines is Mozambique’s national flag carrier and a state-owned scheduled airline. Its origins date to 1936, when the carrier was esta","https://www.originfacts.com/airlines/lam-mozambique-airlines"
"","200","airline","1139","29","150","1","https://www.originfacts.com/airlines/lan-chile-cargo","LAN Chile Cargo · Originfacts","LATAM Cargo Chile is the legal successor to LAN Chile Cargo and later LAN Cargo, identities associated with the cargo operations of Chile’s long-estab","https://www.originfacts.com/airlines/lan-chile-cargo"
"","200","airline","1385","28","150","1","https://www.originfacts.com/airlines/laser-airlines","LASER Airlines · Originfacts","LASER Airlines is a privately owned Venezuelan carrier founded in 1994, with scheduled operations beginning the following year. Its name originated as","https://www.originfacts.com/airlines/laser-airlines"
"","200","airline","1819","28","150","1","https://www.originfacts.com/airlines/latam-airlines","LATAM Airlines · Originfacts","LATAM Airlines traces its Chilean roots to Línea Aeropostal Santiago-Arica, founded in 1929 and later known as LAN Chile and LAN Airlines. The present","https://www.originfacts.com/airlines/latam-airlines"
"","200","airline","1143","37","150","1","https://www.originfacts.com/airlines/latam-airlines-colombia","LATAM Airlines Colombia · Originfacts","LATAM Airlines Colombia traces its history to 1980, when it was established as Aerovías de Integración Regional, better known as AIRES. Chilean carrie","https://www.originfacts.com/airlines/latam-airlines-colombia"
"","200","airline","1507","36","150","1","https://www.originfacts.com/airlines/latam-airlines-ecuador","LATAM Airlines Ecuador · Originfacts","LATAM Airlines Ecuador is an Ecuadorian scheduled airline established in 2002 as LAN Ecuador. It later adopted its present identity following the comb","https://www.originfacts.com/airlines/latam-airlines-ecuador"
"","200","airline","1418","37","150","1","https://www.originfacts.com/airlines/latam-airlines-paraguay","LATAM Airlines Paraguay · Originfacts","LATAM Airlines Paraguay traces its history to 1962, when Líneas Aéreas Paraguayas was established as Paraguay’s national airline. After later operatin","https://www.originfacts.com/airlines/latam-airlines-paraguay"
"","200","airline","1142","33","150","1","https://www.originfacts.com/airlines/latam-airlines-peru","LATAM Airlines Peru · Originfacts","LATAM Airlines Peru was established in 1998 as LAN Peru and began commercial operations in 1999. It adopted its present identity in 2016, when the LAN","https://www.originfacts.com/airlines/latam-airlines-peru"
"","200","airline","1907","24","150","1","https://www.originfacts.com/airlines/lot-polish","LOT Polish · Originfacts","Founded in 1928, LOT Polish Airlines is Poland’s flag carrier and one of Europe’s longest-established airline brands. Its legal name is LOT Polish Air","https://www.originfacts.com/airlines/lot-polish"
"","200","airline","1123","26","150","1","https://www.originfacts.com/airlines/la-compagnie","La Compagnie · Originfacts","La Compagnie is a privately owned French scheduled airline founded in 2013 under the legal operating company DreamJet. Commercial flights began in 201","https://www.originfacts.com/airlines/la-compagnie"
"","200","airline","1484","26","150","1","https://www.originfacts.com/airlines/lao-airlines","Lao Airlines · Originfacts","Lao Airlines is the national flag carrier of Laos and is owned by the Lao government. Its origins date to 1976, when Lao Aviation was established foll","https://www.originfacts.com/airlines/lao-airlines"
"","200","airline","1421","29","149","1","https://www.originfacts.com/airlines/libyan-airlines","Libyan Airlines · Originfacts","Libyan Airlines is Libya’s national flag carrier and a state-owned scheduled airline. Founded in 1964 as Kingdom of Libya Airlines, it later operated","https://www.originfacts.com/airlines/libyan-airlines"
"","200","airline","1593","22","150","1","https://www.originfacts.com/airlines/lion-air","Lion Air · Originfacts","Lion Air is an Indonesian low-cost airline founded in 1999 and launched into commercial service in 2000. It is privately owned and forms the core of L","https://www.originfacts.com/airlines/lion-air"
"","200","airline","1144","22","150","1","https://www.originfacts.com/airlines/loganair","Loganair · Originfacts","Loganair is a privately owned British regional airline founded in 1962. Headquartered near Glasgow Airport, it operates scheduled passenger services u","https://www.originfacts.com/airlines/loganair"
"","200","airline","1493","23","150","1","https://www.originfacts.com/airlines/lucky-air","Lucky Air · Originfacts","Lucky Air is a Chinese low-cost carrier founded in 2004 and based in Kunming, Yunnan Province. It began commercial operations in 2006 and has develope","https://www.originfacts.com/airlines/lucky-air"
"","200","airline","2652","23","150","1","https://www.originfacts.com/airlines/lufthansa","Lufthansa · Originfacts","Lufthansa traces its modern history to 1953 and began scheduled operations in 1955. Its principal operating company, Deutsche Lufthansa AG, is part of","https://www.originfacts.com/airlines/lufthansa"
"","200","airline","1130","32","150","1","https://www.originfacts.com/airlines/lufthansa-cityline","Lufthansa CityLine · Originfacts","Lufthansa CityLine is a wholly owned Lufthansa Group regional airline based in Germany. Its roots date to 1958, when it was founded as Ostfriesische L","https://www.originfacts.com/airlines/lufthansa-cityline"
"","200","airline","1501","20","150","1","https://www.originfacts.com/airlines/luxair","Luxair · Originfacts","Founded in 1961, Luxair is Luxembourg’s national airline and a scheduled full-service carrier. The Luxembourg state is its majority shareholder, reinf","https://www.originfacts.com/airlines/luxair"
"","200","airline","1152","35","149","1","https://www.originfacts.com/airlines/lynden-air-cargo-llc","Lynden Air Cargo, LLC · Originfacts","Lynden Air Cargo was established in Anchorage in 1996 and operates as the air-freight division of the diversified Lynden family of transportation and","https://www.originfacts.com/airlines/lynden-air-cargo-llc"
"","200","airline","1485","37","150","1","https://www.originfacts.com/airlines/miat-mongolian-airlines","MIAT Mongolian Airlines · Originfacts","MIAT Mongolian Airlines is Mongolia’s national flag carrier and traces its origins to 1956, when the country established regular civil air services. T","https://www.originfacts.com/airlines/miat-mongolian-airlines"
"","200","airline","1117","26","150","1","https://www.originfacts.com/airlines/mng-airlines","MNG Airlines · Originfacts","MNG Airlines is a privately operated Turkish cargo carrier founded in February 1996 by businessman Mehmet Nazif Günal. It began flight operations in N","https://www.originfacts.com/airlines/mng-airlines"
"","200","airline","1131","23","150","1","https://www.originfacts.com/airlines/mahan-air","Mahan Air · Originfacts","Mahan Air is a privately owned Iranian scheduled airline founded in 1991, with operations beginning the following year. Its name comes from the city o","https://www.originfacts.com/airlines/mahan-air"
"","200","airline","1915","31","149","1","https://www.originfacts.com/airlines/malaysia-airlines","Malaysia Airlines · Originfacts","Malaysia Airlines traces its origins to Malayan Airways, founded in 1947, and has operated under its present identity since 1987. The current airline","https://www.originfacts.com/airlines/malaysia-airlines"
"","200","airline","1388","23","150","1","https://www.originfacts.com/airlines/maldivian","Maldivian · Originfacts","Maldivian is the national airline of the Maldives and operates under the state-owned company Island Aviation Services Limited. The business began airl","https://www.originfacts.com/airlines/maldivian"
"","200","airline","1351","19","150","1","https://www.originfacts.com/airlines/mango","Mango · Originfacts","Mango was founded in 2006 as a low-cost airline and operated as a subsidiary of state-owned South African Airways. Its bright orange identity distingu","https://www.originfacts.com/airlines/mango"
"","200","airline","1105","23","155","1","https://www.originfacts.com/airlines/martinair","Martinair · Originfacts","Martinair is a Dutch cargo airline founded in 1958 as Martin&#x27;s Air Charter by aviator Martin Schröder. Originally an independent charter operator carr","https://www.originfacts.com/airlines/martinair"
"","200","airline","1436","29","150","1","https://www.originfacts.com/airlines/maya-island-air","Maya Island Air · Originfacts","Maya Island Air is a scheduled airline headquartered in Belize and operating under IATA code 2M and ICAO code MYD. The carrier traces its history to 1","https://www.originfacts.com/airlines/maya-island-air"
"","200","airline","1592","34","150","1","https://www.originfacts.com/airlines/middle-east-airlines","Middle East Airlines · Originfacts","Middle East Airlines – Air Liban, commonly known as MEA, is Lebanon’s national airline. Founded in 1945, it has developed into one of the country’s mo","https://www.originfacts.com/airlines/middle-east-airlines"
"","200","airline","1446","33","150","1","https://www.originfacts.com/airlines/montenegro-airlines","Montenegro Airlines · Originfacts","Montenegro Airlines was founded in 1994 as the national airline of Montenegro, initially while the country formed part of the Federal Republic of Yugo","https://www.originfacts.com/airlines/montenegro-airlines"
"","200","airline","1423","33","150","1","https://www.originfacts.com/airlines/motor-sich-airlines","Motor Sich Airlines · Originfacts","Motor Sich Airlines is a Ukrainian scheduled carrier headquartered in Zaporizhzhia. Its origins date to 1984, when an aviation division was establishe","https://www.originfacts.com/airlines/motor-sich-airlines"
"","200","airline","1432","43","150","1","https://www.originfacts.com/airlines/myanmar-airways-international","Myanmar Airways International · Originfacts","Myanmar Airways International was established in 1993 as an international airline representing Myanmar in regional markets. It operates under the lega","https://www.originfacts.com/airlines/myanmar-airways-international"
"","200","airline","1113","27","150","1","https://www.originfacts.com/airlines/nova-airlines","NOVA Airlines · Originfacts","NOVA Airlines, also known in the market as Nova Airways, is a privately owned Sudanese carrier established in 2000. Its legal identity is Nova Airline","https://www.originfacts.com/airlines/nova-airlines"
"","200","airline","1123","31","150","1","https://www.originfacts.com/airlines/national-airlines","National Airlines · Originfacts","National Airlines traces its history to 1985, when the carrier began operating as Murray Air. It later became part of the National Air Cargo group and","https://www.originfacts.com/airlines/national-airlines"
"","200","airline","1126","28","150","1","https://www.originfacts.com/airlines/nauru-airlines","Nauru Airlines · Originfacts","Nauru Airlines traces its history to 1970, when it began operations as Air Nauru. The carrier is owned by the Republic of Nauru and serves an importan","https://www.originfacts.com/airlines/nauru-airlines"
"","200","airline","1107","18","150","1","https://www.originfacts.com/airlines/neos","Neos · Originfacts","Neos is an Italian airline founded in 2001 and headquartered near Milan Malpensa Airport. Commercial operations began in March 2002 with a flight from","https://www.originfacts.com/airlines/neos"
"","200","airline","1150","22","150","1","https://www.originfacts.com/airlines/nile-air","Nile Air · Originfacts","Nile Air is a privately owned Egyptian scheduled airline founded in 2006, with commercial operations beginning in 2010. It operates under the IATA cod","https://www.originfacts.com/airlines/nile-air"
"","200","airline","1133","35","150","1","https://www.originfacts.com/airlines/nippon-cargo-airlines","Nippon Cargo Airlines · Originfacts","Nippon Cargo Airlines was established in 1978 and began operations in 1985 as Japan’s specialist international cargo carrier. Commonly known as NCA, i","https://www.originfacts.com/airlines/nippon-cargo-airlines"
"","200","airline","1469","21","150","1","https://www.originfacts.com/airlines/nok-air","Nok Air · Originfacts","Nok Air is a Thai low-cost airline founded in 2004 and headquartered in Bangkok. The company is publicly listed in Thailand, and Thai Airways was amon","https://www.originfacts.com/airlines/nok-air"
"","200","airline","1123","31","150","1","https://www.originfacts.com/airlines/nordwind-airlines","Nordwind Airlines · Originfacts","Nordwind Airlines is a Russian carrier founded in 2008 and headquartered in Moscow. It began primarily as a leisure airline associated with tour opera","https://www.originfacts.com/airlines/nordwind-airlines"
"","200","airline","1135","31","150","1","https://www.originfacts.com/airlines/norse-atlantic-uk","Norse Atlantic UK · Originfacts","Norse Atlantic UK is a British long-haul low-cost airline established in 2021 as part of the wider Norse Atlantic group. It is owned by Norway-based N","https://www.originfacts.com/airlines/norse-atlantic-uk"
"","200","airline","1134","32","150","1","https://www.originfacts.com/airlines/northern-air-cargo","Northern Air Cargo · Originfacts","Northern Air Cargo is an American all-cargo airline founded in Alaska in 1956. It developed around the logistical demands of a state where many commun","https://www.originfacts.com/airlines/northern-air-cargo"
"","200","airline","1128","32","150","1","https://www.originfacts.com/airlines/northwest-airlines","Northwest Airlines · Originfacts","Northwest Airlines was founded in 1926 as Northwest Airways, initially carrying mail between Minneapolis–St. Paul and Chicago. Renamed Northwest Airli","https://www.originfacts.com/airlines/northwest-airlines"
"","200","airline","1386","30","149","1","https://www.originfacts.com/airlines/northwestern-air","Northwestern Air · Originfacts","Northwestern Air is a privately owned Canadian regional airline headquartered in Fort Smith, Northwest Territories. Founded in 1965, it has developed","https://www.originfacts.com/airlines/northwestern-air"
"short_description","200","airline","1129","34","69","1","https://www.originfacts.com/airlines/norwegian-air-sweden","Norwegian Air Sweden · Originfacts","Norwegian Air Sweden (D8/DJB) is a scheduled airline based in Sweden.","https://www.originfacts.com/airlines/norwegian-air-sweden"
"","200","airline","1111","23","150","1","https://www.originfacts.com/airlines/nouvelair","Nouvelair · Originfacts","Nouvelair is a privately owned Tunisian airline founded in 1989 as Air Liberté Tunisie, initially serving as the Tunisian charter affiliate of France’","https://www.originfacts.com/airlines/nouvelair"
"","200","airline","1437","26","150","1","https://www.originfacts.com/airlines/okay-airways","Okay Airways · Originfacts","Okay Airways was founded in 2004 and began commercial operations in 2005, becoming one of the first privately owned airlines permitted to operate in t","https://www.originfacts.com/airlines/okay-airways"
"","200","airline","1603","25","150","1","https://www.originfacts.com/airlines/olympic-air","Olympic Air · Originfacts","Olympic Air is a Greek scheduled airline established in 2009 following the restructuring and privatization of the former Olympic Airlines business. It","https://www.originfacts.com/airlines/olympic-air"
"short_description","200","airline","1564","22","55","1","https://www.originfacts.com/airlines/oman-air","Oman Air · Originfacts","Oman Air (WY/OMA) is a scheduled airline based in Oman.","https://www.originfacts.com/airlines/oman-air"
"","200","airline","1399","22","150","1","https://www.originfacts.com/airlines/onur-air","Onur Air · Originfacts","Onur Air was a privately owned Turkish low-cost airline founded in 1992. Based in Istanbul, it began as a charter operator before developing scheduled","https://www.originfacts.com/airlines/onur-air"
"","200","airline","1398","34","150","1","https://www.originfacts.com/airlines/orient-thai-airlines","Orient Thai Airlines · Originfacts","Orient Thai Airlines was a privately owned Thai low-cost carrier identified by the IATA code OX and ICAO code OEA. Established in 1995 under the Orien","https://www.originfacts.com/airlines/orient-thai-airlines"
"","200","airline","1471","25","150","1","https://www.originfacts.com/airlines/pal-express","PAL Express · Originfacts","PAL Express is the operating brand of Air Philippines Corporation, whose legal name is also commonly rendered as Airphil Express. The Philippine carri","https://www.originfacts.com/airlines/pal-express"
"","200","airline","1479","21","150","1","https://www.originfacts.com/airlines/png-air","PNG Air · Originfacts","PNG Air is a Papua New Guinean scheduled airline whose origins date to 1987, when it began as Milne Bay Air. The company later operated under the Airl","https://www.originfacts.com/airlines/png-air"
"","200","airline","1412","30","150","1","https://www.originfacts.com/airlines/pacific-airlines","Pacific Airlines · Originfacts","Pacific Airlines is a Vietnamese scheduled carrier founded in 1991. It previously operated as Jetstar Pacific under a branding agreement with Australi","https://www.originfacts.com/airlines/pacific-airlines"
"","200","airline","1456","38","150","1","https://www.originfacts.com/airlines/pacific-coastal-airlines","Pacific Coastal Airlines · Originfacts","Pacific Coastal Airlines is a privately held Canadian regional carrier founded in 1987 and headquartered in Richmond, British Columbia. It developed f","https://www.originfacts.com/airlines/pacific-coastal-airlines"
"","200","airline","1304","29","150","1","https://www.originfacts.com/airlines/pascan-aviation","Pascan Aviation · Originfacts","Pascan Aviation is a privately owned Canadian regional airline founded in 1999. Headquartered in Quebec, it operates scheduled passenger services unde","https://www.originfacts.com/airlines/pascan-aviation"
"","200","airline","1473","30","150","1","https://www.originfacts.com/airlines/pegasus-airlines","Pegasus Airlines · Originfacts","Pegasus Airlines was established in 1990 and developed from a charter operator into one of Türkiye’s principal low-cost airlines. It is privately owne","https://www.originfacts.com/airlines/pegasus-airlines"
"","200","airline","1751","33","150","1","https://www.originfacts.com/airlines/philippine-airlines","Philippine Airlines · Originfacts","Philippine Airlines is the flag carrier of the Philippines and traces its founding to 1941, making it one of Asia’s longest-established commercial air","https://www.originfacts.com/airlines/philippine-airlines"
"","200","airline","1157","45","150","1","https://www.originfacts.com/airlines/polar-air-cargo-worldwide-inc","Polar Air Cargo Worldwide, Inc. · Originfacts","Polar Air Cargo was founded in 1993 and began scheduled operations that May with a leased Boeing 747-100. It received certification as a United States","https://www.originfacts.com/airlines/polar-air-cargo-worldwide-inc"
"","200","airline","1120","25","149","1","https://www.originfacts.com/airlines/primera-air","Primera Air · Originfacts","Primera Air was an Icelandic-owned scheduled and charter airline whose origins dated to 2003, when it was established as JetX. It adopted the Primera","https://www.originfacts.com/airlines/primera-air"
"","200","airline","1434","30","150","1","https://www.originfacts.com/airlines/proflight-zambia","Proflight Zambia · Originfacts","Proflight Zambia is a privately owned Zambian scheduled airline whose origins date to 1991. It developed from a charter-focused aviation business into","https://www.originfacts.com/airlines/proflight-zambia"
"","200","airline","1905","20","150","1","https://www.originfacts.com/airlines/qantas","Qantas · Originfacts","Qantas traces its history to 1920, when Queensland and Northern Territory Aerial Services was founded in outback Queensland. Today it is Australia’s f","https://www.originfacts.com/airlines/qantas"
"","200","airline","2161","27","149","1","https://www.originfacts.com/airlines/qatar-airways","Qatar Airways · Originfacts","Qatar Airways was founded in 1993 and began operations the following year. It is the national airline of Qatar and is owned by the Qatari government.","https://www.originfacts.com/airlines/qatar-airways"
"","200","airline","1121","26","150","1","https://www.originfacts.com/airlines/regional-air","Regional Air · Originfacts","Regional Air Services, commonly branded as Regional Air, is a privately operated Tanzanian airline established in 1997. Its identity is closely linked","https://www.originfacts.com/airlines/regional-air"
"","200","airline","1448","36","150","1","https://www.originfacts.com/airlines/rex-regional-express","Rex - Regional Express · Originfacts","Rex Airlines, commonly known as Rex or Regional Express, is an Australian scheduled carrier founded in 2002 following the merger of regional operators","https://www.originfacts.com/airlines/rex-regional-express"
"","200","airline","1871","30","150","1","https://www.originfacts.com/airlines/rossiya-airlines","Rossiya Airlines · Originfacts","Rossiya Airlines traces its history to 1934, although the modern carrier emerged after the reorganization of aviation enterprises in post-Soviet Russi","https://www.originfacts.com/airlines/rossiya-airlines"
"","200","airline","1741","29","154","1","https://www.originfacts.com/airlines/royal-air-maroc","Royal Air Maroc · Originfacts","Founded in 1957, Royal Air Maroc is Morocco&#x27;s flag carrier and a government-owned scheduled airline. It operates under the AT airline code and uses a","https://www.originfacts.com/airlines/royal-air-maroc"
"","200","airline","1514","35","149","1","https://www.originfacts.com/airlines/royal-brunei-airlines","Royal Brunei Airlines · Originfacts","Royal Brunei Airlines is Brunei Darussalam’s national carrier. Established in 1974, it is wholly owned by the Government of Brunei and operates under","https://www.originfacts.com/airlines/royal-brunei-airlines"
"","200","airline","1691","29","155","1","https://www.originfacts.com/airlines/royal-jordanian","Royal Jordanian · Originfacts","Royal Jordanian is Jordan&#x27;s national airline and a scheduled full-service carrier. It was founded in 1963 as Alia, beginning operations later that yea","https://www.originfacts.com/airlines/royal-jordanian"
"","200","airline","1388","21","150","1","https://www.originfacts.com/airlines/rusline","RusLine · Originfacts","RusLine is a Russian scheduled airline founded in 1997. It has developed a distinct identity as a regional carrier, concentrating on direct links betw","https://www.originfacts.com/airlines/rusline"
"","200","airline","1460","22","150","1","https://www.originfacts.com/airlines/rwandair","RwandAir · Originfacts","RwandAir is Rwanda’s national carrier and a scheduled, full-service airline headquartered in Kigali. Established in 2002 and beginning operations in 2","https://www.originfacts.com/airlines/rwandair"
"","200","airline","1511","21","150","1","https://www.originfacts.com/airlines/ryanair","Ryanair · Originfacts","Ryanair was founded in 1984 and began flying the following year. The Irish low-cost carrier is the principal airline within publicly listed Ryanair Ho","https://www.originfacts.com/airlines/ryanair"
"","200","airline","1359","19","150","1","https://www.originfacts.com/airlines/sansa","SANSA · Originfacts","SANSA is a Costa Rican scheduled airline focused on domestic passenger services. Its name derives from Servicios Aéreos Nacionales, and the carrier tr","https://www.originfacts.com/airlines/sansa"
"","200","airline","2132","30","150","1","https://www.originfacts.com/airlines/sas-scandinavian","SAS Scandinavian · Originfacts","Scandinavian Airlines, commonly known as SAS, was founded in 1946 through cooperation among the flag carriers of Denmark, Norway and Sweden. Its Scand","https://www.originfacts.com/airlines/sas-scandinavian"
"","200","airline","1432","29","149","1","https://www.originfacts.com/airlines/sata-air-acores","SATA Air Acores · Originfacts","SATA Air Açores is a Portuguese scheduled regional airline headquartered in Ponta Delgada in the Autonomous Region of the Azores. Its origins date to","https://www.originfacts.com/airlines/sata-air-acores"
"","200","airline","1454","18","150","1","https://www.originfacts.com/airlines/scat","SCAT · Originfacts","SCAT Airlines is a privately owned Kazakh carrier founded in 1997 and headquartered in Shymkent. It operates under the DV IATA code and VSV ICAO code.","https://www.originfacts.com/airlines/scat"
"","200","airline","1144","30","150","1","https://www.originfacts.com/airlines/starlux-airlines","STARLUX Airlines · Originfacts","STARLUX Airlines is a Taiwanese scheduled carrier founded in 2018 by aviation executive Chang Kuo-wei and launched passenger operations in January 202","https://www.originfacts.com/airlines/starlux-airlines"
"","200","airline","1106","21","149","1","https://www.originfacts.com/airlines/sun-air","SUN-AIR · Originfacts","Air Bashkortostan was established in 2006 as a regional Russian carrier associated with the Republic of Bashkortostan. It operated under IATA code ZU","https://www.originfacts.com/airlines/sun-air"
"","200","airline","2139","19","150","1","https://www.originfacts.com/airlines/swiss","SWISS · Originfacts","Swiss International Air Lines, commonly branded as SWISS, is Switzerland’s flag carrier and a scheduled full-service airline. It began operations in 2","https://www.originfacts.com/airlines/swiss"
"","200","airline","1373","26","150","1","https://www.originfacts.com/airlines/safi-airways","Safi Airways · Originfacts","Safi Airways was founded in 2006 as a privately owned Afghan airline and later began scheduled passenger operations under the IATA code 4Q and ICAO co","https://www.originfacts.com/airlines/safi-airways"
"","200","airline","1703","20","150","1","https://www.originfacts.com/airlines/saudia","Saudia · Originfacts","Saudia is the flag carrier of Saudi Arabia and traces its origins to 1945, when the kingdom received its first aircraft and began developing a nationa","https://www.originfacts.com/airlines/saudia"
"","200","airline","1342","19","150","1","https://www.originfacts.com/airlines/scoot","Scoot · Originfacts","Scoot is a low-cost airline established in 2011 and launched commercially in 2012 as part of the Singapore Airlines Group. Its identity centres on pro","https://www.originfacts.com/airlines/scoot"
"","200","airline","1122","31","150","1","https://www.originfacts.com/airlines/sepehran-airlines","Sepehran Airlines · Originfacts","Sepehran Airlines is a privately operated Iranian low-cost carrier established in 2016. It flies under the Sepehran brand and uses the IATA code IS. T","https://www.originfacts.com/airlines/sepehran-airlines"
"","200","airline","1390","35","150","1","https://www.originfacts.com/airlines/severstal-air-company","Severstal Air Company · Originfacts","Severstal Air Company is a Russian scheduled airline operating under the IATA code D2 and ICAO code SSF. Its identity is closely associated with Chere","https://www.originfacts.com/airlines/severstal-air-company"
"","200","airline","1382","25","149","1","https://www.originfacts.com/airlines/shaheen-air","Shaheen Air · Originfacts","Shaheen Air was founded in 1993 and developed into one of Pakistan’s prominent privately owned scheduled airlines. It began with links to the Shaheen","https://www.originfacts.com/airlines/shaheen-air"
"","200","airline","1609","31","150","1","https://www.originfacts.com/airlines/shandong-airlines","Shandong Airlines · Originfacts","Shandong Airlines is a scheduled Chinese carrier founded in 1994 and headquartered in Jinan, the capital of Shandong province. Its identity is closely","https://www.originfacts.com/airlines/shandong-airlines"
"","200","airline","1654","31","149","1","https://www.originfacts.com/airlines/shanghai-airlines","Shanghai Airlines · Originfacts","Shanghai Airlines was founded in 1985 and began operations as an independently branded carrier based in Shanghai. It became a wholly owned subsidiary","https://www.originfacts.com/airlines/shanghai-airlines"
"","200","airline","1743","31","149","1","https://www.originfacts.com/airlines/shenzhen-airlines","Shenzhen Airlines · Originfacts","Shenzhen Airlines was founded in 1992 and began operations the following year. Headquartered in Shenzhen, Guangdong, it has developed from a regional","https://www.originfacts.com/airlines/shenzhen-airlines"
"","200","airline","1561","30","150","1","https://www.originfacts.com/airlines/sichuan-airlines","Sichuan Airlines · Originfacts","Sichuan Airlines was founded in 1986 and began commercial operations in 1988. Headquartered in Chengdu, it is a scheduled Chinese carrier whose owners","https://www.originfacts.com/airlines/sichuan-airlines"
"","200","airline","1521","21","150","1","https://www.originfacts.com/airlines/silkair","SilkAir · Originfacts","SilkAir was a scheduled regional carrier based in Singapore and wholly owned by Singapore Airlines. Its roots lay in Tradewinds, which began airline o","https://www.originfacts.com/airlines/silkair"
"","200","airline","1150","28","150","1","https://www.originfacts.com/airlines/silver-airways","Silver Airways · Originfacts","Silver Airways was founded in 2011 and began operations that December using assets acquired from Gulfstream International Airlines. Headquartered near","https://www.originfacts.com/airlines/silver-airways"
"","200","airline","1974","32","150","1","https://www.originfacts.com/airlines/singapore-airlines","Singapore Airlines · Originfacts","Singapore Airlines traces its origins to Malayan Airways, which began operations in 1947, and adopted its present identity following the separation of","https://www.originfacts.com/airlines/singapore-airlines"
"","200","airline","1452","25","150","1","https://www.originfacts.com/airlines/sky-airline","Sky Airline · Originfacts","Sky Airline is a privately owned Chilean low-cost carrier founded in 2001, with commercial operations beginning the following year. It initially compe","https://www.originfacts.com/airlines/sky-airline"
"","200","airline","1126","26","150","1","https://www.originfacts.com/airlines/sky-airlines","Sky Airlines · Originfacts","Sky Airlines was a Turkish leisure carrier founded in 2000 and launched flight operations in 2001. It was associated with the Antalya-based Kayı Group","https://www.originfacts.com/airlines/sky-airlines"
"","200","airline","1138","33","150","1","https://www.originfacts.com/airlines/sky-angkor-airlines","Sky Angkor Airlines · Originfacts","Sky Angkor Airlines is a privately owned Cambodian carrier established in 2010 as Sky Wings Asia Airlines. It began operations in 2011 and adopted the","https://www.originfacts.com/airlines/sky-angkor-airlines"
"","200","airline","1354","24","150","1","https://www.originfacts.com/airlines/skybahamas","SkyBahamas · Originfacts","SkyBahamas is a privately operated Bahamian scheduled airline identified by IATA code Q7 and ICAO code SBM. Established in 2008, it developed as a reg","https://www.originfacts.com/airlines/skybahamas"
"","200","airline","1146","30","150","1","https://www.originfacts.com/airlines/skywest-airlines","SkyWest Airlines · Originfacts","SkyWest Airlines is a United States regional carrier founded in 1972 and headquartered in St. George, Utah. It is owned by SkyWest, Inc., a publicly t","https://www.originfacts.com/airlines/skywest-airlines"
"","200","airline","1380","30","150","1","https://www.originfacts.com/airlines/skymark-airlines","Skymark Airlines · Originfacts","Skymark Airlines was founded in 1996 and began flying in 1998 after Japan opened its domestic aviation market to greater competition. Headquartered in","https://www.originfacts.com/airlines/skymark-airlines"
"","200","airline","1118","30","150","1","https://www.originfacts.com/airlines/skyward-airlines","Skyward Airlines · Originfacts","Skyward Airlines is a privately owned Kenyan carrier founded in 2013 as Skyward Express. It initially focused on charter, cargo and humanitarian opera","https://www.originfacts.com/airlines/skyward-airlines"
"","200","airline","1388","26","150","1","https://www.originfacts.com/airlines/solaseed-air","Solaseed Air · Originfacts","Solaseed Air is a Japanese low-cost airline headquartered in Miyazaki Prefecture. Its origins date to 1997, when the company was established as Pan As","https://www.originfacts.com/airlines/solaseed-air"
"","200","airline","1528","30","150","1","https://www.originfacts.com/airlines/solomon-airlines","Solomon Airlines · Originfacts","Solomon Airlines is the national carrier of the Solomon Islands and is owned by the Solomon Islands government. Its origins date to 1962, when the pri","https://www.originfacts.com/airlines/solomon-airlines"
"","200","airline","1122","23","150","1","https://www.originfacts.com/airlines/somon-air","Somon Air · Originfacts","Somon Air was established in 2007 and began commercial operations in February 2008, initially linking Dushanbe with Moscow. The privately owned carrie","https://www.originfacts.com/airlines/somon-air"
"","200","airline","1973","35","149","1","https://www.originfacts.com/airlines/south-african-airways","South African Airways · Originfacts","South African Airways is South Africa’s national flag carrier and one of the continent’s best-known airline brands. Founded in 1934, it operates as a","https://www.originfacts.com/airlines/south-african-airways"
"","200","airline","1473","26","150","1","https://www.originfacts.com/airlines/southern-air","Southern Air · Originfacts","Southern Air is identified by the IATA code 9R and ICAO code VAP, with Phuket Air given as its legal name and Thailand as its headquarters country. Th","https://www.originfacts.com/airlines/southern-air"
"","200","airline","1141","38","80","1","https://www.originfacts.com/airlines/southern-airways-express","Southern Airways Express · Originfacts","Southern Airways Express (9X/LTD) is a scheduled airline based in United States.","https://www.originfacts.com/airlines/southern-airways-express"
"","200","airline","1549","32","150","1","https://www.originfacts.com/airlines/southwest-airlines","Southwest Airlines · Originfacts","Southwest Airlines traces its origins to 1967, when it was incorporated as Air Southwest, and began flying in 1971. Headquartered in Dallas, Texas, it","https://www.originfacts.com/airlines/southwest-airlines"
"","200","airline","1418","22","150","1","https://www.originfacts.com/airlines/spicejet","SpiceJet · Originfacts","SpiceJet is an Indian low-cost airline that began operating under its current identity in 2005. The carrier traces its corporate history to an earlier","https://www.originfacts.com/airlines/spicejet"
"short_description","200","airline","1498","29","70","1","https://www.originfacts.com/airlines/spirit-airlines","Spirit Airlines · Originfacts","Spirit Airlines (NK/NKS) is a low-cost airline based in United States.","https://www.originfacts.com/airlines/spirit-airlines"
"","200","airline","1120","26","149","1","https://www.originfacts.com/airlines/spring-japan","Spring Japan · Originfacts","Spring Japan is a Japanese low-cost airline founded in 2012 as Spring Airlines Japan and launched scheduled operations in 2014. It began as a locally","https://www.originfacts.com/airlines/spring-japan"
"","200","airline","1697","32","150","1","https://www.originfacts.com/airlines/srilankan-airlines","SriLankan Airlines · Originfacts","SriLankan Airlines is the flag carrier of Sri Lanka and traces its origins to 1979, when Air Lanka began operations as the successor to Air Ceylon. Th","https://www.originfacts.com/airlines/srilankan-airlines"
"","200","airline","1488","27","150","1","https://www.originfacts.com/airlines/sriwijaya-air","Sriwijaya Air · Originfacts","Sriwijaya Air is a privately owned Indonesian scheduled airline founded in 2003. Established by Indonesian aviation entrepreneurs, it developed as a v","https://www.originfacts.com/airlines/sriwijaya-air"
"","200","airline","1448","27","150","1","https://www.originfacts.com/airlines/sudan-airways","Sudan Airways · Originfacts","Sudan Airways was founded in 1946 and is Sudan’s national flag carrier. The state-owned airline operates under the IATA code SD and ICAO code SUD, wit","https://www.originfacts.com/airlines/sudan-airways"
"","200","airline","1398","24","150","1","https://www.originfacts.com/airlines/sunexpress","SunExpress · Originfacts","SunExpress was founded in 1989 as a joint venture between Turkish Airlines and Lufthansa, which remain its parent companies. Headquartered in Antalya,","https://www.originfacts.com/airlines/sunexpress"
"","200","airline","1122","36","150","1","https://www.originfacts.com/airlines/sunexpress-deutschland","SunExpress Deutschland · Originfacts","SunExpress Deutschland was established in 2011 as the German subsidiary of SunExpress, the leisure airline jointly owned by Lufthansa and Turkish Airl","https://www.originfacts.com/airlines/sunexpress-deutschland"
"","200","airline","1125","31","149","1","https://www.originfacts.com/airlines/sunclass-airlines","Sunclass Airlines · Originfacts","Sunclass Airlines is a Danish leisure carrier whose present identity dates from 2019, when Thomas Cook Airlines Scandinavia was renamed following the","https://www.originfacts.com/airlines/sunclass-airlines"
"","200","airline","1108","21","149","1","https://www.originfacts.com/airlines/sundair","SundAir · Originfacts","Sundair is a German leisure airline founded in 2016, with flight operations beginning in 2017. Legally incorporated as Sundair GmbH and headquartered","https://www.originfacts.com/airlines/sundair"
"","200","airline","1122","29","150","1","https://www.originfacts.com/airlines/sunrise-airways","Sunrise Airways · Originfacts","Sunrise Airways is a privately owned Haitian airline founded in 2010, with scheduled operations beginning in 2012. The carrier uses the IATA code S6 a","https://www.originfacts.com/airlines/sunrise-airways"
"","200","airline","1151","30","149","1","https://www.originfacts.com/airlines/sunwing-airlines","Sunwing Airlines · Originfacts","Sunwing Airlines was founded in 2005 as a Canadian leisure carrier closely associated with tour operator Sunwing Vacations. The Toronto-based airline","https://www.originfacts.com/airlines/sunwing-airlines"
"","200","airline","1424","30","155","1","https://www.originfacts.com/airlines/suparna-airlines","Suparna Airlines · Originfacts","Suparna Airlines is a scheduled carrier headquartered in the People&#x27;s Republic of China. It was established in 2003 as Yangtze River Express and later","https://www.originfacts.com/airlines/suparna-airlines"
"","200","airline","1392","29","150","1","https://www.originfacts.com/airlines/surinam-airways","Surinam Airways · Originfacts","Surinam Airways is the national airline of Suriname and operates under the IATA code PY and ICAO code SLM. Established in 1953, it developed from a do","https://www.originfacts.com/airlines/surinam-airways"
"","200","airline","1111","19","150","1","https://www.originfacts.com/airlines/swoop","Swoop · Originfacts","Swoop was a Canadian ultra-low-cost airline established by WestJet in 2017 and launched commercially in June 2018. Created as a lower-fare brand withi","https://www.originfacts.com/airlines/swoop"
"short_description","200","airline","1117","27","63","1","https://www.originfacts.com/airlines/sylt-air-gmbh","Sylt Air GmbH · Originfacts","Sylt Air GmbH (7E/AWU) is a scheduled airline based in Germany.","https://www.originfacts.com/airlines/sylt-air-gmbh"
"","200","airline","1416","28","160","1","https://www.originfacts.com/airlines/tway-air","T&#x27;way Air · Originfacts","T&#x27;way Air is a South Korean low-cost airline whose roots extend to Hansung Airlines, founded in 2004. Operations under the T&#x27;way identity began in 201","https://www.originfacts.com/airlines/tway-air"
"","200","airline","1480","25","150","1","https://www.originfacts.com/airlines/taag-angola","TAAG Angola · Originfacts","TAAG Angola Airlines is Angola’s national flag carrier and a state-owned scheduled airline. Its history dates to 1938, when it was established as Divi","https://www.originfacts.com/airlines/taag-angola"
"","200","airline","1424","18","150","1","https://www.originfacts.com/airlines/tame","TAME · Originfacts","TAME was founded in 1962 as Transportes Aéreos Militares Ecuatorianos, initially under the Ecuadorian Air Force, and later became a state-owned commer","https://www.originfacts.com/airlines/tame"
"","200","airline","1795","30","150","1","https://www.originfacts.com/airlines/tap-air-portugal","TAP Air Portugal · Originfacts","TAP Air Portugal is Portugal’s flag carrier and traces its origins to 1945, when it was established as Transportes Aéreos Portugueses. The airline lat","https://www.originfacts.com/airlines/tap-air-portugal"
"","200","airline","2065","26","149","1","https://www.originfacts.com/airlines/thai-airways","THAI Airways · Originfacts","Thai Airways International was established in 1960 and serves as Thailand’s national flag carrier. The airline developed from a joint venture between","https://www.originfacts.com/airlines/thai-airways"
"","200","airline","1157","24","149","1","https://www.originfacts.com/airlines/thai-smile","THAI Smile · Originfacts","THAI Smile was established in 2011 by Thai Airways International and began commercial operations in 2012. Although sometimes classified as a low-cost","https://www.originfacts.com/airlines/thai-smile"
"","200","airline","1661","32","150","1","https://www.originfacts.com/airlines/trip-linhas-aereas","TRIP Linhas Aéreas · Originfacts","TRIP Linhas Aéreas was founded in 1998 as a privately owned Brazilian regional airline. Its name was an acronym for Transporte Regional do Interior Pa","https://www.originfacts.com/airlines/trip-linhas-aereas"
"","200","airline","1115","25","150","1","https://www.originfacts.com/airlines/tui-airways","TUI Airways · Originfacts","TUI Airways is a British leisure airline owned by the German-headquartered tourism group TUI AG. Its history began in 1962 with the creation of Euravi","https://www.originfacts.com/airlines/tui-airways"
"","200","airline","1437","33","150","1","https://www.originfacts.com/airlines/tui-fly-deutschland","TUI fly Deutschland · Originfacts","TUI fly Deutschland is a German leisure airline within the TUI Group, one of Europe’s largest tourism businesses. The present airline identity was int","https://www.originfacts.com/airlines/tui-fly-deutschland"
"","200","airline","1125","31","150","1","https://www.originfacts.com/airlines/tailwind-airlines","Tailwind Airlines · Originfacts","Tailwind Airlines is a privately owned Turkish carrier established in 2006 with Turkish and British investment. It received its operating approvals be","https://www.originfacts.com/airlines/tailwind-airlines"
"","200","airline","1442","23","150","1","https://www.originfacts.com/airlines/tajik-air","Tajik Air · Originfacts","Tajik Air is a state-owned airline headquartered in Dushanbe, Tajikistan. Its origins date to 1924, when aviation services began in the Tajik Soviet r","https://www.originfacts.com/airlines/tajik-air"
"","200","airline","1124","25","150","1","https://www.originfacts.com/airlines/tandem-aero","Tandem Aero · Originfacts","Tandem Aero was a privately operated Moldovan airline established in 1998 and headquartered in Chișinău. It used the IATA code TQ and ICAO code TDM, a","https://www.originfacts.com/airlines/tandem-aero"
"","200","airline","1389","24","150","1","https://www.originfacts.com/airlines/taquan-air","Taquan Air · Originfacts","Taquan Air is a regional carrier based in Ketchikan, Alaska, with roots dating to 1977. Its identity is closely tied to Southeast Alaska, where waterw","https://www.originfacts.com/airlines/taquan-air"
"","200","airline","1116","28","150","1","https://www.originfacts.com/airlines/tarco-aviation","Tarco Aviation · Originfacts","Tarco Aviation is a privately owned Sudanese airline established in 2009. Originally known as Tarco Air, it adopted the Tarco Aviation name in 2018. T","https://www.originfacts.com/airlines/tarco-aviation"
"","200","airline","1368","32","150","1","https://www.originfacts.com/airlines/tatarstan-airlines","Tatarstan Airlines · Originfacts","Tatarstan Airlines was founded in 1993 and developed as a regional Russian carrier closely identified with the Republic of Tatarstan. Headquartered in","https://www.originfacts.com/airlines/tatarstan-airlines"
"","200","airline","1432","26","150","1","https://www.originfacts.com/airlines/thai-airasia","Thai AirAsia · Originfacts","Thai AirAsia was established in 2003 and began operating in 2004 as the Thai member of the wider AirAsia airline group. It is operated through Thai co","https://www.originfacts.com/airlines/thai-airasia"
"","200","airline","1136","28","149","1","https://www.originfacts.com/airlines/thai-airasia-x","Thai AirAsia X · Originfacts","Thai AirAsia X is a Thai long-haul low-cost airline established in 2013 and launched commercially in 2014. It operates under the AirAsia brand and is","https://www.originfacts.com/airlines/thai-airasia-x"
"","200","airline","1133","27","150","1","https://www.originfacts.com/airlines/thai-lion-air","Thai Lion Air · Originfacts","Thai Lion Air began commercial services in December 2013 and operates under the legal entity Thai Lion Mentari Company Limited. It is part of Indonesi","https://www.originfacts.com/airlines/thai-lion-air"
"","200","airline","1142","30","150","1","https://www.originfacts.com/airlines/thai-vietjet-air","Thai Vietjet Air · Originfacts","Thai Vietjet Air is a low-cost airline headquartered in Thailand and affiliated with Vietnam-based Vietjet Air. Established in 2014, it began schedule","https://www.originfacts.com/airlines/thai-vietjet-air"
"","200","airline","1164","34","150","1","https://www.originfacts.com/airlines/thomas-cook-airlines","Thomas Cook Airlines · Originfacts","Thomas Cook Airlines was a British leisure carrier within the Thomas Cook Group, despite some historical listings associating the wider brand with Bel","https://www.originfacts.com/airlines/thomas-cook-airlines"
"","200","airline","1146","42","150","1","https://www.originfacts.com/airlines/thomas-cook-airlines-belgium","Thomas Cook Airlines Belgium · Originfacts","Thomas Cook Airlines Belgium was established in 2001 and began flying in 2002 as the Belgian airline business of the Thomas Cook travel group. Using t","https://www.originfacts.com/airlines/thomas-cook-airlines-belgium"
"","200","airline","1512","30","150","1","https://www.originfacts.com/airlines/tianjin-airlines","Tianjin Airlines · Originfacts","Tianjin Airlines is a scheduled Chinese carrier headquartered in Tianjin. It began operations in 2004 as Grand China Express Air and adopted the Tianj","https://www.originfacts.com/airlines/tianjin-airlines"
"","200","airline","1377","30","149","1","https://www.originfacts.com/airlines/tigerair-mandala","Tigerair Mandala · Originfacts","Mandala Airlines was founded in 1969 as an Indonesian scheduled carrier and operated for decades under the Mandala name. After financial difficulties","https://www.originfacts.com/airlines/tigerair-mandala"
"","200","airline","1142","35","149","1","https://www.originfacts.com/airlines/titan-airways-limited","Titan Airways Limited · Originfacts","Titan Airways was founded in 1988 and is a privately owned British airline headquartered at London Stansted Airport. Controlled by Hagondale Limited,","https://www.originfacts.com/airlines/titan-airways-limited"
"","200","airline","1123","23","149","1","https://www.originfacts.com/airlines/trade-air","Trade Air · Originfacts","Trade Air is a privately owned Croatian airline founded in April 1994 and headquartered in Zagreb. It began as a cargo operator before expanding into","https://www.originfacts.com/airlines/trade-air"
"","200","airline","1476","23","150","1","https://www.originfacts.com/airlines/transavia","Transavia · Originfacts","Transavia is a Dutch low-cost airline founded in 1965 and headquartered in the Netherlands. It operates as part of the Air France-KLM group through it","https://www.originfacts.com/airlines/transavia"
"","200","airline","1425","30","150","1","https://www.originfacts.com/airlines/transavia-france","Transavia France · Originfacts","Transavia France was established in 2006 and began flying in 2007. It operates as the French arm of the Transavia low-cost brand within the Air France","https://www.originfacts.com/airlines/transavia-france"
"short_description","200","airline","1113","33","71","1","https://www.originfacts.com/airlines/trigana-air-service","Trigana Air Service · Originfacts","Trigana Air Service (IL/TGN) is a scheduled airline based in Indonesia.","https://www.originfacts.com/airlines/trigana-air-service"
"","200","airline","1566","22","150","1","https://www.originfacts.com/airlines/tunisair","Tunisair · Originfacts","Tunisair is Tunisia’s national airline and flag carrier. Founded in 1948 as the Société Tunisienne de l’Air, it began operations the following year an","https://www.originfacts.com/airlines/tunisair"
"","200","airline","1452","30","150","1","https://www.originfacts.com/airlines/tunisair-express","Tunisair Express · Originfacts","Tunisair Express is a Tunisian scheduled regional airline founded in 1991 as Tuninter. It later operated under the name Sevenair before adopting the T","https://www.originfacts.com/airlines/tunisair-express"
"","200","airline","2128","30","150","1","https://www.originfacts.com/airlines/turkish-airlines","Turkish Airlines · Originfacts","Turkish Airlines was founded in 1933 and serves as Turkey’s national flag carrier. It operates under the Turkish Airlines brand and the TK flight code","https://www.originfacts.com/airlines/turkish-airlines"
"","200","airline","1424","35","150","1","https://www.originfacts.com/airlines/turkmenistan-airlines","Turkmenistan Airlines · Originfacts","Turkmenistan Airlines is the state-owned flag carrier of Turkmenistan. Established in 1992 following the country’s independence, it operates scheduled","https://www.originfacts.com/airlines/turkmenistan-airlines"
"short_description","200","airline","1113","32","67","1","https://www.originfacts.com/airlines/uls-airlines-cargo","ULS Airlines Cargo · Originfacts","ULS Airlines Cargo (GO/KZU) is a scheduled airline based in Turkey.","https://www.originfacts.com/airlines/uls-airlines-cargo"
"short_description","200","airline","1097","32","71","1","https://www.originfacts.com/airlines/us-bangla-airlines","US-Bangla Airlines · Originfacts","US-Bangla Airlines (BS/UBG) is a scheduled airline based in Bangladesh.","https://www.originfacts.com/airlines/us-bangla-airlines"
"","200","airline","1531","21","149","1","https://www.originfacts.com/airlines/uni-air","Uni Air · Originfacts","Uni Air is a Taiwanese scheduled airline whose roots date to 1988, when Makung Airlines began operations. The carrier adopted the Uni Air identity in","https://www.originfacts.com/airlines/uni-air"
"short_description","200","airline","1100","30","65","1","https://www.originfacts.com/airlines/uni-top-airlines","Uni-Top Airlines · Originfacts","Uni-Top Airlines (UW/UTP) is a scheduled airline based in (none).","https://www.originfacts.com/airlines/uni-top-airlines"
"","200","airline","3024","29","150","1","https://www.originfacts.com/airlines/united-airlines","United Airlines · Originfacts","United Airlines traces its origins to Varney Air Lines, founded in 1926, and adopted the United name during the consolidation of several early aviatio","https://www.originfacts.com/airlines/united-airlines"
"","200","airline","1468","27","150","1","https://www.originfacts.com/airlines/ural-airlines","Ural Airlines · Originfacts","Ural Airlines is a privately owned Russian scheduled carrier headquartered in Yekaterinburg. It was established as an independent airline in 1993 foll","https://www.originfacts.com/airlines/ural-airlines"
"short_description","200","airline","1128","24","59","1","https://www.originfacts.com/airlines/urumqi-air","Urumqi Air · Originfacts","Urumqi Air (UQ/CUH) is a scheduled airline based in Uganda.","https://www.originfacts.com/airlines/urumqi-air"
"","200","airline","1654","32","149","1","https://www.originfacts.com/airlines/uzbekistan-airways","Uzbekistan Airways · Originfacts","Uzbekistan Airways was founded in 1992 following the country’s independence and serves as Uzbekistan’s national flag carrier. The state-owned airline","https://www.originfacts.com/airlines/uzbekistan-airways"
"","200","airline","1382","26","150","1","https://www.originfacts.com/airlines/vim-airlines","VIM Airlines · Originfacts","VIM Airlines was a privately owned Russian carrier founded in 2000. Its legal and trading identity was VIM Airlines, while its aircraft commonly carri","https://www.originfacts.com/airlines/vim-airlines"
"short_description","200","airline","1100","26","62","1","https://www.originfacts.com/airlines/vlm-airlines","VLM Airlines · Originfacts","VLM Airlines (VG/VLM) is a scheduled airline based in Belgium.","https://www.originfacts.com/airlines/vlm-airlines"
"short_description","200","airline","1131","35","70","1","https://www.originfacts.com/airlines/voepass-linhas-aereas","VOEPASS Linhas Aéreas · Originfacts","VOEPASS Linhas Aéreas (2Z/PTB) is a scheduled airline based in Brazil.","https://www.originfacts.com/airlines/voepass-linhas-aereas"
"short_description","200","airline","1084","22","57","1","https://www.originfacts.com/airlines/valuejet","ValueJet · Originfacts","ValueJet (VK/FVJ) is a low-cost airline based in Nigeria.","https://www.originfacts.com/airlines/valuejet"
"short_description","200","airline","1113","30","72","1","https://www.originfacts.com/airlines/vieques-air-link","Vieques Air Link · Originfacts","Vieques Air Link (V4/VES) is a scheduled airline based in United States.","https://www.originfacts.com/airlines/vieques-air-link"
"","200","airline","1391","21","149","1","https://www.originfacts.com/airlines/vietjet","Vietjet · Originfacts","Vietjet, legally VietJet Aviation Joint Stock Company and commonly branded as Vietjet Air, is a Vietnamese low-cost airline founded in 2007. It began","https://www.originfacts.com/airlines/vietjet"
"","200","airline","1830","30","150","1","https://www.originfacts.com/airlines/vietnam-airlines","Vietnam Airlines · Originfacts","Vietnam Airlines traces its origins to 1956, when the country’s civil aviation sector was established, and adopted its present identity in 1995. It is","https://www.originfacts.com/airlines/vietnam-airlines"
"","200","airline","1437","28","150","1","https://www.originfacts.com/airlines/virgin-america","Virgin America · Originfacts","Virgin America was founded in 2004 and began commercial service in 2007 as a US low-cost airline associated with Richard Branson’s Virgin brand. Altho","https://www.originfacts.com/airlines/virgin-america"
"","200","airline","1675","29","150","1","https://www.originfacts.com/airlines/virgin-atlantic","Virgin Atlantic · Originfacts","Virgin Atlantic was founded in 1984 and operates as a British scheduled airline under the Virgin brand. Virgin Atlantic Limited is jointly owned by Vi","https://www.originfacts.com/airlines/virgin-atlantic"
"","200","airline","1682","30","150","1","https://www.originfacts.com/airlines/virgin-australia","Virgin Australia · Originfacts","Virgin Australia was founded in 2000 as Virgin Blue and later adopted its current name as its network and service model broadened. The airline is head","https://www.originfacts.com/airlines/virgin-australia"
"short_description","200","airline","1113","21","55","1","https://www.originfacts.com/airlines/vistara","Vistara · Originfacts","Vistara (UK/VTI) is a scheduled airline based in India.","https://www.originfacts.com/airlines/vistara"
"","200","airline","1410","26","150","1","https://www.originfacts.com/airlines/viva-aerobus","Viva Aerobus · Originfacts","Viva Aerobus is a Mexican low-cost airline founded in 2006. Its legal name is Viva, and it operates under the VB airline code. The carrier is associat","https://www.originfacts.com/airlines/viva-aerobus"
"","200","airline","1454","29","150","1","https://www.originfacts.com/airlines/vladivostok-air","Vladivostok Air · Originfacts","Vladivostok Air was a Russian scheduled airline whose roots dated to 1932, when civil aviation operations began in the country’s Far East. It subseque","https://www.originfacts.com/airlines/vladivostok-air"
"","200","airline","1436","21","150","1","https://www.originfacts.com/airlines/volaris","Volaris · Originfacts","Volaris is a Mexican low-cost airline founded in 2005 and launched commercial operations in 2006. Its legal corporate parent is Controladora Vuela Com","https://www.originfacts.com/airlines/volaris"
"short_description","200","airline","1100","34","69","1","https://www.originfacts.com/airlines/volga-dnepr-airlines","Volga-Dnepr Airlines · Originfacts","Volga-Dnepr Airlines (VI/VDA) is a scheduled airline based in Russia.","https://www.originfacts.com/airlines/volga-dnepr-airlines"
"","200","airline","1473","21","150","1","https://www.originfacts.com/airlines/vueling","Vueling · Originfacts","Vueling is a Spanish low-cost airline founded in 2004 and headquartered near Barcelona. It began operations with a small network from Barcelona and ha","https://www.originfacts.com/airlines/vueling"
"short_description","200","airline","1101","21","56","1","https://www.originfacts.com/airlines/wow-air","WOW Air · Originfacts","WOW Air (WW/WOW) is a low-cost airline based in Iceland.","https://www.originfacts.com/airlines/wow-air"
"short_description","200","airline","1101","23","57","1","https://www.originfacts.com/airlines/wamos-air","Wamos Air · Originfacts","Wamos Air (EB/PLM) is a scheduled airline based in Spain.","https://www.originfacts.com/airlines/wamos-air"
"","200","airline","1408","27","159","1","https://www.originfacts.com/airlines/warbelows-air","Warbelows Air · Originfacts","Warbelow&#x27;s Air is a scheduled commuter airline based in Fairbanks, Alaska. The carrier has longstanding roots in Alaska&#x27;s aviation sector and focuses","https://www.originfacts.com/airlines/warbelows-air"
"","200","airline","1426","22","150","1","https://www.originfacts.com/airlines/west-air","West Air · Originfacts","West Air is a privately owned Chinese low-cost carrier established in 2007 and headquartered in Chongqing. Operating under the IATA code PN and ICAO c","https://www.originfacts.com/airlines/west-air"
"","200","airline","1695","21","150","1","https://www.originfacts.com/airlines/westjet","WestJet · Originfacts","WestJet was founded in Calgary in 1994 and began flying in 1996 as a low-cost alternative in the Canadian market. It expanded from a small western net","https://www.originfacts.com/airlines/westjet"
"short_description","200","airline","1101","28","62","1","https://www.originfacts.com/airlines/westjet-encore","WestJet Encore · Originfacts","WestJet Encore (WR/WEN) is a low-cost airline based in Canada.","https://www.originfacts.com/airlines/westjet-encore"
"short_description","200","airline","1100","27","64","1","https://www.originfacts.com/airlines/white-airways","White Airways · Originfacts","White Airways (WI/WHT) is a scheduled airline based in Portugal.","https://www.originfacts.com/airlines/white-airways"
"","200","airline","1461","21","150","1","https://www.originfacts.com/airlines/wideroe","Widerøe · Originfacts","Founded in 1934, Widerøe is one of Norway’s longest-established airlines and a central part of the country’s regional transport system. It operates un","https://www.originfacts.com/airlines/wideroe"
"","200","airline","1369","20","150","1","https://www.originfacts.com/airlines/winair","Winair · Originfacts","Winair is the trading identity of Windward Islands Airways International, a scheduled regional carrier founded in 1961 and headquartered in Sint Maart","https://www.originfacts.com/airlines/winair"
"short_description","200","airline","1127","31","67","1","https://www.originfacts.com/airlines/windrose-airlines","Windrose Airlines · Originfacts","Windrose Airlines (7W/WRC) is a scheduled airline based in Ukraine.","https://www.originfacts.com/airlines/windrose-airlines"
"","200","airline","1425","22","150","1","https://www.originfacts.com/airlines/wizz-air","Wizz Air · Originfacts","Wizz Air is a Hungarian ultra-low-cost airline founded in 2003 and launched commercially in 2004. It operates within the publicly listed Wizz Air Hold","https://www.originfacts.com/airlines/wizz-air"
"","200","airline","1605","29","150","1","https://www.originfacts.com/airlines/xiamen-airlines","Xiamen Airlines · Originfacts","Xiamen Airlines is a scheduled full-service carrier founded in 1984 and headquartered in Xiamen, Fujian Province. It was established as one of China’s","https://www.originfacts.com/airlines/xiamen-airlines"
"","200","airline","1527","30","150","1","https://www.originfacts.com/airlines/yakutia-airlines","Yakutia Airlines · Originfacts","Yakutia Airlines is a scheduled Russian carrier founded in 2002 and headquartered in Yakutsk, the capital of the Sakha Republic. It was formed through","https://www.originfacts.com/airlines/yakutia-airlines"
"","200","airline","1477","28","150","1","https://www.originfacts.com/airlines/yamal-airlines","Yamal Airlines · Originfacts","Yamal Airlines is a Russian scheduled carrier founded in 1997 and headquartered in Salekhard, the administrative centre of the Yamalo-Nenets Autonomou","https://www.originfacts.com/airlines/yamal-airlines"
"","200","airline","1517","21","150","1","https://www.originfacts.com/airlines/yemenia","Yemenia · Originfacts","Yemenia is the flag carrier of Yemen and traces its history to Yemen Airlines, which was founded in 1962. The present airline identity emerged in 1978","https://www.originfacts.com/airlines/yemenia"
"","200","airline","1377","27","150","1","https://www.originfacts.com/airlines/yeti-airlines","Yeti Airlines · Originfacts","Yeti Airlines is a privately owned Nepalese carrier founded in 1998. It began operations with small turboprop aircraft suited to Nepal’s short sectors","https://www.originfacts.com/airlines/yeti-airlines"
"short_description","200","airline","1100","28","68","1","https://www.originfacts.com/airlines/zimex-aviation","Zimex Aviation · Originfacts","Zimex Aviation (XM/IMX) is a scheduled airline based in Switzerland.","https://www.originfacts.com/airlines/zimex-aviation"
"","200","airline","1562","23","150","1","https://www.originfacts.com/airlines/airbaltic","airBaltic · Originfacts","Founded in 1995, airBaltic is Latvia’s flag carrier and operates under the legal name AirBaltic. The Latvian state is its principal shareholder, givin","https://www.originfacts.com/airlines/airbaltic"
"short_description","200","airline","1112","21","57","1","https://www.originfacts.com/airlines/airblue","airblue · Originfacts","airblue (PA/ABQ) is a low-cost airline based in Pakistan.","https://www.originfacts.com/airlines/airblue"
"short_description","200","airline","1075","21","59","1","https://www.originfacts.com/airlines/easyjet","easyJet · Originfacts","easyJet (DS) is a low-cost airline based in United Kingdom.","https://www.originfacts.com/airlines/easyjet"
"","200","airline","1495","21","150","1","https://www.originfacts.com/airlines/jetblue","jetBlue · Originfacts","JetBlue Airways is a U.S. low-cost airline founded in 1998 and launched commercially in 2000. It operates under the JetBlue brand and is owned by publ","https://www.originfacts.com/airlines/jetblue"
"long_title","200","airport","1916","67","149","1","https://www.originfacts.com/airports/abu-dhabi","Abu Dhabi International Airport (AUH) — airport guide · Originfacts","## Overview

Abu Dhabi International Airport lies approximately 30 kilometres east of central Abu Dhabi, serving as the primary international gateway","https://www.originfacts.com/airports/abu-dhabi"
"long_title","200","airport","1915","74","149","1","https://www.originfacts.com/airports/addis-ababa","Addis Ababa Bole International Airport (ADD) — airport guide · Originfacts","## Overview

Addis Ababa Bole International Airport is the primary international gateway of Ethiopia, located approximately 6 kilometres southeast of","https://www.originfacts.com/airports/addis-ababa"
"long_title","200","airport","1952","72","150","1","https://www.originfacts.com/airports/madrid","Adolfo Suarez Madrid-Barajas Airport (MAD) — airport guide · Originfacts","## Overview

Adolfo Suárez Madrid-Barajas Airport lies about 12 kilometers northeast of central Madrid, in the Barajas district of the Spanish capital","https://www.originfacts.com/airports/madrid"
"","200","airport","2072","62","150","1","https://www.originfacts.com/airports/amsterdam","Amsterdam Airport Schiphol (AMS) — airport guide · Originfacts","## Overview

Amsterdam Airport Schiphol sits approximately nine kilometers southwest of central Amsterdam, occupying reclaimed polder land in the muni","https://www.originfacts.com/airports/amsterdam"
"","200","airport","1893","65","150","1","https://www.originfacts.com/airports/santiago","Arturo Merino Benitez Airport (SCL) — airport guide · Originfacts","## Overview

Arturo Merino Benítez Airport is located approximately 15 kilometres northwest of central Santiago, in the Pudahuel commune, Metropolitan","https://www.originfacts.com/airports/santiago"
"","200","airport","1884","52","155","1","https://www.originfacts.com/airports/auckland","Auckland Airport (AKL) — airport guide · Originfacts","## Overview

Auckland Airport sits approximately 21 kilometres south of Auckland&#x27;s city centre, in the Māngere district of the Auckland region, New Ze","https://www.originfacts.com/airports/auckland"
"","200","airport","1791","65","150","1","https://www.originfacts.com/airports/bahrain","Bahrain International Airport (BAH) — airport guide · Originfacts","## Overview

Bahrain International Airport sits on Muharraq Island, roughly 7 kilometers northeast of Manama, the capital of the Kingdom of Bahrain. I","https://www.originfacts.com/airports/bahrain"
"long_title","200","airport","2051","70","155","1","https://www.originfacts.com/airports/colombo","Bandaranaike International Airport (CMB) — airport guide · Originfacts","## Overview

Bandaranaike International Airport (CMB) is Sri Lanka&#x27;s principal international gateway, situated in Katunayake, Western Province, roughl","https://www.originfacts.com/airports/colombo"
"","200","airport","2021","61","150","1","https://www.originfacts.com/airports/barcelona-bcn","Barcelona-El Prat Airport (BCN) — airport guide · Originfacts","## Overview

Barcelona-El Prat Josep Tarradellas Airport occupies a low-lying position in the Llobregat delta, roughly 12 kilometres southwest of cent","https://www.originfacts.com/airports/barcelona-bcn"
"long_title","200","airport","2059","73","150","1","https://www.originfacts.com/airports/beijing-pek","Beijing Capital International Airport (PEK) — airport guide · Originfacts","## Overview

Beijing Capital International Airport sits roughly 32 kilometers northeast of central Beijing in the Chaoyang and Shunyi districts. It op","https://www.originfacts.com/airports/beijing-pek"
"long_title","200","airport","2008","68","150","1","https://www.originfacts.com/airports/tel-aviv-yafo","Ben Gurion International Airport (TLV) — airport guide · Originfacts","## Overview

Ben Gurion International Airport (IATA: TLV, ICAO: LLBG) is located approximately 15 kilometres southeast of Tel Aviv-Yafo, near the city","https://www.originfacts.com/airports/tel-aviv-yafo"
"long_title","200","airport","2007","71","155","1","https://www.originfacts.com/airports/mexico-city-mex","Benito Juarez International Airport (MEX) — airport guide · Originfacts","## Overview

Benito Juárez International Airport sits roughly 5 kilometers east of Mexico City&#x27;s historic center, inside the Venustiano Carranza borou","https://www.originfacts.com/airports/mexico-city-mex"
"","200","airport","2034","47","150","1","https://www.originfacts.com/airports/berlin","Brandenburg (BER) — airport guide · Originfacts","## Overview

Berlin Brandenburg Airport, operating under the IATA code BER and ICAO code EDDB, serves as the principal international gateway for Berli","https://www.originfacts.com/airports/berlin"
"","200","airport","1848","52","150","1","https://www.originfacts.com/airports/brisbane","Brisbane Airport (BNE) — airport guide · Originfacts","## Overview

Brisbane Airport is the primary international gateway for Queensland, Australia, located approximately 14 kilometres north-east of the Br","https://www.originfacts.com/airports/brisbane"
"","200","airport","1841","52","150","1","https://www.originfacts.com/airports/brussels-bru","Brussels Airport (BRU) — airport guide · Originfacts","## Overview

Brussels Airport is located in Zaventem, approximately 12 kilometers northeast of central Brussels in the Flemish Brabant province of Bel","https://www.originfacts.com/airports/brussels-bru"
"","200","airport","2027","63","149","1","https://www.originfacts.com/airports/cairo-cai","Cairo International Airport (CAI) — airport guide · Originfacts","## Overview

Cairo International Airport (CAI / HECA) sits approximately 15 kilometres northeast of central Cairo, positioned at coordinates 30.12°N,","https://www.originfacts.com/airports/cairo-cai"
"","200","airport","2063","64","149","1","https://www.originfacts.com/airports/cancun","Cancun International Airport (CUN) — airport guide · Originfacts","## Overview

Cancun International Airport (IATA: CUN, ICAO: MMUN) is located approximately 16 kilometers southwest of central Cancun, in the state of","https://www.originfacts.com/airports/cancun"
"long_title","200","airport","1928","67","155","1","https://www.originfacts.com/airports/cape-town","Cape Town International Airport (CPT) — airport guide · Originfacts","## Overview

Cape Town International Airport sits approximately 20 kilometres east of Cape Town&#x27;s city centre, in the Western Cape province of South A","https://www.originfacts.com/airports/cape-town"
"","200","airport","2045","64","150","1","https://www.originfacts.com/airports/singapore-sin","Changi International Airport (SIN) — airport guide · Originfacts","## Overview

Changi International Airport sits on reclaimed land at the eastern tip of Singapore, roughly 20 kilometers from the city center. It serve","https://www.originfacts.com/airports/singapore-sin"
"","200","airport","1914","61","155","1","https://www.originfacts.com/airports/paris-cdg","Charles de Gaulle Airport (CDG) — airport guide · Originfacts","## Overview

Charles de Gaulle Airport lies about 25 kilometres northeast of central Paris, in the commune of Roissy-en-France. It is France&#x27;s primary","https://www.originfacts.com/airports/paris-cdg"
"long_title","200","airport","2036","75","150","1","https://www.originfacts.com/airports/chengdu-ctu","Chengdu Shuangliu International Airport (CTU) — airport guide · Originfacts","## Overview

Chengdu Shuangliu International Airport sits approximately 16 kilometres southwest of central Chengdu, the capital of Sichuan Province in","https://www.originfacts.com/airports/chengdu-ctu"
"","200","airport","1849","51","150","1","https://www.originfacts.com/airports/chennai","Chennai Airport (MAA) — airport guide · Originfacts","## Overview

Chennai International Airport lies roughly 16 kilometres southwest of Chennai city centre, in Tamil Nadu, southern India. It serves as th","https://www.originfacts.com/airports/chennai"
"long_title","200","airport","1913","77","150","1","https://www.originfacts.com/airports/mumbai-bom","Chhatrapati Shivaji International Airport (BOM) — airport guide · Originfacts","## Overview

Chhatrapati Shivaji Maharaj International Airport is located approximately 30 kilometres north of South Mumbai, in the Santacruz–Sahar ar","https://www.originfacts.com/airports/mumbai-bom"
"","200","airport","1999","54","150","1","https://www.originfacts.com/airports/copenhagen","Copenhagen Airport (CPH) — airport guide · Originfacts","## Overview

Copenhagen Airport, officially known as Copenhagen Airport Kastrup and identified by the IATA code CPH, is situated on the island of Amag","https://www.originfacts.com/airports/copenhagen"
"long_title","200","airport","1980","75","150","1","https://www.originfacts.com/airports/dallas-dfw","Dallas/Fort Worth International Airport (DFW) — airport guide · Originfacts","## Overview

Dallas/Fort Worth International Airport sits roughly 27 kilometers northwest of downtown Dallas, straddling the boundary between Dallas a","https://www.originfacts.com/airports/dallas-dfw"
"","200","airport","1847","49","149","1","https://www.originfacts.com/airports/dubai-dxb","Dubai Airport (DXB) — airport guide · Originfacts","## Overview

Dubai International Airport lies roughly 5 kilometres east of central Dubai, in the Al Garhoud district of the emirate. It serves as the","https://www.originfacts.com/airports/dubai-dxb"
"","200","airport","2075","50","155","1","https://www.originfacts.com/airports/dublin","Dublin Airport (DUB) — airport guide · Originfacts","## Overview

Dublin Airport is Ireland&#x27;s primary international gateway, situated roughly ten kilometres north of Dublin city centre in the townland of","https://www.originfacts.com/airports/dublin"
"long_title","200","airport","2093","68","150","1","https://www.originfacts.com/airports/dusseldorf-dus","Dusseldorf International Airport (DUS) — airport guide · Originfacts","## Overview

Düsseldorf International Airport (IATA: DUS, ICAO: EDDL) is located approximately seven kilometres north of Düsseldorf city centre in the","https://www.originfacts.com/airports/dusseldorf-dus"
"long_title","200","airport","2078","67","150","1","https://www.originfacts.com/airports/bogota","El Dorado International Airport (BOG) — airport guide · Originfacts","## Overview

El Dorado International Airport (IATA: BOG, ICAO: SKBO) serves Bogotá, the capital and largest city of Colombia, and stands as the countr","https://www.originfacts.com/airports/bogota"
"long_title","200","airport","2061","79","150","1","https://www.originfacts.com/airports/athens","Eleftherios Venizelos International Airport (ATH) — airport guide · Originfacts","## Overview

Eleftherios Venizelos International Airport (IATA: ATH, ICAO: LGAV) sits in the Mesogeia plain of the Attica region, roughly 20 kilometre","https://www.originfacts.com/airports/athens"
"","200","airport","1864","53","149","1","https://www.originfacts.com/airports/frankfurt-fra","Frankfurt Airport (FRA) — airport guide · Originfacts","## Overview

Frankfurt Airport lies about 12 kilometres southwest of central Frankfurt am Main in the German state of Hesse. It is one of the busiest","https://www.originfacts.com/airports/frankfurt-fra"
"","200","airport","2067","63","150","1","https://www.originfacts.com/airports/munich-muc","Franz Josef Strauss Airport (MUC) — airport guide · Originfacts","## Overview

Franz Josef Strauss Airport sits in the Erdinger Moos, a flat moorland area roughly 28 kilometers northeast of central Munich in Bavaria,","https://www.originfacts.com/airports/munich-muc"
"","200","airport","2046","59","149","1","https://www.originfacts.com/airports/warsaw-waw","Frederic Chopin Airport (WAW) — airport guide · Originfacts","## Overview

Warsaw Chopin Airport (WAW / EPWA) sits roughly ten kilometers southwest of central Warsaw in the Włochy district, making it the closest","https://www.originfacts.com/airports/warsaw-waw"
"long_title","200","airport","1956","85","149","1","https://www.originfacts.com/airports/rio-de-janeiro","Galeao Antonio Carlos Jobim International Airport (GIG) — airport guide · Originfacts","## Overview

Galeão–Antonio Carlos Jobim International Airport sits on Governador Island in Guanabara Bay, roughly 20 kilometres north of central Rio","https://www.originfacts.com/airports/rio-de-janeiro"
"","200","airport","2073","50","149","1","https://www.originfacts.com/airports/geneva","Geneve Airport (GVA) — airport guide · Originfacts","## Overview

Geneva Airport (IATA: GVA, ICAO: LSGG) sits approximately four kilometres northwest of central Geneva, positioned along the Swiss-French","https://www.originfacts.com/airports/geneva"
"long_title","200","airport","2132","72","150","1","https://www.originfacts.com/airports/houston-iah","George Bush Intercontinental Airport (IAH) — airport guide · Originfacts","## Overview

George Bush Intercontinental Airport, identified by the IATA code IAH and ICAO code KIAH, is located in Harris County, Texas, approximate","https://www.originfacts.com/airports/houston-iah"
"long_title","200","airport","2016","74","149","1","https://www.originfacts.com/airports/guangzhou","Guangzhou Baiyun International Airport (CAN) — airport guide · Originfacts","## Overview

Guangzhou Baiyun International Airport is the primary international gateway for Guangzhou, the capital of Guangdong Province in southern","https://www.originfacts.com/airports/guangzhou"
"","200","airport","1719","63","155","1","https://www.originfacts.com/airports/doha","Hamad International Airport (DOH) — airport guide · Originfacts","## Overview

Hamad International Airport lies about 15 kilometres southeast of central Doha, on Qatar&#x27;s eastern coast along the Persian Gulf. It serve","https://www.originfacts.com/airports/doha"
"","200","airport","1865","50","150","1","https://www.originfacts.com/airports/tokyo-hnd","Haneda Airport (HND) — airport guide · Originfacts","## Overview

Haneda Airport, officially Tokyo International Airport, sits on reclaimed land along Tokyo Bay, roughly 15 kilometers south of central To","https://www.originfacts.com/airports/tokyo-hnd"
"long_title","200","airport","2141","84","149","1","https://www.originfacts.com/airports/atlanta-atl","Hartsfield-Jackson Atlanta International Airport (ATL) — airport guide · Originfacts","## Overview

Hartsfield-Jackson Atlanta International Airport (ATL / KATL) is located approximately 11 kilometers south of downtown Atlanta, Georgia,","https://www.originfacts.com/airports/atlanta-atl"
"","200","airport","2017","59","155","1","https://www.originfacts.com/airports/helsinki","Helsinki-Vantaa Airport (HEL) — airport guide · Originfacts","## Overview

Helsinki-Vantaa Airport (IATA: HEL, ICAO: EFHK) is Finland&#x27;s primary international gateway, situated roughly 17 kilometres north of centr","https://www.originfacts.com/airports/helsinki"
"long_title","200","airport","1979","67","150","1","https://www.originfacts.com/airports/hong-kong","Hong Kong International Airport (HKG) — airport guide · Originfacts","## Overview

Hong Kong International Airport is located on the reclaimed island of Chek Lap Kok, approximately 30 kilometres west of central Hong Kong","https://www.originfacts.com/airports/hong-kong"
"","200","airport","2092","61","150","1","https://www.originfacts.com/airports/algiers","Houari Boumediene Airport (ALG) — airport guide · Originfacts","## Overview

Houari Boumediene Airport serves as the principal international gateway for Algiers, the capital of Algeria, and functions as the busiest","https://www.originfacts.com/airports/algiers"
"","200","airport","2030","65","150","1","https://www.originfacts.com/airports/seoul-icn","Incheon International Airport (ICN) — airport guide · Originfacts","## Overview

Incheon International Airport lies roughly 48 kilometers west of central Seoul, on reclaimed land between Yeongjong and Yongyu islands in","https://www.originfacts.com/airports/seoul-icn"
"long_title","200","airport","1926","71","150","1","https://www.originfacts.com/airports/delhi-del","Indira Gandhi International Airport (DEL) — airport guide · Originfacts","## Overview

Indira Gandhi International Airport lies approximately 16 kilometres southwest of central New Delhi, in the National Capital Territory of","https://www.originfacts.com/airports/delhi-del"
"","200","airport","2039","56","150","1","https://www.originfacts.com/airports/istanbul-ist","Istanbul New Airport (IST) — airport guide · Originfacts","## Overview

Istanbul Airport (IATA: IST, ICAO: LTFM) sits in the Arnavutköy district on the European side of Istanbul, positioned roughly 35 kilometr","https://www.originfacts.com/airports/istanbul-ist"
"long_title","200","airport","2052","73","150","1","https://www.originfacts.com/airports/new-york-jfk","John F. Kennedy International Airport (JFK) — airport guide · Originfacts","## Overview

John F. Kennedy International Airport lies in the Jamaica neighborhood of Queens, approximately 25 kilometers southeast of Midtown Manhat","https://www.originfacts.com/airports/new-york-jfk"
"long_title","200","airport","1877","71","160","1","https://www.originfacts.com/airports/nairobi-nbo","Jomo Kenyatta International Airport (NBO) — airport guide · Originfacts","## Overview

Jomo Kenyatta International Airport sits roughly 15 kilometres southeast of Nairobi&#x27;s city centre, in Kenya&#x27;s Nairobi County. It serves a","https://www.originfacts.com/airports/nairobi-nbo"
"long_title","200","airport","1940","70","155","1","https://www.originfacts.com/airports/lima","Jorge Chavez International Airport (LIM) — airport guide · Originfacts","## Overview

Jorge Chávez International Airport sits roughly 11 kilometres northwest of Lima&#x27;s historic centre, in the Callao region of Peru. It serve","https://www.originfacts.com/airports/lima"
"","200","airport","1900","64","150","1","https://www.originfacts.com/airports/osaka-kix","Kansai International Airport (KIX) — airport guide · Originfacts","## Overview

Kansai International Airport sits on an artificial island in Osaka Bay, roughly 50 kilometres southwest of central Osaka, serving the Kan","https://www.originfacts.com/airports/osaka-kix"
"long_title","200","airport","1857","68","150","1","https://www.originfacts.com/airports/bengaluru","Kempegowda International Airport (BLR) — airport guide · Originfacts","## Overview

Kempegowda International Airport sits approximately 40 kilometres north of central Bengaluru, in the Karnataka state of southern India. O","https://www.originfacts.com/airports/bengaluru"
"long_title","200","airport","2032","72","150","1","https://www.originfacts.com/airports/jeddah","King Abdulaziz International Airport (JED) — airport guide · Originfacts","## Overview

King Abdulaziz International Airport (IATA: JED, ICAO: OEJN) is located approximately 19 kilometres north of central Jeddah along Saudi A","https://www.originfacts.com/airports/jeddah"
"long_title","200","airport","2114","69","149","1","https://www.originfacts.com/airports/riyadh","King Khaled International Airport (RUH) — airport guide · Originfacts","## Overview

King Khaled International Airport (IATA: RUH, ICAO: OERK) sits approximately 35 kilometres north of central Riyadh, the capital of Saudi","https://www.originfacts.com/airports/riyadh"
"long_title","200","airport","1944","70","150","1","https://www.originfacts.com/airports/kuala-lumpur-kul","Kuala Lumpur International Airport (KUL) — airport guide · Originfacts","## Overview

Kuala Lumpur International Airport lies in the Sepang district, roughly 45 kilometres south of central Kuala Lumpur in the Malaysian stat","https://www.originfacts.com/airports/kuala-lumpur-kul"
"","200","airport","1951","64","155","1","https://www.originfacts.com/airports/kuwait","Kuwait International Airport (KWI) — airport guide · Originfacts","## Overview

Kuwait International Airport (KWI / OKBK) sits approximately 16 kilometers south of Kuwait City, functioning as the country&#x27;s sole commer","https://www.originfacts.com/airports/kuwait"
"long_title","200","airport","1867","71","149","1","https://www.originfacts.com/airports/rome-fco","Leonardo da Vinci-Fiumicino Airport (FCO) — airport guide · Originfacts","## Overview

Leonardo da Vinci–Fiumicino Airport lies roughly 30 kilometres southwest of central Rome, on the Tyrrhenian coast in the Lazio region of","https://www.originfacts.com/airports/rome-fco"
"","200","airport","1873","58","150","1","https://www.originfacts.com/airports/lisbon","Lisbon Portela Airport (LIS) — airport guide · Originfacts","## Overview

Lisbon Portela Airport sits roughly seven kilometres north of central Lisbon, within the city limits of the Portuguese capital. It serves","https://www.originfacts.com/airports/lisbon"
"","200","airport","1924","63","150","1","https://www.originfacts.com/airports/boston-bos","Logan International Airport (BOS) — airport guide · Originfacts","## Overview
Logan International Airport sits roughly 5 kilometers northeast of downtown Boston, on a peninsula in East Boston, Massachusetts. It serve","https://www.originfacts.com/airports/boston-bos"
"","200","airport","2112","58","155","1","https://www.originfacts.com/airports/london-lgw","London Gatwick Airport (LGW) — airport guide · Originfacts","## Overview

London Gatwick Airport, coded LGW and located in West Sussex approximately 45 kilometres south of central London, is the United Kingdom&#x27;s","https://www.originfacts.com/airports/london-lgw"
"","200","airport","2276","59","150","1","https://www.originfacts.com/airports/london-lhr","London Heathrow Airport (LHR) — airport guide · Originfacts","## Overview

London Heathrow Airport (LHR / EGLL) sits roughly 15 miles west of central London, positioned at coordinates 51.47°N, 0.45°W in the Thame","https://www.originfacts.com/airports/london-lhr"
"long_title","200","airport","2130","69","150","1","https://www.originfacts.com/airports/los-angeles-lax","Los Angeles International Airport (LAX) — airport guide · Originfacts","## Overview

Los Angeles International Airport sits about 30 kilometers southwest of downtown Los Angeles, on the Pacific coast in Southern California","https://www.originfacts.com/airports/los-angeles-lax"
"","200","airport","1822","54","149","1","https://www.originfacts.com/airports/manchester-man","Manchester Airport (MAN) — airport guide · Originfacts","## Overview

Manchester Airport lies approximately 14 kilometres south of Manchester city centre in northwest England, serving as the largest airport","https://www.originfacts.com/airports/manchester-man"
"long_title","200","airport","1917","66","150","1","https://www.originfacts.com/airports/las-vegas","McCarran International Airport (LAS) — airport guide · Originfacts","## Overview

McCarran International Airport, officially renamed Harry Reid International Airport in 2021, sits about 8 kilometers south of downtown La","https://www.originfacts.com/airports/las-vegas"
"","200","airport","1856","63","149","1","https://www.originfacts.com/airports/miami-mia","Miami International Airport (MIA) — airport guide · Originfacts","## Overview

Miami International Airport sits about 13 kilometers northwest of downtown Miami in Miami-Dade County, Florida. It serves as the primary","https://www.originfacts.com/airports/miami-mia"
"","200","airport","1880","59","150","1","https://www.originfacts.com/airports/milan-mxp","Milano Malpensa Airport (MXP) — airport guide · Originfacts","## Overview

Milan Malpensa Airport lies roughly 49 kilometres northwest of central Milan, in the Lombardy region of northern Italy, near the Ticino r","https://www.originfacts.com/airports/milan-mxp"
"","200","airport","1908","62","150","1","https://www.originfacts.com/airports/buenos-aires","Ministro Pistarini Airport (EZE) — airport guide · Originfacts","## Overview

Ministro Pistarini Airport sits roughly 35 kilometres southwest of central Buenos Aires, in the city of Ezeiza, Buenos Aires Province, Ar","https://www.originfacts.com/airports/buenos-aires"
"long_title","200","airport","2044","67","150","1","https://www.originfacts.com/airports/casablanca","Mohamed V International Airport (CMN) — airport guide · Originfacts","## Overview

Mohamed V International Airport (IATA: CMN, ICAO: GMMN) sits approximately 30 kilometres south-east of central Casablanca in the Nouaceur","https://www.originfacts.com/airports/casablanca"
"long_title","200","airport","1927","89","150","1","https://www.originfacts.com/airports/montreal-yul","Montreal-Pierre Elliott Trudeau International Airport (YUL) — airport guide · Originfacts","## Overview

Montreal-Pierre Elliott Trudeau International Airport is located in Dorval, approximately 20 kilometres west of downtown Montreal, in the","https://www.originfacts.com/airports/montreal-yul"
"long_title","200","airport","2080","74","150","1","https://www.originfacts.com/airports/lagos","Murtala Muhammed International Airport (LOS) — airport guide · Originfacts","## Overview

Murtala Muhammed International Airport (IATA: LOS, ICAO: DNMM) sits approximately 22 kilometres north of central Lagos in southwest Niger","https://www.originfacts.com/airports/lagos"
"","200","airport","2007","64","150","1","https://www.originfacts.com/airports/tokyo-nrt","Narita International Airport (NRT) — airport guide · Originfacts","## Overview

Narita International Airport lies approximately 60 kilometers east of central Tokyo in Narita, Chiba Prefecture. It serves as one of Japa","https://www.originfacts.com/airports/tokyo-nrt"
"long_title","200","airport","1910","72","149","1","https://www.originfacts.com/airports/new-york-ewr","Newark Liberty International Airport (EWR) — airport guide · Originfacts","## Overview

Newark Liberty International Airport lies about 24 kilometers southwest of Midtown Manhattan, straddling the boundary between Newark and","https://www.originfacts.com/airports/new-york-ewr"
"long_title","200","airport","1887","68","150","1","https://www.originfacts.com/airports/denpasar-bali","Ngurah Rai International Airport (DPS) — airport guide · Originfacts","## Overview

Ngurah Rai International Airport sits approximately 13 kilometres south of Denpasar, on the southern tip of Bali, Indonesia. It serves as","https://www.originfacts.com/airports/denpasar-bali"
"long_title","200","airport","1858","70","150","1","https://www.originfacts.com/airports/manila","Ninoy Aquino International Airport (MNL) — airport guide · Originfacts","## Overview

Ninoy Aquino International Airport sits roughly 7 kilometres south of central Manila, in the Pasay and Parañaque areas of Metro Manila, P","https://www.originfacts.com/airports/manila"
"","200","airport","1884","65","150","1","https://www.originfacts.com/airports/hanoi","Noi Bai International Airport (HAN) — airport guide · Originfacts","## Overview

Noi Bai International Airport serves Hanoi, the capital of Vietnam, located approximately 35 kilometres north of the city centre in Soc S","https://www.originfacts.com/airports/hanoi"
"long_title","200","airport","2113","69","155","1","https://www.originfacts.com/airports/chicago-ord","O&#x27;Hare International Airport (ORD) — airport guide · Originfacts","## Overview

O&#x27;Hare International Airport sits about 27 kilometers northwest of downtown Chicago, in the U.S. state of Illinois. It serves as one of t","https://www.originfacts.com/airports/chicago-ord"
"long_title","200","airport","1919","68","149","1","https://www.originfacts.com/airports/johannesburg-jnb","O.R. Tambo International Airport (JNB) — airport guide · Originfacts","## Overview

O.R. Tambo International Airport is located approximately 25 kilometres east of central Johannesburg, in Gauteng province, South Africa.","https://www.originfacts.com/airports/johannesburg-jnb"
"","200","airport","2037","59","155","1","https://www.originfacts.com/airports/oslo-osl","Oslo Airport Gardermoen (OSL) — airport guide · Originfacts","## Overview

Oslo Airport Gardermoen is Norway&#x27;s principal international airport and one of the most significant aviation hubs in the Nordic region. L","https://www.originfacts.com/airports/oslo-osl"
"","200","airport","2078","54","149","1","https://www.originfacts.com/airports/paris-ory","Paris Orly Airport (ORY) — airport guide · Originfacts","## Overview

Paris Orly Airport (IATA: ORY, ICAO: LFPO) sits roughly 13 kilometres south of central Paris, positioned across the communes of Orly and","https://www.originfacts.com/airports/paris-ory"
"","200","airport","1951","65","149","1","https://www.originfacts.com/airports/toronto-yyz","Pearson International Airport (YYZ) — airport guide · Originfacts","## Overview

Toronto Pearson International Airport sits roughly 22 kilometres northwest of downtown Toronto, straddling the boundary between the city","https://www.originfacts.com/airports/toronto-yyz"
"","200","airport","1801","49","155","1","https://www.originfacts.com/airports/perth","Perth Airport (PER) — airport guide · Originfacts","## Overview

Perth Airport sits approximately 12 kilometres northeast of Perth&#x27;s central business district, in Western Australia. It serves as the pri","https://www.originfacts.com/airports/perth"
"long_title","200","airport","2170","70","150","1","https://www.originfacts.com/airports/hyderabad","Rajiv Gandhi International Airport (HYD) — airport guide · Originfacts","## Overview

Rajiv Gandhi International Airport, identified by the IATA code HYD and ICAO code VOHS, serves as the principal air gateway for Hyderabad","https://www.originfacts.com/airports/hyderabad"
"long_title","200","airport","2008","71","150","1","https://www.originfacts.com/airports/san-francisco","San Francisco International Airport (SFO) — airport guide · Originfacts","## Overview

San Francisco International Airport sits about 21 kilometers south of downtown San Francisco, on the western shore of San Francisco Bay i","https://www.originfacts.com/airports/san-francisco"
"long_title","200","airport","1975","77","149","1","https://www.originfacts.com/airports/sao-paulo","Sao Paulo-Guarulhos International Airport (GRU) — airport guide · Originfacts","## Overview

São Paulo–Guarulhos International Airport sits roughly 25 kilometres north-east of central São Paulo, in the state of São Paulo, Brazil.","https://www.originfacts.com/airports/sao-paulo"
"long_title","200","airport","1931","72","150","1","https://www.originfacts.com/airports/seattle-sea","Seattle-Tacoma International Airport (SEA) — airport guide · Originfacts","## Overview

Seattle-Tacoma International Airport, commonly known as Sea-Tac, lies approximately 22 kilometers south of downtown Seattle in the city o","https://www.originfacts.com/airports/seattle-sea"
"long_title","200","airport","2046","73","149","1","https://www.originfacts.com/airports/shanghai-pvg","Shanghai Pudong International Airport (PVG) — airport guide · Originfacts","## Overview

Shanghai Pudong International Airport sits roughly 30 kilometres east of central Shanghai, in the Pudong New Area, China. Opened in 1999","https://www.originfacts.com/airports/shanghai-pvg"
"long_title","200","airport","2076","78","160","1","https://www.originfacts.com/airports/shenzhen","Shenzhen Bao&#x27;an International Airport (SZX) — airport guide · Originfacts","## Overview

Shenzhen Bao&#x27;an International Airport sits in the Bao&#x27;an district of Shenzhen, Guangdong province, roughly 32 kilometres from the city ce","https://www.originfacts.com/airports/shenzhen"
"long_title","200","airport","1867","72","150","1","https://www.originfacts.com/airports/jakarta-cgk","Soekarno-Hatta International Airport (CGK) — airport guide · Originfacts","## Overview

Soekarno-Hatta International Airport is located approximately 20 kilometres northwest of central Jakarta, in the Tangerang area of Banten","https://www.originfacts.com/airports/jakarta-cgk"
"","200","airport","2116","61","155","1","https://www.originfacts.com/airports/stockholm-arn","Stockholm Arlanda Airport (ARN) — airport guide · Originfacts","## Overview

Stockholm Arlanda Airport is Sweden&#x27;s largest airport and the primary international gateway for the country, situated approximately 37 ki","https://www.originfacts.com/airports/stockholm-arn"
"","200","airport","2204","56","155","1","https://www.originfacts.com/airports/bangkok-bkk","Suvarnabhumi Airport (BKK) — airport guide · Originfacts","## Overview

Suvarnabhumi Airport (IATA: BKK, ICAO: VTBS) serves as Bangkok&#x27;s primary international airport and one of the busiest aviation hubs in So","https://www.originfacts.com/airports/bangkok-bkk"
"long_title","200","airport","2007","68","155","1","https://www.originfacts.com/airports/sydney","Sydney (Kingsford Smith) Airport (SYD) — airport guide · Originfacts","## Overview

Sydney Kingsford Smith Airport sits approximately 8 kilometres south of Sydney&#x27;s central business district, in New South Wales, Australia","https://www.originfacts.com/airports/sydney"
"long_title","200","airport","2076","72","150","1","https://www.originfacts.com/airports/taipei-tpe","Taiwan Taoyuan International Airport (TPE) — airport guide · Originfacts","## Overview

Taiwan Taoyuan International Airport lies approximately 40 kilometers west of central Taipei, in Dayuan District of Taoyuan City in north","https://www.originfacts.com/airports/taipei-tpe"
"long_title","200","airport","2181","70","150","1","https://www.originfacts.com/airports/ho-chi-minh-city","Tan Son Nhat International Airport (SGN) — airport guide · Originfacts","## Overview

Tan Son Nhat International Airport (SGN / VVTS) is located in the Tan Binh District of Ho Chi Minh City, roughly 8 kilometres northwest o","https://www.originfacts.com/airports/ho-chi-minh-city"
"","200","airport","2065","65","155","1","https://www.originfacts.com/airports/panama-city-pty","Tocumen International Airport (PTY) — airport guide · Originfacts","## Overview

Tocumen International Airport (PTY) is Panama&#x27;s principal international gateway, located roughly 24 kilometres east of Panama City in Pan","https://www.originfacts.com/airports/panama-city-pty"
"long_title","200","airport","2078","67","149","1","https://www.originfacts.com/airports/kathmandu","Tribhuvan International Airport (KTM) — airport guide · Originfacts","## Overview

Tribhuvan International Airport (KTM) sits approximately six kilometres east of central Kathmandu, the capital of Nepal, at an elevation","https://www.originfacts.com/airports/kathmandu"
"","200","airport","1869","55","150","1","https://www.originfacts.com/airports/melbourne-mel","Tullamarine Airport (MEL) — airport guide · Originfacts","## Overview

Melbourne Airport, commonly known as Tullamarine, sits about 23 kilometres northwest of central Melbourne in the state of Victoria. It is","https://www.originfacts.com/airports/melbourne-mel"
"","200","airport","2127","63","150","1","https://www.originfacts.com/airports/prague","Vaclav Havel Airport Prague (PRG) — airport guide · Originfacts","## Overview

Václav Havel Airport Prague sits roughly 17 kilometres west of Prague city centre in the Ruzyně district, making it the principal interna","https://www.originfacts.com/airports/prague"
"long_title","200","airport","1897","67","150","1","https://www.originfacts.com/airports/vancouver-yvr","Vancouver International Airport (YVR) — airport guide · Originfacts","## Overview

Vancouver International Airport sits on Sea Island in the city of Richmond, approximately 12 kilometres south of downtown Vancouver in Br","https://www.originfacts.com/airports/vancouver-yvr"
"","200","airport","2010","64","150","1","https://www.originfacts.com/airports/vienna","Vienna International Airport (VIE) — airport guide · Originfacts","## Overview

Vienna International Airport (IATA: VIE, ICAO: LOWW) is located approximately 18 kilometres southeast of central Vienna, near the town of","https://www.originfacts.com/airports/vienna"
"long_title","200","airport","1908","75","150","1","https://www.originfacts.com/airports/washington-iad","Washington Dulles International Airport (IAD) — airport guide · Originfacts","## Overview

Washington Dulles International Airport lies about 42 kilometers west of downtown Washington, D.C., straddling Fairfax and Loudoun counti","https://www.originfacts.com/airports/washington-iad"
"","200","airport","2062","50","155","1","https://www.originfacts.com/airports/zurich","Zurich Airport (ZRH) — airport guide · Originfacts","## Overview

Zurich Airport (IATA: ZRH, ICAO: LSZH) is Switzerland&#x27;s largest airport and its primary international gateway, situated roughly 13 kilome","https://www.originfacts.com/airports/zurich"
"short_description","200","static","2679","40","56","1","https://www.originfacts.com/legal/terms","Terms of Use — Originfacts · Originfacts","Your rights and responsibilities when using Originfacts.","https://www.originfacts.com"
"short_description","200","static","3021","42","61","1","https://www.originfacts.com/legal/privacy","Privacy Policy — Originfacts · Originfacts","How we collect, use, share, and protect personal information.","https://www.originfacts.com"
"short_description","200","static","1275","41","64","1","https://www.originfacts.com/legal/cookies","Cookie Policy — Originfacts · Originfacts","Cookies and similar technologies we use, and how to manage them.","https://www.originfacts.com"
"short_description","200","static","843","48","62","1","https://www.originfacts.com/legal/affiliate-disclosure","Affiliate Disclosure — Originfacts · Originfacts","How we earn affiliate commissions and what that means for you.","https://www.originfacts.com"
"short_description","200","static","982","38","64","1","https://www.originfacts.com/legal/disclaimer","Disclaimer — Originfacts · Originfacts","General information only — not legal, medical, or travel advice.","https://www.originfacts.com"
"short_description","200","static","612","40","60","1","https://www.originfacts.com/legal/contact","Legal Notice — Originfacts · Originfacts","Company details, contact channels, and legal-notice routing.","https://www.originfacts.com"
"short_description","200","static","850","41","67","1","https://www.originfacts.com/legal/accessibility","Accessibility — Originfacts · Originfacts","Our WCAG 2.2 AA commitment, known limits, and how to give feedback.","https://www.originfacts.com"
