status,httpStatus,type,words,threshold,url,title,location,canonical
"error","500","home","3","300","https://www.originfacts.com/","","",""
"error","500","static","3","300","https://www.originfacts.com/about","","",""
"error","500","static","3","300","https://www.originfacts.com/airlines","","",""
"error","500","airline","3","500","https://www.originfacts.com/airlines/40-mile-air","","",""
"error","500","airline","3","500","https://www.originfacts.com/airlines/9-air","","",""
"error","500","airline","3","500","https://www.originfacts.com/airlines/abacus-international-pte-ltd","","",""
"error","500","airline","3","500","https://www.originfacts.com/airlines/abx-air-inc","","",""
"error","500","airline","3","500","https://www.originfacts.com/airlines/accesrail","","",""
"error","500","airline","3","500","https://www.originfacts.com/airlines/act-havayollari-as","","",""
"error","500","airline","3","500","https://www.originfacts.com/airlines/adria-airways","","",""
"error","500","airline","3","500","https://www.originfacts.com/airlines/advanced-air","","",""
"error","500","airline","3","500","https://www.originfacts.com/airlines/aegean-airlines","","",""
"error","500","airline","3","500","https://www.originfacts.com/airlines/aer-lingus","","",""
"error","500","airline","3","500","https://www.originfacts.com/airlines/aero","","",""
"error","500","airline","3","500","https://www.originfacts.com/airlines/aero-charter-ukraine","","",""
"error","500","airline","3","500","https://www.originfacts.com/airlines/aero-dili","","",""
"error","500","airline","3","500","https://www.originfacts.com/airlines/aero-k","","",""
"error","500","airline","3","500","https://www.originfacts.com/airlines/aero-mongolia","","",""
"error","500","airline","3","500","https://www.originfacts.com/airlines/aero-nomad-airlines","","",""
"error","500","airline","3","500","https://www.originfacts.com/airlines/aero-tropics-air-services","","",""
"error","500","airline","3","500","https://www.originfacts.com/airlines/aeroflot","","",""
"error","500","airline","3","500","https://www.originfacts.com/airlines/aeroitalia","","",""
"error","500","airline","3","500","https://www.originfacts.com/airlines/aerolineas-argentinas","","",""
"error","500","airline","3","500","https://www.originfacts.com/airlines/aerolineas-sosa","","",""
"error","500","airline","3","500","https://www.originfacts.com/airlines/aerolink","","",""
"error","500","airline","3","500","https://www.originfacts.com/airlines/aeromar","","",""
"error","500","airline","3","500","https://www.originfacts.com/airlines/aeromexico","","",""
"error","500","airline","3","500","https://www.originfacts.com/airlines/aeromexico-connect","","",""
"error","500","airline","3","500","https://www.originfacts.com/airlines/aeronautical-telecommunications-ltdaerotel","","",""
"error","500","airline","3","500","https://www.originfacts.com/airlines/aeropelican-air-services","","",""
"error","500","airline","3","500","https://www.originfacts.com/airlines/aeroservis","","",""
"error","500","airline","3","500","https://www.originfacts.com/airlines/aerostan","","",""
"error","500","airline","3","500","https://www.originfacts.com/airlines/aerotranscargo","","",""
"error","500","airline","3","500","https://www.originfacts.com/airlines/aerovias-dap","","",""
"error","500","airline","3","500","https://www.originfacts.com/airlines/africa-world-airlines","","",""
"error","500","airline","3","500","https://www.originfacts.com/airlines/african-express-airways","","",""
"error","500","airline","3","500","https://www.originfacts.com/airlines/afrinat-international-airlines","","",""
"error","500","airline","3","500","https://www.originfacts.com/airlines/afriqiyah-airways","","",""
"error","500","airline","3","500","https://www.originfacts.com/airlines/ahk-air-hong-kong-limited","","",""
"error","500","airline","3","500","https://www.originfacts.com/airlines/aigle-azur","","",""
"error","500","airline","3","500","https://www.originfacts.com/airlines/air-albania","","",""
"error","500","airline","3","500","https://www.originfacts.com/airlines/air-algerie","","",""
"error","500","airline","3","500","https://www.originfacts.com/airlines/air-alsie","","",""
"error","500","airline","3","500","https://www.originfacts.com/airlines/air-anka","","",""
"error","500","airline","3","500","https://www.originfacts.com/airlines/air-antilles","","",""
"error","500","airline","3","500","https://www.originfacts.com/airlines/air-arabia","","",""
"error","500","airline","3","500","https://www.originfacts.com/airlines/air-arabia-abu-dhabi","","",""
"error","500","airline","3","500","https://www.originfacts.com/airlines/air-arabia-egypt","","",""
"error","500","airline","3","500","https://www.originfacts.com/airlines/air-arabia-maroc","","",""
"error","500","airline","3","500","https://www.originfacts.com/airlines/air-astana","","",""
"error","500","airline","3","500","https://www.originfacts.com/airlines/air-atlanta","","",""
"error","500","airline","3","500","https://www.originfacts.com/airlines/air-atlanta-europe","","",""
"error","500","airline","3","500","https://www.originfacts.com/airlines/air-austral","","",""
"error","500","airline","3","500","https://www.originfacts.com/airlines/air-berlin","","",""
"error","500","airline","3","500","https://www.originfacts.com/airlines/air-botswana","","",""
"error","500","airline","3","500","https://www.originfacts.com/airlines/air-burkina","","",""
"error","500","airline","3","500","https://www.originfacts.com/airlines/air-busan","","",""
"error","500","airline","3","500","https://www.originfacts.com/airlines/air-cairo","","",""
"error","500","airline","3","500","https://www.originfacts.com/airlines/air-caledonie","","",""
"error","500","airline","3","500","https://www.originfacts.com/airlines/air-cambodia","","",""
"error","500","airline","3","500","https://www.originfacts.com/airlines/air-canada","","",""
"error","500","airline","3","500","https://www.originfacts.com/airlines/air-canada-express","","",""
"error","500","airline","3","500","https://www.originfacts.com/airlines/air-canada-rouge","","",""
"error","500","airline","3","500","https://www.originfacts.com/airlines/air-caraibes","","",""
"error","500","airline","3","500","https://www.originfacts.com/airlines/air-cargo-carriers-llc","","",""
"error","500","airline","3","500","https://www.originfacts.com/airlines/air-cargo-germany","","",""
"error","500","airline","3","500","https://www.originfacts.com/airlines/air-century","","",""
"error","500","airline","3","500","https://www.originfacts.com/airlines/air-changan","","",""
"error","500","airline","3","500","https://www.originfacts.com/airlines/air-china","","",""
"error","500","airline","3","500","https://www.originfacts.com/airlines/air-congo","","",""
"error","500","airline","3","500","https://www.originfacts.com/airlines/air-corsica","","",""
"error","500","airline","3","500","https://www.originfacts.com/airlines/air-cote-divoire","","",""
"error","500","airline","3","500","https://www.originfacts.com/airlines/air-creebec","","",""
"error","500","airline","3","500","https://www.originfacts.com/airlines/air-dilijans","","",""
"error","500","airline","3","500","https://www.originfacts.com/airlines/air-djibouti","","",""
"error","500","airline","3","500","https://www.originfacts.com/airlines/air-do","","",""
"error","500","airline","3","500","https://www.originfacts.com/airlines/air-europa","","",""
"error","500","airline","3","500","https://www.originfacts.com/airlines/air-europa-express","","",""
"error","500","airline","3","500","https://www.originfacts.com/airlines/air-excel","","",""
"error","500","airline","3","500","https://www.originfacts.com/airlines/air-flamenco","","",""
"error","500","airline","3","500","https://www.originfacts.com/airlines/air-france","","",""
"error","500","airline","3","500","https://www.originfacts.com/airlines/air-greenland","","",""
"error","500","airline","3","500","https://www.originfacts.com/airlines/air-guilin","","",""
"error","500","airline","3","500","https://www.originfacts.com/airlines/air-iceland-connect","","",""
"error","500","airline","3","500","https://www.originfacts.com/airlines/air-incheon","","",""
"error","500","airline","3","500","https://www.originfacts.com/airlines/air-india","","",""
"error","500","airline","3","500","https://www.originfacts.com/airlines/air-india-express","","",""
"error","500","airline","3","500","https://www.originfacts.com/airlines/air-inuit","","",""
"error","500","airline","3","500","https://www.originfacts.com/airlines/air-japan","","",""
"error","500","airline","3","500","https://www.originfacts.com/airlines/air-kbz","","",""
"error","500","airline","3","500","https://www.originfacts.com/airlines/air-kiribati","","",""
"error","500","airline","3","500","https://www.originfacts.com/airlines/air-koryo","","",""
"error","500","airline","3","500","https://www.originfacts.com/airlines/air-libya","","",""
"error","500","airline","3","500","https://www.originfacts.com/airlines/air-link","","",""
"error","500","airline","3","500","https://www.originfacts.com/airlines/air-lituanica","","",""
"error","500","airline","3","500","https://www.originfacts.com/airlines/air-macau","","",""
"error","500","airline","3","500","https://www.originfacts.com/airlines/air-madagascar","","",""
"error","500","airline","3","500","https://www.originfacts.com/airlines/air-manas","","",""
"error","500","airline","3","500","https://www.originfacts.com/airlines/air-mauritius","","",""
"error","500","airline","3","500","https://www.originfacts.com/airlines/air-mekong","","",""
"error","500","airline","3","500","https://www.originfacts.com/airlines/air-moana","","",""
"error","500","airline","3","500","https://www.originfacts.com/airlines/air-mobility-command","","",""
"error","500","airline","3","500","https://www.originfacts.com/airlines/air-moldova","","",""
"error","500","airline","3","500","https://www.originfacts.com/airlines/air-montenegro","","",""
"error","500","airline","3","500","https://www.originfacts.com/airlines/air-namibia","","",""
"error","500","airline","3","500","https://www.originfacts.com/airlines/air-new-zealand","","",""
"error","500","airline","3","500","https://www.originfacts.com/airlines/air-niamey","","",""
"error","500","airline","3","500","https://www.originfacts.com/airlines/air-niugini","","",""
"error","500","airline","3","500","https://www.originfacts.com/airlines/air-north","","",""
"error","500","airline","3","500","https://www.originfacts.com/airlines/air-nostrum","","",""
"error","500","airline","3","500","https://www.originfacts.com/airlines/air-ocean-airlines","","",""
"error","500","airline","3","500","https://www.originfacts.com/airlines/air-panama","","",""
"error","500","airline","3","500","https://www.originfacts.com/airlines/air-peace","","",""
"error","500","airline","3","500","https://www.originfacts.com/airlines/air-premia","","",""
"error","500","airline","3","500","https://www.originfacts.com/airlines/air-rarotonga","","",""
"error","500","airline","3","500","https://www.originfacts.com/airlines/air-saint-pierre","","",""
"error","500","airline","3","500","https://www.originfacts.com/airlines/air-samarkand","","",""
"error","500","airline","3","500","https://www.originfacts.com/airlines/air-seoul","","",""
"error","500","airline","3","500","https://www.originfacts.com/airlines/air-serbia","","",""
"error","500","airline","3","500","https://www.originfacts.com/airlines/air-seychelles","","",""
"error","500","airline","3","500","https://www.originfacts.com/airlines/air-tahiti","","",""
"error","500","airline","3","500","https://www.originfacts.com/airlines/air-tahiti-nui","","",""
"error","500","airline","3","500","https://www.originfacts.com/airlines/air-tanzania","","",""
"error","500","airline","3","500","https://www.originfacts.com/airlines/air-thanlwin","","",""
"error","500","airline","3","500","https://www.originfacts.com/airlines/air-timor","","",""
"error","500","airline","3","500","https://www.originfacts.com/airlines/air-tindi","","",""
"error","500","airline","3","500","https://www.originfacts.com/airlines/air-transat","","",""
"error","500","airline","3","500","https://www.originfacts.com/airlines/air-transport-association-of-americadba-airlines-for-america","","",""
"error","500","airline","3","500","https://www.originfacts.com/airlines/air-transport-international-llc","","",""
"error","500","airline","3","500","https://www.originfacts.com/airlines/air-travel","","",""
"error","500","airline","3","500","https://www.originfacts.com/airlines/air-vanuatu","","",""
"error","500","airline","3","500","https://www.originfacts.com/airlines/air-wisconsin","","",""
"error","500","airline","3","500","https://www.originfacts.com/airlines/air-x-charter","","",""
"error","500","airline","3","500","https://www.originfacts.com/airlines/air-zimbabwe","","",""
"error","500","airline","3","500","https://www.originfacts.com/airlines/airasia","","",""
"error","500","airline","3","500","https://www.originfacts.com/airlines/airasia-cambodia","","",""
"error","500","airline","3","500","https://www.originfacts.com/airlines/airasia-x","","",""
"error","500","airline","3","500","https://www.originfacts.com/airlines/airbaltic","","",""
"error","500","airline","3","500","https://www.originfacts.com/airlines/airblue","","",""
"error","500","airline","3","500","https://www.originfacts.com/airlines/airborneo","","",""
"error","500","airline","3","500","https://www.originfacts.com/airlines/airbridgecargo","","",""
"error","500","airline","3","500","https://www.originfacts.com/airlines/aircalin","","",""
"error","500","airline","3","500","https://www.originfacts.com/airlines/airconnect","","",""
"error","500","airline","3","500","https://www.originfacts.com/airlines/airdolomiti","","",""
"error","500","airline","3","500","https://www.originfacts.com/airlines/airexplore","","",""
"error","500","airline","3","500","https://www.originfacts.com/airlines/airfast-indonesia","","",""
"error","500","airline","3","500","https://www.originfacts.com/airlines/airhub-airlines","","",""
"error","500","airline","3","500","https://www.originfacts.com/airlines/airkenya","","",""
"error","500","airline","3","500","https://www.originfacts.com/airlines/airline-urga","","",""
"error","500","airline","3","500","https://www.originfacts.com/airlines/airlink","","",""
"error","500","airline","3","500","https://www.originfacts.com/airlines/airmax-sa","","",""
"error","500","airline","3","500","https://www.originfacts.com/airlines/airnorth","","",""
"error","500","airline","3","500","https://www.originfacts.com/airlines/airshop-bv","","",""
"error","500","airline","3","500","https://www.originfacts.com/airlines/airswift","","",""
"error","500","airline","3","500","https://www.originfacts.com/airlines/airzena","","",""
"error","500","airline","3","500","https://www.originfacts.com/airlines/ais-airlines","","",""
"error","500","airline","3","500","https://www.originfacts.com/airlines/aix-connect","","",""
"error","500","airline","3","500","https://www.originfacts.com/airlines/ajet","","",""
"error","500","airline","3","500","https://www.originfacts.com/airlines/ak-bars-aero","","",""
"error","500","airline","3","500","https://www.originfacts.com/airlines/akasa-air","","",""
"error","500","airline","3","500","https://www.originfacts.com/airlines/aklak-air","","",""
"error","500","airline","3","500","https://www.originfacts.com/airlines/alaska-airlines","","",""
"error","500","airline","3","500","https://www.originfacts.com/airlines/alaska-seaplanes","","",""
"error","500","airline","3","500","https://www.originfacts.com/airlines/albastar","","",""
"error","500","airline","3","500","https://www.originfacts.com/airlines/alexandria-airlines","","",""
"error","500","airline","3","500","https://www.originfacts.com/airlines/all-nippon-airways","","",""
"error","500","airline","3","500","https://www.originfacts.com/airlines/allegiant-air","","",""
"error","500","airline","3","500","https://www.originfacts.com/airlines/alliance-air","","",""
"error","500","airline","3","500","https://www.originfacts.com/airlines/alliance-airlines","","",""
"error","500","airline","3","500","https://www.originfacts.com/airlines/almasria-universal-airlines","","",""
"error","500","airline","3","500","https://www.originfacts.com/airlines/alpavia","","",""
"error","500","airline","3","500","https://www.originfacts.com/airlines/alpha-air-transport","","",""
"error","500","airline","3","500","https://www.originfacts.com/airlines/alrosa","","",""
"error","500","airline","3","500","https://www.originfacts.com/airlines/alsa-grupo-slu","","",""
"error","500","airline","3","500","https://www.originfacts.com/airlines/amadeus-it-group-sa","","",""
"error","500","airline","3","500","https://www.originfacts.com/airlines/amakusa-airlines","","",""
"error","500","airline","3","500","https://www.originfacts.com/airlines/amaszonas","","",""
"error","500","airline","3","500","https://www.originfacts.com/airlines/amaszonas-uruguay","","",""
"error","500","airline","3","500","https://www.originfacts.com/airlines/amelia","","",""
"error","500","airline","3","500","https://www.originfacts.com/airlines/american-airlines","","",""
"error","500","airline","3","500","https://www.originfacts.com/airlines/american-eagle","","",""
"error","500","airline","3","500","https://www.originfacts.com/airlines/amerijet-international-inc","","",""
"error","500","airline","3","500","https://www.originfacts.com/airlines/amtrak","","",""
"error","500","airline","3","500","https://www.originfacts.com/airlines/ana-wings","","",""
"error","500","airline","3","500","https://www.originfacts.com/airlines/andes-lineas-aereas","","",""
"error","500","airline","3","500","https://www.originfacts.com/airlines/angara-airlines","","",""
"error","500","airline","3","500","https://www.originfacts.com/airlines/anguilla-air-services","","",""
"error","500","airline","3","500","https://www.originfacts.com/airlines/animawings","","",""
"error","500","airline","3","500","https://www.originfacts.com/airlines/apa-guam","","",""
"error","500","airline","3","500","https://www.originfacts.com/airlines/apg-airlines","","",""
"error","500","airline","3","500","https://www.originfacts.com/airlines/arajet","","",""
"error","500","airline","3","500","https://www.originfacts.com/airlines/arctic-transportation-services-inc-ryan-air","","",""
"error","500","airline","3","500","https://www.originfacts.com/airlines/ariana-afghan-airlines","","",""
"error","500","airline","3","500","https://www.originfacts.com/airlines/arik-air","","",""
"error","500","airline","3","500","https://www.originfacts.com/airlines/arincaeronautical-radio-inc","","",""
"error","500","airline","3","500","https://www.originfacts.com/airlines/arkhangelsk-2","","",""
"error","500","airline","3","500","https://www.originfacts.com/airlines/arkia","","",""
"error","500","airline","3","500","https://www.originfacts.com/airlines/arktika","","",""
"error","500","airline","3","500","https://www.originfacts.com/airlines/armenia-airways","","",""
"error","500","airline","3","500","https://www.originfacts.com/airlines/armenian-airlines","","",""
"error","500","airline","3","500","https://www.originfacts.com/airlines/aruba-airlines","","",""
"error","500","airline","3","500","https://www.originfacts.com/airlines/as-salaam-air","","",""
"error","500","airline","3","500","https://www.originfacts.com/airlines/ascend-airways","","",""
"error","500","airline","3","500","https://www.originfacts.com/airlines/aserca-airlines","","",""
"error","500","airline","3","500","https://www.originfacts.com/airlines/asian-wings-airways","","",""
"error","500","airline","3","500","https://www.originfacts.com/airlines/asiana-airlines","","",""
"error","500","airline","3","500","https://www.originfacts.com/airlines/asky-airlines","","",""
"error","500","airline","3","500","https://www.originfacts.com/airlines/asl-airlines-france","","",""
"error","500","airline","3","500","https://www.originfacts.com/airlines/asl-airlines-ireland","","",""
"error","500","airline","3","500","https://www.originfacts.com/airlines/asl-airways","","",""
"error","500","airline","3","500","https://www.originfacts.com/airlines/asman-airlines","","",""
"error","500","airline","3","500","https://www.originfacts.com/airlines/atlantic-airways","","",""
"error","500","airline","3","500","https://www.originfacts.com/airlines/atlas-air","","",""
"error","500","airline","3","500","https://www.originfacts.com/airlines/atran","","",""
"error","500","airline","3","500","https://www.originfacts.com/airlines/atsa-airlines","","",""
"error","500","airline","3","500","https://www.originfacts.com/airlines/auric-air","","",""
"error","500","airline","3","500","https://www.originfacts.com/airlines/aurigny","","",""
"error","500","airline","3","500","https://www.originfacts.com/airlines/aurora","","",""
"error","500","airline","3","500","https://www.originfacts.com/airlines/austral-lineas-aereas","","",""
"error","500","airline","3","500","https://www.originfacts.com/airlines/australian-airlines","","",""
"error","500","airline","3","500","https://www.originfacts.com/airlines/austrian-airlines","","",""
"error","500","airline","3","500","https://www.originfacts.com/airlines/avelo-airlines","","",""
"error","500","airline","3","500","https://www.originfacts.com/airlines/avia-traffic-company","","",""
"error","500","airline","3","500","https://www.originfacts.com/airlines/aviacon-zitotrans-air-company-jsc","","",""
"error","500","airline","3","500","https://www.originfacts.com/airlines/avialeasing-aviation-company","","",""
"error","500","airline","3","500","https://www.originfacts.com/airlines/avianca","","",""
"error","500","airline","3","500","https://www.originfacts.com/airlines/avianca-brazil","","",""
"error","500","airline","3","500","https://www.originfacts.com/airlines/avianca-costa-rica","","",""
"error","500","airline","3","500","https://www.originfacts.com/airlines/avianca-ecuador","","",""
"error","500","airline","3","500","https://www.originfacts.com/airlines/avianca-el-salvador","","",""
"error","500","airline","3","500","https://www.originfacts.com/airlines/avianca-express","","",""
"error","500","airline","3","500","https://www.originfacts.com/airlines/avianca-guatemala","","",""
"error","500","airline","3","500","https://www.originfacts.com/airlines/avianca-peru","","",""
"error","500","airline","3","500","https://www.originfacts.com/airlines/aviastar-tu","","",""
"error","500","airline","3","500","https://www.originfacts.com/airlines/avion-express-lithuania","","",""
"error","500","airline","3","500","https://www.originfacts.com/airlines/avion-express-malta","","",""
"error","500","airline","3","500","https://www.originfacts.com/airlines/avior-airlines","","",""
"error","500","airline","3","500","https://www.originfacts.com/airlines/azerbaijan-airlines","","",""
"error","500","airline","3","500","https://www.originfacts.com/airlines/azimuth","","",""
"error","500","airline","3","500","https://www.originfacts.com/airlines/aztec-airways","","",""
"error","500","airline","3","500","https://www.originfacts.com/airlines/azul-airlines","","",""
"error","500","airline","3","500","https://www.originfacts.com/airlines/azur-air","","",""
"error","500","airline","3","500","https://www.originfacts.com/airlines/ba-cityflyer","","",""
"error","500","airline","3","500","https://www.originfacts.com/airlines/ba-euroflyer","","",""
"error","500","airline","3","500","https://www.originfacts.com/airlines/badr-airlines","","",""
"error","500","airline","3","500","https://www.originfacts.com/airlines/bahamasair","","",""
"error","500","airline","3","500","https://www.originfacts.com/airlines/balkan","","",""
"error","500","airline","3","500","https://www.originfacts.com/airlines/bamboo-airways","","",""
"error","500","airline","3","500","https://www.originfacts.com/airlines/bangkok-airways","","",""
"error","500","airline","3","500","https://www.originfacts.com/airlines/bassaka-air","","",""
"error","500","airline","3","500","https://www.originfacts.com/airlines/batik-air","","",""
"error","500","airline","3","500","https://www.originfacts.com/airlines/batik-air-malaysia","","",""
"error","500","airline","3","500","https://www.originfacts.com/airlines/bb-airways","","",""
"error","500","airline","3","500","https://www.originfacts.com/airlines/bbn-airlines","","",""
"error","500","airline","3","500","https://www.originfacts.com/airlines/bearskin-airlines","","",""
"error","500","airline","3","500","https://www.originfacts.com/airlines/bees-airline","","",""
"error","500","airline","3","500","https://www.originfacts.com/airlines/beijing-capital-airlines","","",""
"error","500","airline","3","500","https://www.originfacts.com/airlines/belavia","","",""
"error","500","airline","3","500","https://www.originfacts.com/airlines/bemidji-airlines","","",""
"error","500","airline","3","500","https://www.originfacts.com/airlines/beond","","",""
"error","500","airline","3","500","https://www.originfacts.com/airlines/bering-air","","",""
"error","500","airline","3","500","https://www.originfacts.com/airlines/berjaya-air","","",""
"error","500","airline","3","500","https://www.originfacts.com/airlines/bermudair","","",""
"error","500","airline","3","500","https://www.originfacts.com/airlines/berniq-airways","","",""
"error","500","airline","3","500","https://www.originfacts.com/airlines/bh-air","","",""
"error","500","airline","3","500","https://www.originfacts.com/airlines/bhutan-airlines","","",""
"error","500","airline","3","500","https://www.originfacts.com/airlines/biman-bangladesh-airlines","","",""
"error","500","airline","3","500","https://www.originfacts.com/airlines/binter-canarias","","",""
"error","500","airline","3","500","https://www.originfacts.com/airlines/blue-air","","",""
"error","500","airline","3","500","https://www.originfacts.com/airlines/blue-bird-airways","","",""
"error","500","airline","3","500","https://www.originfacts.com/airlines/blue-islands","","",""
"error","500","airline","3","500","https://www.originfacts.com/airlines/blue1","","",""
"error","500","airline","3","500","https://www.originfacts.com/airlines/bmi-regional","","",""
"error","500","airline","3","500","https://www.originfacts.com/airlines/boliviana-de-aviacion","","",""
"error","500","airline","3","500","https://www.originfacts.com/airlines/bonza","","",""
"error","500","airline","3","500","https://www.originfacts.com/airlines/bqb-lineas-aereas","","",""
"error","500","airline","3","500","https://www.originfacts.com/airlines/bra","","",""
"error","500","airline","3","500","https://www.originfacts.com/airlines/breeze-airways","","",""
"error","500","airline","3","500","https://www.originfacts.com/airlines/bringer-air-cargo","","",""
"error","500","airline","3","500","https://www.originfacts.com/airlines/brit-air","","",""
"error","500","airline","3","500","https://www.originfacts.com/airlines/british-airways","","",""
"error","500","airline","3","500","https://www.originfacts.com/airlines/brussels-airlines","","",""
"error","500","airline","3","500","https://www.originfacts.com/airlines/buddha-air","","",""
"error","500","airline","3","500","https://www.originfacts.com/airlines/buffalo-airways-ltd","","",""
"error","500","airline","3","500","https://www.originfacts.com/airlines/bul-air","","",""
"error","500","airline","3","500","https://www.originfacts.com/airlines/bulgaria-air","","",""
"error","500","airline","3","500","https://www.originfacts.com/airlines/buraq-air","","",""
"error","500","airline","3","500","https://www.originfacts.com/airlines/buta-airways","","",""
"error","500","airline","3","500","https://www.originfacts.com/airlines/buzz","","",""
"error","500","airline","3","500","https://www.originfacts.com/airlines/bvi-airways","","",""
"error","500","airline","3","500","https://www.originfacts.com/airlines/cabo-verde-airlines","","",""
"error","500","airline","3","500","https://www.originfacts.com/airlines/caicos-express-airways","","",""
"error","500","airline","3","500","https://www.originfacts.com/airlines/calima-aviacion-sl","","",""
"error","500","airline","3","500","https://www.originfacts.com/airlines/calm-air","","",""
"error","500","airline","3","500","https://www.originfacts.com/airlines/camair-co","","",""
"error","500","airline","3","500","https://www.originfacts.com/airlines/cambodia-airways","","",""
"error","500","airline","3","500","https://www.originfacts.com/airlines/canadian-north","","",""
"error","500","airline","3","500","https://www.originfacts.com/airlines/canaryfly","","",""
"error","500","airline","3","500","https://www.originfacts.com/airlines/cape-air","","",""
"error","500","airline","3","500","https://www.originfacts.com/airlines/cargojet-airways-ltd","","",""
"error","500","airline","3","500","https://www.originfacts.com/airlines/cargolux","","",""
"error","500","airline","3","500","https://www.originfacts.com/airlines/caribbean-air-export-import-inc","","",""
"error","500","airline","3","500","https://www.originfacts.com/airlines/caribbean-airlines","","",""
"error","500","airline","3","500","https://www.originfacts.com/airlines/carpatair","","",""
"error","500","airline","3","500","https://www.originfacts.com/airlines/cathay-pacific","","",""
"error","500","airline","3","500","https://www.originfacts.com/airlines/cayman-airways","","",""
"error","500","airline","3","500","https://www.originfacts.com/airlines/cebgo","","",""
"error","500","airline","3","500","https://www.originfacts.com/airlines/cebu-pacific","","",""
"error","500","airline","3","500","https://www.originfacts.com/airlines/ceiba-intercontinental","","",""
"error","500","airline","3","500","https://www.originfacts.com/airlines/cemair","","",""
"error","500","airline","3","500","https://www.originfacts.com/airlines/central-airlines","","",""
"error","500","airline","3","500","https://www.originfacts.com/airlines/central-mountain-air","","",""
"error","500","airline","3","500","https://www.originfacts.com/airlines/centrum-air","","",""
"error","500","airline","3","500","https://www.originfacts.com/airlines/chair-airlines","","",""
"error","500","airline","3","500","https://www.originfacts.com/airlines/chalair-aviation","","",""
"error","500","airline","3","500","https://www.originfacts.com/airlines/challenge-air-cargo-ltd","","",""
"error","500","airline","3","500","https://www.originfacts.com/airlines/challenge-airlines-be","","",""
"error","500","airline","3","500","https://www.originfacts.com/airlines/challenge-airlines-il","","",""
"error","500","airline","3","500","https://www.originfacts.com/airlines/charter-air-transport-inc","","",""
"error","500","airline","3","500","https://www.originfacts.com/airlines/chautauqua-airlines","","",""
"error","500","airline","3","500","https://www.originfacts.com/airlines/chengdu-airlines","","",""
"error","500","airline","3","500","https://www.originfacts.com/airlines/china-airlines","","",""
"error","500","airline","3","500","https://www.originfacts.com/airlines/china-cargo-airlines","","",""
"error","500","airline","3","500","https://www.originfacts.com/airlines/china-eastern","","",""
"error","500","airline","3","500","https://www.originfacts.com/airlines/china-express-airlines","","",""
"error","500","airline","3","500","https://www.originfacts.com/airlines/china-postal-airlines-ltd","","",""
"error","500","airline","3","500","https://www.originfacts.com/airlines/china-southern-airlines","","",""
"error","500","airline","3","500","https://www.originfacts.com/airlines/china-united-airlines","","",""
"error","500","airline","3","500","https://www.originfacts.com/airlines/chongqing-airlines","","",""
"error","500","airline","3","500","https://www.originfacts.com/airlines/chu-kong-passenger-transport-co-ltd","","",""
"error","500","airline","3","500","https://www.originfacts.com/airlines/cimber","","",""
"error","500","airline","3","500","https://www.originfacts.com/airlines/cinnamon-air","","",""
"error","500","airline","3","500","https://www.originfacts.com/airlines/citilink","","",""
"error","500","airline","3","500","https://www.originfacts.com/airlines/cityjet","","",""
"error","500","airline","3","500","https://www.originfacts.com/airlines/cjsc-royal-flight-airlines","","",""
"error","500","airline","3","500","https://www.originfacts.com/airlines/clic","","",""
"error","500","airline","3","500","https://www.originfacts.com/airlines/cm-airlines","","",""
"error","500","airline","3","500","https://www.originfacts.com/airlines/coastal-aviation","","",""
"error","500","airline","3","500","https://www.originfacts.com/airlines/cobalt-air","","",""
"error","500","airline","3","500","https://www.originfacts.com/airlines/colorful-guizhou-airlines","","",""
"error","500","airline","3","500","https://www.originfacts.com/airlines/commutair","","",""
"error","500","airline","3","500","https://www.originfacts.com/airlines/compass-airlines","","",""
"error","500","airline","3","500","https://www.originfacts.com/airlines/condor","","",""
"error","500","airline","3","500","https://www.originfacts.com/airlines/conquest-air-inc","","",""
"error","500","airline","3","500","https://www.originfacts.com/airlines/contour-airlines","","",""
"error","500","airline","3","500","https://www.originfacts.com/airlines/conviasa","","",""
"error","500","airline","3","500","https://www.originfacts.com/airlines/copa-airlines","","",""
"error","500","airline","3","500","https://www.originfacts.com/airlines/corendon-airlines","","",""
"error","500","airline","3","500","https://www.originfacts.com/airlines/corendon-airlines-europe","","",""
"error","500","airline","3","500","https://www.originfacts.com/airlines/corendon-dutch-airlines","","",""
"error","500","airline","3","500","https://www.originfacts.com/airlines/corsair-international","","",""
"error","500","airline","3","500","https://www.originfacts.com/airlines/croatia-airlines","","",""
"error","500","airline","3","500","https://www.originfacts.com/airlines/cronos-airlines","","",""
"error","500","airline","3","500","https://www.originfacts.com/airlines/crown-airlines","","",""
"error","500","airline","3","500","https://www.originfacts.com/airlines/csa-czech-airlines","","",""
"error","500","airline","3","500","https://www.originfacts.com/airlines/cubana","","",""
"error","500","airline","3","500","https://www.originfacts.com/airlines/cyprus-airways","","",""
"error","500","airline","3","500","https://www.originfacts.com/airlines/daallo-airlines","","",""
"error","500","airline","3","500","https://www.originfacts.com/airlines/dan-air","","",""
"error","500","airline","3","500","https://www.originfacts.com/airlines/dana-air","","",""
"error","500","airline","3","500","https://www.originfacts.com/airlines/danish-air-transport","","",""
"error","500","airline","3","500","https://www.originfacts.com/airlines/delta-air-lines","","",""
"error","500","airline","3","500","https://www.originfacts.com/airlines/denver-air-connection-dac","","",""
"error","500","airline","3","500","https://www.originfacts.com/airlines/department-of-national-defence","","",""
"error","500","airline","3","500","https://www.originfacts.com/airlines/deutsche-bahn-ag","","",""
"error","500","airline","3","500","https://www.originfacts.com/airlines/dhl-aero-expreso-sa","","",""
"error","500","airline","3","500","https://www.originfacts.com/airlines/dhl-air-limited","","",""
"error","500","airline","3","500","https://www.originfacts.com/airlines/dhl-aviation-eemea-bscc","","",""
"error","500","airline","3","500","https://www.originfacts.com/airlines/dhl-de-guatemala","","",""
"error","500","airline","3","500","https://www.originfacts.com/airlines/discover-airlines","","",""
"error","500","airline","3","500","https://www.originfacts.com/airlines/dniproavia","","",""
"error","500","airline","3","500","https://www.originfacts.com/airlines/dobrolet","","",""
"error","500","airline","3","500","https://www.originfacts.com/airlines/dokasch","","",""
"error","500","airline","3","500","https://www.originfacts.com/airlines/donavia","","",""
"error","500","airline","3","500","https://www.originfacts.com/airlines/donghai-airlines","","",""
"error","500","airline","3","500","https://www.originfacts.com/airlines/dot-lt","","",""
"error","500","airline","3","500","https://www.originfacts.com/airlines/drukair","","",""
"error","500","airline","3","500","https://www.originfacts.com/airlines/e-savtravel","","",""
"error","500","airline","3","500","https://www.originfacts.com/airlines/eagle-atlantic-airlines","","",""
"error","500","airline","3","500","https://www.originfacts.com/airlines/eaglexpress-air-charter-sdnbhddbaeaglexpress-air","","",""
"error","500","airline","3","500","https://www.originfacts.com/airlines/eastar-jet","","",""
"error","500","airline","3","500","https://www.originfacts.com/airlines/eastern-air-lines","","",""
"error","500","airline","3","500","https://www.originfacts.com/airlines/eastern-airlines-llc","","",""
"error","500","airline","3","500","https://www.originfacts.com/airlines/eastern-airways","","",""
"error","500","airline","3","500","https://www.originfacts.com/airlines/easyjet","","",""
"error","500","airline","3","500","https://www.originfacts.com/airlines/ecojet","","",""
"error","500","airline","3","500","https://www.originfacts.com/airlines/edelweiss-air","","",""
"error","500","airline","3","500","https://www.originfacts.com/airlines/egyptair","","",""
"error","500","airline","3","500","https://www.originfacts.com/airlines/el-al","","",""
"error","500","airline","3","500","https://www.originfacts.com/airlines/electra-airways","","",""
"error","500","airline","3","500","https://www.originfacts.com/airlines/electronic-data-systems-corporation","","",""
"error","500","airline","3","500","https://www.originfacts.com/airlines/ellinair","","",""
"error","500","airline","3","500","https://www.originfacts.com/airlines/emetebe-airlines","","",""
"error","500","airline","3","500","https://www.originfacts.com/airlines/emirates","","",""
"error","500","airline","3","500","https://www.originfacts.com/airlines/empire-airlines","","",""
"error","500","airline","3","500","https://www.originfacts.com/airlines/endeavor-air","","",""
"error","500","airline","3","500","https://www.originfacts.com/airlines/enter-air","","",""
"error","500","airline","3","500","https://www.originfacts.com/airlines/envoy-air","","",""
"error","500","airline","3","500","https://www.originfacts.com/airlines/equaflight","","",""
"error","500","airline","3","500","https://www.originfacts.com/airlines/eritrean-airlines","","",""
"error","500","airline","3","500","https://www.originfacts.com/airlines/ernest-airlines","","",""
"error","500","airline","3","500","https://www.originfacts.com/airlines/eswatini-air","","",""
"error","500","airline","3","500","https://www.originfacts.com/airlines/ethiopian-airlines","","",""
"error","500","airline","3","500","https://www.originfacts.com/airlines/etihad-airways","","",""
"error","500","airline","3","500","https://www.originfacts.com/airlines/euro-asia-air","","",""
"error","500","airline","3","500","https://www.originfacts.com/airlines/euroairlines","","",""
"error","500","airline","3","500","https://www.originfacts.com/airlines/euroatlantic-airways","","",""
"error","500","airline","3","500","https://www.originfacts.com/airlines/eurolot","","",""
"error","500","airline","3","500","https://www.originfacts.com/airlines/european-air-charter","","",""
"error","500","airline","3","500","https://www.originfacts.com/airlines/european-air-transport","","",""
"error","500","airline","3","500","https://www.originfacts.com/airlines/european-cargo-services-bv","","",""
"error","500","airline","3","500","https://www.originfacts.com/airlines/eurostar","","",""
"error","500","airline","3","500","https://www.originfacts.com/airlines/eurowings","","",""
"error","500","airline","3","500","https://www.originfacts.com/airlines/eva-air","","",""
"error","500","airline","3","500","https://www.originfacts.com/airlines/everts-air-cargo","","",""
"error","500","airline","3","500","https://www.originfacts.com/airlines/express-airline","","",""
"error","500","airline","3","500","https://www.originfacts.com/airlines/expressjet","","",""
"error","500","airline","3","500","https://www.originfacts.com/airlines/eznis-airways","","",""
"error","500","airline","3","500","https://www.originfacts.com/airlines/fastjet-zimbabwe","","",""
"error","500","airline","3","500","https://www.originfacts.com/airlines/fat-far-eastern-air-transport","","",""
"error","500","airline","3","500","https://www.originfacts.com/airlines/federal-air","","",""
"error","500","airline","3","500","https://www.originfacts.com/airlines/fedex","","",""
"error","500","airline","3","500","https://www.originfacts.com/airlines/fiji-airways","","",""
"error","500","airline","3","500","https://www.originfacts.com/airlines/finistair","","",""
"error","500","airline","3","500","https://www.originfacts.com/airlines/finnair","","",""
"error","500","airline","3","500","https://www.originfacts.com/airlines/firefly","","",""
"error","500","airline","3","500","https://www.originfacts.com/airlines/first-air","","",""
"error","500","airline","3","500","https://www.originfacts.com/airlines/fitsair","","",""
"error","500","airline","3","500","https://www.originfacts.com/airlines/flair-airlines","","",""
"error","500","airline","3","500","https://www.originfacts.com/airlines/flexflight","","",""
"error","500","airline","3","500","https://www.originfacts.com/airlines/flightlink","","",""
"error","500","airline","3","500","https://www.originfacts.com/airlines/fly-all-ways","","",""
"error","500","airline","3","500","https://www.originfacts.com/airlines/fly-arna","","",""
"error","500","airline","3","500","https://www.originfacts.com/airlines/fly-baghdad","","",""
"error","500","airline","3","500","https://www.originfacts.com/airlines/fly-branson-travel-dba-branson-airexpress","","",""
"error","500","airline","3","500","https://www.originfacts.com/airlines/fly-caminter","","",""
"error","500","airline","3","500","https://www.originfacts.com/airlines/fly-jordan","","",""
"error","500","airline","3","500","https://www.originfacts.com/airlines/fly-lili","","",""
"error","500","airline","3","500","https://www.originfacts.com/airlines/fly-one","","",""
"error","500","airline","3","500","https://www.originfacts.com/airlines/fly-one-romania","","",""
"error","500","airline","3","500","https://www.originfacts.com/airlines/fly-oya","","",""
"error","500","airline","3","500","https://www.originfacts.com/airlines/fly-pro","","",""
"error","500","airline","3","500","https://www.originfacts.com/airlines/fly-red-sea","","",""
"error","500","airline","3","500","https://www.originfacts.com/airlines/fly2sky","","",""
"error","500","airline","3","500","https://www.originfacts.com/airlines/flyadeal","","",""
"error","500","airline","3","500","https://www.originfacts.com/airlines/flyaden","","",""
"error","500","airline","3","500","https://www.originfacts.com/airlines/flyals","","",""
"error","500","airline","3","500","https://www.originfacts.com/airlines/flyarystan","","",""
"error","500","airline","3","500","https://www.originfacts.com/airlines/flybe","","",""
"error","500","airline","3","500","https://www.originfacts.com/airlines/flybondi","","",""
"error","500","airline","3","500","https://www.originfacts.com/airlines/flybosnia","","",""
"error","500","airline","3","500","https://www.originfacts.com/airlines/flybusteam","","",""
"error","500","airline","3","500","https://www.originfacts.com/airlines/flycaa","","",""
"error","500","airline","3","500","https://www.originfacts.com/airlines/flydubai","","",""
"error","500","airline","3","500","https://www.originfacts.com/airlines/flyegypt","","",""
"error","500","airline","3","500","https://www.originfacts.com/airlines/flygabon","","",""
"error","500","airline","3","500","https://www.originfacts.com/airlines/flyjinnah","","",""
"error","500","airline","3","500","https://www.originfacts.com/airlines/flykhiva","","",""
"error","500","airline","3","500","https://www.originfacts.com/airlines/flynamibia","","",""
"error","500","airline","3","500","https://www.originfacts.com/airlines/flynas","","",""
"error","500","airline","3","500","https://www.originfacts.com/airlines/flyone-armenia","","",""
"error","500","airline","3","500","https://www.originfacts.com/airlines/flyone-asia","","",""
"error","500","airline","3","500","https://www.originfacts.com/airlines/flysafair","","",""
"error","500","airline","3","500","https://www.originfacts.com/airlines/flyyo","","",""
"error","500","airline","3","500","https://www.originfacts.com/airlines/freebird-airlines","","",""
"error","500","airline","3","500","https://www.originfacts.com/airlines/freedom-airline-express","","",""
"error","500","airline","3","500","https://www.originfacts.com/airlines/french-armed-forces","","",""
"error","500","airline","3","500","https://www.originfacts.com/airlines/french-bee","","",""
"error","500","airline","3","500","https://www.originfacts.com/airlines/frontier-airlines","","",""
"error","500","airline","3","500","https://www.originfacts.com/airlines/fuji-dream-airlines","","",""
"error","500","airline","3","500","https://www.originfacts.com/airlines/fuzhou-airlines","","",""
"error","500","airline","3","500","https://www.originfacts.com/airlines/galileo-international","","",""
"error","500","airline","3","500","https://www.originfacts.com/airlines/gambia-bird-airlines","","",""
"error","500","airline","3","500","https://www.originfacts.com/airlines/garuda-indonesia","","",""
"error","500","airline","3","500","https://www.originfacts.com/airlines/gazpromavia","","",""
"error","500","airline","3","500","https://www.originfacts.com/airlines/georgian-airways","","",""
"error","500","airline","3","500","https://www.originfacts.com/airlines/georgian-wings","","",""
"error","500","airline","3","500","https://www.originfacts.com/airlines/german-airways","","",""
"error","500","airline","3","500","https://www.originfacts.com/airlines/getjet-airlines","","",""
"error","500","airline","3","500","https://www.originfacts.com/airlines/ghadames-air","","",""
"error","500","airline","3","500","https://www.originfacts.com/airlines/global-aviation-gea","","",""
"error","500","airline","3","500","https://www.originfacts.com/airlines/global-aviation-services-group","","",""
"error","500","airline","3","500","https://www.originfacts.com/airlines/global-feeder-services","","",""
"error","500","airline","3","500","https://www.originfacts.com/airlines/globeair","","",""
"error","500","airline","3","500","https://www.originfacts.com/airlines/globus-airlines","","",""
"error","500","airline","3","500","https://www.originfacts.com/airlines/globus-lls","","",""
"error","500","airline","3","500","https://www.originfacts.com/airlines/gojet-airlines","","",""
"error","500","airline","3","500","https://www.originfacts.com/airlines/gol-transportes-aereos","","",""
"error","500","airline","3","500","https://www.originfacts.com/airlines/gp-aviation","","",""
"error","500","airline","3","500","https://www.originfacts.com/airlines/grand-canyon-scenic-airlines","","",""
"error","500","airline","3","500","https://www.originfacts.com/airlines/grand-china-air","","",""
"error","500","airline","3","500","https://www.originfacts.com/airlines/grant-aviation","","",""
"error","500","airline","3","500","https://www.originfacts.com/airlines/great-lakes-airlines","","",""
"error","500","airline","3","500","https://www.originfacts.com/airlines/greater-bay-airlines","","",""
"error","500","airline","3","500","https://www.originfacts.com/airlines/green-africa-airways","","",""
"error","500","airline","3","500","https://www.originfacts.com/airlines/grumeti-air","","",""
"error","500","airline","3","500","https://www.originfacts.com/airlines/gulf-air","","",""
"error","500","airline","3","500","https://www.originfacts.com/airlines/gullivair","","",""
"error","500","airline","3","500","https://www.originfacts.com/airlines/guyane-express-fly","","",""
"error","500","airline","3","500","https://www.originfacts.com/airlines/gx-airlines","","",""
"error","500","airline","3","500","https://www.originfacts.com/airlines/hahn-air","","",""
"error","500","airline","3","500","https://www.originfacts.com/airlines/hahn-air-technologies","","",""
"error","500","airline","3","500","https://www.originfacts.com/airlines/hainan-airlines","","",""
"error","500","airline","3","500","https://www.originfacts.com/airlines/halcyonair","","",""
"error","500","airline","3","500","https://www.originfacts.com/airlines/harbour-air-seaplanes","","",""
"error","500","airline","3","500","https://www.originfacts.com/airlines/hawaiian-airlines","","",""
"error","500","airline","3","500","https://www.originfacts.com/airlines/hawkair","","",""
"error","500","airline","3","500","https://www.originfacts.com/airlines/hayways","","",""
"error","500","airline","3","500","https://www.originfacts.com/airlines/hebei-airlines","","",""
"error","500","airline","3","500","https://www.originfacts.com/airlines/heli-air-monaco","","",""
"error","500","airline","3","500","https://www.originfacts.com/airlines/heli-securite-helicopter-airline","","",""
"error","500","airline","3","500","https://www.originfacts.com/airlines/helicopteros-del-sureste","","",""
"error","500","airline","3","500","https://www.originfacts.com/airlines/helijet","","",""
"error","500","airline","3","500","https://www.originfacts.com/airlines/helvetic-airways","","",""
"error","500","airline","3","500","https://www.originfacts.com/airlines/heron-aviation","","",""
"error","500","airline","3","500","https://www.originfacts.com/airlines/heston-airlines","","",""
"error","500","airline","3","500","https://www.originfacts.com/airlines/hi-fly-ltd","","",""
"error","500","airline","3","500","https://www.originfacts.com/airlines/himalaya-airlines","","",""
"error","500","airline","3","500","https://www.originfacts.com/airlines/hinterland-aviation","","",""
"error","500","airline","3","500","https://www.originfacts.com/airlines/hisky","","",""
"error","500","airline","3","500","https://www.originfacts.com/airlines/hisky-europe","","",""
"error","500","airline","3","500","https://www.originfacts.com/airlines/hk-express","","",""
"error","500","airline","3","500","https://www.originfacts.com/airlines/hong-kong-air-cargo-carrier-limited","","",""
"error","500","airline","3","500","https://www.originfacts.com/airlines/hong-kong-airlines","","",""
"error","500","airline","3","500","https://www.originfacts.com/airlines/hop","","",""
"error","500","airline","3","500","https://www.originfacts.com/airlines/horizon-air","","",""
"error","500","airline","3","500","https://www.originfacts.com/airlines/humo-air","","",""
"error","500","airline","3","500","https://www.originfacts.com/airlines/hunnu-air","","",""
"error","500","airline","3","500","https://www.originfacts.com/airlines/hydro-quebec","","",""
"error","500","airline","3","500","https://www.originfacts.com/airlines/iata-clearing-houseinternational-air-transport-association","","",""
"error","500","airline","3","500","https://www.originfacts.com/airlines/ibc-airways","","",""
"error","500","airline","3","500","https://www.originfacts.com/airlines/iberia","","",""
"error","500","airline","3","500","https://www.originfacts.com/airlines/iberia-express","","",""
"error","500","airline","3","500","https://www.originfacts.com/airlines/iberojet","","",""
"error","500","airline","3","500","https://www.originfacts.com/airlines/ibex-airlines","","",""
"error","500","airline","3","500","https://www.originfacts.com/airlines/ibom-air","","",""
"error","500","airline","3","500","https://www.originfacts.com/airlines/icelandair","","",""
"error","500","airline","3","500","https://www.originfacts.com/airlines/ifly","","",""
"error","500","airline","3","500","https://www.originfacts.com/airlines/ihy-izmir-havayollari-as","","",""
"error","500","airline","3","500","https://www.originfacts.com/airlines/ikar","","",""
"error","500","airline","3","500","https://www.originfacts.com/airlines/indigo","","",""
"error","500","airline","3","500","https://www.originfacts.com/airlines/indonesia-airasia","","",""
"error","500","airline","3","500","https://www.originfacts.com/airlines/infini-travel-information-inc","","",""
"error","500","airline","3","500","https://www.originfacts.com/airlines/innoaviation","","",""
"error","500","airline","3","500","https://www.originfacts.com/airlines/insel-air-aruba","","",""
"error","500","airline","3","500","https://www.originfacts.com/airlines/intercaribbean-airways","","",""
"error","500","airline","3","500","https://www.originfacts.com/airlines/iraero","","",""
"error","500","airline","3","500","https://www.originfacts.com/airlines/iran-air","","",""
"error","500","airline","3","500","https://www.originfacts.com/airlines/iran-airtour","","",""
"error","500","airline","3","500","https://www.originfacts.com/airlines/iran-aseman-airlines","","",""
"error","500","airline","3","500","https://www.originfacts.com/airlines/iraqi-airways","","",""
"error","500","airline","3","500","https://www.originfacts.com/airlines/iryo","","",""
"error","500","airline","3","500","https://www.originfacts.com/airlines/island-air","","",""
"error","500","airline","3","500","https://www.originfacts.com/airlines/island-air-express","","",""
"error","500","airline","3","500","https://www.originfacts.com/airlines/islena-de-inversiones-sa-de-cvdba-islena-airlines","","",""
"error","500","airline","3","500","https://www.originfacts.com/airlines/israir-airlines","","",""
"error","500","airline","3","500","https://www.originfacts.com/airlines/ita-airways","","",""
"error","500","airline","3","500","https://www.originfacts.com/airlines/ita-software-inc","","",""
"error","500","airline","3","500","https://www.originfacts.com/airlines/itek-air","","",""
"error","500","airline","3","500","https://www.originfacts.com/airlines/izhavia","","",""
"error","500","airline","3","500","https://www.originfacts.com/airlines/jambojet","","",""
"error","500","airline","3","500","https://www.originfacts.com/airlines/jandm-alaska-air","","",""
"error","500","airline","3","500","https://www.originfacts.com/airlines/japan-air-commuter","","",""
"error","500","airline","3","500","https://www.originfacts.com/airlines/japan-airlines","","",""
"error","500","airline","3","500","https://www.originfacts.com/airlines/japan-transocean-air","","",""
"error","500","airline","3","500","https://www.originfacts.com/airlines/jazeera-airways","","",""
"error","500","airline","3","500","https://www.originfacts.com/airlines/jeju-air","","",""
"error","500","airline","3","500","https://www.originfacts.com/airlines/jet-airways","","",""
"error","500","airline","3","500","https://www.originfacts.com/airlines/jet-airways-inc","","",""
"error","500","airline","3","500","https://www.originfacts.com/airlines/jet-asia-airways","","",""
"error","500","airline","3","500","https://www.originfacts.com/airlines/jet-aviation-business","","",""
"error","500","airline","3","500","https://www.originfacts.com/airlines/jet-ops","","",""
"error","500","airline","3","500","https://www.originfacts.com/airlines/jet2com","","",""
"error","500","airline","3","500","https://www.originfacts.com/airlines/jetair-caribbean","","",""
"error","500","airline","3","500","https://www.originfacts.com/airlines/jetairfly","","",""
"error","500","airline","3","500","https://www.originfacts.com/airlines/jetblue","","",""
"error","500","airline","3","500","https://www.originfacts.com/airlines/jetlite","","",""
"error","500","airline","3","500","https://www.originfacts.com/airlines/jetsmart","","",""
"error","500","airline","3","500","https://www.originfacts.com/airlines/jetsmart-argentina","","",""
"error","500","airline","3","500","https://www.originfacts.com/airlines/jetsmart-peru","","",""
"error","500","airline","3","500","https://www.originfacts.com/airlines/jetstar","","",""
"error","500","airline","3","500","https://www.originfacts.com/airlines/jetstar-asia","","",""
"error","500","airline","3","500","https://www.originfacts.com/airlines/jetstar-japan","","",""
"error","500","airline","3","500","https://www.originfacts.com/airlines/jiangxi-air","","",""
"error","500","airline","3","500","https://www.originfacts.com/airlines/jin-air","","",""
"error","500","airline","3","500","https://www.originfacts.com/airlines/jonair","","",""
"error","500","airline","3","500","https://www.originfacts.com/airlines/jonika-airlines","","",""
"error","500","airline","3","500","https://www.originfacts.com/airlines/jordan-aviation","","",""
"error","500","airline","3","500","https://www.originfacts.com/airlines/joy-air","","",""
"error","500","airline","3","500","https://www.originfacts.com/airlines/jsc-aircompany-atma","","",""
"error","500","airline","3","500","https://www.originfacts.com/airlines/jsc-kazaviaspas","","",""
"error","500","airline","3","500","https://www.originfacts.com/airlines/jsc-sirena-travel","","",""
"error","500","airline","3","500","https://www.originfacts.com/airlines/jsc-transport-automated-informationsystems-tais","","",""
"error","500","airline","3","500","https://www.originfacts.com/airlines/juneyao-airlines","","",""
"error","500","airline","3","500","https://www.originfacts.com/airlines/k-mile-air-co-ltd","","",""
"error","500","airline","3","500","https://www.originfacts.com/airlines/kalitta-air","","",""
"error","500","airline","3","500","https://www.originfacts.com/airlines/kalstar-aviation","","",""
"error","500","airline","3","500","https://www.originfacts.com/airlines/kam-air","","",""
"error","500","airline","3","500","https://www.originfacts.com/airlines/kamchatka-air","","",""
"error","500","airline","3","500","https://www.originfacts.com/airlines/kan-air","","",""
"error","500","airline","3","500","https://www.originfacts.com/airlines/kartika-airlines","","",""
"error","500","airline","3","500","https://www.originfacts.com/airlines/kc-international-airlines","","",""
"error","500","airline","3","500","https://www.originfacts.com/airlines/kenmore-air","","",""
"error","500","airline","3","500","https://www.originfacts.com/airlines/kenn-borek-air","","",""
"error","500","airline","3","500","https://www.originfacts.com/airlines/kenya-airways","","",""
"error","500","airline","3","500","https://www.originfacts.com/airlines/khabarovsk-avia","","",""
"error","500","airline","3","500","https://www.originfacts.com/airlines/klm-cityhopper","","",""
"error","500","airline","3","500","https://www.originfacts.com/airlines/klm-royal-dutch-airlines","","",""
"error","500","airline","3","500","https://www.originfacts.com/airlines/km-malta-airlines","","",""
"error","500","airline","3","500","https://www.originfacts.com/airlines/komiaviatrans","","",""
"error","500","airline","3","500","https://www.originfacts.com/airlines/korean-air","","",""
"error","500","airline","3","500","https://www.originfacts.com/airlines/korongo-airlines","","",""
"error","500","airline","3","500","https://www.originfacts.com/airlines/kosmos","","",""
"error","500","airline","3","500","https://www.originfacts.com/airlines/kostroma-air","","",""
"error","500","airline","3","500","https://www.originfacts.com/airlines/krasavia","","",""
"error","500","airline","3","500","https://www.originfacts.com/airlines/kulula","","",""
"error","500","airline","3","500","https://www.originfacts.com/airlines/kunming-airlines","","",""
"error","500","airline","3","500","https://www.originfacts.com/airlines/kuwait-airways","","",""
"error","500","airline","3","500","https://www.originfacts.com/airlines/kyrgyz-air","","",""
"error","500","airline","3","500","https://www.originfacts.com/airlines/la-compagnie","","",""
"error","500","airline","3","500","https://www.originfacts.com/airlines/la-costena","","",""
"error","500","airline","3","500","https://www.originfacts.com/airlines/lam-mozambique-airlines","","",""
"error","500","airline","3","500","https://www.originfacts.com/airlines/lan-chile-cargo","","",""
"error","500","airline","3","500","https://www.originfacts.com/airlines/lanexang-airways-international","","",""
"error","500","airline","3","500","https://www.originfacts.com/airlines/lanhsa","","",""
"error","500","airline","3","500","https://www.originfacts.com/airlines/lanmei-airlines","","",""
"error","500","airline","3","500","https://www.originfacts.com/airlines/lao-airlines","","",""
"error","500","airline","3","500","https://www.originfacts.com/airlines/lao-skyway","","",""
"error","500","airline","3","500","https://www.originfacts.com/airlines/laparkan-airways-inc","","",""
"error","500","airline","3","500","https://www.originfacts.com/airlines/laser-airlines","","",""
"error","500","airline","3","500","https://www.originfacts.com/airlines/latam-airlines","","",""
"error","500","airline","3","500","https://www.originfacts.com/airlines/latam-airlines-brasil","","",""
"error","500","airline","3","500","https://www.originfacts.com/airlines/latam-airlines-colombia","","",""
"error","500","airline","3","500","https://www.originfacts.com/airlines/latam-airlines-ecuador","","",""
"error","500","airline","3","500","https://www.originfacts.com/airlines/latam-airlines-paraguay","","",""
"error","500","airline","3","500","https://www.originfacts.com/airlines/latam-airlines-peru","","",""
"error","500","airline","3","500","https://www.originfacts.com/airlines/latam-express","","",""
"error","500","airline","3","500","https://www.originfacts.com/airlines/lauda-europe","","",""
"error","500","airline","3","500","https://www.originfacts.com/airlines/leav","","",""
"error","500","airline","3","500","https://www.originfacts.com/airlines/level","","",""
"error","500","airline","3","500","https://www.originfacts.com/airlines/levu","","",""
"error","500","airline","3","500","https://www.originfacts.com/airlines/liat-air","","",""
"error","500","airline","3","500","https://www.originfacts.com/airlines/libyan-airlines","","",""
"error","500","airline","3","500","https://www.originfacts.com/airlines/libyan-wings","","",""
"error","500","airline","3","500","https://www.originfacts.com/airlines/lift-airline","","",""
"error","500","airline","3","500","https://www.originfacts.com/airlines/linea-aerea-carguera-de-colombia-sa","","",""
"error","500","airline","3","500","https://www.originfacts.com/airlines/linear-air","","",""
"error","500","airline","3","500","https://www.originfacts.com/airlines/link-airways","","",""
"error","500","airline","3","500","https://www.originfacts.com/airlines/lion-air","","",""
"error","500","airline","3","500","https://www.originfacts.com/airlines/loganair","","",""
"error","500","airline","3","500","https://www.originfacts.com/airlines/longtail-aviation","","",""
"error","500","airline","3","500","https://www.originfacts.com/airlines/loong-air","","",""
"error","500","airline","3","500","https://www.originfacts.com/airlines/lot-polish","","",""
"error","500","airline","3","500","https://www.originfacts.com/airlines/lucky-air","","",""
"error","500","airline","3","500","https://www.originfacts.com/airlines/lufthansa","","",""
"error","500","airline","3","500","https://www.originfacts.com/airlines/lufthansa-city-airlines","","",""
"error","500","airline","3","500","https://www.originfacts.com/airlines/lufthansa-cityline","","",""
"error","500","airline","3","500","https://www.originfacts.com/airlines/lufthansa-systems","","",""
"error","500","airline","3","500","https://www.originfacts.com/airlines/lulutai-airlines","","",""
"error","500","airline","3","500","https://www.originfacts.com/airlines/lumiwings","","",""
"error","500","airline","3","500","https://www.originfacts.com/airlines/luxair","","",""
"error","500","airline","3","500","https://www.originfacts.com/airlines/luxwing","","",""
"error","500","airline","3","500","https://www.originfacts.com/airlines/lynden-air-cargo-llc","","",""
"error","500","airline","3","500","https://www.originfacts.com/airlines/lynx-air","","",""
"error","500","airline","3","500","https://www.originfacts.com/airlines/magnicharters","","",""
"error","500","airline","3","500","https://www.originfacts.com/airlines/mahan-air","","",""
"error","500","airline","3","500","https://www.originfacts.com/airlines/malawi-airlines","","",""
"error","500","airline","3","500","https://www.originfacts.com/airlines/malaysia-airlines","","",""
"error","500","airline","3","500","https://www.originfacts.com/airlines/maldivian","","",""
"error","500","airline","3","500","https://www.originfacts.com/airlines/malta-air","","",""
"error","500","airline","3","500","https://www.originfacts.com/airlines/maluti-sky","","",""
"error","500","airline","3","500","https://www.originfacts.com/airlines/mandarin-airlines","","",""
"error","500","airline","3","500","https://www.originfacts.com/airlines/mango","","",""
"error","500","airline","3","500","https://www.originfacts.com/airlines/mann-yadanarpon-airlines","","",""
"error","500","airline","3","500","https://www.originfacts.com/airlines/manta-air","","",""
"error","500","airline","3","500","https://www.originfacts.com/airlines/marabu","","",""
"error","500","airline","3","500","https://www.originfacts.com/airlines/marathon-airlines","","",""
"error","500","airline","3","500","https://www.originfacts.com/airlines/martinair","","",""
"error","500","airline","3","500","https://www.originfacts.com/airlines/mas-de-carga-sa-de-cv-dba-masair","","",""
"error","500","airline","3","500","https://www.originfacts.com/airlines/mauritania-airlines","","",""
"error","500","airline","3","500","https://www.originfacts.com/airlines/mavi-gok-airlines","","",""
"error","500","airline","3","500","https://www.originfacts.com/airlines/maximus-air","","",""
"error","500","airline","3","500","https://www.originfacts.com/airlines/maya-island-air","","",""
"error","500","airline","3","500","https://www.originfacts.com/airlines/mayair","","",""
"error","500","airline","3","500","https://www.originfacts.com/airlines/meraj-airlines","","",""
"error","500","airline","3","500","https://www.originfacts.com/airlines/mesa-airlines","","",""
"error","500","airline","3","500","https://www.originfacts.com/airlines/metrojet","","",""
"error","500","airline","3","500","https://www.originfacts.com/airlines/mhs-aviation","","",""
"error","500","airline","3","500","https://www.originfacts.com/airlines/miat-mongolian-airlines","","",""
"error","500","airline","3","500","https://www.originfacts.com/airlines/middle-east-airlines","","",""
"error","500","airline","3","500","https://www.originfacts.com/airlines/mistral-air","","",""
"error","500","airline","3","500","https://www.originfacts.com/airlines/mng-airlines","","",""
"error","500","airline","3","500","https://www.originfacts.com/airlines/moldavian-airlines","","",""
"error","500","airline","3","500","https://www.originfacts.com/airlines/monacair","","",""
"error","500","airline","3","500","https://www.originfacts.com/airlines/montenegro-airlines","","",""
"error","500","airline","3","500","https://www.originfacts.com/airlines/motor-sich-airlines","","",""
"error","500","airline","3","500","https://www.originfacts.com/airlines/myairline","","",""
"error","500","airline","3","500","https://www.originfacts.com/airlines/myanmar-airways-international","","",""
"error","500","airline","3","500","https://www.originfacts.com/airlines/myanmar-national-airlines","","",""
"error","500","airline","3","500","https://www.originfacts.com/airlines/myway-airlines","","",""
"error","500","airline","3","500","https://www.originfacts.com/airlines/nakina-air-service","","",""
"error","500","airline","3","500","https://www.originfacts.com/airlines/nam-air","","",""
"error","500","airline","3","500","https://www.originfacts.com/airlines/naryan-mar-airlines","","",""
"error","500","airline","3","500","https://www.originfacts.com/airlines/national-airlines","","",""
"error","500","airline","3","500","https://www.originfacts.com/airlines/nauru-airlines","","",""
"error","500","airline","3","500","https://www.originfacts.com/airlines/navios-evolusi-solusindo","","",""
"error","500","airline","3","500","https://www.originfacts.com/airlines/navitaire","","",""
"error","500","airline","3","500","https://www.originfacts.com/airlines/neos","","",""
"error","500","airline","3","500","https://www.originfacts.com/airlines/nepal-airlines","","",""
"error","500","airline","3","500","https://www.originfacts.com/airlines/nesma-airlines","","",""
"error","500","airline","3","500","https://www.originfacts.com/airlines/new-pacific-airlines","","",""
"error","500","airline","3","500","https://www.originfacts.com/airlines/nexus-airlines","","",""
"error","500","airline","3","500","https://www.originfacts.com/airlines/niger-airlines","","",""
"error","500","airline","3","500","https://www.originfacts.com/airlines/niki","","",""
"error","500","airline","3","500","https://www.originfacts.com/airlines/nile-air","","",""
"error","500","airline","3","500","https://www.originfacts.com/airlines/ningxia-cargo-airlines-coltd","","",""
"error","500","airline","3","500","https://www.originfacts.com/airlines/nippon-cargo-airlines","","",""
"error","500","airline","3","500","https://www.originfacts.com/airlines/nok-air","","",""
"error","500","airline","3","500","https://www.originfacts.com/airlines/nokscoot","","",""
"error","500","airline","3","500","https://www.originfacts.com/airlines/nolinor-aviation","","",""
"error","500","airline","3","500","https://www.originfacts.com/airlines/nomad-aviation","","",""
"error","500","airline","3","500","https://www.originfacts.com/airlines/nomad-aviation-pty-ltd","","",""
"error","500","airline","3","500","https://www.originfacts.com/airlines/nordstar","","",""
"error","500","airline","3","500","https://www.originfacts.com/airlines/nordwind-airlines","","",""
"error","500","airline","3","500","https://www.originfacts.com/airlines/norra","","",""
"error","500","airline","3","500","https://www.originfacts.com/airlines/norse-atlantic-airways","","",""
"error","500","airline","3","500","https://www.originfacts.com/airlines/norse-atlantic-uk","","",""
"error","500","airline","3","500","https://www.originfacts.com/airlines/north-flying","","",""
"error","500","airline","3","500","https://www.originfacts.com/airlines/north-wright-airways","","",""
"error","500","airline","3","500","https://www.originfacts.com/airlines/northern-air-cargo","","",""
"error","500","airline","3","500","https://www.originfacts.com/airlines/northwest","","",""
"error","500","airline","3","500","https://www.originfacts.com/airlines/northwest-airlines","","",""
"error","500","airline","3","500","https://www.originfacts.com/airlines/northwestern-air","","",""
"error","500","airline","3","500","https://www.originfacts.com/airlines/norwegian-air-shuttle","","",""
"error","500","airline","3","500","https://www.originfacts.com/airlines/norwegian-air-sweden","","",""
"error","500","airline","3","500","https://www.originfacts.com/airlines/norwegian-long-haul","","",""
"error","500","airline","3","500","https://www.originfacts.com/airlines/nouvelair","","",""
"error","500","airline","3","500","https://www.originfacts.com/airlines/nova-airlines","","",""
"error","500","airline","3","500","https://www.originfacts.com/airlines/novair","","",""
"error","500","airline","3","500","https://www.originfacts.com/airlines/novoair","","",""
"error","500","airline","3","500","https://www.originfacts.com/airlines/nyxair","","",""
"error","500","airline","3","500","https://www.originfacts.com/airlines/okay-airways","","",""
"error","500","airline","3","500","https://www.originfacts.com/airlines/olympic-air","","",""
"error","500","airline","3","500","https://www.originfacts.com/airlines/oman-air","","",""
"error","500","airline","3","500","https://www.originfacts.com/airlines/omni-air-international","","",""
"error","500","airline","3","500","https://www.originfacts.com/airlines/oneclick","","",""
"error","500","airline","3","500","https://www.originfacts.com/airlines/onejet","","",""
"error","500","airline","3","500","https://www.originfacts.com/airlines/onur-air","","",""
"error","500","airline","3","500","https://www.originfacts.com/airlines/orient-thai-airlines","","",""
"error","500","airline","3","500","https://www.originfacts.com/airlines/oriental-air-bridge","","",""
"error","500","airline","3","500","https://www.originfacts.com/airlines/pacific-airlines","","",""
"error","500","airline","3","500","https://www.originfacts.com/airlines/pacific-coastal-airlines","","",""
"error","500","airline","3","500","https://www.originfacts.com/airlines/pal-airlines","","",""
"error","500","airline","3","500","https://www.originfacts.com/airlines/pal-express","","",""
"error","500","airline","3","500","https://www.originfacts.com/airlines/panama-airways","","",""
"error","500","airline","3","500","https://www.originfacts.com/airlines/panorama-airways","","",""
"error","500","airline","3","500","https://www.originfacts.com/airlines/papillon-airways","","",""
"error","500","airline","3","500","https://www.originfacts.com/airlines/paranair","","",""
"error","500","airline","3","500","https://www.originfacts.com/airlines/pascan-aviation","","",""
"error","500","airline","3","500","https://www.originfacts.com/airlines/passionair","","",""
"error","500","airline","3","500","https://www.originfacts.com/airlines/pattaya-airways","","",""
"error","500","airline","3","500","https://www.originfacts.com/airlines/pawa-dominicana","","",""
"error","500","airline","3","500","https://www.originfacts.com/airlines/peach","","",""
"error","500","airline","3","500","https://www.originfacts.com/airlines/pegasus-airlines","","",""
"error","500","airline","3","500","https://www.originfacts.com/airlines/pelita-air","","",""
"error","500","airline","3","500","https://www.originfacts.com/airlines/peoples","","",""
"error","500","airline","3","500","https://www.originfacts.com/airlines/petroleum-air-services","","",""
"error","500","airline","3","500","https://www.originfacts.com/airlines/philippine-airlines","","",""
"error","500","airline","3","500","https://www.originfacts.com/airlines/philippines-airasia","","",""
"error","500","airline","3","500","https://www.originfacts.com/airlines/phoenix-air","","",""
"error","500","airline","3","500","https://www.originfacts.com/airlines/pia","","",""
"error","500","airline","3","500","https://www.originfacts.com/airlines/piedmont-airlines","","",""
"error","500","airline","3","500","https://www.originfacts.com/airlines/play","","",""
"error","500","airline","3","500","https://www.originfacts.com/airlines/pm-air-llc","","",""
"error","500","airline","3","500","https://www.originfacts.com/airlines/png-air","","",""
"error","500","airline","3","500","https://www.originfacts.com/airlines/pobeda","","",""
"error","500","airline","3","500","https://www.originfacts.com/airlines/polar-air-cargo-worldwide-inc","","",""
"error","500","airline","3","500","https://www.originfacts.com/airlines/polar-airlines","","",""
"error","500","airline","3","500","https://www.originfacts.com/airlines/populair","","",""
"error","500","airline","3","500","https://www.originfacts.com/airlines/porter-airlines","","",""
"error","500","airline","3","500","https://www.originfacts.com/airlines/porter-airlines-canada","","",""
"error","500","airline","3","500","https://www.originfacts.com/airlines/portugalia-airlines","","",""
"error","500","airline","3","500","https://www.originfacts.com/airlines/precision-air","","",""
"error","500","airline","3","500","https://www.originfacts.com/airlines/premier-trans-aire-inc","","",""
"error","500","airline","3","500","https://www.originfacts.com/airlines/premium-jet-ag","","",""
"error","500","airline","3","500","https://www.originfacts.com/airlines/primera-air","","",""
"error","500","airline","3","500","https://www.originfacts.com/airlines/proflight-zambia","","",""
"error","500","airline","3","500","https://www.originfacts.com/airlines/pt-my-indo-airlines","","",""
"error","500","airline","3","500","https://www.originfacts.com/airlines/punta-europa","","",""
"error","500","airline","3","500","https://www.originfacts.com/airlines/qanot-sharq","","",""
"error","500","airline","3","500","https://www.originfacts.com/airlines/qantas","","",""
"error","500","airline","3","500","https://www.originfacts.com/airlines/qatar-airways","","",""
"error","500","airline","3","500","https://www.originfacts.com/airlines/qazaq-air","","",""
"error","500","airline","3","500","https://www.originfacts.com/airlines/qeshm-air","","",""
"error","500","airline","3","500","https://www.originfacts.com/airlines/qingdao-airlines","","",""
"error","500","airline","3","500","https://www.originfacts.com/airlines/quikjet-cargo-airlines-pvt-ltd","","",""
"error","500","airline","3","500","https://www.originfacts.com/airlines/radixx-solutions-international-inc","","",""
"error","500","airline","3","500","https://www.originfacts.com/airlines/rano-air","","",""
"error","500","airline","3","500","https://www.originfacts.com/airlines/raya-airways-sdn-bhddba-raya-airways","","",""
"error","500","airline","3","500","https://www.originfacts.com/airlines/red-sea-airlines","","",""
"error","500","airline","3","500","https://www.originfacts.com/airlines/red-wings","","",""
"error","500","airline","3","500","https://www.originfacts.com/airlines/regional-air","","",""
"error","500","airline","3","500","https://www.originfacts.com/airlines/regional-jet-ou","","",""
"error","500","airline","3","500","https://www.originfacts.com/airlines/regional-sky","","",""
"error","500","airline","3","500","https://www.originfacts.com/airlines/renegade-air","","",""
"error","500","airline","3","500","https://www.originfacts.com/airlines/republic-airways","","",""
"error","500","airline","3","500","https://www.originfacts.com/airlines/rex-regional-express","","",""
"error","500","airline","3","500","https://www.originfacts.com/airlines/rise-air","","",""
"error","500","airline","3","500","https://www.originfacts.com/airlines/riyadh-air","","",""
"error","500","airline","3","500","https://www.originfacts.com/airlines/rossiya-airlines","","",""
"error","500","airline","3","500","https://www.originfacts.com/airlines/rotana-jet","","",""
"error","500","airline","3","500","https://www.originfacts.com/airlines/royal-air-maroc","","",""
"error","500","airline","3","500","https://www.originfacts.com/airlines/royal-air-philippines","","",""
"error","500","airline","3","500","https://www.originfacts.com/airlines/royal-brunei-airlines","","",""
"error","500","airline","3","500","https://www.originfacts.com/airlines/royal-flight","","",""
"error","500","airline","3","500","https://www.originfacts.com/airlines/royal-jordanian","","",""
"error","500","airline","3","500","https://www.originfacts.com/airlines/ruili-airlines","","",""
"error","500","airline","3","500","https://www.originfacts.com/airlines/rusline","","",""
"error","500","airline","3","500","https://www.originfacts.com/airlines/rutaca-airlines","","",""
"error","500","airline","3","500","https://www.originfacts.com/airlines/rwandair","","",""
"error","500","airline","3","500","https://www.originfacts.com/airlines/ryanair","","",""
"error","500","airline","3","500","https://www.originfacts.com/airlines/ryanair-uk","","",""
"error","500","airline","3","500","https://www.originfacts.com/airlines/s7-airlines","","",""
"error","500","airline","3","500","https://www.originfacts.com/airlines/sabre-inc","","",""
"error","500","airline","3","500","https://www.originfacts.com/airlines/safarilink-aviation","","",""
"error","500","airline","3","500","https://www.originfacts.com/airlines/safi-airways","","",""
"error","500","airline","3","500","https://www.originfacts.com/airlines/salamair","","",""
"error","500","airline","3","500","https://www.originfacts.com/airlines/samoa-airways","","",""
"error","500","airline","3","500","https://www.originfacts.com/airlines/sansa","","",""
"error","500","airline","3","500","https://www.originfacts.com/airlines/sapsan","","",""
"error","500","airline","3","500","https://www.originfacts.com/airlines/sas-scandinavian","","",""
"error","500","airline","3","500","https://www.originfacts.com/airlines/sata","","",""
"error","500","airline","3","500","https://www.originfacts.com/airlines/sata-air-acores","","",""
"error","500","airline","3","500","https://www.originfacts.com/airlines/satco","","",""
"error","500","airline","3","500","https://www.originfacts.com/airlines/saudia","","",""
"error","500","airline","3","500","https://www.originfacts.com/airlines/scat","","",""
"error","500","airline","3","500","https://www.originfacts.com/airlines/scoot","","",""
"error","500","airline","3","500","https://www.originfacts.com/airlines/seaborne-airlines","","",""
"error","500","airline","3","500","https://www.originfacts.com/airlines/seair-international","","",""
"error","500","airline","3","500","https://www.originfacts.com/airlines/seaport-airlines","","",""
"error","500","airline","3","500","https://www.originfacts.com/airlines/sepehran-airlines","","",""
"error","500","airline","3","500","https://www.originfacts.com/airlines/serene-air","","",""
"error","500","airline","3","500","https://www.originfacts.com/airlines/serve-air","","",""
"error","500","airline","3","500","https://www.originfacts.com/airlines/severstal-air-company","","",""
"error","500","airline","3","500","https://www.originfacts.com/airlines/sf-airlines-company-ltd","","",""
"error","500","airline","3","500","https://www.originfacts.com/airlines/shaheen-air","","",""
"error","500","airline","3","500","https://www.originfacts.com/airlines/shandong-airlines","","",""
"error","500","airline","3","500","https://www.originfacts.com/airlines/shanghai-airlines","","",""
"error","500","airline","3","500","https://www.originfacts.com/airlines/sharp-airlines","","",""
"error","500","airline","3","500","https://www.originfacts.com/airlines/shenzhen-airlines","","",""
"error","500","airline","3","500","https://www.originfacts.com/airlines/shirak-avia","","",""
"error","500","airline","3","500","https://www.originfacts.com/airlines/shree-airlines","","",""
"error","500","airline","3","500","https://www.originfacts.com/airlines/shun-tak-china-travel-ship","","",""
"error","500","airline","3","500","https://www.originfacts.com/airlines/sichuan-airlines","","",""
"error","500","airline","3","500","https://www.originfacts.com/airlines/sila","","",""
"error","500","airline","3","500","https://www.originfacts.com/airlines/silk-avia","","",""
"error","500","airline","3","500","https://www.originfacts.com/airlines/silk-way-west-airlines","","",""
"error","500","airline","3","500","https://www.originfacts.com/airlines/silkair","","",""
"error","500","airline","3","500","https://www.originfacts.com/airlines/silver-air","","",""
"error","500","airline","3","500","https://www.originfacts.com/airlines/silver-airways","","",""
"error","500","airline","3","500","https://www.originfacts.com/airlines/singapore-airlines","","",""
"error","500","airline","3","500","https://www.originfacts.com/airlines/sita-airlines-worldwidetelecommunications-and-information-sv","","",""
"error","500","airline","3","500","https://www.originfacts.com/airlines/skippers-aviation","","",""
"error","500","airline","3","500","https://www.originfacts.com/airlines/skol","","",""
"error","500","airline","3","500","https://www.originfacts.com/airlines/sks-airways","","",""
"error","500","airline","3","500","https://www.originfacts.com/airlines/sky-airline","","",""
"error","500","airline","3","500","https://www.originfacts.com/airlines/sky-airline-peru","","",""
"error","500","airline","3","500","https://www.originfacts.com/airlines/sky-airlines","","",""
"error","500","airline","3","500","https://www.originfacts.com/airlines/sky-angkor-airlines","","",""
"error","500","airline","3","500","https://www.originfacts.com/airlines/sky-express-greece","","",""
"error","500","airline","3","500","https://www.originfacts.com/airlines/sky-fru","","",""
"error","500","airline","3","500","https://www.originfacts.com/airlines/sky-gates-airlines","","",""
"error","500","airline","3","500","https://www.originfacts.com/airlines/sky-high","","",""
"error","500","airline","3","500","https://www.originfacts.com/airlines/sky-lease-i-inc","","",""
"error","500","airline","3","500","https://www.originfacts.com/airlines/sky-mali","","",""
"error","500","airline","3","500","https://www.originfacts.com/airlines/sky-vision-airlines","","",""
"error","500","airline","3","500","https://www.originfacts.com/airlines/sky-wings-airlines","","",""
"error","500","airline","3","500","https://www.originfacts.com/airlines/skyalps","","",""
"error","500","airline","3","500","https://www.originfacts.com/airlines/skybahamas","","",""
"error","500","airline","3","500","https://www.originfacts.com/airlines/skyjet-airlines","","",""
"error","500","airline","3","500","https://www.originfacts.com/airlines/skyline-express-airline","","",""
"error","500","airline","3","500","https://www.originfacts.com/airlines/skymark-airlines","","",""
"error","500","airline","3","500","https://www.originfacts.com/airlines/skytaxi","","",""
"error","500","airline","3","500","https://www.originfacts.com/airlines/skytrans-australia","","",""
"error","500","airline","3","500","https://www.originfacts.com/airlines/skyup-airlines","","",""
"error","500","airline","3","500","https://www.originfacts.com/airlines/skyup-mt","","",""
"error","500","airline","3","500","https://www.originfacts.com/airlines/skyward-airlines","","",""
"error","500","airline","3","500","https://www.originfacts.com/airlines/skywest-airlines","","",""
"error","500","airline","3","500","https://www.originfacts.com/airlines/skywork-airlines","","",""
"error","500","airline","3","500","https://www.originfacts.com/airlines/small-planet-airlines-poland","","",""
"error","500","airline","3","500","https://www.originfacts.com/airlines/smartavia","","",""
"error","500","airline","3","500","https://www.originfacts.com/airlines/smartlynx-airlines-estonia","","",""
"error","500","airline","3","500","https://www.originfacts.com/airlines/smartlynx-malta","","",""
"error","500","airline","3","500","https://www.originfacts.com/airlines/smartwings-czechia","","",""
"error","500","airline","3","500","https://www.originfacts.com/airlines/smartwings-hungary","","",""
"error","500","airline","3","500","https://www.originfacts.com/airlines/smartwings-poland","","",""
"error","500","airline","3","500","https://www.originfacts.com/airlines/smokey-bay-air-inc","","",""
"error","500","airline","3","500","https://www.originfacts.com/airlines/sncf","","",""
"error","500","airline","3","500","https://www.originfacts.com/airlines/solaseed-air","","",""
"error","500","airline","3","500","https://www.originfacts.com/airlines/solomon-airlines","","",""
"error","500","airline","3","500","https://www.originfacts.com/airlines/somon-air","","",""
"error","500","airline","3","500","https://www.originfacts.com/airlines/sounds-air","","",""
"error","500","airline","3","500","https://www.originfacts.com/airlines/south-african-airways","","",""
"error","500","airline","3","500","https://www.originfacts.com/airlines/southern-air","","",""
"error","500","airline","3","500","https://www.originfacts.com/airlines/southern-air-charter","","",""
"error","500","airline","3","500","https://www.originfacts.com/airlines/southern-airways-express","","",""
"error","500","airline","3","500","https://www.originfacts.com/airlines/southern-sky-airlines","","",""
"error","500","airline","3","500","https://www.originfacts.com/airlines/southwest-airlines","","",""
"error","500","airline","3","500","https://www.originfacts.com/airlines/southwind-airlines","","",""
"error","500","airline","3","500","https://www.originfacts.com/airlines/special-ground-handling-service-xh","","",""
"error","500","airline","3","500","https://www.originfacts.com/airlines/spicejet","","",""
"error","500","airline","3","500","https://www.originfacts.com/airlines/spirit-airlines","","",""
"error","500","airline","3","500","https://www.originfacts.com/airlines/spring-airlines","","",""
"error","500","airline","3","500","https://www.originfacts.com/airlines/spring-japan","","",""
"error","500","airline","3","500","https://www.originfacts.com/airlines/springjet","","",""
"error","500","airline","3","500","https://www.originfacts.com/airlines/srilankan-airlines","","",""
"error","500","airline","3","500","https://www.originfacts.com/airlines/sriwijaya-air","","",""
"error","500","airline","3","500","https://www.originfacts.com/airlines/st-barth-commuter","","",""
"error","500","airline","3","500","https://www.originfacts.com/airlines/stabo-air-limited","","",""
"error","500","airline","3","500","https://www.originfacts.com/airlines/star-air","","",""
"error","500","airline","3","500","https://www.originfacts.com/airlines/star-peru","","",""
"error","500","airline","3","500","https://www.originfacts.com/airlines/starbow","","",""
"error","500","airline","3","500","https://www.originfacts.com/airlines/starflyer","","",""
"error","500","airline","3","500","https://www.originfacts.com/airlines/starlux-airlines","","",""
"error","500","airline","3","500","https://www.originfacts.com/airlines/stp-airways","","",""
"error","500","airline","3","500","https://www.originfacts.com/airlines/sudan-airways","","",""
"error","500","airline","3","500","https://www.originfacts.com/airlines/sun-air","","",""
"error","500","airline","3","500","https://www.originfacts.com/airlines/sun-air-express","","",""
"error","500","airline","3","500","https://www.originfacts.com/airlines/sun-country-airlines","","",""
"error","500","airline","3","500","https://www.originfacts.com/airlines/sun-phuquoc-airways","","",""
"error","500","airline","3","500","https://www.originfacts.com/airlines/sunclass-airlines","","",""
"error","500","airline","3","500","https://www.originfacts.com/airlines/sundair","","",""
"error","500","airline","3","500","https://www.originfacts.com/airlines/sunday-airlines","","",""
"error","500","airline","3","500","https://www.originfacts.com/airlines/sunexpress","","",""
"error","500","airline","3","500","https://www.originfacts.com/airlines/sunexpress-deutschland","","",""
"error","500","airline","3","500","https://www.originfacts.com/airlines/sunlight-air","","",""
"error","500","airline","3","500","https://www.originfacts.com/airlines/sunrise-airways","","",""
"error","500","airline","3","500","https://www.originfacts.com/airlines/sunrise-dominicana","","",""
"error","500","airline","3","500","https://www.originfacts.com/airlines/sunsplash-aviation-llc","","",""
"error","500","airline","3","500","https://www.originfacts.com/airlines/sunwing-airlines","","",""
"error","500","airline","3","500","https://www.originfacts.com/airlines/suparna-airlines","","",""
"error","500","airline","3","500","https://www.originfacts.com/airlines/super-air-jet","","",""
"error","500","airline","3","500","https://www.originfacts.com/airlines/surinam-airways","","",""
"error","500","airline","3","500","https://www.originfacts.com/airlines/swiftair","","",""
"error","500","airline","3","500","https://www.originfacts.com/airlines/swiss","","",""
"error","500","airline","3","500","https://www.originfacts.com/airlines/swoop","","",""
"error","500","airline","3","500","https://www.originfacts.com/airlines/sylt-air-gmbh","","",""
"error","500","airline","3","500","https://www.originfacts.com/airlines/syrianair","","",""
"error","500","airline","3","500","https://www.originfacts.com/airlines/taag-angola","","",""
"error","500","airline","3","500","https://www.originfacts.com/airlines/tab-transportes-aereos-bolivianos","","",""
"error","500","airline","3","500","https://www.originfacts.com/airlines/tag-airlines","","",""
"error","500","airline","3","500","https://www.originfacts.com/airlines/tailwind-airlines","","",""
"error","500","airline","3","500","https://www.originfacts.com/airlines/tajik-air","","",""
"error","500","airline","3","500","https://www.originfacts.com/airlines/tame","","",""
"error","500","airline","3","500","https://www.originfacts.com/airlines/tampa-cargo","","",""
"error","500","airline","3","500","https://www.originfacts.com/airlines/tandem-aero","","",""
"error","500","airline","3","500","https://www.originfacts.com/airlines/tap-air-portugal","","",""
"error","500","airline","3","500","https://www.originfacts.com/airlines/taquan-air","","",""
"error","500","airline","3","500","https://www.originfacts.com/airlines/tar-aerolineas","","",""
"error","500","airline","3","500","https://www.originfacts.com/airlines/tarco-aviation","","",""
"error","500","airline","3","500","https://www.originfacts.com/airlines/tarom","","",""
"error","500","airline","3","500","https://www.originfacts.com/airlines/tashkent-air","","",""
"error","500","airline","3","500","https://www.originfacts.com/airlines/tassili-airlines","","",""
"error","500","airline","3","500","https://www.originfacts.com/airlines/tatarstan-airlines","","",""
"error","500","airline","3","500","https://www.originfacts.com/airlines/tayaran-jet","","",""
"error","500","airline","3","500","https://www.originfacts.com/airlines/tbilisi-airways","","",""
"error","500","airline","3","500","https://www.originfacts.com/airlines/terra-avia","","",""
"error","500","airline","3","500","https://www.originfacts.com/airlines/texel-air-ltd","","",""
"error","500","airline","3","500","https://www.originfacts.com/airlines/tezjet","","",""
"error","500","airline","3","500","https://www.originfacts.com/airlines/thai-airasia","","",""
"error","500","airline","3","500","https://www.originfacts.com/airlines/thai-airasia-x","","",""
"error","500","airline","3","500","https://www.originfacts.com/airlines/thai-airways","","",""
"error","500","airline","3","500","https://www.originfacts.com/airlines/thai-lion-air","","",""
"error","500","airline","3","500","https://www.originfacts.com/airlines/thai-smile","","",""
"error","500","airline","3","500","https://www.originfacts.com/airlines/thai-vietjet-air","","",""
"error","500","airline","3","500","https://www.originfacts.com/airlines/the-landline-company","","",""
"error","500","airline","3","500","https://www.originfacts.com/airlines/thomas-cook-airlines","","",""
"error","500","airline","3","500","https://www.originfacts.com/airlines/thomas-cook-airlines-belgium","","",""
"error","500","airline","3","500","https://www.originfacts.com/airlines/tianjin-airlines","","",""
"error","500","airline","3","500","https://www.originfacts.com/airlines/tibet-airlines","","",""
"error","500","airline","3","500","https://www.originfacts.com/airlines/tigerair-mandala","","",""
"error","500","airline","3","500","https://www.originfacts.com/airlines/tigerair-taiwan","","",""
"error","500","airline","3","500","https://www.originfacts.com/airlines/tik-systems","","",""
"error","500","airline","3","500","https://www.originfacts.com/airlines/titan-airways-limited","","",""
"error","500","airline","3","500","https://www.originfacts.com/airlines/toki-air","","",""
"error","500","airline","3","500","https://www.originfacts.com/airlines/total-linhas-aereas","","",""
"error","500","airline","3","500","https://www.originfacts.com/airlines/trade-air","","",""
"error","500","airline","3","500","https://www.originfacts.com/airlines/tradewind-aviation","","",""
"error","500","airline","3","500","https://www.originfacts.com/airlines/trans-air-congo","","",""
"error","500","airline","3","500","https://www.originfacts.com/airlines/transair-senegal","","",""
"error","500","airline","3","500","https://www.originfacts.com/airlines/transavia","","",""
"error","500","airline","3","500","https://www.originfacts.com/airlines/transavia-france","","",""
"error","500","airline","3","500","https://www.originfacts.com/airlines/transnusa","","",""
"error","500","airline","3","500","https://www.originfacts.com/airlines/travel-service-slovensko","","",""
"error","500","airline","3","500","https://www.originfacts.com/airlines/travel-technology-interactive-sa","","",""
"error","500","airline","3","500","https://www.originfacts.com/airlines/travelsky-technology-limited","","",""
"error","500","airline","3","500","https://www.originfacts.com/airlines/trenitalia","","",""
"error","500","airline","3","500","https://www.originfacts.com/airlines/trigana-air-service","","",""
"error","500","airline","3","500","https://www.originfacts.com/airlines/trip-linhas-aereas","","",""
"error","500","airline","3","500","https://www.originfacts.com/airlines/tropic-air","","",""
"error","500","airline","3","500","https://www.originfacts.com/airlines/tui-airways","","",""
"error","500","airline","3","500","https://www.originfacts.com/airlines/tui-fly-deutschland","","",""
"error","500","airline","3","500","https://www.originfacts.com/airlines/tuifly-netherlands","","",""
"error","500","airline","3","500","https://www.originfacts.com/airlines/tuifly-nordis","","",""
"error","500","airline","3","500","https://www.originfacts.com/airlines/tunisair","","",""
"error","500","airline","3","500","https://www.originfacts.com/airlines/tunisair-express","","",""
"error","500","airline","3","500","https://www.originfacts.com/airlines/turkish-airlines","","",""
"error","500","airline","3","500","https://www.originfacts.com/airlines/turkmenistan-airlines","","",""
"error","500","airline","3","500","https://www.originfacts.com/airlines/tus-airways","","",""
"error","500","airline","3","500","https://www.originfacts.com/airlines/tway-air","","",""
"error","500","airline","3","500","https://www.originfacts.com/airlines/twin-jet","","",""
"error","500","airline","3","500","https://www.originfacts.com/airlines/ubm-aviation-oag","","",""
"error","500","airline","3","500","https://www.originfacts.com/airlines/uganda-airlines","","",""
"error","500","airline","3","500","https://www.originfacts.com/airlines/uia","","",""
"error","500","airline","3","500","https://www.originfacts.com/airlines/uls-airlines-cargo","","",""
"error","500","airline","3","500","https://www.originfacts.com/airlines/ultimate-jetcharters","","",""
"error","500","airline","3","500","https://www.originfacts.com/airlines/umza-air","","",""
"error","500","airline","3","500","https://www.originfacts.com/airlines/uni-air","","",""
"error","500","airline","3","500","https://www.originfacts.com/airlines/uni-top-airlines","","",""
"error","500","airline","3","500","https://www.originfacts.com/airlines/united-airlines","","",""
"error","500","airline","3","500","https://www.originfacts.com/airlines/united-nigeria-airlines","","",""
"error","500","airline","3","500","https://www.originfacts.com/airlines/universal-air","","",""
"error","500","airline","3","500","https://www.originfacts.com/airlines/up-israel","","",""
"error","500","airline","3","500","https://www.originfacts.com/airlines/ups","","",""
"error","500","airline","3","500","https://www.originfacts.com/airlines/ur-airlines","","",""
"error","500","airline","3","500","https://www.originfacts.com/airlines/ural-airlines","","",""
"error","500","airline","3","500","https://www.originfacts.com/airlines/urumqi-air","","",""
"error","500","airline","3","500","https://www.originfacts.com/airlines/us-bangla-airlines","","",""
"error","500","airline","3","500","https://www.originfacts.com/airlines/utair","","",""
"error","500","airline","3","500","https://www.originfacts.com/airlines/uvt-aero","","",""
"error","500","airline","3","500","https://www.originfacts.com/airlines/uzbekistan-airways","","",""
"error","500","airline","3","500","https://www.originfacts.com/airlines/uzbekistan-express","","",""
"error","500","airline","3","500","https://www.originfacts.com/airlines/valuejet","","",""
"error","500","airline","3","500","https://www.originfacts.com/airlines/vanilla-air","","",""
"error","500","airline","3","500","https://www.originfacts.com/airlines/videcom-international-limited","","",""
"error","500","airline","3","500","https://www.originfacts.com/airlines/vieques-air-link","","",""
"error","500","airline","3","500","https://www.originfacts.com/airlines/vietjet","","",""
"error","500","airline","3","500","https://www.originfacts.com/airlines/vietnam-airlines","","",""
"error","500","airline","3","500","https://www.originfacts.com/airlines/vietravel-airlines","","",""
"error","500","airline","3","500","https://www.originfacts.com/airlines/villa-air","","",""
"error","500","airline","3","500","https://www.originfacts.com/airlines/vim-airlines","","",""
"error","500","airline","3","500","https://www.originfacts.com/airlines/virgin-america","","",""
"error","500","airline","3","500","https://www.originfacts.com/airlines/virgin-atlantic","","",""
"error","500","airline","3","500","https://www.originfacts.com/airlines/virgin-australia","","",""
"error","500","airline","3","500","https://www.originfacts.com/airlines/vision-air-moldova","","",""
"error","500","airline","3","500","https://www.originfacts.com/airlines/vistara","","",""
"error","500","airline","3","500","https://www.originfacts.com/airlines/viva-aerobus","","",""
"error","500","airline","3","500","https://www.originfacts.com/airlines/viva-air-colombia","","",""
"error","500","airline","3","500","https://www.originfacts.com/airlines/vladivostok-air","","",""
"error","500","airline","3","500","https://www.originfacts.com/airlines/vlm-airlines","","",""
"error","500","airline","3","500","https://www.originfacts.com/airlines/voepass-linhas-aereas","","",""
"error","500","airline","3","500","https://www.originfacts.com/airlines/volaris","","",""
"error","500","airline","3","500","https://www.originfacts.com/airlines/volaris-costa-rica","","",""
"error","500","airline","3","500","https://www.originfacts.com/airlines/volaris-el-salvador","","",""
"error","500","airline","3","500","https://www.originfacts.com/airlines/volga-dnepr-airlines","","",""
"error","500","airline","3","500","https://www.originfacts.com/airlines/volo","","",""
"error","500","airline","3","500","https://www.originfacts.com/airlines/volotea","","",""
"error","500","airline","3","500","https://www.originfacts.com/airlines/vueling","","",""
"error","500","airline","3","500","https://www.originfacts.com/airlines/wamos-air","","",""
"error","500","airline","3","500","https://www.originfacts.com/airlines/warbelows-air","","",""
"error","500","airline","3","500","https://www.originfacts.com/airlines/webjet-linhas-aereas","","",""
"error","500","airline","3","500","https://www.originfacts.com/airlines/west-air","","",""
"error","500","airline","3","500","https://www.originfacts.com/airlines/west-link-airlines","","",""
"error","500","airline","3","500","https://www.originfacts.com/airlines/western-air","","",""
"error","500","airline","3","500","https://www.originfacts.com/airlines/westjet","","",""
"error","500","airline","3","500","https://www.originfacts.com/airlines/westjet-encore","","",""
"error","500","airline","3","500","https://www.originfacts.com/airlines/white-airways","","",""
"error","500","airline","3","500","https://www.originfacts.com/airlines/wideroe","","",""
"error","500","airline","3","500","https://www.originfacts.com/airlines/winair","","",""
"error","500","airline","3","500","https://www.originfacts.com/airlines/windrose-airlines","","",""
"error","500","airline","3","500","https://www.originfacts.com/airlines/wingo","","",""
"error","500","airline","3","500","https://www.originfacts.com/airlines/wings-air","","",""
"error","500","airline","3","500","https://www.originfacts.com/airlines/wings-of-lebanon","","",""
"error","500","airline","3","500","https://www.originfacts.com/airlines/wizz-air","","",""
"error","500","airline","3","500","https://www.originfacts.com/airlines/wizz-air-abu-dhabi","","",""
"error","500","airline","3","500","https://www.originfacts.com/airlines/wizz-air-malta","","",""
"error","500","airline","3","500","https://www.originfacts.com/airlines/wizz-air-uk","","",""
"error","500","airline","3","500","https://www.originfacts.com/airlines/world-atlantic-airlines","","",""
"error","500","airline","3","500","https://www.originfacts.com/airlines/world-ticket-ltd","","",""
"error","500","airline","3","500","https://www.originfacts.com/airlines/world2fly","","",""
"error","500","airline","3","500","https://www.originfacts.com/airlines/world2fly-portugal","","",""
"error","500","airline","3","500","https://www.originfacts.com/airlines/worldspan","","",""
"error","500","airline","3","500","https://www.originfacts.com/airlines/wow-air","","",""
"error","500","airline","3","500","https://www.originfacts.com/airlines/wright-air-service","","",""
"error","500","airline","3","500","https://www.originfacts.com/airlines/xejet","","",""
"error","500","airline","3","500","https://www.originfacts.com/airlines/xiamen-airlines","","",""
"error","500","airline","3","500","https://www.originfacts.com/airlines/xpressair","","",""
"error","500","airline","3","500","https://www.originfacts.com/airlines/yakutia-airlines","","",""
"error","500","airline","3","500","https://www.originfacts.com/airlines/yamal-airlines","","",""
"error","500","airline","3","500","https://www.originfacts.com/airlines/yanair","","",""
"error","500","airline","3","500","https://www.originfacts.com/airlines/yemenia","","",""
"error","500","airline","3","500","https://www.originfacts.com/airlines/yeti-airlines","","",""
"error","500","airline","3","500","https://www.originfacts.com/airlines/yto-cargo-airlines","","",""
"error","500","airline","3","500","https://www.originfacts.com/airlines/zagros-airlines","","",""
"error","500","airline","3","500","https://www.originfacts.com/airlines/zambezi-airlines","","",""
"error","500","airline","3","500","https://www.originfacts.com/airlines/zambia-airways","","",""
"error","500","airline","3","500","https://www.originfacts.com/airlines/zapways-inc","","",""
"error","500","airline","3","500","https://www.originfacts.com/airlines/zimex-aviation","","",""
"error","500","airline","3","500","https://www.originfacts.com/airlines/zipair","","",""
"error","500","static","3","300","https://www.originfacts.com/airports","","",""
"error","500","airport","3","500","https://www.originfacts.com/airports/aalborg","","",""
"error","500","airport","3","500","https://www.originfacts.com/airports/aalesund","","",""
"error","500","airport","3","500","https://www.originfacts.com/airports/aarhus","","",""
"error","500","airport","3","500","https://www.originfacts.com/airports/aasiaat","","",""
"error","500","airport","3","500","https://www.originfacts.com/airports/abadan","","",""
"error","500","airport","3","500","https://www.originfacts.com/airports/abakan","","",""
"error","500","airport","3","500","https://www.originfacts.com/airports/abbotsford","","",""
"error","500","airport","3","500","https://www.originfacts.com/airports/aberdeen-abr","","",""
"error","500","airport","3","500","https://www.originfacts.com/airports/aberdeen-abz","","",""
"error","500","airport","3","500","https://www.originfacts.com/airports/abha","","",""
"error","500","airport","3","500","https://www.originfacts.com/airports/abidjan","","",""
"error","500","airport","3","500","https://www.originfacts.com/airports/abilene","","",""
"error","500","airport","3","500","https://www.originfacts.com/airports/abu-dhabi","","",""
"error","500","airport","3","500","https://www.originfacts.com/airports/abu-simbel","","",""
"error","500","airport","3","500","https://www.originfacts.com/airports/abuja","","",""
"error","500","airport","3","500","https://www.originfacts.com/airports/abymes","","",""
"error","500","airport","3","500","https://www.originfacts.com/airports/acapulco","","",""
"error","500","airport","3","500","https://www.originfacts.com/airports/accra","","",""
"error","500","airport","3","500","https://www.originfacts.com/airports/adak-island","","",""
"error","500","airport","3","500","https://www.originfacts.com/airports/addis-ababa","","",""
"error","500","airport","3","500","https://www.originfacts.com/airports/adelaide","","",""
"error","500","airport","3","500","https://www.originfacts.com/airports/aden","","",""
"error","500","airport","3","500","https://www.originfacts.com/airports/adiyaman","","",""
"error","500","airport","3","500","https://www.originfacts.com/airports/adler-sochi","","",""
"error","500","airport","3","500","https://www.originfacts.com/airports/adrar","","",""
"error","500","airport","3","500","https://www.originfacts.com/airports/agadir","","",""
"error","500","airport","3","500","https://www.originfacts.com/airports/agartala","","",""
"error","500","airport","3","500","https://www.originfacts.com/airports/agatti-island","","",""
"error","500","airport","3","500","https://www.originfacts.com/airports/agen","","",""
"error","500","airport","3","500","https://www.originfacts.com/airports/agra","","",""
"error","500","airport","3","500","https://www.originfacts.com/airports/agri","","",""
"error","500","airport","3","500","https://www.originfacts.com/airports/aguadilla","","",""
"error","500","airport","3","500","https://www.originfacts.com/airports/aguascalientes","","",""
"error","500","airport","3","500","https://www.originfacts.com/airports/ahe","","",""
"error","500","airport","3","500","https://www.originfacts.com/airports/ahmedabad","","",""
"error","500","airport","3","500","https://www.originfacts.com/airports/ahwaz","","",""
"error","500","airport","3","500","https://www.originfacts.com/airports/aitutaki","","",""
"error","500","airport","3","500","https://www.originfacts.com/airports/aizawl","","",""
"error","500","airport","3","500","https://www.originfacts.com/airports/ajaccio","","",""
"error","500","airport","3","500","https://www.originfacts.com/airports/ajmer","","",""
"error","500","airport","3","500","https://www.originfacts.com/airports/akita","","",""
"error","500","airport","3","500","https://www.originfacts.com/airports/akron","","",""
"error","500","airport","3","500","https://www.originfacts.com/airports/aksu","","",""
"error","500","airport","3","500","https://www.originfacts.com/airports/aktau","","",""
"error","500","airport","3","500","https://www.originfacts.com/airports/aktobe","","",""
"error","500","airport","3","500","https://www.originfacts.com/airports/akure","","",""
"error","500","airport","3","500","https://www.originfacts.com/airports/akureyri","","",""
"error","500","airport","3","500","https://www.originfacts.com/airports/al-ain","","",""
"error","500","airport","3","500","https://www.originfacts.com/airports/al-baha","","",""
"error","500","airport","3","500","https://www.originfacts.com/airports/al-fujairah","","",""
"error","500","airport","3","500","https://www.originfacts.com/airports/al-hoceima","","",""
"error","500","airport","3","500","https://www.originfacts.com/airports/al-najaf","","",""
"error","500","airport","3","500","https://www.originfacts.com/airports/al-ula","","",""
"error","500","airport","3","500","https://www.originfacts.com/airports/ala-marvdasht","","",""
"error","500","airport","3","500","https://www.originfacts.com/airports/alakanuk","","",""
"error","500","airport","3","500","https://www.originfacts.com/airports/alamosa","","",""
"error","500","airport","3","500","https://www.originfacts.com/airports/albacete","","",""
"error","500","airport","3","500","https://www.originfacts.com/airports/albany-aby","","",""
"error","500","airport","3","500","https://www.originfacts.com/airports/albany-alb","","",""
"error","500","airport","3","500","https://www.originfacts.com/airports/albany-alh","","",""
"error","500","airport","3","500","https://www.originfacts.com/airports/albuquerque","","",""
"error","500","airport","3","500","https://www.originfacts.com/airports/albury","","",""
"error","500","airport","3","500","https://www.originfacts.com/airports/alderney","","",""
"error","500","airport","3","500","https://www.originfacts.com/airports/alexandria-aex","","",""
"error","500","airport","3","500","https://www.originfacts.com/airports/alexandria-axl","","",""
"error","500","airport","3","500","https://www.originfacts.com/airports/alexandria-hbe","","",""
"error","500","airport","3","500","https://www.originfacts.com/airports/alexandroupolis","","",""
"error","500","airport","3","500","https://www.originfacts.com/airports/alghero","","",""
"error","500","airport","3","500","https://www.originfacts.com/airports/algiers","","",""
"error","500","airport","3","500","https://www.originfacts.com/airports/alguaire","","",""
"error","500","airport","3","500","https://www.originfacts.com/airports/alicante","","",""
"error","500","airport","3","500","https://www.originfacts.com/airports/alice-springs","","",""
"error","500","airport","3","500","https://www.originfacts.com/airports/allentown","","",""
"error","500","airport","3","500","https://www.originfacts.com/airports/alliance","","",""
"error","500","airport","3","500","https://www.originfacts.com/airports/almaty","","",""
"error","500","airport","3","500","https://www.originfacts.com/airports/almeria","","",""
"error","500","airport","3","500","https://www.originfacts.com/airports/alor-island","","",""
"error","500","airport","3","500","https://www.originfacts.com/airports/alor-setar","","",""
"error","500","airport","3","500","https://www.originfacts.com/airports/alotau","","",""
"error","500","airport","3","500","https://www.originfacts.com/airports/alpena","","",""
"error","500","airport","3","500","https://www.originfacts.com/airports/alta","","",""
"error","500","airport","3","500","https://www.originfacts.com/airports/alta-floresta","","",""
"error","500","airport","3","500","https://www.originfacts.com/airports/altai","","",""
"error","500","airport","3","500","https://www.originfacts.com/airports/altamira","","",""
"error","500","airport","3","500","https://www.originfacts.com/airports/altay","","",""
"error","500","airport","3","500","https://www.originfacts.com/airports/altenrhein","","",""
"error","500","airport","3","500","https://www.originfacts.com/airports/altoona","","",""
"error","500","airport","3","500","https://www.originfacts.com/airports/amami-o-shima","","",""
"error","500","airport","3","500","https://www.originfacts.com/airports/amarillo","","",""
"error","500","airport","3","500","https://www.originfacts.com/airports/ambler","","",""
"error","500","airport","3","500","https://www.originfacts.com/airports/ambon","","",""
"error","500","airport","3","500","https://www.originfacts.com/airports/amboseli","","",""
"error","500","airport","3","500","https://www.originfacts.com/airports/amman-adj","","",""
"error","500","airport","3","500","https://www.originfacts.com/airports/amman-amm","","",""
"error","500","airport","3","500","https://www.originfacts.com/airports/amritsar","","",""
"error","500","airport","3","500","https://www.originfacts.com/airports/amsterdam","","",""
"error","500","airport","3","500","https://www.originfacts.com/airports/an-shun","","",""
"error","500","airport","3","500","https://www.originfacts.com/airports/anaa","","",""
"error","500","airport","3","500","https://www.originfacts.com/airports/anadyr","","",""
"error","500","airport","3","500","https://www.originfacts.com/airports/anahim-lake","","",""
"error","500","airport","3","500","https://www.originfacts.com/airports/anapa","","",""
"error","500","airport","3","500","https://www.originfacts.com/airports/anchorage","","",""
"error","500","airport","3","500","https://www.originfacts.com/airports/ancona","","",""
"error","500","airport","3","500","https://www.originfacts.com/airports/andahuaylas","","",""
"error","500","airport","3","500","https://www.originfacts.com/airports/andenes","","",""
"error","500","airport","3","500","https://www.originfacts.com/airports/andizhan","","",""
"error","500","airport","3","500","https://www.originfacts.com/airports/angelholm-helsingborg","","",""
"error","500","airport","3","500","https://www.originfacts.com/airports/angers","","",""
"error","500","airport","3","500","https://www.originfacts.com/airports/angling-lake","","",""
"error","500","airport","3","500","https://www.originfacts.com/airports/aniak","","",""
"error","500","airport","3","500","https://www.originfacts.com/airports/anjouan","","",""
"error","500","airport","3","500","https://www.originfacts.com/airports/ankang","","",""
"error","500","airport","3","500","https://www.originfacts.com/airports/ankara","","",""
"error","500","airport","3","500","https://www.originfacts.com/airports/ann","","",""
"error","500","airport","3","500","https://www.originfacts.com/airports/annaba","","",""
"error","500","airport","3","500","https://www.originfacts.com/airports/anqing","","",""
"error","500","airport","3","500","https://www.originfacts.com/airports/anshan","","",""
"error","500","airport","3","500","https://www.originfacts.com/airports/anta","","",""
"error","500","airport","3","500","https://www.originfacts.com/airports/antakya","","",""
"error","500","airport","3","500","https://www.originfacts.com/airports/antalya","","",""
"error","500","airport","3","500","https://www.originfacts.com/airports/antananarivo","","",""
"error","500","airport","3","500","https://www.originfacts.com/airports/antigua","","",""
"error","500","airport","3","500","https://www.originfacts.com/airports/antique","","",""
"error","500","airport","3","500","https://www.originfacts.com/airports/antofagasta","","",""
"error","500","airport","3","500","https://www.originfacts.com/airports/antsiranana","","",""
"error","500","airport","3","500","https://www.originfacts.com/airports/antwerp","","",""
"error","500","airport","3","500","https://www.originfacts.com/airports/anvik","","",""
"error","500","airport","3","500","https://www.originfacts.com/airports/aomori","","",""
"error","500","airport","3","500","https://www.originfacts.com/airports/apartado","","",""
"error","500","airport","3","500","https://www.originfacts.com/airports/apia-apw","","",""
"error","500","airport","3","500","https://www.originfacts.com/airports/apia-fgi","","",""
"error","500","airport","3","500","https://www.originfacts.com/airports/appleton","","",""
"error","500","airport","3","500","https://www.originfacts.com/airports/aqaba","","",""
"error","500","airport","3","500","https://www.originfacts.com/airports/aracaju","","",""
"error","500","airport","3","500","https://www.originfacts.com/airports/aracatuba","","",""
"error","500","airport","3","500","https://www.originfacts.com/airports/arad","","",""
"error","500","airport","3","500","https://www.originfacts.com/airports/araguaina","","",""
"error","500","airport","3","500","https://www.originfacts.com/airports/arar","","",""
"error","500","airport","3","500","https://www.originfacts.com/airports/araraquara","","",""
"error","500","airport","3","500","https://www.originfacts.com/airports/arauca","","",""
"error","500","airport","3","500","https://www.originfacts.com/airports/araxa","","",""
"error","500","airport","3","500","https://www.originfacts.com/airports/arba-mintch","","",""
"error","500","airport","3","500","https://www.originfacts.com/airports/arcata","","",""
"error","500","airport","3","500","https://www.originfacts.com/airports/arctic-bay","","",""
"error","500","airport","3","500","https://www.originfacts.com/airports/ardabil","","",""
"error","500","airport","3","500","https://www.originfacts.com/airports/arequipa","","",""
"error","500","airport","3","500","https://www.originfacts.com/airports/arica","","",""
"error","500","airport","3","500","https://www.originfacts.com/airports/aripuana","","",""
"error","500","airport","3","500","https://www.originfacts.com/airports/arkhangelsk-arh","","",""
"error","500","airport","3","500","https://www.originfacts.com/airports/arkhangelsk-vkv","","",""
"error","500","airport","3","500","https://www.originfacts.com/airports/armenia","","",""
"error","500","airport","3","500","https://www.originfacts.com/airports/armidale","","",""
"error","500","airport","3","500","https://www.originfacts.com/airports/arona","","",""
"error","500","airport","3","500","https://www.originfacts.com/airports/aruba","","",""
"error","500","airport","3","500","https://www.originfacts.com/airports/arusha","","",""
"error","500","airport","3","500","https://www.originfacts.com/airports/arutua","","",""
"error","500","airport","3","500","https://www.originfacts.com/airports/arviat","","",""
"error","500","airport","3","500","https://www.originfacts.com/airports/arvidsjaur","","",""
"error","500","airport","3","500","https://www.originfacts.com/airports/arxan","","",""
"error","500","airport","3","500","https://www.originfacts.com/airports/asaba","","",""
"error","500","airport","3","500","https://www.originfacts.com/airports/asahikawa","","",""
"error","500","airport","3","500","https://www.originfacts.com/airports/asheville","","",""
"error","500","airport","3","500","https://www.originfacts.com/airports/ashgabat","","",""
"error","500","airport","3","500","https://www.originfacts.com/airports/asmara","","",""
"error","500","airport","3","500","https://www.originfacts.com/airports/asosa","","",""
"error","500","airport","3","500","https://www.originfacts.com/airports/aspen","","",""
"error","500","airport","3","500","https://www.originfacts.com/airports/assiut","","",""
"error","500","airport","3","500","https://www.originfacts.com/airports/astana","","",""
"error","500","airport","3","500","https://www.originfacts.com/airports/astrakhan","","",""
"error","500","airport","3","500","https://www.originfacts.com/airports/asturias","","",""
"error","500","airport","3","500","https://www.originfacts.com/airports/astypalaia-island","","",""
"error","500","airport","3","500","https://www.originfacts.com/airports/asuncion","","",""
"error","500","airport","3","500","https://www.originfacts.com/airports/aswan","","",""
"error","500","airport","3","500","https://www.originfacts.com/airports/atambua","","",""
"error","500","airport","3","500","https://www.originfacts.com/airports/athens","","",""
"error","500","airport","3","500","https://www.originfacts.com/airports/atlanta-atl","","",""
"error","500","airport","3","500","https://www.originfacts.com/airports/atlanta-pdk","","",""
"error","500","airport","3","500","https://www.originfacts.com/airports/atlantic-city","","",""
"error","500","airport","3","500","https://www.originfacts.com/airports/atmautluak","","",""
"error","500","airport","3","500","https://www.originfacts.com/airports/atqasuk","","",""
"error","500","airport","3","500","https://www.originfacts.com/airports/attawapiskat","","",""
"error","500","airport","3","500","https://www.originfacts.com/airports/atuona","","",""
"error","500","airport","3","500","https://www.originfacts.com/airports/atyrau","","",""
"error","500","airport","3","500","https://www.originfacts.com/airports/auckland","","",""
"error","500","airport","3","500","https://www.originfacts.com/airports/augusta-ags","","",""
"error","500","airport","3","500","https://www.originfacts.com/airports/augusta-aug","","",""
"error","500","airport","3","500","https://www.originfacts.com/airports/aupaluk","","",""
"error","500","airport","3","500","https://www.originfacts.com/airports/aurangabad","","",""
"error","500","airport","3","500","https://www.originfacts.com/airports/aurillac","","",""
"error","500","airport","3","500","https://www.originfacts.com/airports/aurukun-mission","","",""
"error","500","airport","3","500","https://www.originfacts.com/airports/austin","","",""
"error","500","airport","3","500","https://www.originfacts.com/airports/avignon","","",""
"error","500","airport","3","500","https://www.originfacts.com/airports/awassa","","",""
"error","500","airport","3","500","https://www.originfacts.com/airports/axum","","",""
"error","500","airport","3","500","https://www.originfacts.com/airports/ayacucho","","",""
"error","500","airport","3","500","https://www.originfacts.com/airports/ayers-rock","","",""
"error","500","airport","3","500","https://www.originfacts.com/airports/ayodhya","","",""
"error","500","airport","3","500","https://www.originfacts.com/airports/bacau","","",""
"error","500","airport","3","500","https://www.originfacts.com/airports/bacolod","","",""
"error","500","airport","3","500","https://www.originfacts.com/airports/badajoz","","",""
"error","500","airport","3","500","https://www.originfacts.com/airports/badu-island","","",""
"error","500","airport","3","500","https://www.originfacts.com/airports/bafoussam","","",""
"error","500","airport","3","500","https://www.originfacts.com/airports/bagdogra","","",""
"error","500","airport","3","500","https://www.originfacts.com/airports/baghdad","","",""
"error","500","airport","3","500","https://www.originfacts.com/airports/bahar-dar","","",""
"error","500","airport","3","500","https://www.originfacts.com/airports/bahawalpur","","",""
"error","500","airport","3","500","https://www.originfacts.com/airports/bahia-blanca","","",""
"error","500","airport","3","500","https://www.originfacts.com/airports/bahia-solano","","",""
"error","500","airport","3","500","https://www.originfacts.com/airports/bahrain","","",""
"error","500","airport","3","500","https://www.originfacts.com/airports/baia-mare","","",""
"error","500","airport","3","500","https://www.originfacts.com/airports/baie-comeau","","",""
"error","500","airport","3","500","https://www.originfacts.com/airports/baikonur","","",""
"error","500","airport","3","500","https://www.originfacts.com/airports/baise","","",""
"error","500","airport","3","500","https://www.originfacts.com/airports/baishan","","",""
"error","500","airport","3","500","https://www.originfacts.com/airports/bajawa","","",""
"error","500","airport","3","500","https://www.originfacts.com/airports/bajkit","","",""
"error","500","airport","3","500","https://www.originfacts.com/airports/bakalalan","","",""
"error","500","airport","3","500","https://www.originfacts.com/airports/baker-lake","","",""
"error","500","airport","3","500","https://www.originfacts.com/airports/bakersfield","","",""
"error","500","airport","3","500","https://www.originfacts.com/airports/baku","","",""
"error","500","airport","3","500","https://www.originfacts.com/airports/balalae","","",""
"error","500","airport","3","500","https://www.originfacts.com/airports/balboa","","",""
"error","500","airport","3","500","https://www.originfacts.com/airports/balgo-hills","","",""
"error","500","airport","3","500","https://www.originfacts.com/airports/balikpapan","","",""
"error","500","airport","3","500","https://www.originfacts.com/airports/balkhash","","",""
"error","500","airport","3","500","https://www.originfacts.com/airports/ballina","","",""
"error","500","airport","3","500","https://www.originfacts.com/airports/balmaceda","","",""
"error","500","airport","3","500","https://www.originfacts.com/airports/baltimore","","",""
"error","500","airport","3","500","https://www.originfacts.com/airports/bamaga","","",""
"error","500","airport","3","500","https://www.originfacts.com/airports/bamako","","",""
"error","500","airport","3","500","https://www.originfacts.com/airports/banda-aceh","","",""
"error","500","airport","3","500","https://www.originfacts.com/airports/bandar-abbas","","",""
"error","500","airport","3","500","https://www.originfacts.com/airports/bandar-lampung","","",""
"error","500","airport","3","500","https://www.originfacts.com/airports/bandar-mahshahr","","",""
"error","500","airport","3","500","https://www.originfacts.com/airports/bandar-seri-begawan","","",""
"error","500","airport","3","500","https://www.originfacts.com/airports/bandung-bdo","","",""
"error","500","airport","3","500","https://www.originfacts.com/airports/bandung-kjt","","",""
"error","500","airport","3","500","https://www.originfacts.com/airports/bangda","","",""
"error","500","airport","3","500","https://www.originfacts.com/airports/bangkok-bkk","","",""
"error","500","airport","3","500","https://www.originfacts.com/airports/bangkok-dmk","","",""
"error","500","airport","3","500","https://www.originfacts.com/airports/bangor","","",""
"error","500","airport","3","500","https://www.originfacts.com/airports/bangui","","",""
"error","500","airport","3","500","https://www.originfacts.com/airports/banja-luka","","",""
"error","500","airport","3","500","https://www.originfacts.com/airports/banjarmasin","","",""
"error","500","airport","3","500","https://www.originfacts.com/airports/banjul","","",""
"error","500","airport","3","500","https://www.originfacts.com/airports/banmethuot","","",""
"error","500","airport","3","500","https://www.originfacts.com/airports/banyuwangi","","",""
"error","500","airport","3","500","https://www.originfacts.com/airports/baoshan","","",""
"error","500","airport","3","500","https://www.originfacts.com/airports/baotou","","",""
"error","500","airport","3","500","https://www.originfacts.com/airports/bar-harbor","","",""
"error","500","airport","3","500","https://www.originfacts.com/airports/barcaldine","","",""
"error","500","airport","3","500","https://www.originfacts.com/airports/barcelona-bcn","","",""
"error","500","airport","3","500","https://www.originfacts.com/airports/barcelona-bla","","",""
"error","500","airport","3","500","https://www.originfacts.com/airports/bardufoss","","",""
"error","500","airport","3","500","https://www.originfacts.com/airports/bareli","","",""
"error","500","airport","3","500","https://www.originfacts.com/airports/bari","","",""
"error","500","airport","3","500","https://www.originfacts.com/airports/bario","","",""
"error","500","airport","3","500","https://www.originfacts.com/airports/barisal","","",""
"error","500","airport","3","500","https://www.originfacts.com/airports/barnaul","","",""
"error","500","airport","3","500","https://www.originfacts.com/airports/barquisimeto","","",""
"error","500","airport","3","500","https://www.originfacts.com/airports/barra","","",""
"error","500","airport","3","500","https://www.originfacts.com/airports/barra-do-garcas","","",""
"error","500","airport","3","500","https://www.originfacts.com/airports/barrancabermeja","","",""
"error","500","airport","3","500","https://www.originfacts.com/airports/barranquilla","","",""
"error","500","airport","3","500","https://www.originfacts.com/airports/barreiras","","",""
"error","500","airport","3","500","https://www.originfacts.com/airports/barreirinhas","","",""
"error","500","airport","3","500","https://www.originfacts.com/airports/barrow","","",""
"error","500","airport","3","500","https://www.originfacts.com/airports/barter-island","","",""
"error","500","airport","3","500","https://www.originfacts.com/airports/basco","","",""
"error","500","airport","3","500","https://www.originfacts.com/airports/basel-switzerland-mulhouse-bsl","","",""
"error","500","airport","3","500","https://www.originfacts.com/airports/basel-switzerland-mulhouse-mlh","","",""
"error","500","airport","3","500","https://www.originfacts.com/airports/basra","","",""
"error","500","airport","3","500","https://www.originfacts.com/airports/bastia","","",""
"error","500","airport","3","500","https://www.originfacts.com/airports/bata","","",""
"error","500","airport","3","500","https://www.originfacts.com/airports/batagay","","",""
"error","500","airport","3","500","https://www.originfacts.com/airports/batagay-alyta","","",""
"error","500","airport","3","500","https://www.originfacts.com/airports/batam","","",""
"error","500","airport","3","500","https://www.originfacts.com/airports/bathurst-bhs","","",""
"error","500","airport","3","500","https://www.originfacts.com/airports/bathurst-zbf","","",""
"error","500","airport","3","500","https://www.originfacts.com/airports/batman","","",""
"error","500","airport","3","500","https://www.originfacts.com/airports/batna","","",""
"error","500","airport","3","500","https://www.originfacts.com/airports/baton-rouge","","",""
"error","500","airport","3","500","https://www.originfacts.com/airports/batsfjord","","",""
"error","500","airport","3","500","https://www.originfacts.com/airports/batticaloa","","",""
"error","500","airport","3","500","https://www.originfacts.com/airports/batu-licin","","",""
"error","500","airport","3","500","https://www.originfacts.com/airports/batumi","","",""
"error","500","airport","3","500","https://www.originfacts.com/airports/baubau","","",""
"error","500","airport","3","500","https://www.originfacts.com/airports/bauchi","","",""
"error","500","airport","3","500","https://www.originfacts.com/airports/baura-arealva","","",""
"error","500","airport","3","500","https://www.originfacts.com/airports/bayannur","","",""
"error","500","airport","3","500","https://www.originfacts.com/airports/bazhong","","",""
"error","500","airport","3","500","https://www.originfacts.com/airports/bearskin-lake","","",""
"error","500","airport","3","500","https://www.originfacts.com/airports/beaumont","","",""
"error","500","airport","3","500","https://www.originfacts.com/airports/bechar","","",""
"error","500","airport","3","500","https://www.originfacts.com/airports/beckley","","",""
"error","500","airport","3","500","https://www.originfacts.com/airports/beef-island","","",""
"error","500","airport","3","500","https://www.originfacts.com/airports/beida","","",""
"error","500","airport","3","500","https://www.originfacts.com/airports/beihai","","",""
"error","500","airport","3","500","https://www.originfacts.com/airports/beijing-nay","","",""
"error","500","airport","3","500","https://www.originfacts.com/airports/beijing-pek","","",""
"error","500","airport","3","500","https://www.originfacts.com/airports/beijing-pkx","","",""
"error","500","airport","3","500","https://www.originfacts.com/airports/beira","","",""
"error","500","airport","3","500","https://www.originfacts.com/airports/beirut","","",""
"error","500","airport","3","500","https://www.originfacts.com/airports/bejaia","","",""
"error","500","airport","3","500","https://www.originfacts.com/airports/belaya-gora","","",""
"error","500","airport","3","500","https://www.originfacts.com/airports/belem","","",""
"error","500","airport","3","500","https://www.originfacts.com/airports/belfast-bfs","","",""
"error","500","airport","3","500","https://www.originfacts.com/airports/belfast-bhd","","",""
"error","500","airport","3","500","https://www.originfacts.com/airports/belgaum","","",""
"error","500","airport","3","500","https://www.originfacts.com/airports/belgorod","","",""
"error","500","airport","3","500","https://www.originfacts.com/airports/belgrade-beg","","",""
"error","500","airport","3","500","https://www.originfacts.com/airports/belgrade-bzn","","",""
"error","500","airport","3","500","https://www.originfacts.com/airports/belize-city","","",""
"error","500","airport","3","500","https://www.originfacts.com/airports/bella-bella","","",""
"error","500","airport","3","500","https://www.originfacts.com/airports/bella-coola","","",""
"error","500","airport","3","500","https://www.originfacts.com/airports/belleville","","",""
"error","500","airport","3","500","https://www.originfacts.com/airports/bellingham","","",""
"error","500","airport","3","500","https://www.originfacts.com/airports/belo-horizonte-cnf","","",""
"error","500","airport","3","500","https://www.originfacts.com/airports/belo-horizonte-plu","","",""
"error","500","airport","3","500","https://www.originfacts.com/airports/beloyarsky","","",""
"error","500","airport","3","500","https://www.originfacts.com/airports/beltsy","","",""
"error","500","airport","3","500","https://www.originfacts.com/airports/bemidji","","",""
"error","500","airport","3","500","https://www.originfacts.com/airports/benbecula","","",""
"error","500","airport","3","500","https://www.originfacts.com/airports/bendigo","","",""
"error","500","airport","3","500","https://www.originfacts.com/airports/bengaluru","","",""
"error","500","airport","3","500","https://www.originfacts.com/airports/benghazi","","",""
"error","500","airport","3","500","https://www.originfacts.com/airports/bengkulu","","",""
"error","500","airport","3","500","https://www.originfacts.com/airports/benin-city","","",""
"error","500","airport","3","500","https://www.originfacts.com/airports/berau","","",""
"error","500","airport","3","500","https://www.originfacts.com/airports/berens-river","","",""
"error","500","airport","3","500","https://www.originfacts.com/airports/berezovo","","",""
"error","500","airport","3","500","https://www.originfacts.com/airports/bergen","","",""
"error","500","airport","3","500","https://www.originfacts.com/airports/bergerac","","",""
"error","500","airport","3","500","https://www.originfacts.com/airports/berkeley","","",""
"error","500","airport","3","500","https://www.originfacts.com/airports/berlevag","","",""
"error","500","airport","3","500","https://www.originfacts.com/airports/berlin","","",""
"error","500","airport","3","500","https://www.originfacts.com/airports/bermuda","","",""
"error","500","airport","3","500","https://www.originfacts.com/airports/berne","","",""
"error","500","airport","3","500","https://www.originfacts.com/airports/bethel","","",""
"error","500","airport","3","500","https://www.originfacts.com/airports/bethpage","","",""
"error","500","airport","3","500","https://www.originfacts.com/airports/betong","","",""
"error","500","airport","3","500","https://www.originfacts.com/airports/beziers","","",""
"error","500","airport","3","500","https://www.originfacts.com/airports/bhadrapur","","",""
"error","500","airport","3","500","https://www.originfacts.com/airports/bhairawa","","",""
"error","500","airport","3","500","https://www.originfacts.com/airports/bhamo","","",""
"error","500","airport","3","500","https://www.originfacts.com/airports/bhatinda","","",""
"error","500","airport","3","500","https://www.originfacts.com/airports/bhavnagar","","",""
"error","500","airport","3","500","https://www.originfacts.com/airports/bhawanipatna","","",""
"error","500","airport","3","500","https://www.originfacts.com/airports/bhopal","","",""
"error","500","airport","3","500","https://www.originfacts.com/airports/bhubaneswar","","",""
"error","500","airport","3","500","https://www.originfacts.com/airports/bhuj","","",""
"error","500","airport","3","500","https://www.originfacts.com/airports/biak","","",""
"error","500","airport","3","500","https://www.originfacts.com/airports/biarritz","","",""
"error","500","airport","3","500","https://www.originfacts.com/airports/bijie","","",""
"error","500","airport","3","500","https://www.originfacts.com/airports/bikaner","","",""
"error","500","airport","3","500","https://www.originfacts.com/airports/bilaspur","","",""
"error","500","airport","3","500","https://www.originfacts.com/airports/bilbao","","",""
"error","500","airport","3","500","https://www.originfacts.com/airports/billings","","",""
"error","500","airport","3","500","https://www.originfacts.com/airports/billund","","",""
"error","500","airport","3","500","https://www.originfacts.com/airports/biloela","","",""
"error","500","airport","3","500","https://www.originfacts.com/airports/bima","","",""
"error","500","airport","3","500","https://www.originfacts.com/airports/bimini","","",""
"error","500","airport","3","500","https://www.originfacts.com/airports/binghamton","","",""
"error","500","airport","3","500","https://www.originfacts.com/airports/bingol","","",""
"error","500","airport","3","500","https://www.originfacts.com/airports/bintulu","","",""
"error","500","airport","3","500","https://www.originfacts.com/airports/biratnagar","","",""
"error","500","airport","3","500","https://www.originfacts.com/airports/birjand","","",""
"error","500","airport","3","500","https://www.originfacts.com/airports/birmingham-bhm","","",""
"error","500","airport","3","500","https://www.originfacts.com/airports/birmingham-bhx","","",""
"error","500","airport","3","500","https://www.originfacts.com/airports/bisha","","",""
"error","500","airport","3","500","https://www.originfacts.com/airports/bishkek","","",""
"error","500","airport","3","500","https://www.originfacts.com/airports/bishop","","",""
"error","500","airport","3","500","https://www.originfacts.com/airports/biskra","","",""
"error","500","airport","3","500","https://www.originfacts.com/airports/bismarck","","",""
"error","500","airport","3","500","https://www.originfacts.com/airports/bissau","","",""
"error","500","airport","3","500","https://www.originfacts.com/airports/blackall","","",""
"error","500","airport","3","500","https://www.originfacts.com/airports/blackpool","","",""
"error","500","airport","3","500","https://www.originfacts.com/airports/blagoveschensk","","",""
"error","500","airport","3","500","https://www.originfacts.com/airports/blanc-sablon","","",""
"error","500","airport","3","500","https://www.originfacts.com/airports/blantyre","","",""
"error","500","airport","3","500","https://www.originfacts.com/airports/blenheim","","",""
"error","500","airport","3","500","https://www.originfacts.com/airports/bloemfontein","","",""
"error","500","airport","3","500","https://www.originfacts.com/airports/bloomington","","",""
"error","500","airport","3","500","https://www.originfacts.com/airports/boa-vista-bvb","","",""
"error","500","airport","3","500","https://www.originfacts.com/airports/boa-vista-bvc","","",""
"error","500","airport","3","500","https://www.originfacts.com/airports/bobo-dioulasso","","",""
"error","500","airport","3","500","https://www.originfacts.com/airports/bocas-del-toro","","",""
"error","500","airport","3","500","https://www.originfacts.com/airports/bodaybo","","",""
"error","500","airport","3","500","https://www.originfacts.com/airports/bodo","","",""
"error","500","airport","3","500","https://www.originfacts.com/airports/bodrum","","",""
"error","500","airport","3","500","https://www.originfacts.com/airports/bogorodskoye","","",""
"error","500","airport","3","500","https://www.originfacts.com/airports/bogota","","",""
"error","500","airport","3","500","https://www.originfacts.com/airports/boguchany","","",""
"error","500","airport","3","500","https://www.originfacts.com/airports/boigu-island","","",""
"error","500","airport","3","500","https://www.originfacts.com/airports/boise","","",""
"error","500","airport","3","500","https://www.originfacts.com/airports/bojnord","","",""
"error","500","airport","3","500","https://www.originfacts.com/airports/bol","","",""
"error","500","airport","3","500","https://www.originfacts.com/airports/bole","","",""
"error","500","airport","3","500","https://www.originfacts.com/airports/bologna","","",""
"error","500","airport","3","500","https://www.originfacts.com/airports/bolzano","","",""
"error","500","airport","3","500","https://www.originfacts.com/airports/bonaire","","",""
"error","500","airport","3","500","https://www.originfacts.com/airports/bonaventure","","",""
"error","500","airport","3","500","https://www.originfacts.com/airports/bonito","","",""
"error","500","airport","3","500","https://www.originfacts.com/airports/bor","","",""
"error","500","airport","3","500","https://www.originfacts.com/airports/bora-bora","","",""
"error","500","airport","3","500","https://www.originfacts.com/airports/borba","","",""
"error","500","airport","3","500","https://www.originfacts.com/airports/bordeaux","","",""
"error","500","airport","3","500","https://www.originfacts.com/airports/bordj-badji-mokhtar","","",""
"error","500","airport","3","500","https://www.originfacts.com/airports/borlange-falun","","",""
"error","500","airport","3","500","https://www.originfacts.com/airports/bornholm","","",""
"error","500","airport","3","500","https://www.originfacts.com/airports/bossaso","","",""
"error","500","airport","3","500","https://www.originfacts.com/airports/boston-bos","","",""
"error","500","airport","3","500","https://www.originfacts.com/airports/boston-psm","","",""
"error","500","airport","3","500","https://www.originfacts.com/airports/bouake","","",""
"error","500","airport","3","500","https://www.originfacts.com/airports/boulia","","",""
"error","500","airport","3","500","https://www.originfacts.com/airports/bourgas","","",""
"error","500","airport","3","500","https://www.originfacts.com/airports/bournemouth","","",""
"error","500","airport","3","500","https://www.originfacts.com/airports/bovanenkovo","","",""
"error","500","airport","3","500","https://www.originfacts.com/airports/bradford","","",""
"error","500","airport","3","500","https://www.originfacts.com/airports/braganca","","",""
"error","500","airport","3","500","https://www.originfacts.com/airports/brainerd","","",""
"error","500","airport","3","500","https://www.originfacts.com/airports/brandon","","",""
"error","500","airport","3","500","https://www.originfacts.com/airports/brasilia","","",""
"error","500","airport","3","500","https://www.originfacts.com/airports/brasov","","",""
"error","500","airport","3","500","https://www.originfacts.com/airports/bratislava","","",""
"error","500","airport","3","500","https://www.originfacts.com/airports/bratsk","","",""
"error","500","airport","3","500","https://www.originfacts.com/airports/brazzaville","","",""
"error","500","airport","3","500","https://www.originfacts.com/airports/bremen","","",""
"error","500","airport","3","500","https://www.originfacts.com/airports/brest-bes","","",""
"error","500","airport","3","500","https://www.originfacts.com/airports/brest-bqt","","",""
"error","500","airport","3","500","https://www.originfacts.com/airports/breves","","",""
"error","500","airport","3","500","https://www.originfacts.com/airports/bridgetown","","",""
"error","500","airport","3","500","https://www.originfacts.com/airports/brindisi","","",""
"error","500","airport","3","500","https://www.originfacts.com/airports/brisbane","","",""
"error","500","airport","3","500","https://www.originfacts.com/airports/bristol","","",""
"error","500","airport","3","500","https://www.originfacts.com/airports/bristol-va-johnson-city-kingsport","","",""
"error","500","airport","3","500","https://www.originfacts.com/airports/brive-la-gaillarde","","",""
"error","500","airport","3","500","https://www.originfacts.com/airports/brno","","",""
"error","500","airport","3","500","https://www.originfacts.com/airports/broken-hill","","",""
"error","500","airport","3","500","https://www.originfacts.com/airports/bronnoysund","","",""
"error","500","airport","3","500","https://www.originfacts.com/airports/broome","","",""
"error","500","airport","3","500","https://www.originfacts.com/airports/brownsville","","",""
"error","500","airport","3","500","https://www.originfacts.com/airports/bruges","","",""
"error","500","airport","3","500","https://www.originfacts.com/airports/brunswick","","",""
"error","500","airport","3","500","https://www.originfacts.com/airports/brussels-bru","","",""
"error","500","airport","3","500","https://www.originfacts.com/airports/brussels-crl","","",""
"error","500","airport","3","500","https://www.originfacts.com/airports/bryansk","","",""
"error","500","airport","3","500","https://www.originfacts.com/airports/bucaramanga","","",""
"error","500","airport","3","500","https://www.originfacts.com/airports/bucharest-bbu","","",""
"error","500","airport","3","500","https://www.originfacts.com/airports/bucharest-otp","","",""
"error","500","airport","3","500","https://www.originfacts.com/airports/buckland","","",""
"error","500","airport","3","500","https://www.originfacts.com/airports/budapest","","",""
"error","500","airport","3","500","https://www.originfacts.com/airports/buenaventura","","",""
"error","500","airport","3","500","https://www.originfacts.com/airports/buenos-aires","","",""
"error","500","airport","3","500","https://www.originfacts.com/airports/buenos-aires-aep","","",""
"error","500","airport","3","500","https://www.originfacts.com/airports/buerjin","","",""
"error","500","airport","3","500","https://www.originfacts.com/airports/buffalo-buf","","",""
"error","500","airport","3","500","https://www.originfacts.com/airports/buffalo-byg","","",""
"error","500","airport","3","500","https://www.originfacts.com/airports/bugulma","","",""
"error","500","airport","3","500","https://www.originfacts.com/airports/bujumbura","","",""
"error","500","airport","3","500","https://www.originfacts.com/airports/buka","","",""
"error","500","airport","3","500","https://www.originfacts.com/airports/bukhara","","",""
"error","500","airport","3","500","https://www.originfacts.com/airports/bukoba","","",""
"error","500","airport","3","500","https://www.originfacts.com/airports/bulawayo","","",""
"error","500","airport","3","500","https://www.originfacts.com/airports/bullhead-city","","",""
"error","500","airport","3","500","https://www.originfacts.com/airports/bundaberg","","",""
"error","500","airport","3","500","https://www.originfacts.com/airports/burgos","","",""
"error","500","airport","3","500","https://www.originfacts.com/airports/buri-ram","","",""
"error","500","airport","3","500","https://www.originfacts.com/airports/burlington-brl","","",""
"error","500","airport","3","500","https://www.originfacts.com/airports/burlington-btv","","",""
"error","500","airport","3","500","https://www.originfacts.com/airports/burnie","","",""
"error","500","airport","3","500","https://www.originfacts.com/airports/bursa","","",""
"error","500","airport","3","500","https://www.originfacts.com/airports/busan","","",""
"error","500","airport","3","500","https://www.originfacts.com/airports/bushehr","","",""
"error","500","airport","3","500","https://www.originfacts.com/airports/bussellton","","",""
"error","500","airport","3","500","https://www.originfacts.com/airports/busuanga","","",""
"error","500","airport","3","500","https://www.originfacts.com/airports/butte","","",""
"error","500","airport","3","500","https://www.originfacts.com/airports/butuan","","",""
"error","500","airport","3","500","https://www.originfacts.com/airports/bydgoszcz","","",""
"error","500","airport","3","500","https://www.originfacts.com/airports/cabinda","","",""
"error","500","airport","3","500","https://www.originfacts.com/airports/cabo-frio","","",""
"error","500","airport","3","500","https://www.originfacts.com/airports/cacoal","","",""
"error","500","airport","3","500","https://www.originfacts.com/airports/caen","","",""
"error","500","airport","3","500","https://www.originfacts.com/airports/cagayan-de-oro","","",""
"error","500","airport","3","500","https://www.originfacts.com/airports/cagliari","","",""
"error","500","airport","3","500","https://www.originfacts.com/airports/cairns","","",""
"error","500","airport","3","500","https://www.originfacts.com/airports/cairo-cai","","",""
"error","500","airport","3","500","https://www.originfacts.com/airports/cairo-cce","","",""
"error","500","airport","3","500","https://www.originfacts.com/airports/cairo-spx","","",""
"error","500","airport","3","500","https://www.originfacts.com/airports/cajamarca","","",""
"error","500","airport","3","500","https://www.originfacts.com/airports/calabar","","",""
"error","500","airport","3","500","https://www.originfacts.com/airports/calama","","",""
"error","500","airport","3","500","https://www.originfacts.com/airports/calbayog","","",""
"error","500","airport","3","500","https://www.originfacts.com/airports/caldas-novas","","",""
"error","500","airport","3","500","https://www.originfacts.com/airports/caledonia","","",""
"error","500","airport","3","500","https://www.originfacts.com/airports/calgary","","",""
"error","500","airport","3","500","https://www.originfacts.com/airports/cali","","",""
"error","500","airport","3","500","https://www.originfacts.com/airports/calvi","","",""
"error","500","airport","3","500","https://www.originfacts.com/airports/camaguey","","",""
"error","500","airport","3","500","https://www.originfacts.com/airports/cambridge","","",""
"error","500","airport","3","500","https://www.originfacts.com/airports/cambridge-bay","","",""
"error","500","airport","3","500","https://www.originfacts.com/airports/camiguin","","",""
"error","500","airport","3","500","https://www.originfacts.com/airports/camiri","","",""
"error","500","airport","3","500","https://www.originfacts.com/airports/campbell-river","","",""
"error","500","airport","3","500","https://www.originfacts.com/airports/campbeltown","","",""
"error","500","airport","3","500","https://www.originfacts.com/airports/campeche","","",""
"error","500","airport","3","500","https://www.originfacts.com/airports/campina-grande","","",""
"error","500","airport","3","500","https://www.originfacts.com/airports/campo-grande","","",""
"error","500","airport","3","500","https://www.originfacts.com/airports/campos","","",""
"error","500","airport","3","500","https://www.originfacts.com/airports/can-tho","","",""
"error","500","airport","3","500","https://www.originfacts.com/airports/canakkale","","",""
"error","500","airport","3","500","https://www.originfacts.com/airports/canberra","","",""
"error","500","airport","3","500","https://www.originfacts.com/airports/cancun","","",""
"error","500","airport","3","500","https://www.originfacts.com/airports/cap-haitien","","",""
"error","500","airport","3","500","https://www.originfacts.com/airports/cap-skirring","","",""
"error","500","airport","3","500","https://www.originfacts.com/airports/cape-dorset","","",""
"error","500","airport","3","500","https://www.originfacts.com/airports/cape-girardeau","","",""
"error","500","airport","3","500","https://www.originfacts.com/airports/cape-town","","",""
"error","500","airport","3","500","https://www.originfacts.com/airports/caracas","","",""
"error","500","airport","3","500","https://www.originfacts.com/airports/carajas","","",""
"error","500","airport","3","500","https://www.originfacts.com/airports/carcassonne","","",""
"error","500","airport","3","500","https://www.originfacts.com/airports/cardiff","","",""
"error","500","airport","3","500","https://www.originfacts.com/airports/carlsbad","","",""
"error","500","airport","3","500","https://www.originfacts.com/airports/carnarvon","","",""
"error","500","airport","3","500","https://www.originfacts.com/airports/cartagena","","",""
"error","500","airport","3","500","https://www.originfacts.com/airports/cartago","","",""
"error","500","airport","3","500","https://www.originfacts.com/airports/caruaru","","",""
"error","500","airport","3","500","https://www.originfacts.com/airports/casablanca","","",""
"error","500","airport","3","500","https://www.originfacts.com/airports/cascavel","","",""
"error","500","airport","3","500","https://www.originfacts.com/airports/casper","","",""
"error","500","airport","3","500","https://www.originfacts.com/airports/castellon-de-la-plana","","",""
"error","500","airport","3","500","https://www.originfacts.com/airports/castlegar","","",""
"error","500","airport","3","500","https://www.originfacts.com/airports/castres","","",""
"error","500","airport","3","500","https://www.originfacts.com/airports/castro","","",""
"error","500","airport","3","500","https://www.originfacts.com/airports/catamarca","","",""
"error","500","airport","3","500","https://www.originfacts.com/airports/catania","","",""
"error","500","airport","3","500","https://www.originfacts.com/airports/catarman","","",""
"error","500","airport","3","500","https://www.originfacts.com/airports/caticlan","","",""
"error","500","airport","3","500","https://www.originfacts.com/airports/catumbela","","",""
"error","500","airport","3","500","https://www.originfacts.com/airports/cauayan","","",""
"error","500","airport","3","500","https://www.originfacts.com/airports/caxias-do-sul","","",""
"error","500","airport","3","500","https://www.originfacts.com/airports/caye-caulker","","",""
"error","500","airport","3","500","https://www.originfacts.com/airports/cayenne","","",""
"error","500","airport","3","500","https://www.originfacts.com/airports/cayman-brac-island","","",""
"error","500","airport","3","500","https://www.originfacts.com/airports/cayo-coco","","",""
"error","500","airport","3","500","https://www.originfacts.com/airports/cayo-largo-del-sur","","",""
"error","500","airport","3","500","https://www.originfacts.com/airports/cebu-city","","",""
"error","500","airport","3","500","https://www.originfacts.com/airports/cedar-city","","",""
"error","500","airport","3","500","https://www.originfacts.com/airports/cedar-rapids","","",""
"error","500","airport","3","500","https://www.originfacts.com/airports/ceduna","","",""
"error","500","airport","3","500","https://www.originfacts.com/airports/chachapoyas","","",""
"error","500","airport","3","500","https://www.originfacts.com/airports/chadron","","",""
"error","500","airport","3","500","https://www.originfacts.com/airports/chah-bahar","","",""
"error","500","airport","3","500","https://www.originfacts.com/airports/chalons-en-champagne","","",""
"error","500","airport","3","500","https://www.originfacts.com/airports/chambery","","",""
"error","500","airport","3","500","https://www.originfacts.com/airports/champaign","","",""
"error","500","airport","3","500","https://www.originfacts.com/airports/chandigarh","","",""
"error","500","airport","3","500","https://www.originfacts.com/airports/changchun","","",""
"error","500","airport","3","500","https://www.originfacts.com/airports/changde","","",""
"error","500","airport","3","500","https://www.originfacts.com/airports/changsha","","",""
"error","500","airport","3","500","https://www.originfacts.com/airports/changuinola","","",""
"error","500","airport","3","500","https://www.originfacts.com/airports/changzhi","","",""
"error","500","airport","3","500","https://www.originfacts.com/airports/changzhou","","",""
"error","500","airport","3","500","https://www.originfacts.com/airports/chania","","",""
"error","500","airport","3","500","https://www.originfacts.com/airports/chaoyang","","",""
"error","500","airport","3","500","https://www.originfacts.com/airports/chapeco","","",""
"error","500","airport","3","500","https://www.originfacts.com/airports/chara","","",""
"error","500","airport","3","500","https://www.originfacts.com/airports/charleston-chs","","",""
"error","500","airport","3","500","https://www.originfacts.com/airports/charleston-crw","","",""
"error","500","airport","3","500","https://www.originfacts.com/airports/charleville","","",""
"error","500","airport","3","500","https://www.originfacts.com/airports/charlo","","",""
"error","500","airport","3","500","https://www.originfacts.com/airports/charlotte","","",""
"error","500","airport","3","500","https://www.originfacts.com/airports/charlottesville","","",""
"error","500","airport","3","500","https://www.originfacts.com/airports/charlottetown","","",""
"error","500","airport","3","500","https://www.originfacts.com/airports/chatham-island","","",""
"error","500","airport","3","500","https://www.originfacts.com/airports/chattanooga","","",""
"error","500","airport","3","500","https://www.originfacts.com/airports/cheboksary","","",""
"error","500","airport","3","500","https://www.originfacts.com/airports/chefornak","","",""
"error","500","airport","3","500","https://www.originfacts.com/airports/chelyabinsk","","",""
"error","500","airport","3","500","https://www.originfacts.com/airports/chengdu-ctu","","",""
"error","500","airport","3","500","https://www.originfacts.com/airports/chengdu-tfu","","",""
"error","500","airport","3","500","https://www.originfacts.com/airports/chennai","","",""
"error","500","airport","3","500","https://www.originfacts.com/airports/cheongju","","",""
"error","500","airport","3","500","https://www.originfacts.com/airports/cherepovets","","",""
"error","500","airport","3","500","https://www.originfacts.com/airports/chernivtsi","","",""
"error","500","airport","3","500","https://www.originfacts.com/airports/cherskiy","","",""
"error","500","airport","3","500","https://www.originfacts.com/airports/chester","","",""
"error","500","airport","3","500","https://www.originfacts.com/airports/chesterfield-inlet","","",""
"error","500","airport","3","500","https://www.originfacts.com/airports/chetumal","","",""
"error","500","airport","3","500","https://www.originfacts.com/airports/chevak","","",""
"error","500","airport","3","500","https://www.originfacts.com/airports/chevery","","",""
"error","500","airport","3","500","https://www.originfacts.com/airports/cheyenne","","",""
"error","500","airport","3","500","https://www.originfacts.com/airports/chiang-mai","","",""
"error","500","airport","3","500","https://www.originfacts.com/airports/chiang-rai","","",""
"error","500","airport","3","500","https://www.originfacts.com/airports/chiayi","","",""
"error","500","airport","3","500","https://www.originfacts.com/airports/chibougamau","","",""
"error","500","airport","3","500","https://www.originfacts.com/airports/chicago-cgx","","",""
"error","500","airport","3","500","https://www.originfacts.com/airports/chicago-dpa","","",""
"error","500","airport","3","500","https://www.originfacts.com/airports/chicago-mdw","","",""
"error","500","airport","3","500","https://www.originfacts.com/airports/chicago-ord","","",""
"error","500","airport","3","500","https://www.originfacts.com/airports/chicago-pwk","","",""
"error","500","airport","3","500","https://www.originfacts.com/airports/chicago-rfd","","",""
"error","500","airport","3","500","https://www.originfacts.com/airports/chiclayo-cix","","",""
"error","500","airport","3","500","https://www.originfacts.com/airports/chiclayo-jae","","",""
"error","500","airport","3","500","https://www.originfacts.com/airports/chico","","",""
"error","500","airport","3","500","https://www.originfacts.com/airports/chifeng","","",""
"error","500","airport","3","500","https://www.originfacts.com/airports/chihuahua","","",""
"error","500","airport","3","500","https://www.originfacts.com/airports/chimoio","","",""
"error","500","airport","3","500","https://www.originfacts.com/airports/chios","","",""
"error","500","airport","3","500","https://www.originfacts.com/airports/chisasibi","","",""
"error","500","airport","3","500","https://www.originfacts.com/airports/chisinau","","",""
"error","500","airport","3","500","https://www.originfacts.com/airports/chita","","",""
"error","500","airport","3","500","https://www.originfacts.com/airports/chitral","","",""
"error","500","airport","3","500","https://www.originfacts.com/airports/chittagong","","",""
"error","500","airport","3","500","https://www.originfacts.com/airports/chizhou","","",""
"error","500","airport","3","500","https://www.originfacts.com/airports/chlef","","",""
"error","500","airport","3","500","https://www.originfacts.com/airports/choiseul-bay","","",""
"error","500","airport","3","500","https://www.originfacts.com/airports/chokurdah","","",""
"error","500","airport","3","500","https://www.originfacts.com/airports/chongqing-ckg","","",""
"error","500","airport","3","500","https://www.originfacts.com/airports/chongqing-cqw","","",""
"error","500","airport","3","500","https://www.originfacts.com/airports/chongqing-wsk","","",""
"error","500","airport","3","500","https://www.originfacts.com/airports/christchurch","","",""
"error","500","airport","3","500","https://www.originfacts.com/airports/christmas-island-cxi","","",""
"error","500","airport","3","500","https://www.originfacts.com/airports/christmas-island-xch","","",""
"error","500","airport","3","500","https://www.originfacts.com/airports/chuathbaluk","","",""
"error","500","airport","3","500","https://www.originfacts.com/airports/chumphon","","",""
"error","500","airport","3","500","https://www.originfacts.com/airports/churchill","","",""
"error","500","airport","3","500","https://www.originfacts.com/airports/churchill-falls","","",""
"error","500","airport","3","500","https://www.originfacts.com/airports/cicia","","",""
"error","500","airport","3","500","https://www.originfacts.com/airports/cienfuegos","","",""
"error","500","airport","3","500","https://www.originfacts.com/airports/cincinnati-cvg","","",""
"error","500","airport","3","500","https://www.originfacts.com/airports/cincinnati-luk","","",""
"error","500","airport","3","500","https://www.originfacts.com/airports/circle","","",""
"error","500","airport","3","500","https://www.originfacts.com/airports/ciudad-del-carmen","","",""
"error","500","airport","3","500","https://www.originfacts.com/airports/ciudad-del-este","","",""
"error","500","airport","3","500","https://www.originfacts.com/airports/ciudad-juarez","","",""
"error","500","airport","3","500","https://www.originfacts.com/airports/ciudad-obregon","","",""
"error","500","airport","3","500","https://www.originfacts.com/airports/ciudad-victoria","","",""
"error","500","airport","3","500","https://www.originfacts.com/airports/clarksburg","","",""
"error","500","airport","3","500","https://www.originfacts.com/airports/clermont-ferrand","","",""
"error","500","airport","3","500","https://www.originfacts.com/airports/cleveland-bkl","","",""
"error","500","airport","3","500","https://www.originfacts.com/airports/cleveland-cle","","",""
"error","500","airport","3","500","https://www.originfacts.com/airports/cloncurry","","",""
"error","500","airport","3","500","https://www.originfacts.com/airports/clovis","","",""
"error","500","airport","3","500","https://www.originfacts.com/airports/cluj","","",""
"error","500","airport","3","500","https://www.originfacts.com/airports/coari","","",""
"error","500","airport","3","500","https://www.originfacts.com/airports/cobar","","",""
"error","500","airport","3","500","https://www.originfacts.com/airports/cobija","","",""
"error","500","airport","3","500","https://www.originfacts.com/airports/coca","","",""
"error","500","airport","3","500","https://www.originfacts.com/airports/cochabamba","","",""
"error","500","airport","3","500","https://www.originfacts.com/airports/cocos-islands","","",""
"error","500","airport","3","500","https://www.originfacts.com/airports/cody","","",""
"error","500","airport","3","500","https://www.originfacts.com/airports/coffs-harbour","","",""
"error","500","airport","3","500","https://www.originfacts.com/airports/coimbatore","","",""
"error","500","airport","3","500","https://www.originfacts.com/airports/cold-bay","","",""
"error","500","airport","3","500","https://www.originfacts.com/airports/colima","","",""
"error","500","airport","3","500","https://www.originfacts.com/airports/college-station","","",""
"error","500","airport","3","500","https://www.originfacts.com/airports/cologne","","",""
"error","500","airport","3","500","https://www.originfacts.com/airports/colombo","","",""
"error","500","airport","3","500","https://www.originfacts.com/airports/colorado-springs","","",""
"error","500","airport","3","500","https://www.originfacts.com/airports/columbia-cae","","",""
"error","500","airport","3","500","https://www.originfacts.com/airports/columbia-cou","","",""
"error","500","airport","3","500","https://www.originfacts.com/airports/columbus-cmh","","",""
"error","500","airport","3","500","https://www.originfacts.com/airports/columbus-csg","","",""
"error","500","airport","3","500","https://www.originfacts.com/airports/columbus-gtr","","",""
"error","500","airport","3","500","https://www.originfacts.com/airports/columbus-lck","","",""
"error","500","airport","3","500","https://www.originfacts.com/airports/comayagua","","",""
"error","500","airport","3","500","https://www.originfacts.com/airports/comiso","","",""
"error","500","airport","3","500","https://www.originfacts.com/airports/comodoro-rivadavia","","",""
"error","500","airport","3","500","https://www.originfacts.com/airports/comox","","",""
"error","500","airport","3","500","https://www.originfacts.com/airports/con-dao","","",""
"error","500","airport","3","500","https://www.originfacts.com/airports/conakry","","",""
"error","500","airport","3","500","https://www.originfacts.com/airports/concepcion","","",""
"error","500","airport","3","500","https://www.originfacts.com/airports/concord-ccr","","",""
"error","500","airport","3","500","https://www.originfacts.com/airports/concord-usa","","",""
"error","500","airport","3","500","https://www.originfacts.com/airports/constanta","","",""
"error","500","airport","3","500","https://www.originfacts.com/airports/constantine","","",""
"error","500","airport","3","500","https://www.originfacts.com/airports/coober-pedy","","",""
"error","500","airport","3","500","https://www.originfacts.com/airports/cooch-behar","","",""
"error","500","airport","3","500","https://www.originfacts.com/airports/cooktown","","",""
"error","500","airport","3","500","https://www.originfacts.com/airports/coolangatta-gold-coast","","",""
"error","500","airport","3","500","https://www.originfacts.com/airports/cooma","","",""
"error","500","airport","3","500","https://www.originfacts.com/airports/copenhagen","","",""
"error","500","airport","3","500","https://www.originfacts.com/airports/copiapo","","",""
"error","500","airport","3","500","https://www.originfacts.com/airports/coral-harbour","","",""
"error","500","airport","3","500","https://www.originfacts.com/airports/cordoba-cor","","",""
"error","500","airport","3","500","https://www.originfacts.com/airports/cordoba-odb","","",""
"error","500","airport","3","500","https://www.originfacts.com/airports/cordova","","",""
"error","500","airport","3","500","https://www.originfacts.com/airports/cork","","",""
"error","500","airport","3","500","https://www.originfacts.com/airports/corozal-czh","","",""
"error","500","airport","3","500","https://www.originfacts.com/airports/corozal-czu","","",""
"error","500","airport","3","500","https://www.originfacts.com/airports/corpus-christi","","",""
"error","500","airport","3","500","https://www.originfacts.com/airports/corrientes","","",""
"error","500","airport","3","500","https://www.originfacts.com/airports/cortez","","",""
"error","500","airport","3","500","https://www.originfacts.com/airports/corumba","","",""
"error","500","airport","3","500","https://www.originfacts.com/airports/corvo-island-azores","","",""
"error","500","airport","3","500","https://www.originfacts.com/airports/cotabato","","",""
"error","500","airport","3","500","https://www.originfacts.com/airports/cotonou","","",""
"error","500","airport","3","500","https://www.originfacts.com/airports/coventry","","",""
"error","500","airport","3","500","https://www.originfacts.com/airports/coxs-bazar","","",""
"error","500","airport","3","500","https://www.originfacts.com/airports/cozumel","","",""
"error","500","airport","3","500","https://www.originfacts.com/airports/craiova","","",""
"error","500","airport","3","500","https://www.originfacts.com/airports/cranbrook","","",""
"error","500","airport","3","500","https://www.originfacts.com/airports/crescent-city","","",""
"error","500","airport","3","500","https://www.originfacts.com/airports/crooked-island","","",""
"error","500","airport","3","500","https://www.originfacts.com/airports/crotone","","",""
"error","500","airport","3","500","https://www.originfacts.com/airports/cruzeiro-do-sul","","",""
"error","500","airport","3","500","https://www.originfacts.com/airports/cucuta","","",""
"error","500","airport","3","500","https://www.originfacts.com/airports/cuddapah","","",""
"error","500","airport","3","500","https://www.originfacts.com/airports/cuenca","","",""
"error","500","airport","3","500","https://www.originfacts.com/airports/cuiaba","","",""
"error","500","airport","3","500","https://www.originfacts.com/airports/culebra","","",""
"error","500","airport","3","500","https://www.originfacts.com/airports/culiacan","","",""
"error","500","airport","3","500","https://www.originfacts.com/airports/cuneo","","",""
"error","500","airport","3","500","https://www.originfacts.com/airports/curacao","","",""
"error","500","airport","3","500","https://www.originfacts.com/airports/curitiba","","",""
"error","500","airport","3","500","https://www.originfacts.com/airports/cuzco","","",""
"error","500","airport","3","500","https://www.originfacts.com/airports/da-nang","","",""
"error","500","airport","3","500","https://www.originfacts.com/airports/dabaa-city","","",""
"error","500","airport","3","500","https://www.originfacts.com/airports/daegu","","",""
"error","500","airport","3","500","https://www.originfacts.com/airports/dakar-dkr","","",""
"error","500","airport","3","500","https://www.originfacts.com/airports/dakar-dss","","",""
"error","500","airport","3","500","https://www.originfacts.com/airports/dakhla","","",""
"error","500","airport","3","500","https://www.originfacts.com/airports/dalaman","","",""
"error","500","airport","3","500","https://www.originfacts.com/airports/dalanzadgad","","",""
"error","500","airport","3","500","https://www.originfacts.com/airports/dalat","","",""
"error","500","airport","3","500","https://www.originfacts.com/airports/dali-city","","",""
"error","500","airport","3","500","https://www.originfacts.com/airports/dalian","","",""
"error","500","airport","3","500","https://www.originfacts.com/airports/dallas-ads","","",""
"error","500","airport","3","500","https://www.originfacts.com/airports/dallas-afw","","",""
"error","500","airport","3","500","https://www.originfacts.com/airports/dallas-dal","","",""
"error","500","airport","3","500","https://www.originfacts.com/airports/dallas-dfw","","",""
"error","500","airport","3","500","https://www.originfacts.com/airports/dalnegorsk","","",""
"error","500","airport","3","500","https://www.originfacts.com/airports/dalnerechensk","","",""
"error","500","airport","3","500","https://www.originfacts.com/airports/damascus","","",""
"error","500","airport","3","500","https://www.originfacts.com/airports/dammam","","",""
"error","500","airport","3","500","https://www.originfacts.com/airports/dandong","","",""
"error","500","airport","3","500","https://www.originfacts.com/airports/dangriga","","",""
"error","500","airport","3","500","https://www.originfacts.com/airports/daocheng","","",""
"error","500","airport","3","500","https://www.originfacts.com/airports/daqing","","",""
"error","500","airport","3","500","https://www.originfacts.com/airports/dar-es-salaam","","",""
"error","500","airport","3","500","https://www.originfacts.com/airports/darbhanga","","",""
"error","500","airport","3","500","https://www.originfacts.com/airports/daru","","",""
"error","500","airport","3","500","https://www.originfacts.com/airports/darwin","","",""
"error","500","airport","3","500","https://www.originfacts.com/airports/datong","","",""
"error","500","airport","3","500","https://www.originfacts.com/airports/davao","","",""
"error","500","airport","3","500","https://www.originfacts.com/airports/david","","",""
"error","500","airport","3","500","https://www.originfacts.com/airports/dawadmi","","",""
"error","500","airport","3","500","https://www.originfacts.com/airports/dawe","","",""
"error","500","airport","3","500","https://www.originfacts.com/airports/dawson-city","","",""
"error","500","airport","3","500","https://www.originfacts.com/airports/dawson-creek","","",""
"error","500","airport","3","500","https://www.originfacts.com/airports/dayong","","",""
"error","500","airport","3","500","https://www.originfacts.com/airports/dayton","","",""
"error","500","airport","3","500","https://www.originfacts.com/airports/daytona-beach","","",""
"error","500","airport","3","500","https://www.originfacts.com/airports/dazhou","","",""
"error","500","airport","3","500","https://www.originfacts.com/airports/deadmans-cay","","",""
"error","500","airport","3","500","https://www.originfacts.com/airports/deauville","","",""
"error","500","airport","3","500","https://www.originfacts.com/airports/debrecen","","",""
"error","500","airport","3","500","https://www.originfacts.com/airports/decatur","","",""
"error","500","airport","3","500","https://www.originfacts.com/airports/deer-lake","","",""
"error","500","airport","3","500","https://www.originfacts.com/airports/deering","","",""
"error","500","airport","3","500","https://www.originfacts.com/airports/dehra-dun","","",""
"error","500","airport","3","500","https://www.originfacts.com/airports/del-rio","","",""
"error","500","airport","3","500","https://www.originfacts.com/airports/delhi-del","","",""
"error","500","airport","3","500","https://www.originfacts.com/airports/delhi-qah","","",""
"error","500","airport","3","500","https://www.originfacts.com/airports/dembidollo","","",""
"error","500","airport","3","500","https://www.originfacts.com/airports/denizli","","",""
"error","500","airport","3","500","https://www.originfacts.com/airports/denpasar-bali","","",""
"error","500","airport","3","500","https://www.originfacts.com/airports/denver-apa","","",""
"error","500","airport","3","500","https://www.originfacts.com/airports/denver-den","","",""
"error","500","airport","3","500","https://www.originfacts.com/airports/deoghar","","",""
"error","500","airport","3","500","https://www.originfacts.com/airports/deputatsky","","",""
"error","500","airport","3","500","https://www.originfacts.com/airports/dera-ghazi-khan","","",""
"error","500","airport","3","500","https://www.originfacts.com/airports/derby","","",""
"error","500","airport","3","500","https://www.originfacts.com/airports/derry","","",""
"error","500","airport","3","500","https://www.originfacts.com/airports/des-moines","","",""
"error","500","airport","3","500","https://www.originfacts.com/airports/dessie","","",""
"error","500","airport","3","500","https://www.originfacts.com/airports/destin","","",""
"error","500","airport","3","500","https://www.originfacts.com/airports/detroit-det","","",""
"error","500","airport","3","500","https://www.originfacts.com/airports/detroit-dtw","","",""
"error","500","airport","3","500","https://www.originfacts.com/airports/detroit-yip","","",""
"error","500","airport","3","500","https://www.originfacts.com/airports/devils-lake","","",""
"error","500","airport","3","500","https://www.originfacts.com/airports/devonport","","",""
"error","500","airport","3","500","https://www.originfacts.com/airports/dezful","","",""
"error","500","airport","3","500","https://www.originfacts.com/airports/dhaka","","",""
"error","500","airport","3","500","https://www.originfacts.com/airports/dhangarhi","","",""
"error","500","airport","3","500","https://www.originfacts.com/airports/dharamsala","","",""
"error","500","airport","3","500","https://www.originfacts.com/airports/dharavandhoo-island","","",""
"error","500","airport","3","500","https://www.originfacts.com/airports/dibrugarh","","",""
"error","500","airport","3","500","https://www.originfacts.com/airports/dickinson","","",""
"error","500","airport","3","500","https://www.originfacts.com/airports/dien-bien-phu","","",""
"error","500","airport","3","500","https://www.originfacts.com/airports/dikson","","",""
"error","500","airport","3","500","https://www.originfacts.com/airports/dikwella","","",""
"error","500","airport","3","500","https://www.originfacts.com/airports/dili","","",""
"error","500","airport","3","500","https://www.originfacts.com/airports/dillingham","","",""
"error","500","airport","3","500","https://www.originfacts.com/airports/dimapur","","",""
"error","500","airport","3","500","https://www.originfacts.com/airports/dinard","","",""
"error","500","airport","3","500","https://www.originfacts.com/airports/dipolog","","",""
"error","500","airport","3","500","https://www.originfacts.com/airports/diqing","","",""
"error","500","airport","3","500","https://www.originfacts.com/airports/dire-dawa","","",""
"error","500","airport","3","500","https://www.originfacts.com/airports/diu","","",""
"error","500","airport","3","500","https://www.originfacts.com/airports/divinopolis","","",""
"error","500","airport","3","500","https://www.originfacts.com/airports/diyarbakir","","",""
"error","500","airport","3","500","https://www.originfacts.com/airports/djanet","","",""
"error","500","airport","3","500","https://www.originfacts.com/airports/djerba","","",""
"error","500","airport","3","500","https://www.originfacts.com/airports/djibouti","","",""
"error","500","airport","3","500","https://www.originfacts.com/airports/dnipro","","",""
"error","500","airport","3","500","https://www.originfacts.com/airports/dobo","","",""
"error","500","airport","3","500","https://www.originfacts.com/airports/dodge-city","","",""
"error","500","airport","3","500","https://www.originfacts.com/airports/dodoma","","",""
"error","500","airport","3","500","https://www.originfacts.com/airports/doha","","",""
"error","500","airport","3","500","https://www.originfacts.com/airports/dole","","",""
"error","500","airport","3","500","https://www.originfacts.com/airports/dominica-dcf","","",""
"error","500","airport","3","500","https://www.originfacts.com/airports/dominica-dom","","",""
"error","500","airport","3","500","https://www.originfacts.com/airports/doncaster","","",""
"error","500","airport","3","500","https://www.originfacts.com/airports/donegal","","",""
"error","500","airport","3","500","https://www.originfacts.com/airports/dong-hoi","","",""
"error","500","airport","3","500","https://www.originfacts.com/airports/dongsheng","","",""
"error","500","airport","3","500","https://www.originfacts.com/airports/dongying","","",""
"error","500","airport","3","500","https://www.originfacts.com/airports/doomadgee","","",""
"error","500","airport","3","500","https://www.originfacts.com/airports/dortmund","","",""
"error","500","airport","3","500","https://www.originfacts.com/airports/dothan","","",""
"error","500","airport","3","500","https://www.originfacts.com/airports/douala","","",""
"error","500","airport","3","500","https://www.originfacts.com/airports/dourados","","",""
"error","500","airport","3","500","https://www.originfacts.com/airports/drake-bay","","",""
"error","500","airport","3","500","https://www.originfacts.com/airports/dresden","","",""
"error","500","airport","3","500","https://www.originfacts.com/airports/dryden","","",""
"error","500","airport","3","500","https://www.originfacts.com/airports/du-bois","","",""
"error","500","airport","3","500","https://www.originfacts.com/airports/dubai-dwc","","",""
"error","500","airport","3","500","https://www.originfacts.com/airports/dubai-dxb","","",""
"error","500","airport","3","500","https://www.originfacts.com/airports/dubbo","","",""
"error","500","airport","3","500","https://www.originfacts.com/airports/dublin","","",""
"error","500","airport","3","500","https://www.originfacts.com/airports/dubrovnik","","",""
"error","500","airport","3","500","https://www.originfacts.com/airports/dubuque","","",""
"error","500","airport","3","500","https://www.originfacts.com/airports/duluth","","",""
"error","500","airport","3","500","https://www.originfacts.com/airports/dumaguete","","",""
"error","500","airport","3","500","https://www.originfacts.com/airports/dundee","","",""
"error","500","airport","3","500","https://www.originfacts.com/airports/dundo","","",""
"error","500","airport","3","500","https://www.originfacts.com/airports/dunedin","","",""
"error","500","airport","3","500","https://www.originfacts.com/airports/dunhuang","","",""
"error","500","airport","3","500","https://www.originfacts.com/airports/duqm","","",""
"error","500","airport","3","500","https://www.originfacts.com/airports/durango-dgo","","",""
"error","500","airport","3","500","https://www.originfacts.com/airports/durango-dro","","",""
"error","500","airport","3","500","https://www.originfacts.com/airports/durban","","",""
"error","500","airport","3","500","https://www.originfacts.com/airports/durgapur","","",""
"error","500","airport","3","500","https://www.originfacts.com/airports/durham-tees-valley","","",""
"error","500","airport","3","500","https://www.originfacts.com/airports/dushanbe","","",""
"error","500","airport","3","500","https://www.originfacts.com/airports/dusseldorf-dus","","",""
"error","500","airport","3","500","https://www.originfacts.com/airports/dusseldorf-nrn","","",""
"error","500","airport","3","500","https://www.originfacts.com/airports/dutch-harbor","","",""
"error","500","airport","3","500","https://www.originfacts.com/airports/dzaoudzi","","",""
"error","500","airport","3","500","https://www.originfacts.com/airports/east-london","","",""
"error","500","airport","3","500","https://www.originfacts.com/airports/east-main","","",""
"error","500","airport","3","500","https://www.originfacts.com/airports/easter-island","","",""
"error","500","airport","3","500","https://www.originfacts.com/airports/eastsound","","",""
"error","500","airport","3","500","https://www.originfacts.com/airports/eau-claire","","",""
"error","500","airport","3","500","https://www.originfacts.com/airports/eday","","",""
"error","500","airport","3","500","https://www.originfacts.com/airports/edinburgh","","",""
"error","500","airport","3","500","https://www.originfacts.com/airports/edmonton","","",""
"error","500","airport","3","500","https://www.originfacts.com/airports/edremit","","",""
"error","500","airport","3","500","https://www.originfacts.com/airports/edward-river","","",""
"error","500","airport","3","500","https://www.originfacts.com/airports/eek","","",""
"error","500","airport","3","500","https://www.originfacts.com/airports/egegik","","",""
"error","500","airport","3","500","https://www.originfacts.com/airports/egilsstadir","","",""
"error","500","airport","3","500","https://www.originfacts.com/airports/eindhoven","","",""
"error","500","airport","3","500","https://www.originfacts.com/airports/eirunepe","","",""
"error","500","airport","3","500","https://www.originfacts.com/airports/el-bagre","","",""
"error","500","airport","3","500","https://www.originfacts.com/airports/el-bayadh","","",""
"error","500","airport","3","500","https://www.originfacts.com/airports/el-calafate","","",""
"error","500","airport","3","500","https://www.originfacts.com/airports/el-catey","","",""
"error","500","airport","3","500","https://www.originfacts.com/airports/el-dorado","","",""
"error","500","airport","3","500","https://www.originfacts.com/airports/el-fasher","","",""
"error","500","airport","3","500","https://www.originfacts.com/airports/el-golea","","",""
"error","500","airport","3","500","https://www.originfacts.com/airports/el-nido","","",""
"error","500","airport","3","500","https://www.originfacts.com/airports/el-oued","","",""
"error","500","airport","3","500","https://www.originfacts.com/airports/el-palomar","","",""
"error","500","airport","3","500","https://www.originfacts.com/airports/el-paso","","",""
"error","500","airport","3","500","https://www.originfacts.com/airports/el-yopal","","",""
"error","500","airport","3","500","https://www.originfacts.com/airports/elat","","",""
"error","500","airport","3","500","https://www.originfacts.com/airports/elazig","","",""
"error","500","airport","3","500","https://www.originfacts.com/airports/elba-island","","",""
"error","500","airport","3","500","https://www.originfacts.com/airports/elcho-island","","",""
"error","500","airport","3","500","https://www.originfacts.com/airports/eldoret","","",""
"error","500","airport","3","500","https://www.originfacts.com/airports/elim","","",""
"error","500","airport","3","500","https://www.originfacts.com/airports/elista","","",""
"error","500","airport","3","500","https://www.originfacts.com/airports/elko","","",""
"error","500","airport","3","500","https://www.originfacts.com/airports/elmira","","",""
"error","500","airport","3","500","https://www.originfacts.com/airports/emerald","","",""
"error","500","airport","3","500","https://www.originfacts.com/airports/emmonak","","",""
"error","500","airport","3","500","https://www.originfacts.com/airports/ende","","",""
"error","500","airport","3","500","https://www.originfacts.com/airports/enfidha","","",""
"error","500","airport","3","500","https://www.originfacts.com/airports/enshi","","",""
"error","500","airport","3","500","https://www.originfacts.com/airports/entebbe","","",""
"error","500","airport","3","500","https://www.originfacts.com/airports/enugu","","",""
"error","500","airport","3","500","https://www.originfacts.com/airports/erbil","","",""
"error","500","airport","3","500","https://www.originfacts.com/airports/erbogachen","","",""
"error","500","airport","3","500","https://www.originfacts.com/airports/ercan","","",""
"error","500","airport","3","500","https://www.originfacts.com/airports/eren-hot","","",""
"error","500","airport","3","500","https://www.originfacts.com/airports/erfurt","","",""
"error","500","airport","3","500","https://www.originfacts.com/airports/erie","","",""
"error","500","airport","3","500","https://www.originfacts.com/airports/errachidia","","",""
"error","500","airport","3","500","https://www.originfacts.com/airports/erzincan","","",""
"error","500","airport","3","500","https://www.originfacts.com/airports/erzurum","","",""
"error","500","airport","3","500","https://www.originfacts.com/airports/esbjerg","","",""
"error","500","airport","3","500","https://www.originfacts.com/airports/escanaba","","",""
"error","500","airport","3","500","https://www.originfacts.com/airports/eskisehir","","",""
"error","500","airport","3","500","https://www.originfacts.com/airports/esmeraldas","","",""
"error","500","airport","3","500","https://www.originfacts.com/airports/esperance","","",""
"error","500","airport","3","500","https://www.originfacts.com/airports/espiritu-santo","","",""
"error","500","airport","3","500","https://www.originfacts.com/airports/esquel","","",""
"error","500","airport","3","500","https://www.originfacts.com/airports/essaouira","","",""
"error","500","airport","3","500","https://www.originfacts.com/airports/eugene","","",""
"error","500","airport","3","500","https://www.originfacts.com/airports/evansville","","",""
"error","500","airport","3","500","https://www.originfacts.com/airports/evensk","","",""
"error","500","airport","3","500","https://www.originfacts.com/airports/everett","","",""
"error","500","airport","3","500","https://www.originfacts.com/airports/exeter","","",""
"error","500","airport","3","500","https://www.originfacts.com/airports/fairbanks","","",""
"error","500","airport","3","500","https://www.originfacts.com/airports/faisalabad","","",""
"error","500","airport","3","500","https://www.originfacts.com/airports/faizabad","","",""
"error","500","airport","3","500","https://www.originfacts.com/airports/fak-fak","","",""
"error","500","airport","3","500","https://www.originfacts.com/airports/fakarava","","",""
"error","500","airport","3","500","https://www.originfacts.com/airports/fargo","","",""
"error","500","airport","3","500","https://www.originfacts.com/airports/farmington","","",""
"error","500","airport","3","500","https://www.originfacts.com/airports/faro","","",""
"error","500","airport","3","500","https://www.originfacts.com/airports/faroe-islands","","",""
"error","500","airport","3","500","https://www.originfacts.com/airports/fayetteville-fay","","",""
"error","500","airport","3","500","https://www.originfacts.com/airports/fayetteville-xna","","",""
"error","500","airport","3","500","https://www.originfacts.com/airports/feira-de-santana","","",""
"error","500","airport","3","500","https://www.originfacts.com/airports/fera-island","","",""
"error","500","airport","3","500","https://www.originfacts.com/airports/fergana","","",""
"error","500","airport","3","500","https://www.originfacts.com/airports/fernando-de-noronha","","",""
"error","500","airport","3","500","https://www.originfacts.com/airports/fez","","",""
"error","500","airport","3","500","https://www.originfacts.com/airports/figari","","",""
"error","500","airport","3","500","https://www.originfacts.com/airports/fitzroy-crossing","","",""
"error","500","airport","3","500","https://www.originfacts.com/airports/flagstaff-flg","","",""
"error","500","airport","3","500","https://www.originfacts.com/airports/flagstaff-gcn","","",""
"error","500","airport","3","500","https://www.originfacts.com/airports/flin-flon","","",""
"error","500","airport","3","500","https://www.originfacts.com/airports/flinders-island","","",""
"error","500","airport","3","500","https://www.originfacts.com/airports/flint","","",""
"error","500","airport","3","500","https://www.originfacts.com/airports/florence-flo","","",""
"error","500","airport","3","500","https://www.originfacts.com/airports/florence-flr","","",""
"error","500","airport","3","500","https://www.originfacts.com/airports/florencia","","",""
"error","500","airport","3","500","https://www.originfacts.com/airports/flores","","",""
"error","500","airport","3","500","https://www.originfacts.com/airports/flores-island-azores","","",""
"error","500","airport","3","500","https://www.originfacts.com/airports/florianopolis","","",""
"error","500","airport","3","500","https://www.originfacts.com/airports/floro","","",""
"error","500","airport","3","500","https://www.originfacts.com/airports/foggia","","",""
"error","500","airport","3","500","https://www.originfacts.com/airports/forde","","",""
"error","500","airport","3","500","https://www.originfacts.com/airports/forli","","",""
"error","500","airport","3","500","https://www.originfacts.com/airports/formosa","","",""
"error","500","airport","3","500","https://www.originfacts.com/airports/fort-albany","","",""
"error","500","airport","3","500","https://www.originfacts.com/airports/fort-chipewyan","","",""
"error","500","airport","3","500","https://www.originfacts.com/airports/fort-collins","","",""
"error","500","airport","3","500","https://www.originfacts.com/airports/fort-dauphin","","",""
"error","500","airport","3","500","https://www.originfacts.com/airports/fort-de-france","","",""
"error","500","airport","3","500","https://www.originfacts.com/airports/fort-dodge","","",""
"error","500","airport","3","500","https://www.originfacts.com/airports/fort-frances","","",""
"error","500","airport","3","500","https://www.originfacts.com/airports/fort-lauderdale-fll","","",""
"error","500","airport","3","500","https://www.originfacts.com/airports/fort-lauderdale-fxe","","",""
"error","500","airport","3","500","https://www.originfacts.com/airports/fort-mcmurray","","",""
"error","500","airport","3","500","https://www.originfacts.com/airports/fort-myers","","",""
"error","500","airport","3","500","https://www.originfacts.com/airports/fort-nelson","","",""
"error","500","airport","3","500","https://www.originfacts.com/airports/fort-simpson","","",""
"error","500","airport","3","500","https://www.originfacts.com/airports/fort-smith-fsm","","",""
"error","500","airport","3","500","https://www.originfacts.com/airports/fort-smith-ysm","","",""
"error","500","airport","3","500","https://www.originfacts.com/airports/fort-st-john","","",""
"error","500","airport","3","500","https://www.originfacts.com/airports/fort-walton-beach","","",""
"error","500","airport","3","500","https://www.originfacts.com/airports/fort-wayne","","",""
"error","500","airport","3","500","https://www.originfacts.com/airports/fort-yukon","","",""
"error","500","airport","3","500","https://www.originfacts.com/airports/fortaleza","","",""
"error","500","airport","3","500","https://www.originfacts.com/airports/fortuna","","",""
"error","500","airport","3","500","https://www.originfacts.com/airports/franceville","","",""
"error","500","airport","3","500","https://www.originfacts.com/airports/francistown","","",""
"error","500","airport","3","500","https://www.originfacts.com/airports/frankfurt-fra","","",""
"error","500","airport","3","500","https://www.originfacts.com/airports/frankfurt-hhn","","",""
"error","500","airport","3","500","https://www.originfacts.com/airports/franklin","","",""
"error","500","airport","3","500","https://www.originfacts.com/airports/fredericton","","",""
"error","500","airport","3","500","https://www.originfacts.com/airports/freeport","","",""
"error","500","airport","3","500","https://www.originfacts.com/airports/freetown","","",""
"error","500","airport","3","500","https://www.originfacts.com/airports/fresno","","",""
"error","500","airport","3","500","https://www.originfacts.com/airports/friday-harbor","","",""
"error","500","airport","3","500","https://www.originfacts.com/airports/friedrichshafen","","",""
"error","500","airport","3","500","https://www.originfacts.com/airports/fukue","","",""
"error","500","airport","3","500","https://www.originfacts.com/airports/fukuoka","","",""
"error","500","airport","3","500","https://www.originfacts.com/airports/fukushima","","",""
"error","500","airport","3","500","https://www.originfacts.com/airports/funafuti-atol","","",""
"error","500","airport","3","500","https://www.originfacts.com/airports/funchal","","",""
"error","500","airport","3","500","https://www.originfacts.com/airports/fuoshan","","",""
"error","500","airport","3","500","https://www.originfacts.com/airports/futuna-island","","",""
"error","500","airport","3","500","https://www.originfacts.com/airports/fuwamula","","",""
"error","500","airport","3","500","https://www.originfacts.com/airports/fuyang","","",""
"error","500","airport","3","500","https://www.originfacts.com/airports/fuyuan","","",""
"error","500","airport","3","500","https://www.originfacts.com/airports/fuzhou","","",""
"error","500","airport","3","500","https://www.originfacts.com/airports/fuzuli","","",""
"error","500","airport","3","500","https://www.originfacts.com/airports/gabala","","",""
"error","500","airport","3","500","https://www.originfacts.com/airports/gaborone","","",""
"error","500","airport","3","500","https://www.originfacts.com/airports/gainesville","","",""
"error","500","airport","3","500","https://www.originfacts.com/airports/galapagos-islands","","",""
"error","500","airport","3","500","https://www.originfacts.com/airports/galcaio","","",""
"error","500","airport","3","500","https://www.originfacts.com/airports/galena","","",""
"error","500","airport","3","500","https://www.originfacts.com/airports/gallivare","","",""
"error","500","airport","3","500","https://www.originfacts.com/airports/gallup","","",""
"error","500","airport","3","500","https://www.originfacts.com/airports/gambela","","",""
"error","500","airport","3","500","https://www.originfacts.com/airports/gambell","","",""
"error","500","airport","3","500","https://www.originfacts.com/airports/gambier-island","","",""
"error","500","airport","3","500","https://www.originfacts.com/airports/gan-island","","",""
"error","500","airport","3","500","https://www.originfacts.com/airports/gander","","",""
"error","500","airport","3","500","https://www.originfacts.com/airports/gangtok","","",""
"error","500","airport","3","500","https://www.originfacts.com/airports/ganja","","",""
"error","500","airport","3","500","https://www.originfacts.com/airports/ganzhou","","",""
"error","500","airport","3","500","https://www.originfacts.com/airports/garden-city","","",""
"error","500","airport","3","500","https://www.originfacts.com/airports/garissa","","",""
"error","500","airport","3","500","https://www.originfacts.com/airports/garoe","","",""
"error","500","airport","3","500","https://www.originfacts.com/airports/garoua","","",""
"error","500","airport","3","500","https://www.originfacts.com/airports/gaspe","","",""
"error","500","airport","3","500","https://www.originfacts.com/airports/gassim","","",""
"error","500","airport","3","500","https://www.originfacts.com/airports/gaya","","",""
"error","500","airport","3","500","https://www.originfacts.com/airports/gaziantep","","",""
"error","500","airport","3","500","https://www.originfacts.com/airports/gazipasa","","",""
"error","500","airport","3","500","https://www.originfacts.com/airports/gdansk","","",""
"error","500","airport","3","500","https://www.originfacts.com/airports/geita","","",""
"error","500","airport","3","500","https://www.originfacts.com/airports/gelendzik","","",""
"error","500","airport","3","500","https://www.originfacts.com/airports/geneina","","",""
"error","500","airport","3","500","https://www.originfacts.com/airports/general-santos-city","","",""
"error","500","airport","3","500","https://www.originfacts.com/airports/geneva","","",""
"error","500","airport","3","500","https://www.originfacts.com/airports/genoa","","",""
"error","500","airport","3","500","https://www.originfacts.com/airports/george","","",""
"error","500","airport","3","500","https://www.originfacts.com/airports/george-town","","",""
"error","500","airport","3","500","https://www.originfacts.com/airports/georgetown-geo","","",""
"error","500","airport","3","500","https://www.originfacts.com/airports/georgetown-ogl","","",""
"error","500","airport","3","500","https://www.originfacts.com/airports/geraldton","","",""
"error","500","airport","3","500","https://www.originfacts.com/airports/gethsemani","","",""
"error","500","airport","3","500","https://www.originfacts.com/airports/ghardaia","","",""
"error","500","airport","3","500","https://www.originfacts.com/airports/ghaziabad","","",""
"error","500","airport","3","500","https://www.originfacts.com/airports/gibraltar","","",""
"error","500","airport","3","500","https://www.originfacts.com/airports/gilgit","","",""
"error","500","airport","3","500","https://www.originfacts.com/airports/gillam","","",""
"error","500","airport","3","500","https://www.originfacts.com/airports/gillette","","",""
"error","500","airport","3","500","https://www.originfacts.com/airports/girona","","",""
"error","500","airport","3","500","https://www.originfacts.com/airports/gisborne","","",""
"error","500","airport","3","500","https://www.originfacts.com/airports/gizo","","",""
"error","500","airport","3","500","https://www.originfacts.com/airports/gjoa-haven","","",""
"error","500","airport","3","500","https://www.originfacts.com/airports/gladstone","","",""
"error","500","airport","3","500","https://www.originfacts.com/airports/glasgow-ggw","","",""
"error","500","airport","3","500","https://www.originfacts.com/airports/glasgow-gla","","",""
"error","500","airport","3","500","https://www.originfacts.com/airports/glasgow-pik","","",""
"error","500","airport","3","500","https://www.originfacts.com/airports/glendive","","",""
"error","500","airport","3","500","https://www.originfacts.com/airports/goa-goi","","",""
"error","500","airport","3","500","https://www.originfacts.com/airports/goa-gox","","",""
"error","500","airport","3","500","https://www.originfacts.com/airports/goba","","",""
"error","500","airport","3","500","https://www.originfacts.com/airports/gode-iddidole","","",""
"error","500","airport","3","500","https://www.originfacts.com/airports/gods-lake-narrows","","",""
"error","500","airport","3","500","https://www.originfacts.com/airports/gods-river","","",""
"error","500","airport","3","500","https://www.originfacts.com/airports/goiania","","",""
"error","500","airport","3","500","https://www.originfacts.com/airports/golfito","","",""
"error","500","airport","3","500","https://www.originfacts.com/airports/golgen","","",""
"error","500","airport","3","500","https://www.originfacts.com/airports/golmud","","",""
"error","500","airport","3","500","https://www.originfacts.com/airports/golovin","","",""
"error","500","airport","3","500","https://www.originfacts.com/airports/goma","","",""
"error","500","airport","3","500","https://www.originfacts.com/airports/gombe","","",""
"error","500","airport","3","500","https://www.originfacts.com/airports/gomel","","",""
"error","500","airport","3","500","https://www.originfacts.com/airports/gondar","","",""
"error","500","airport","3","500","https://www.originfacts.com/airports/gondia","","",""
"error","500","airport","3","500","https://www.originfacts.com/airports/goose-bay","","",""
"error","500","airport","3","500","https://www.originfacts.com/airports/gorakhpur","","",""
"error","500","airport","3","500","https://www.originfacts.com/airports/gorgon","","",""
"error","500","airport","3","500","https://www.originfacts.com/airports/gorno-altaysk","","",""
"error","500","airport","3","500","https://www.originfacts.com/airports/goroka","","",""
"error","500","airport","3","500","https://www.originfacts.com/airports/gorontalo","","",""
"error","500","airport","3","500","https://www.originfacts.com/airports/gothenburg","","",""
"error","500","airport","3","500","https://www.originfacts.com/airports/goulimime","","",""
"error","500","airport","3","500","https://www.originfacts.com/airports/gove","","",""
"error","500","airport","3","500","https://www.originfacts.com/airports/governador-valadares","","",""
"error","500","airport","3","500","https://www.originfacts.com/airports/governor-s-harbour","","",""
"error","500","airport","3","500","https://www.originfacts.com/airports/graciosa-island-azores","","",""
"error","500","airport","3","500","https://www.originfacts.com/airports/grafton","","",""
"error","500","airport","3","500","https://www.originfacts.com/airports/granada","","",""
"error","500","airport","3","500","https://www.originfacts.com/airports/grand-cayman-island","","",""
"error","500","airport","3","500","https://www.originfacts.com/airports/grand-forks","","",""
"error","500","airport","3","500","https://www.originfacts.com/airports/grand-island","","",""
"error","500","airport","3","500","https://www.originfacts.com/airports/grand-junction","","",""
"error","500","airport","3","500","https://www.originfacts.com/airports/grand-rapids","","",""
"error","500","airport","3","500","https://www.originfacts.com/airports/grand-turk-island","","",""
"error","500","airport","3","500","https://www.originfacts.com/airports/grande-prairie","","",""
"error","500","airport","3","500","https://www.originfacts.com/airports/grayling","","",""
"error","500","airport","3","500","https://www.originfacts.com/airports/graz","","",""
"error","500","airport","3","500","https://www.originfacts.com/airports/great-falls","","",""
"error","500","airport","3","500","https://www.originfacts.com/airports/green-bay","","",""
"error","500","airport","3","500","https://www.originfacts.com/airports/greensboro-high-point","","",""
"error","500","airport","3","500","https://www.originfacts.com/airports/greenville-glh","","",""
"error","500","airport","3","500","https://www.originfacts.com/airports/greenville-gsp","","",""
"error","500","airport","3","500","https://www.originfacts.com/airports/greenville-pgv","","",""
"error","500","airport","3","500","https://www.originfacts.com/airports/grenoble","","",""
"error","500","airport","3","500","https://www.originfacts.com/airports/griffith","","",""
"error","500","airport","3","500","https://www.originfacts.com/airports/grodno","","",""
"error","500","airport","3","500","https://www.originfacts.com/airports/groningen","","",""
"error","500","airport","3","500","https://www.originfacts.com/airports/groote-island","","",""
"error","500","airport","3","500","https://www.originfacts.com/airports/groznyy","","",""
"error","500","airport","3","500","https://www.originfacts.com/airports/guadalajara","","",""
"error","500","airport","3","500","https://www.originfacts.com/airports/guam","","",""
"error","500","airport","3","500","https://www.originfacts.com/airports/guanambi","","",""
"error","500","airport","3","500","https://www.originfacts.com/airports/guang-yuan","","",""
"error","500","airport","3","500","https://www.originfacts.com/airports/guangzhou","","",""
"error","500","airport","3","500","https://www.originfacts.com/airports/guantanamo","","",""
"error","500","airport","3","500","https://www.originfacts.com/airports/guapi","","",""
"error","500","airport","3","500","https://www.originfacts.com/airports/guarapuava","","",""
"error","500","airport","3","500","https://www.originfacts.com/airports/guatemala-city","","",""
"error","500","airport","3","500","https://www.originfacts.com/airports/guayaquil","","",""
"error","500","airport","3","500","https://www.originfacts.com/airports/guayaramerin","","",""
"error","500","airport","3","500","https://www.originfacts.com/airports/guernsey","","",""
"error","500","airport","3","500","https://www.originfacts.com/airports/guilin","","",""
"error","500","airport","3","500","https://www.originfacts.com/airports/guiyang","","",""
"error","500","airport","3","500","https://www.originfacts.com/airports/gulfport","","",""
"error","500","airport","3","500","https://www.originfacts.com/airports/gunnison","","",""
"error","500","airport","3","500","https://www.originfacts.com/airports/gunsan","","",""
"error","500","airport","3","500","https://www.originfacts.com/airports/gunungsitoli","","",""
"error","500","airport","3","500","https://www.originfacts.com/airports/gurayat","","",""
"error","500","airport","3","500","https://www.originfacts.com/airports/gusau","","",""
"error","500","airport","3","500","https://www.originfacts.com/airports/gustavus","","",""
"error","500","airport","3","500","https://www.originfacts.com/airports/guwahati","","",""
"error","500","airport","3","500","https://www.originfacts.com/airports/guyuan","","",""
"error","500","airport","3","500","https://www.originfacts.com/airports/gwadar","","",""
"error","500","airport","3","500","https://www.originfacts.com/airports/gwalior","","",""
"error","500","airport","3","500","https://www.originfacts.com/airports/gwangju-kwj","","",""
"error","500","airport","3","500","https://www.originfacts.com/airports/gwangju-mwx","","",""
"error","500","airport","3","500","https://www.originfacts.com/airports/gyoumri","","",""
"error","500","airport","3","500","https://www.originfacts.com/airports/ha-apai","","",""
"error","500","airport","3","500","https://www.originfacts.com/airports/hachijo-jima","","",""
"error","500","airport","3","500","https://www.originfacts.com/airports/hagerstown","","",""
"error","500","airport","3","500","https://www.originfacts.com/airports/hagfors","","",""
"error","500","airport","3","500","https://www.originfacts.com/airports/haifa","","",""
"error","500","airport","3","500","https://www.originfacts.com/airports/haikou","","",""
"error","500","airport","3","500","https://www.originfacts.com/airports/hail","","",""
"error","500","airport","3","500","https://www.originfacts.com/airports/hailar","","",""
"error","500","airport","3","500","https://www.originfacts.com/airports/haines","","",""
"error","500","airport","3","500","https://www.originfacts.com/airports/haiphong","","",""
"error","500","airport","3","500","https://www.originfacts.com/airports/hakkari","","",""
"error","500","airport","3","500","https://www.originfacts.com/airports/hakodate","","",""
"error","500","airport","3","500","https://www.originfacts.com/airports/halifax","","",""
"error","500","airport","3","500","https://www.originfacts.com/airports/hall-beach","","",""
"error","500","airport","3","500","https://www.originfacts.com/airports/halls-creek","","",""
"error","500","airport","3","500","https://www.originfacts.com/airports/halmstad","","",""
"error","500","airport","3","500","https://www.originfacts.com/airports/hamadan","","",""
"error","500","airport","3","500","https://www.originfacts.com/airports/hambantota","","",""
"error","500","airport","3","500","https://www.originfacts.com/airports/hamburg-ham","","",""
"error","500","airport","3","500","https://www.originfacts.com/airports/hamburg-lbc","","",""
"error","500","airport","3","500","https://www.originfacts.com/airports/hamburg-xfw","","",""
"error","500","airport","3","500","https://www.originfacts.com/airports/hami","","",""
"error","500","airport","3","500","https://www.originfacts.com/airports/hamilton","","",""
"error","500","airport","3","500","https://www.originfacts.com/airports/hamilton-island","","",""
"error","500","airport","3","500","https://www.originfacts.com/airports/hammerfest","","",""
"error","500","airport","3","500","https://www.originfacts.com/airports/hana","","",""
"error","500","airport","3","500","https://www.originfacts.com/airports/hanamaki","","",""
"error","500","airport","3","500","https://www.originfacts.com/airports/hancock","","",""
"error","500","airport","3","500","https://www.originfacts.com/airports/handan","","",""
"error","500","airport","3","500","https://www.originfacts.com/airports/hangzhou","","",""
"error","500","airport","3","500","https://www.originfacts.com/airports/hanimaadhoo","","",""
"error","500","airport","3","500","https://www.originfacts.com/airports/hanoi","","",""
"error","500","airport","3","500","https://www.originfacts.com/airports/hanover","","",""
"error","500","airport","3","500","https://www.originfacts.com/airports/hanzhong","","",""
"error","500","airport","3","500","https://www.originfacts.com/airports/harare","","",""
"error","500","airport","3","500","https://www.originfacts.com/airports/harbin","","",""
"error","500","airport","3","500","https://www.originfacts.com/airports/hargeisa","","",""
"error","500","airport","3","500","https://www.originfacts.com/airports/harlingen","","",""
"error","500","airport","3","500","https://www.originfacts.com/airports/harrison","","",""
"error","500","airport","3","500","https://www.originfacts.com/airports/harstad-narvik","","",""
"error","500","airport","3","500","https://www.originfacts.com/airports/hartford","","",""
"error","500","airport","3","500","https://www.originfacts.com/airports/hassi-messaoud","","",""
"error","500","airport","3","500","https://www.originfacts.com/airports/hasvik","","",""
"error","500","airport","3","500","https://www.originfacts.com/airports/hat-yai","","",""
"error","500","airport","3","500","https://www.originfacts.com/airports/hatanga","","",""
"error","500","airport","3","500","https://www.originfacts.com/airports/hatton","","",""
"error","500","airport","3","500","https://www.originfacts.com/airports/haugesund","","",""
"error","500","airport","3","500","https://www.originfacts.com/airports/havana","","",""
"error","500","airport","3","500","https://www.originfacts.com/airports/havre","","",""
"error","500","airport","3","500","https://www.originfacts.com/airports/hawthorne","","",""
"error","500","airport","3","500","https://www.originfacts.com/airports/hay-river","","",""
"error","500","airport","3","500","https://www.originfacts.com/airports/hayden","","",""
"error","500","airport","3","500","https://www.originfacts.com/airports/hays","","",""
"error","500","airport","3","500","https://www.originfacts.com/airports/hayward","","",""
"error","500","airport","3","500","https://www.originfacts.com/airports/hefei","","",""
"error","500","airport","3","500","https://www.originfacts.com/airports/heho","","",""
"error","500","airport","3","500","https://www.originfacts.com/airports/heihe","","",""
"error","500","airport","3","500","https://www.originfacts.com/airports/helena","","",""
"error","500","airport","3","500","https://www.originfacts.com/airports/helsinki","","",""
"error","500","airport","3","500","https://www.originfacts.com/airports/hemavan","","",""
"error","500","airport","3","500","https://www.originfacts.com/airports/hengyang","","",""
"error","500","airport","3","500","https://www.originfacts.com/airports/heraklion","","",""
"error","500","airport","3","500","https://www.originfacts.com/airports/herat","","",""
"error","500","airport","3","500","https://www.originfacts.com/airports/heringsdorf","","",""
"error","500","airport","3","500","https://www.originfacts.com/airports/hermosillo","","",""
"error","500","airport","3","500","https://www.originfacts.com/airports/hervey-bay","","",""
"error","500","airport","3","500","https://www.originfacts.com/airports/heze","","",""
"error","500","airport","3","500","https://www.originfacts.com/airports/hibbing","","",""
"error","500","airport","3","500","https://www.originfacts.com/airports/high-level","","",""
"error","500","airport","3","500","https://www.originfacts.com/airports/hilo","","",""
"error","500","airport","3","500","https://www.originfacts.com/airports/hilton-head","","",""
"error","500","airport","3","500","https://www.originfacts.com/airports/hiroshima","","",""
"error","500","airport","3","500","https://www.originfacts.com/airports/ho-chi-minh-city","","",""
"error","500","airport","3","500","https://www.originfacts.com/airports/hobart","","",""
"error","500","airport","3","500","https://www.originfacts.com/airports/hobbs","","",""
"error","500","airport","3","500","https://www.originfacts.com/airports/hoedspruit","","",""
"error","500","airport","3","500","https://www.originfacts.com/airports/hofuf","","",""
"error","500","airport","3","500","https://www.originfacts.com/airports/hohhot","","",""
"error","500","airport","3","500","https://www.originfacts.com/airports/hokitika","","",""
"error","500","airport","3","500","https://www.originfacts.com/airports/holguin","","",""
"error","500","airport","3","500","https://www.originfacts.com/airports/holman","","",""
"error","500","airport","3","500","https://www.originfacts.com/airports/holy-cross","","",""
"error","500","airport","3","500","https://www.originfacts.com/airports/homalin","","",""
"error","500","airport","3","500","https://www.originfacts.com/airports/homer","","",""
"error","500","airport","3","500","https://www.originfacts.com/airports/hong-kong","","",""
"error","500","airport","3","500","https://www.originfacts.com/airports/honiara","","",""
"error","500","airport","3","500","https://www.originfacts.com/airports/honningsvag","","",""
"error","500","airport","3","500","https://www.originfacts.com/airports/honolulu","","",""
"error","500","airport","3","500","https://www.originfacts.com/airports/hoolehua","","",""
"error","500","airport","3","500","https://www.originfacts.com/airports/hoonah","","",""
"error","500","airport","3","500","https://www.originfacts.com/airports/hooper-bay","","",""
"error","500","airport","3","500","https://www.originfacts.com/airports/hopedale","","",""
"error","500","airport","3","500","https://www.originfacts.com/airports/horn-island","","",""
"error","500","airport","3","500","https://www.originfacts.com/airports/horta-azores","","",""
"error","500","airport","3","500","https://www.originfacts.com/airports/hoskins","","",""
"error","500","airport","3","500","https://www.originfacts.com/airports/hot-springs","","",""
"error","500","airport","3","500","https://www.originfacts.com/airports/hotan","","",""
"error","500","airport","3","500","https://www.originfacts.com/airports/houston-hou","","",""
"error","500","airport","3","500","https://www.originfacts.com/airports/houston-iah","","",""
"error","500","airport","3","500","https://www.originfacts.com/airports/hua-hin","","",""
"error","500","airport","3","500","https://www.originfacts.com/airports/huahine","","",""
"error","500","airport","3","500","https://www.originfacts.com/airports/huai-an","","",""
"error","500","airport","3","500","https://www.originfacts.com/airports/huaihua","","",""
"error","500","airport","3","500","https://www.originfacts.com/airports/hualien","","",""
"error","500","airport","3","500","https://www.originfacts.com/airports/huambo","","",""
"error","500","airport","3","500","https://www.originfacts.com/airports/huanuco","","",""
"error","500","airport","3","500","https://www.originfacts.com/airports/huatulco","","",""
"error","500","airport","3","500","https://www.originfacts.com/airports/hubli","","",""
"error","500","airport","3","500","https://www.originfacts.com/airports/hubs","","",""
"error","500","airport","3","500","https://www.originfacts.com/airports/hue","","",""
"error","500","airport","3","500","https://www.originfacts.com/airports/hughenden","","",""
"error","500","airport","3","500","https://www.originfacts.com/airports/hughes","","",""
"error","500","airport","3","500","https://www.originfacts.com/airports/huizhou","","",""
"error","500","airport","3","500","https://www.originfacts.com/airports/humberside","","",""
"error","500","airport","3","500","https://www.originfacts.com/airports/humera","","",""
"error","500","airport","3","500","https://www.originfacts.com/airports/huntington","","",""
"error","500","airport","3","500","https://www.originfacts.com/airports/huntsville","","",""
"error","500","airport","3","500","https://www.originfacts.com/airports/hurghada","","",""
"error","500","airport","3","500","https://www.originfacts.com/airports/huron","","",""
"error","500","airport","3","500","https://www.originfacts.com/airports/huslia","","",""
"error","500","airport","3","500","https://www.originfacts.com/airports/hyannis","","",""
"error","500","airport","3","500","https://www.originfacts.com/airports/hydaburg","","",""
"error","500","airport","3","500","https://www.originfacts.com/airports/hyderabad","","",""
"error","500","airport","3","500","https://www.originfacts.com/airports/iasi","","",""
"error","500","airport","3","500","https://www.originfacts.com/airports/ibadan","","",""
"error","500","airport","3","500","https://www.originfacts.com/airports/ibague","","",""
"error","500","airport","3","500","https://www.originfacts.com/airports/ibiza","","",""
"error","500","airport","3","500","https://www.originfacts.com/airports/idaho-falls","","",""
"error","500","airport","3","500","https://www.originfacts.com/airports/igarka","","",""
"error","500","airport","3","500","https://www.originfacts.com/airports/igdir","","",""
"error","500","airport","3","500","https://www.originfacts.com/airports/igiugig","","",""
"error","500","airport","3","500","https://www.originfacts.com/airports/igloolik","","",""
"error","500","airport","3","500","https://www.originfacts.com/airports/igrim","","",""
"error","500","airport","3","500","https://www.originfacts.com/airports/iguassu-falls","","",""
"error","500","airport","3","500","https://www.originfacts.com/airports/iguazu","","",""
"error","500","airport","3","500","https://www.originfacts.com/airports/ikaria-island","","",""
"error","500","airport","3","500","https://www.originfacts.com/airports/iki","","",""
"error","500","airport","3","500","https://www.originfacts.com/airports/ilaam","","",""
"error","500","airport","3","500","https://www.originfacts.com/airports/ile-des-pins","","",""
"error","500","airport","3","500","https://www.originfacts.com/airports/iles-de-la-madeleine","","",""
"error","500","airport","3","500","https://www.originfacts.com/airports/ilheus","","",""
"error","500","airport","3","500","https://www.originfacts.com/airports/iliamna","","",""
"error","500","airport","3","500","https://www.originfacts.com/airports/illizi","","",""
"error","500","airport","3","500","https://www.originfacts.com/airports/iloilo","","",""
"error","500","airport","3","500","https://www.originfacts.com/airports/ilorin","","",""
"error","500","airport","3","500","https://www.originfacts.com/airports/ilulissat","","",""
"error","500","airport","3","500","https://www.originfacts.com/airports/imo","","",""
"error","500","airport","3","500","https://www.originfacts.com/airports/imperatriz","","",""
"error","500","airport","3","500","https://www.originfacts.com/airports/imperial","","",""
"error","500","airport","3","500","https://www.originfacts.com/airports/imphal","","",""
"error","500","airport","3","500","https://www.originfacts.com/airports/in-amenas","","",""
"error","500","airport","3","500","https://www.originfacts.com/airports/in-guezzam","","",""
"error","500","airport","3","500","https://www.originfacts.com/airports/in-salah","","",""
"error","500","airport","3","500","https://www.originfacts.com/airports/inagua","","",""
"error","500","airport","3","500","https://www.originfacts.com/airports/indaselassie","","",""
"error","500","airport","3","500","https://www.originfacts.com/airports/independence","","",""
"error","500","airport","3","500","https://www.originfacts.com/airports/indianapolis","","",""
"error","500","airport","3","500","https://www.originfacts.com/airports/indore","","",""
"error","500","airport","3","500","https://www.originfacts.com/airports/inhambane","","",""
"error","500","airport","3","500","https://www.originfacts.com/airports/innsbruck","","",""
"error","500","airport","3","500","https://www.originfacts.com/airports/inta","","",""
"error","500","airport","3","500","https://www.originfacts.com/airports/international-falls","","",""
"error","500","airport","3","500","https://www.originfacts.com/airports/inuvik","","",""
"error","500","airport","3","500","https://www.originfacts.com/airports/invercargill","","",""
"error","500","airport","3","500","https://www.originfacts.com/airports/inverell","","",""
"error","500","airport","3","500","https://www.originfacts.com/airports/inverness","","",""
"error","500","airport","3","500","https://www.originfacts.com/airports/ioannina","","",""
"error","500","airport","3","500","https://www.originfacts.com/airports/ipatinga","","",""
"error","500","airport","3","500","https://www.originfacts.com/airports/ipiales","","",""
"error","500","airport","3","500","https://www.originfacts.com/airports/ipoh","","",""
"error","500","airport","3","500","https://www.originfacts.com/airports/iqaluit","","",""
"error","500","airport","3","500","https://www.originfacts.com/airports/iquique","","",""
"error","500","airport","3","500","https://www.originfacts.com/airports/iquitos","","",""
"error","500","airport","3","500","https://www.originfacts.com/airports/iringa","","",""
"error","500","airport","3","500","https://www.originfacts.com/airports/irkutsk","","",""
"error","500","airport","3","500","https://www.originfacts.com/airports/iron-mountain","","",""
"error","500","airport","3","500","https://www.originfacts.com/airports/ironwood","","",""
"error","500","airport","3","500","https://www.originfacts.com/airports/isafjordur","","",""
"error","500","airport","3","500","https://www.originfacts.com/airports/isfahan","","",""
"error","500","airport","3","500","https://www.originfacts.com/airports/ishigaki","","",""
"error","500","airport","3","500","https://www.originfacts.com/airports/islamabad","","",""
"error","500","airport","3","500","https://www.originfacts.com/airports/island-lake","","",""
"error","500","airport","3","500","https://www.originfacts.com/airports/islay","","",""
"error","500","airport","3","500","https://www.originfacts.com/airports/isle-of-man","","",""
"error","500","airport","3","500","https://www.originfacts.com/airports/isparta","","",""
"error","500","airport","3","500","https://www.originfacts.com/airports/istanbul-ist","","",""
"error","500","airport","3","500","https://www.originfacts.com/airports/istanbul-saw","","",""
"error","500","airport","3","500","https://www.originfacts.com/airports/itaituba","","",""
"error","500","airport","3","500","https://www.originfacts.com/airports/itanagar","","",""
"error","500","airport","3","500","https://www.originfacts.com/airports/ithaca","","",""
"error","500","airport","3","500","https://www.originfacts.com/airports/iturup","","",""
"error","500","airport","3","500","https://www.originfacts.com/airports/ivalo","","",""
"error","500","airport","3","500","https://www.originfacts.com/airports/ivano-frankovsk","","",""
"error","500","airport","3","500","https://www.originfacts.com/airports/ivanovo","","",""
"error","500","airport","3","500","https://www.originfacts.com/airports/iwakuni","","",""
"error","500","airport","3","500","https://www.originfacts.com/airports/ixtapa-zihuatanejo","","",""
"error","500","airport","3","500","https://www.originfacts.com/airports/izhevsk","","",""
"error","500","airport","3","500","https://www.originfacts.com/airports/izmir","","",""
"error","500","airport","3","500","https://www.originfacts.com/airports/izmit","","",""
"error","500","airport","3","500","https://www.originfacts.com/airports/izumo","","",""
"error","500","airport","3","500","https://www.originfacts.com/airports/jabalpur","","",""
"error","500","airport","3","500","https://www.originfacts.com/airports/jackson-jac","","",""
"error","500","airport","3","500","https://www.originfacts.com/airports/jackson-jan","","",""
"error","500","airport","3","500","https://www.originfacts.com/airports/jackson-mkl","","",""
"error","500","airport","3","500","https://www.originfacts.com/airports/jacksonville","","",""
"error","500","airport","3","500","https://www.originfacts.com/airports/jaffna","","",""
"error","500","airport","3","500","https://www.originfacts.com/airports/jagdalpur","","",""
"error","500","airport","3","500","https://www.originfacts.com/airports/jaguaruna","","",""
"error","500","airport","3","500","https://www.originfacts.com/airports/jaipur","","",""
"error","500","airport","3","500","https://www.originfacts.com/airports/jaisalmer","","",""
"error","500","airport","3","500","https://www.originfacts.com/airports/jakarta-cgk","","",""
"error","500","airport","3","500","https://www.originfacts.com/airports/jakarta-hlp","","",""
"error","500","airport","3","500","https://www.originfacts.com/airports/jalandhar","","",""
"error","500","airport","3","500","https://www.originfacts.com/airports/jambi","","",""
"error","500","airport","3","500","https://www.originfacts.com/airports/jamestown-jhw","","",""
"error","500","airport","3","500","https://www.originfacts.com/airports/jamestown-jms","","",""
"error","500","airport","3","500","https://www.originfacts.com/airports/jamestown-saint-helena","","",""
"error","500","airport","3","500","https://www.originfacts.com/airports/jammu","","",""
"error","500","airport","3","500","https://www.originfacts.com/airports/jamnagar","","",""
"error","500","airport","3","500","https://www.originfacts.com/airports/janakpur","","",""
"error","500","airport","3","500","https://www.originfacts.com/airports/jaque","","",""
"error","500","airport","3","500","https://www.originfacts.com/airports/jauja","","",""
"error","500","airport","3","500","https://www.originfacts.com/airports/jayapura","","",""
"error","500","airport","3","500","https://www.originfacts.com/airports/jazan","","",""
"error","500","airport","3","500","https://www.originfacts.com/airports/jeddah","","",""
"error","500","airport","3","500","https://www.originfacts.com/airports/jeju","","",""
"error","500","airport","3","500","https://www.originfacts.com/airports/jeki","","",""
"error","500","airport","3","500","https://www.originfacts.com/airports/jemaja-island","","",""
"error","500","airport","3","500","https://www.originfacts.com/airports/jerez-de-la-frontera","","",""
"error","500","airport","3","500","https://www.originfacts.com/airports/jericoacoara","","",""
"error","500","airport","3","500","https://www.originfacts.com/airports/jersey","","",""
"error","500","airport","3","500","https://www.originfacts.com/airports/jessore","","",""
"error","500","airport","3","500","https://www.originfacts.com/airports/jeypore","","",""
"error","500","airport","3","500","https://www.originfacts.com/airports/jharsuguda","","",""
"error","500","airport","3","500","https://www.originfacts.com/airports/ji-an","","",""
"error","500","airport","3","500","https://www.originfacts.com/airports/ji-parana","","",""
"error","500","airport","3","500","https://www.originfacts.com/airports/jiagedaqi-district","","",""
"error","500","airport","3","500","https://www.originfacts.com/airports/jiamusi","","",""
"error","500","airport","3","500","https://www.originfacts.com/airports/jiansanjiang","","",""
"error","500","airport","3","500","https://www.originfacts.com/airports/jiayuguan","","",""
"error","500","airport","3","500","https://www.originfacts.com/airports/jieyang","","",""
"error","500","airport","3","500","https://www.originfacts.com/airports/jijel","","",""
"error","500","airport","3","500","https://www.originfacts.com/airports/jijiga","","",""
"error","500","airport","3","500","https://www.originfacts.com/airports/jimma","","",""
"error","500","airport","3","500","https://www.originfacts.com/airports/jinan","","",""
"error","500","airport","3","500","https://www.originfacts.com/airports/jinchang","","",""
"error","500","airport","3","500","https://www.originfacts.com/airports/jingdezhen","","",""
"error","500","airport","3","500","https://www.originfacts.com/airports/jinghong","","",""
"error","500","airport","3","500","https://www.originfacts.com/airports/jining","","",""
"error","500","airport","3","500","https://www.originfacts.com/airports/jinjiang","","",""
"error","500","airport","3","500","https://www.originfacts.com/airports/jinju","","",""
"error","500","airport","3","500","https://www.originfacts.com/airports/jinka","","",""
"error","500","airport","3","500","https://www.originfacts.com/airports/jinzhou","","",""
"error","500","airport","3","500","https://www.originfacts.com/airports/jiujiang","","",""
"error","500","airport","3","500","https://www.originfacts.com/airports/jixi","","",""
"error","500","airport","3","500","https://www.originfacts.com/airports/joao-pessoa","","",""
"error","500","airport","3","500","https://www.originfacts.com/airports/jodhpur","","",""
"error","500","airport","3","500","https://www.originfacts.com/airports/joensuu","","",""
"error","500","airport","3","500","https://www.originfacts.com/airports/johannesburg-hla","","",""
"error","500","airport","3","500","https://www.originfacts.com/airports/johannesburg-jnb","","",""
"error","500","airport","3","500","https://www.originfacts.com/airports/johnstown","","",""
"error","500","airport","3","500","https://www.originfacts.com/airports/johor-bharu","","",""
"error","500","airport","3","500","https://www.originfacts.com/airports/joinville","","",""
"error","500","airport","3","500","https://www.originfacts.com/airports/jonesboro","","",""
"error","500","airport","3","500","https://www.originfacts.com/airports/jonkoping","","",""
"error","500","airport","3","500","https://www.originfacts.com/airports/joplin","","",""
"error","500","airport","3","500","https://www.originfacts.com/airports/jorhat","","",""
"error","500","airport","3","500","https://www.originfacts.com/airports/jos","","",""
"error","500","airport","3","500","https://www.originfacts.com/airports/jouf","","",""
"error","500","airport","3","500","https://www.originfacts.com/airports/juazeiro-do-norte","","",""
"error","500","airport","3","500","https://www.originfacts.com/airports/juba","","",""
"error","500","airport","3","500","https://www.originfacts.com/airports/juiz-de-fora","","",""
"error","500","airport","3","500","https://www.originfacts.com/airports/jujuy","","",""
"error","500","airport","3","500","https://www.originfacts.com/airports/julia-creek","","",""
"error","500","airport","3","500","https://www.originfacts.com/airports/juliaca","","",""
"error","500","airport","3","500","https://www.originfacts.com/airports/juneau","","",""
"error","500","airport","3","500","https://www.originfacts.com/airports/jyvaskyla","","",""
"error","500","airport","3","500","https://www.originfacts.com/airports/kabri-dar","","",""
"error","500","airport","3","500","https://www.originfacts.com/airports/kabul","","",""
"error","500","airport","3","500","https://www.originfacts.com/airports/kaduna","","",""
"error","500","airport","3","500","https://www.originfacts.com/airports/kagau","","",""
"error","500","airport","3","500","https://www.originfacts.com/airports/kagoshima","","",""
"error","500","airport","3","500","https://www.originfacts.com/airports/kahramanmaras","","",""
"error","500","airport","3","500","https://www.originfacts.com/airports/kahului","","",""
"error","500","airport","3","500","https://www.originfacts.com/airports/kaili","","",""
"error","500","airport","3","500","https://www.originfacts.com/airports/kailua-kona","","",""
"error","500","airport","3","500","https://www.originfacts.com/airports/kaimana","","",""
"error","500","airport","3","500","https://www.originfacts.com/airports/kajaani","","",""
"error","500","airport","3","500","https://www.originfacts.com/airports/kakamega","","",""
"error","500","airport","3","500","https://www.originfacts.com/airports/kalabo","","",""
"error","500","airport","3","500","https://www.originfacts.com/airports/kalaburagi","","",""
"error","500","airport","3","500","https://www.originfacts.com/airports/kalamata","","",""
"error","500","airport","3","500","https://www.originfacts.com/airports/kalamazoo","","",""
"error","500","airport","3","500","https://www.originfacts.com/airports/kalat","","",""
"error","500","airport","3","500","https://www.originfacts.com/airports/kalemie","","",""
"error","500","airport","3","500","https://www.originfacts.com/airports/kalemyo","","",""
"error","500","airport","3","500","https://www.originfacts.com/airports/kalgoorlie","","",""
"error","500","airport","3","500","https://www.originfacts.com/airports/kalibo","","",""
"error","500","airport","3","500","https://www.originfacts.com/airports/kaliningrad","","",""
"error","500","airport","3","500","https://www.originfacts.com/airports/kalispell","","",""
"error","500","airport","3","500","https://www.originfacts.com/airports/kalmar","","",""
"error","500","airport","3","500","https://www.originfacts.com/airports/kalskag","","",""
"error","500","airport","3","500","https://www.originfacts.com/airports/kaltag","","",""
"error","500","airport","3","500","https://www.originfacts.com/airports/kaluga","","",""
"error","500","airport","3","500","https://www.originfacts.com/airports/kalumburu","","",""
"error","500","airport","3","500","https://www.originfacts.com/airports/kalymnos","","",""
"error","500","airport","3","500","https://www.originfacts.com/airports/kamau","","",""
"error","500","airport","3","500","https://www.originfacts.com/airports/kamembe","","",""
"error","500","airport","3","500","https://www.originfacts.com/airports/kameshli","","",""
"error","500","airport","3","500","https://www.originfacts.com/airports/kamloops","","",""
"error","500","airport","3","500","https://www.originfacts.com/airports/kamuela","","",""
"error","500","airport","3","500","https://www.originfacts.com/airports/kandahar","","",""
"error","500","airport","3","500","https://www.originfacts.com/airports/kandavu","","",""
"error","500","airport","3","500","https://www.originfacts.com/airports/kandla","","",""
"error","500","airport","3","500","https://www.originfacts.com/airports/kandy","","",""
"error","500","airport","3","500","https://www.originfacts.com/airports/kangding","","",""
"error","500","airport","3","500","https://www.originfacts.com/airports/kangerlussuaq","","",""
"error","500","airport","3","500","https://www.originfacts.com/airports/kangiqsualujjuaq","","",""
"error","500","airport","3","500","https://www.originfacts.com/airports/kangiqsujuaq","","",""
"error","500","airport","3","500","https://www.originfacts.com/airports/kangirsuk","","",""
"error","500","airport","3","500","https://www.originfacts.com/airports/kannur","","",""
"error","500","airport","3","500","https://www.originfacts.com/airports/kano","","",""
"error","500","airport","3","500","https://www.originfacts.com/airports/kanpur","","",""
"error","500","airport","3","500","https://www.originfacts.com/airports/kansas-city-mci","","",""
"error","500","airport","3","500","https://www.originfacts.com/airports/kansas-city-mkc","","",""
"error","500","airport","3","500","https://www.originfacts.com/airports/kaohsiung","","",""
"error","500","airport","3","500","https://www.originfacts.com/airports/kapalua","","",""
"error","500","airport","3","500","https://www.originfacts.com/airports/kapuskasing","","",""
"error","500","airport","3","500","https://www.originfacts.com/airports/karachi","","",""
"error","500","airport","3","500","https://www.originfacts.com/airports/karaganda","","",""
"error","500","airport","3","500","https://www.originfacts.com/airports/karakol","","",""
"error","500","airport","3","500","https://www.originfacts.com/airports/karamay","","",""
"error","500","airport","3","500","https://www.originfacts.com/airports/kardla","","",""
"error","500","airport","3","500","https://www.originfacts.com/airports/karlovy-vary","","",""
"error","500","airport","3","500","https://www.originfacts.com/airports/karlsruhe-baden-baden","","",""
"error","500","airport","3","500","https://www.originfacts.com/airports/karlstad","","",""
"error","500","airport","3","500","https://www.originfacts.com/airports/karpathos","","",""
"error","500","airport","3","500","https://www.originfacts.com/airports/karratha","","",""
"error","500","airport","3","500","https://www.originfacts.com/airports/kars","","",""
"error","500","airport","3","500","https://www.originfacts.com/airports/karshi","","",""
"error","500","airport","3","500","https://www.originfacts.com/airports/karumba","","",""
"error","500","airport","3","500","https://www.originfacts.com/airports/karup","","",""
"error","500","airport","3","500","https://www.originfacts.com/airports/kasama","","",""
"error","500","airport","3","500","https://www.originfacts.com/airports/kasane","","",""
"error","500","airport","3","500","https://www.originfacts.com/airports/kasese","","",""
"error","500","airport","3","500","https://www.originfacts.com/airports/kashechewan","","",""
"error","500","airport","3","500","https://www.originfacts.com/airports/kashi","","",""
"error","500","airport","3","500","https://www.originfacts.com/airports/kasigluk","","",""
"error","500","airport","3","500","https://www.originfacts.com/airports/kasos-island","","",""
"error","500","airport","3","500","https://www.originfacts.com/airports/kassala","","",""
"error","500","airport","3","500","https://www.originfacts.com/airports/kassel","","",""
"error","500","airport","3","500","https://www.originfacts.com/airports/kastamonu","","",""
"error","500","airport","3","500","https://www.originfacts.com/airports/kastellorizo","","",""
"error","500","airport","3","500","https://www.originfacts.com/airports/kastoria","","",""
"error","500","airport","3","500","https://www.originfacts.com/airports/katherine","","",""
"error","500","airport","3","500","https://www.originfacts.com/airports/kathmandu","","",""
"error","500","airport","3","500","https://www.originfacts.com/airports/katowice","","",""
"error","500","airport","3","500","https://www.originfacts.com/airports/katsina","","",""
"error","500","airport","3","500","https://www.originfacts.com/airports/kau","","",""
"error","500","airport","3","500","https://www.originfacts.com/airports/kauai-island","","",""
"error","500","airport","3","500","https://www.originfacts.com/airports/kauehi","","",""
"error","500","airport","3","500","https://www.originfacts.com/airports/kaukura-atoll","","",""
"error","500","airport","3","500","https://www.originfacts.com/airports/kaunas","","",""
"error","500","airport","3","500","https://www.originfacts.com/airports/kavala","","",""
"error","500","airport","3","500","https://www.originfacts.com/airports/kavalerovo","","",""
"error","500","airport","3","500","https://www.originfacts.com/airports/kavieng","","",""
"error","500","airport","3","500","https://www.originfacts.com/airports/kawthaung","","",""
"error","500","airport","3","500","https://www.originfacts.com/airports/kayseri","","",""
"error","500","airport","3","500","https://www.originfacts.com/airports/kazan","","",""
"error","500","airport","3","500","https://www.originfacts.com/airports/kearney","","",""
"error","500","airport","3","500","https://www.originfacts.com/airports/kefallinia","","",""
"error","500","airport","3","500","https://www.originfacts.com/airports/kelly-bar","","",""
"error","500","airport","3","500","https://www.originfacts.com/airports/kelowna","","",""
"error","500","airport","3","500","https://www.originfacts.com/airports/kemerovo","","",""
"error","500","airport","3","500","https://www.originfacts.com/airports/kemi-tornio","","",""
"error","500","airport","3","500","https://www.originfacts.com/airports/kenai","","",""
"error","500","airport","3","500","https://www.originfacts.com/airports/kendari","","",""
"error","500","airport","3","500","https://www.originfacts.com/airports/keng-tung","","",""
"error","500","airport","3","500","https://www.originfacts.com/airports/kenora","","",""
"error","500","airport","3","500","https://www.originfacts.com/airports/keperveyem","","",""
"error","500","airport","3","500","https://www.originfacts.com/airports/kerikeri","","",""
"error","500","airport","3","500","https://www.originfacts.com/airports/kerkyra","","",""
"error","500","airport","3","500","https://www.originfacts.com/airports/kerman","","",""
"error","500","airport","3","500","https://www.originfacts.com/airports/kermanshah","","",""
"error","500","airport","3","500","https://www.originfacts.com/airports/kerry-county","","",""
"error","500","airport","3","500","https://www.originfacts.com/airports/kerteh","","",""
"error","500","airport","3","500","https://www.originfacts.com/airports/keshod","","",""
"error","500","airport","3","500","https://www.originfacts.com/airports/ketapang","","",""
"error","500","airport","3","500","https://www.originfacts.com/airports/ketchikan","","",""
"error","500","airport","3","500","https://www.originfacts.com/airports/key-west","","",""
"error","500","airport","3","500","https://www.originfacts.com/airports/khabarovsk","","",""
"error","500","airport","3","500","https://www.originfacts.com/airports/khajuraho","","",""
"error","500","airport","3","500","https://www.originfacts.com/airports/khanty-mansiysk","","",""
"error","500","airport","3","500","https://www.originfacts.com/airports/kharkov","","",""
"error","500","airport","3","500","https://www.originfacts.com/airports/khartoum","","",""
"error","500","airport","3","500","https://www.originfacts.com/airports/khasab","","",""
"error","500","airport","3","500","https://www.originfacts.com/airports/khon-kaen","","",""
"error","500","airport","3","500","https://www.originfacts.com/airports/khonu","","",""
"error","500","airport","3","500","https://www.originfacts.com/airports/khost","","",""
"error","500","airport","3","500","https://www.originfacts.com/airports/khovd","","",""
"error","500","airport","3","500","https://www.originfacts.com/airports/khujand","","",""
"error","500","airport","3","500","https://www.originfacts.com/airports/kiana","","",""
"error","500","airport","3","500","https://www.originfacts.com/airports/kichwa-tembo","","",""
"error","500","airport","3","500","https://www.originfacts.com/airports/kieta","","",""
"error","500","airport","3","500","https://www.originfacts.com/airports/kigali","","",""
"error","500","airport","3","500","https://www.originfacts.com/airports/kigoma","","",""
"error","500","airport","3","500","https://www.originfacts.com/airports/kikaiga-shima","","",""
"error","500","airport","3","500","https://www.originfacts.com/airports/kilimanjaro","","",""
"error","500","airport","3","500","https://www.originfacts.com/airports/killeen","","",""
"error","500","airport","3","500","https://www.originfacts.com/airports/kilwa-masoko","","",""
"error","500","airport","3","500","https://www.originfacts.com/airports/kimberley","","",""
"error","500","airport","3","500","https://www.originfacts.com/airports/kimmirut","","",""
"error","500","airport","3","500","https://www.originfacts.com/airports/king-island","","",""
"error","500","airport","3","500","https://www.originfacts.com/airports/king-salmon","","",""
"error","500","airport","3","500","https://www.originfacts.com/airports/kingscote","","",""
"error","500","airport","3","500","https://www.originfacts.com/airports/kingston-kin","","",""
"error","500","airport","3","500","https://www.originfacts.com/airports/kingston-ygk","","",""
"error","500","airport","3","500","https://www.originfacts.com/airports/kinmen","","",""
"error","500","airport","3","500","https://www.originfacts.com/airports/kinshasa","","",""
"error","500","airport","3","500","https://www.originfacts.com/airports/kirakira","","",""
"error","500","airport","3","500","https://www.originfacts.com/airports/kirensk","","",""
"error","500","airport","3","500","https://www.originfacts.com/airports/kirkenes","","",""
"error","500","airport","3","500","https://www.originfacts.com/airports/kirksville","","",""
"error","500","airport","3","500","https://www.originfacts.com/airports/kirkuk","","",""
"error","500","airport","3","500","https://www.originfacts.com/airports/kirkwall","","",""
"error","500","airport","3","500","https://www.originfacts.com/airports/kirov","","",""
"error","500","airport","3","500","https://www.originfacts.com/airports/kirovsk","","",""
"error","500","airport","3","500","https://www.originfacts.com/airports/kiruna","","",""
"error","500","airport","3","500","https://www.originfacts.com/airports/kisangani","","",""
"error","500","airport","3","500","https://www.originfacts.com/airports/kish-island","","",""
"error","500","airport","3","500","https://www.originfacts.com/airports/kismayu","","",""
"error","500","airport","3","500","https://www.originfacts.com/airports/kisumu","","",""
"error","500","airport","3","500","https://www.originfacts.com/airports/kitadaito","","",""
"error","500","airport","3","500","https://www.originfacts.com/airports/kitakyushu","","",""
"error","500","airport","3","500","https://www.originfacts.com/airports/kitale","","",""
"error","500","airport","3","500","https://www.originfacts.com/airports/kitchener","","",""
"error","500","airport","3","500","https://www.originfacts.com/airports/kithira","","",""
"error","500","airport","3","500","https://www.originfacts.com/airports/kittila","","",""
"error","500","airport","3","500","https://www.originfacts.com/airports/kiunga","","",""
"error","500","airport","3","500","https://www.originfacts.com/airports/kivalina","","",""
"error","500","airport","3","500","https://www.originfacts.com/airports/klagenfurt","","",""
"error","500","airport","3","500","https://www.originfacts.com/airports/klamath-falls","","",""
"error","500","airport","3","500","https://www.originfacts.com/airports/klawock","","",""
"error","500","airport","3","500","https://www.originfacts.com/airports/knock","","",""
"error","500","airport","3","500","https://www.originfacts.com/airports/knoxville","","",""
"error","500","airport","3","500","https://www.originfacts.com/airports/kobuk","","",""
"error","500","airport","3","500","https://www.originfacts.com/airports/kochi-cok","","",""
"error","500","airport","3","500","https://www.originfacts.com/airports/kochi-kcz","","",""
"error","500","airport","3","500","https://www.originfacts.com/airports/kodiak","","",""
"error","500","airport","3","500","https://www.originfacts.com/airports/kodinsk","","",""
"error","500","airport","3","500","https://www.originfacts.com/airports/kogalym","","",""
"error","500","airport","3","500","https://www.originfacts.com/airports/koggala","","",""
"error","500","airport","3","500","https://www.originfacts.com/airports/koh-samui","","",""
"error","500","airport","3","500","https://www.originfacts.com/airports/kokand","","",""
"error","500","airport","3","500","https://www.originfacts.com/airports/kokhanok","","",""
"error","500","airport","3","500","https://www.originfacts.com/airports/kokkola-pietarsaari","","",""
"error","500","airport","3","500","https://www.originfacts.com/airports/kokshetau","","",""
"error","500","airport","3","500","https://www.originfacts.com/airports/koktokay","","",""
"error","500","airport","3","500","https://www.originfacts.com/airports/kolhapur","","",""
"error","500","airport","3","500","https://www.originfacts.com/airports/kolkata","","",""
"error","500","airport","3","500","https://www.originfacts.com/airports/komatsu","","",""
"error","500","airport","3","500","https://www.originfacts.com/airports/komsomolsk-na-amure","","",""
"error","500","airport","3","500","https://www.originfacts.com/airports/kongiganak","","",""
"error","500","airport","3","500","https://www.originfacts.com/airports/konya","","",""
"error","500","airport","3","500","https://www.originfacts.com/airports/korhogo","","",""
"error","500","airport","3","500","https://www.originfacts.com/airports/korla","","",""
"error","500","airport","3","500","https://www.originfacts.com/airports/koror","","",""
"error","500","airport","3","500","https://www.originfacts.com/airports/kos","","",""
"error","500","airport","3","500","https://www.originfacts.com/airports/kosice","","",""
"error","500","airport","3","500","https://www.originfacts.com/airports/kosrae-caroline-islands","","",""
"error","500","airport","3","500","https://www.originfacts.com/airports/kostanay","","",""
"error","500","airport","3","500","https://www.originfacts.com/airports/kostroma","","",""
"error","500","airport","3","500","https://www.originfacts.com/airports/kota-bharu","","",""
"error","500","airport","3","500","https://www.originfacts.com/airports/kota-kinabalu","","",""
"error","500","airport","3","500","https://www.originfacts.com/airports/kotabaru","","",""
"error","500","airport","3","500","https://www.originfacts.com/airports/kotlas","","",""
"error","500","airport","3","500","https://www.originfacts.com/airports/kotlik","","",""
"error","500","airport","3","500","https://www.originfacts.com/airports/kotzebue","","",""
"error","500","airport","3","500","https://www.originfacts.com/airports/kowanyama","","",""
"error","500","airport","3","500","https://www.originfacts.com/airports/koyuk","","",""
"error","500","airport","3","500","https://www.originfacts.com/airports/koyukuk","","",""
"error","500","airport","3","500","https://www.originfacts.com/airports/kozani","","",""
"error","500","airport","3","500","https://www.originfacts.com/airports/kozhikode","","",""
"error","500","airport","3","500","https://www.originfacts.com/airports/krabi","","",""
"error","500","airport","3","500","https://www.originfacts.com/airports/krakow","","",""
"error","500","airport","3","500","https://www.originfacts.com/airports/kraljevo","","",""
"error","500","airport","3","500","https://www.originfacts.com/airports/kramfors","","",""
"error","500","airport","3","500","https://www.originfacts.com/airports/krasnodar","","",""
"error","500","airport","3","500","https://www.originfacts.com/airports/krasnojarsk-kcy","","",""
"error","500","airport","3","500","https://www.originfacts.com/airports/krasnojarsk-kja","","",""
"error","500","airport","3","500","https://www.originfacts.com/airports/krasnoselkup","","",""
"error","500","airport","3","500","https://www.originfacts.com/airports/kristiansand","","",""
"error","500","airport","3","500","https://www.originfacts.com/airports/kristianstad","","",""
"error","500","airport","3","500","https://www.originfacts.com/airports/kristiansund","","",""
"error","500","airport","3","500","https://www.originfacts.com/airports/krivoy-rog","","",""
"error","500","airport","3","500","https://www.originfacts.com/airports/kuala-lumpur-kul","","",""
"error","500","airport","3","500","https://www.originfacts.com/airports/kuala-lumpur-szb","","",""
"error","500","airport","3","500","https://www.originfacts.com/airports/kuala-terengganu","","",""
"error","500","airport","3","500","https://www.originfacts.com/airports/kuantan","","",""
"error","500","airport","3","500","https://www.originfacts.com/airports/kuching","","",""
"error","500","airport","3","500","https://www.originfacts.com/airports/kudahuvadhoo","","",""
"error","500","airport","3","500","https://www.originfacts.com/airports/kudat","","",""
"error","500","airport","3","500","https://www.originfacts.com/airports/kugluktuk-coppermine","","",""
"error","500","airport","3","500","https://www.originfacts.com/airports/kuito","","",""
"error","500","airport","3","500","https://www.originfacts.com/airports/kukes","","",""
"error","500","airport","3","500","https://www.originfacts.com/airports/kulu","","",""
"error","500","airport","3","500","https://www.originfacts.com/airports/kulusuk","","",""
"error","500","airport","3","500","https://www.originfacts.com/airports/kulyab","","",""
"error","500","airport","3","500","https://www.originfacts.com/airports/kumamoto","","",""
"error","500","airport","3","500","https://www.originfacts.com/airports/kumasi","","",""
"error","500","airport","3","500","https://www.originfacts.com/airports/kume-jima","","",""
"error","500","airport","3","500","https://www.originfacts.com/airports/kunashir-island","","",""
"error","500","airport","3","500","https://www.originfacts.com/airports/kunming","","",""
"error","500","airport","3","500","https://www.originfacts.com/airports/kununurra","","",""
"error","500","airport","3","500","https://www.originfacts.com/airports/kuopio","","",""
"error","500","airport","3","500","https://www.originfacts.com/airports/kupang","","",""
"error","500","airport","3","500","https://www.originfacts.com/airports/kuqa","","",""
"error","500","airport","3","500","https://www.originfacts.com/airports/kuressaare","","",""
"error","500","airport","3","500","https://www.originfacts.com/airports/kurgan","","",""
"error","500","airport","3","500","https://www.originfacts.com/airports/kurgon-tyube-bokhtar","","",""
"error","500","airport","3","500","https://www.originfacts.com/airports/kursk","","",""
"error","500","airport","3","500","https://www.originfacts.com/airports/kushinagar","","",""
"error","500","airport","3","500","https://www.originfacts.com/airports/kushiro","","",""
"error","500","airport","3","500","https://www.originfacts.com/airports/kutahya","","",""
"error","500","airport","3","500","https://www.originfacts.com/airports/kutaisi","","",""
"error","500","airport","3","500","https://www.originfacts.com/airports/kuujjuaq","","",""
"error","500","airport","3","500","https://www.originfacts.com/airports/kuujjuarapik","","",""
"error","500","airport","3","500","https://www.originfacts.com/airports/kuusamo","","",""
"error","500","airport","3","500","https://www.originfacts.com/airports/kuwait","","",""
"error","500","airport","3","500","https://www.originfacts.com/airports/kwajalein","","",""
"error","500","airport","3","500","https://www.originfacts.com/airports/kwethluk","","",""
"error","500","airport","3","500","https://www.originfacts.com/airports/kwigillingok","","",""
"error","500","airport","3","500","https://www.originfacts.com/airports/kyaukpyu","","",""
"error","500","airport","3","500","https://www.originfacts.com/airports/kyiv-iev","","",""
"error","500","airport","3","500","https://www.originfacts.com/airports/kyiv-kbp","","",""
"error","500","airport","3","500","https://www.originfacts.com/airports/kyzyl","","",""
"error","500","airport","3","500","https://www.originfacts.com/airports/kyzylorda","","",""
"error","500","airport","3","500","https://www.originfacts.com/airports/la-baie","","",""
"error","500","airport","3","500","https://www.originfacts.com/airports/la-ceiba","","",""
"error","500","airport","3","500","https://www.originfacts.com/airports/la-chorrera","","",""
"error","500","airport","3","500","https://www.originfacts.com/airports/la-coruna","","",""
"error","500","airport","3","500","https://www.originfacts.com/airports/la-crosse","","",""
"error","500","airport","3","500","https://www.originfacts.com/airports/la-fria","","",""
"error","500","airport","3","500","https://www.originfacts.com/airports/la-grande","","",""
"error","500","airport","3","500","https://www.originfacts.com/airports/la-paz-lap","","",""
"error","500","airport","3","500","https://www.originfacts.com/airports/la-paz-lpb","","",""
"error","500","airport","3","500","https://www.originfacts.com/airports/la-rioja","","",""
"error","500","airport","3","500","https://www.originfacts.com/airports/la-rochelle","","",""
"error","500","airport","3","500","https://www.originfacts.com/airports/la-romana","","",""
"error","500","airport","3","500","https://www.originfacts.com/airports/la-serena","","",""
"error","500","airport","3","500","https://www.originfacts.com/airports/laayoune","","",""
"error","500","airport","3","500","https://www.originfacts.com/airports/labasa","","",""
"error","500","airport","3","500","https://www.originfacts.com/airports/labrea","","",""
"error","500","airport","3","500","https://www.originfacts.com/airports/labuan","","",""
"error","500","airport","3","500","https://www.originfacts.com/airports/labuan-bajo","","",""
"error","500","airport","3","500","https://www.originfacts.com/airports/labuha","","",""
"error","500","airport","3","500","https://www.originfacts.com/airports/lae","","",""
"error","500","airport","3","500","https://www.originfacts.com/airports/lafayette-laf","","",""
"error","500","airport","3","500","https://www.originfacts.com/airports/lafayette-lft","","",""
"error","500","airport","3","500","https://www.originfacts.com/airports/lages","","",""
"error","500","airport","3","500","https://www.originfacts.com/airports/laghouat","","",""
"error","500","airport","3","500","https://www.originfacts.com/airports/lago-agrio","","",""
"error","500","airport","3","500","https://www.originfacts.com/airports/lagos","","",""
"error","500","airport","3","500","https://www.originfacts.com/airports/lahad-datu","","",""
"error","500","airport","3","500","https://www.originfacts.com/airports/lahore","","",""
"error","500","airport","3","500","https://www.originfacts.com/airports/lake-charles","","",""
"error","500","airport","3","500","https://www.originfacts.com/airports/lake-manyara","","",""
"error","500","airport","3","500","https://www.originfacts.com/airports/lakeba","","",""
"error","500","airport","3","500","https://www.originfacts.com/airports/lakeland","","",""
"error","500","airport","3","500","https://www.originfacts.com/airports/lakselv","","",""
"error","500","airport","3","500","https://www.originfacts.com/airports/lalibela","","",""
"error","500","airport","3","500","https://www.originfacts.com/airports/lamacarena","","",""
"error","500","airport","3","500","https://www.originfacts.com/airports/lamerd","","",""
"error","500","airport","3","500","https://www.originfacts.com/airports/lamezia-terme","","",""
"error","500","airport","3","500","https://www.originfacts.com/airports/lampang","","",""
"error","500","airport","3","500","https://www.originfacts.com/airports/lampedusa","","",""
"error","500","airport","3","500","https://www.originfacts.com/airports/lamu","","",""
"error","500","airport","3","500","https://www.originfacts.com/airports/lanai","","",""
"error","500","airport","3","500","https://www.originfacts.com/airports/lancaster","","",""
"error","500","airport","3","500","https://www.originfacts.com/airports/langgur","","",""
"error","500","airport","3","500","https://www.originfacts.com/airports/langkawi","","",""
"error","500","airport","3","500","https://www.originfacts.com/airports/lankaran","","",""
"error","500","airport","3","500","https://www.originfacts.com/airports/lannion","","",""
"error","500","airport","3","500","https://www.originfacts.com/airports/lansing","","",""
"error","500","airport","3","500","https://www.originfacts.com/airports/lanzarote","","",""
"error","500","airport","3","500","https://www.originfacts.com/airports/lanzhou","","",""
"error","500","airport","3","500","https://www.originfacts.com/airports/laoag","","",""
"error","500","airport","3","500","https://www.originfacts.com/airports/lappeenranta","","",""
"error","500","airport","3","500","https://www.originfacts.com/airports/lar","","",""
"error","500","airport","3","500","https://www.originfacts.com/airports/laramie","","",""
"error","500","airport","3","500","https://www.originfacts.com/airports/larantuka","","",""
"error","500","airport","3","500","https://www.originfacts.com/airports/laredo","","",""
"error","500","airport","3","500","https://www.originfacts.com/airports/larnaca","","",""
"error","500","airport","3","500","https://www.originfacts.com/airports/las-cruces","","",""
"error","500","airport","3","500","https://www.originfacts.com/airports/las-palmas","","",""
"error","500","airport","3","500","https://www.originfacts.com/airports/las-piedras","","",""
"error","500","airport","3","500","https://www.originfacts.com/airports/las-vegas","","",""
"error","500","airport","3","500","https://www.originfacts.com/airports/latacunga","","",""
"error","500","airport","3","500","https://www.originfacts.com/airports/latrobe","","",""
"error","500","airport","3","500","https://www.originfacts.com/airports/launceston","","",""
"error","500","airport","3","500","https://www.originfacts.com/airports/laurel","","",""
"error","500","airport","3","500","https://www.originfacts.com/airports/lawas","","",""
"error","500","airport","3","500","https://www.originfacts.com/airports/lawton","","",""
"error","500","airport","3","500","https://www.originfacts.com/airports/lazaro-cardenas","","",""
"error","500","airport","3","500","https://www.originfacts.com/airports/le-puy","","",""
"error","500","airport","3","500","https://www.originfacts.com/airports/learmonth","","",""
"error","500","airport","3","500","https://www.originfacts.com/airports/lebanon","","",""
"error","500","airport","3","500","https://www.originfacts.com/airports/leeds","","",""
"error","500","airport","3","500","https://www.originfacts.com/airports/legaspi","","",""
"error","500","airport","3","500","https://www.originfacts.com/airports/leh","","",""
"error","500","airport","3","500","https://www.originfacts.com/airports/leicestershire","","",""
"error","500","airport","3","500","https://www.originfacts.com/airports/leipzig-halle","","",""
"error","500","airport","3","500","https://www.originfacts.com/airports/leknes","","",""
"error","500","airport","3","500","https://www.originfacts.com/airports/lencois","","",""
"error","500","airport","3","500","https://www.originfacts.com/airports/lensk","","",""
"error","500","airport","3","500","https://www.originfacts.com/airports/leon","","",""
"error","500","airport","3","500","https://www.originfacts.com/airports/leon-guanajuato","","",""
"error","500","airport","3","500","https://www.originfacts.com/airports/leros","","",""
"error","500","airport","3","500","https://www.originfacts.com/airports/les-cayes","","",""
"error","500","airport","3","500","https://www.originfacts.com/airports/leshukonskoye","","",""
"error","500","airport","3","500","https://www.originfacts.com/airports/lethbridge","","",""
"error","500","airport","3","500","https://www.originfacts.com/airports/leticia","","",""
"error","500","airport","3","500","https://www.originfacts.com/airports/lewisburg","","",""
"error","500","airport","3","500","https://www.originfacts.com/airports/lewiston","","",""
"error","500","airport","3","500","https://www.originfacts.com/airports/lewoleba","","",""
"error","500","airport","3","500","https://www.originfacts.com/airports/lexington","","",""
"error","500","airport","3","500","https://www.originfacts.com/airports/lhasa","","",""
"error","500","airport","3","500","https://www.originfacts.com/airports/lhoksumawe","","",""
"error","500","airport","3","500","https://www.originfacts.com/airports/lianyungang","","",""
"error","500","airport","3","500","https://www.originfacts.com/airports/liberal","","",""
"error","500","airport","3","500","https://www.originfacts.com/airports/liberia","","",""
"error","500","airport","3","500","https://www.originfacts.com/airports/libo-city","","",""
"error","500","airport","3","500","https://www.originfacts.com/airports/libreville","","",""
"error","500","airport","3","500","https://www.originfacts.com/airports/lichinga","","",""
"error","500","airport","3","500","https://www.originfacts.com/airports/liege","","",""
"error","500","airport","3","500","https://www.originfacts.com/airports/liepaya","","",""
"error","500","airport","3","500","https://www.originfacts.com/airports/lifou","","",""
"error","500","airport","3","500","https://www.originfacts.com/airports/lihir-island","","",""
"error","500","airport","3","500","https://www.originfacts.com/airports/lijiang","","",""
"error","500","airport","3","500","https://www.originfacts.com/airports/lilabari","","",""
"error","500","airport","3","500","https://www.originfacts.com/airports/lille","","",""
"error","500","airport","3","500","https://www.originfacts.com/airports/lilongwe","","",""
"error","500","airport","3","500","https://www.originfacts.com/airports/lima","","",""
"error","500","airport","3","500","https://www.originfacts.com/airports/lima-aoh","","",""
"error","500","airport","3","500","https://www.originfacts.com/airports/limbang","","",""
"error","500","airport","3","500","https://www.originfacts.com/airports/limnos","","",""
"error","500","airport","3","500","https://www.originfacts.com/airports/limoges","","",""
"error","500","airport","3","500","https://www.originfacts.com/airports/limon","","",""
"error","500","airport","3","500","https://www.originfacts.com/airports/lincang","","",""
"error","500","airport","3","500","https://www.originfacts.com/airports/lincoln","","",""
"error","500","airport","3","500","https://www.originfacts.com/airports/linfen","","",""
"error","500","airport","3","500","https://www.originfacts.com/airports/linkoping","","",""
"error","500","airport","3","500","https://www.originfacts.com/airports/linyi","","",""
"error","500","airport","3","500","https://www.originfacts.com/airports/linz","","",""
"error","500","airport","3","500","https://www.originfacts.com/airports/lipetsk","","",""
"error","500","airport","3","500","https://www.originfacts.com/airports/liping","","",""
"error","500","airport","3","500","https://www.originfacts.com/airports/lisbon","","",""
"error","500","airport","3","500","https://www.originfacts.com/airports/lishan","","",""
"error","500","airport","3","500","https://www.originfacts.com/airports/lismore","","",""
"error","500","airport","3","500","https://www.originfacts.com/airports/little-cayman","","",""
"error","500","airport","3","500","https://www.originfacts.com/airports/little-rock","","",""
"error","500","airport","3","500","https://www.originfacts.com/airports/liuzhou","","",""
"error","500","airport","3","500","https://www.originfacts.com/airports/liverpool","","",""
"error","500","airport","3","500","https://www.originfacts.com/airports/livingstone","","",""
"error","500","airport","3","500","https://www.originfacts.com/airports/ljubljana","","",""
"error","500","airport","3","500","https://www.originfacts.com/airports/lloydminster","","",""
"error","500","airport","3","500","https://www.originfacts.com/airports/lockhart-river","","",""
"error","500","airport","3","500","https://www.originfacts.com/airports/lodwar","","",""
"error","500","airport","3","500","https://www.originfacts.com/airports/lodz","","",""
"error","500","airport","3","500","https://www.originfacts.com/airports/loei","","",""
"error","500","airport","3","500","https://www.originfacts.com/airports/logrono","","",""
"error","500","airport","3","500","https://www.originfacts.com/airports/loikaw","","",""
"error","500","airport","3","500","https://www.originfacts.com/airports/loja","","",""
"error","500","airport","3","500","https://www.originfacts.com/airports/lome","","",""
"error","500","airport","3","500","https://www.originfacts.com/airports/londolozi","","",""
"error","500","airport","3","500","https://www.originfacts.com/airports/london-lcy","","",""
"error","500","airport","3","500","https://www.originfacts.com/airports/london-lgw","","",""
"error","500","airport","3","500","https://www.originfacts.com/airports/london-lhr","","",""
"error","500","airport","3","500","https://www.originfacts.com/airports/london-ltn","","",""
"error","500","airport","3","500","https://www.originfacts.com/airports/london-sen","","",""
"error","500","airport","3","500","https://www.originfacts.com/airports/london-stn","","",""
"error","500","airport","3","500","https://www.originfacts.com/airports/london-yxu","","",""
"error","500","airport","3","500","https://www.originfacts.com/airports/londrina","","",""
"error","500","airport","3","500","https://www.originfacts.com/airports/long-akah","","",""
"error","500","airport","3","500","https://www.originfacts.com/airports/long-banga","","",""
"error","500","airport","3","500","https://www.originfacts.com/airports/long-beach","","",""
"error","500","airport","3","500","https://www.originfacts.com/airports/long-lellang","","",""
"error","500","airport","3","500","https://www.originfacts.com/airports/long-point","","",""
"error","500","airport","3","500","https://www.originfacts.com/airports/long-seridan","","",""
"error","500","airport","3","500","https://www.originfacts.com/airports/longnan","","",""
"error","500","airport","3","500","https://www.originfacts.com/airports/longreach","","",""
"error","500","airport","3","500","https://www.originfacts.com/airports/longview","","",""
"error","500","airport","3","500","https://www.originfacts.com/airports/longyan","","",""
"error","500","airport","3","500","https://www.originfacts.com/airports/longyearbyen","","",""
"error","500","airport","3","500","https://www.originfacts.com/airports/lord-howe-island","","",""
"error","500","airport","3","500","https://www.originfacts.com/airports/loreto","","",""
"error","500","airport","3","500","https://www.originfacts.com/airports/lorient","","",""
"error","500","airport","3","500","https://www.originfacts.com/airports/los-angeles-bur","","",""
"error","500","airport","3","500","https://www.originfacts.com/airports/los-angeles-lax","","",""
"error","500","airport","3","500","https://www.originfacts.com/airports/los-angeles-sna","","",""
"error","500","airport","3","500","https://www.originfacts.com/airports/los-angeles-vny","","",""
"error","500","airport","3","500","https://www.originfacts.com/airports/los-mochis","","",""
"error","500","airport","3","500","https://www.originfacts.com/airports/louisville","","",""
"error","500","airport","3","500","https://www.originfacts.com/airports/lourdes","","",""
"error","500","airport","3","500","https://www.originfacts.com/airports/lower-zambezi-np","","",""
"error","500","airport","3","500","https://www.originfacts.com/airports/luanda-lad","","",""
"error","500","airport","3","500","https://www.originfacts.com/airports/luanda-nbj","","",""
"error","500","airport","3","500","https://www.originfacts.com/airports/luang-namtha","","",""
"error","500","airport","3","500","https://www.originfacts.com/airports/luang-prabang","","",""
"error","500","airport","3","500","https://www.originfacts.com/airports/lubango","","",""
"error","500","airport","3","500","https://www.originfacts.com/airports/lubbock","","",""
"error","500","airport","3","500","https://www.originfacts.com/airports/lubumbashi","","",""
"error","500","airport","3","500","https://www.originfacts.com/airports/lucknow","","",""
"error","500","airport","3","500","https://www.originfacts.com/airports/luderitz","","",""
"error","500","airport","3","500","https://www.originfacts.com/airports/ludhiana","","",""
"error","500","airport","3","500","https://www.originfacts.com/airports/luena","","",""
"error","500","airport","3","500","https://www.originfacts.com/airports/lugano","","",""
"error","500","airport","3","500","https://www.originfacts.com/airports/lukla","","",""
"error","500","airport","3","500","https://www.originfacts.com/airports/lulea","","",""
"error","500","airport","3","500","https://www.originfacts.com/airports/luoyang","","",""
"error","500","airport","3","500","https://www.originfacts.com/airports/lusaka","","",""
"error","500","airport","3","500","https://www.originfacts.com/airports/luwuk","","",""
"error","500","airport","3","500","https://www.originfacts.com/airports/luxembourg","","",""
"error","500","airport","3","500","https://www.originfacts.com/airports/luxor","","",""
"error","500","airport","3","500","https://www.originfacts.com/airports/luzhou","","",""
"error","500","airport","3","500","https://www.originfacts.com/airports/luzon-island","","",""
"error","500","airport","3","500","https://www.originfacts.com/airports/lviv","","",""
"error","500","airport","3","500","https://www.originfacts.com/airports/lycksele","","",""
"error","500","airport","3","500","https://www.originfacts.com/airports/lynchburg","","",""
"error","500","airport","3","500","https://www.originfacts.com/airports/lyon","","",""
"error","500","airport","3","500","https://www.originfacts.com/airports/lyuliang","","",""
"error","500","airport","3","500","https://www.originfacts.com/airports/maafaru","","",""
"error","500","airport","3","500","https://www.originfacts.com/airports/maamigili","","",""
"error","500","airport","3","500","https://www.originfacts.com/airports/maastricht","","",""
"error","500","airport","3","500","https://www.originfacts.com/airports/macapa","","",""
"error","500","airport","3","500","https://www.originfacts.com/airports/macau","","",""
"error","500","airport","3","500","https://www.originfacts.com/airports/maceio","","",""
"error","500","airport","3","500","https://www.originfacts.com/airports/mackay","","",""
"error","500","airport","3","500","https://www.originfacts.com/airports/madang","","",""
"error","500","airport","3","500","https://www.originfacts.com/airports/madinah","","",""
"error","500","airport","3","500","https://www.originfacts.com/airports/madison","","",""
"error","500","airport","3","500","https://www.originfacts.com/airports/madrid","","",""
"error","500","airport","3","500","https://www.originfacts.com/airports/madurai","","",""
"error","500","airport","3","500","https://www.originfacts.com/airports/mae-hong-son","","",""
"error","500","airport","3","500","https://www.originfacts.com/airports/mae-sot","","",""
"error","500","airport","3","500","https://www.originfacts.com/airports/mafia","","",""
"error","500","airport","3","500","https://www.originfacts.com/airports/magadan","","",""
"error","500","airport","3","500","https://www.originfacts.com/airports/magan","","",""
"error","500","airport","3","500","https://www.originfacts.com/airports/magas","","",""
"error","500","airport","3","500","https://www.originfacts.com/airports/magnitogorsk","","",""
"error","500","airport","3","500","https://www.originfacts.com/airports/mahe-island","","",""
"error","500","airport","3","500","https://www.originfacts.com/airports/maiduguri","","",""
"error","500","airport","3","500","https://www.originfacts.com/airports/majunga","","",""
"error","500","airport","3","500","https://www.originfacts.com/airports/majuro","","",""
"error","500","airport","3","500","https://www.originfacts.com/airports/makale","","",""
"error","500","airport","3","500","https://www.originfacts.com/airports/makemo","","",""
"error","500","airport","3","500","https://www.originfacts.com/airports/makhachkala","","",""
"error","500","airport","3","500","https://www.originfacts.com/airports/makkovik","","",""
"error","500","airport","3","500","https://www.originfacts.com/airports/makung","","",""
"error","500","airport","3","500","https://www.originfacts.com/airports/makurdi","","",""
"error","500","airport","3","500","https://www.originfacts.com/airports/mala-mala","","",""
"error","500","airport","3","500","https://www.originfacts.com/airports/malabo","","",""
"error","500","airport","3","500","https://www.originfacts.com/airports/malacca","","",""
"error","500","airport","3","500","https://www.originfacts.com/airports/malaga","","",""
"error","500","airport","3","500","https://www.originfacts.com/airports/malang","","",""
"error","500","airport","3","500","https://www.originfacts.com/airports/malatya","","",""
"error","500","airport","3","500","https://www.originfacts.com/airports/male","","",""
"error","500","airport","3","500","https://www.originfacts.com/airports/malindi","","",""
"error","500","airport","3","500","https://www.originfacts.com/airports/malmo","","",""
"error","500","airport","3","500","https://www.originfacts.com/airports/malta","","",""
"error","500","airport","3","500","https://www.originfacts.com/airports/malvan","","",""
"error","500","airport","3","500","https://www.originfacts.com/airports/mammoth-lakes","","",""
"error","500","airport","3","500","https://www.originfacts.com/airports/mamuju","","",""
"error","500","airport","3","500","https://www.originfacts.com/airports/man","","",""
"error","500","airport","3","500","https://www.originfacts.com/airports/manado","","",""
"error","500","airport","3","500","https://www.originfacts.com/airports/managua","","",""
"error","500","airport","3","500","https://www.originfacts.com/airports/manaus","","",""
"error","500","airport","3","500","https://www.originfacts.com/airports/manchester-man","","",""
"error","500","airport","3","500","https://www.originfacts.com/airports/manchester-mht","","",""
"error","500","airport","3","500","https://www.originfacts.com/airports/mandalay","","",""
"error","500","airport","3","500","https://www.originfacts.com/airports/mangalore","","",""
"error","500","airport","3","500","https://www.originfacts.com/airports/mangnai","","",""
"error","500","airport","3","500","https://www.originfacts.com/airports/mangshi","","",""
"error","500","airport","3","500","https://www.originfacts.com/airports/manhattan","","",""
"error","500","airport","3","500","https://www.originfacts.com/airports/manhuacu","","",""
"error","500","airport","3","500","https://www.originfacts.com/airports/manicore","","",""
"error","500","airport","3","500","https://www.originfacts.com/airports/manihi","","",""
"error","500","airport","3","500","https://www.originfacts.com/airports/manila","","",""
"error","500","airport","3","500","https://www.originfacts.com/airports/maningrida","","",""
"error","500","airport","3","500","https://www.originfacts.com/airports/manistee","","",""
"error","500","airport","3","500","https://www.originfacts.com/airports/manizales","","",""
"error","500","airport","3","500","https://www.originfacts.com/airports/mannheim","","",""
"error","500","airport","3","500","https://www.originfacts.com/airports/manokwari","","",""
"error","500","airport","3","500","https://www.originfacts.com/airports/mansa","","",""
"error","500","airport","3","500","https://www.originfacts.com/airports/manta","","",""
"error","500","airport","3","500","https://www.originfacts.com/airports/manus-island","","",""
"error","500","airport","3","500","https://www.originfacts.com/airports/manzanillo-mzo","","",""
"error","500","airport","3","500","https://www.originfacts.com/airports/manzanillo-zlo","","",""
"error","500","airport","3","500","https://www.originfacts.com/airports/manzhouli","","",""
"error","500","airport","3","500","https://www.originfacts.com/airports/manzini","","",""
"error","500","airport","3","500","https://www.originfacts.com/airports/maputo","","",""
"error","500","airport","3","500","https://www.originfacts.com/airports/mar-del-plata","","",""
"error","500","airport","3","500","https://www.originfacts.com/airports/mara-lodges","","",""
"error","500","airport","3","500","https://www.originfacts.com/airports/maraba","","",""
"error","500","airport","3","500","https://www.originfacts.com/airports/maracaibo","","",""
"error","500","airport","3","500","https://www.originfacts.com/airports/mardin","","",""
"error","500","airport","3","500","https://www.originfacts.com/airports/mare","","",""
"error","500","airport","3","500","https://www.originfacts.com/airports/margate","","",""
"error","500","airport","3","500","https://www.originfacts.com/airports/maribor","","",""
"error","500","airport","3","500","https://www.originfacts.com/airports/marie-galante","","",""
"error","500","airport","3","500","https://www.originfacts.com/airports/mariehamn","","",""
"error","500","airport","3","500","https://www.originfacts.com/airports/marilia","","",""
"error","500","airport","3","500","https://www.originfacts.com/airports/maringa","","",""
"error","500","airport","3","500","https://www.originfacts.com/airports/marion","","",""
"error","500","airport","3","500","https://www.originfacts.com/airports/markovo","","",""
"error","500","airport","3","500","https://www.originfacts.com/airports/maroantsetra","","",""
"error","500","airport","3","500","https://www.originfacts.com/airports/maroua","","",""
"error","500","airport","3","500","https://www.originfacts.com/airports/marquette","","",""
"error","500","airport","3","500","https://www.originfacts.com/airports/marrakech","","",""
"error","500","airport","3","500","https://www.originfacts.com/airports/marsa-alam","","",""
"error","500","airport","3","500","https://www.originfacts.com/airports/marseille","","",""
"error","500","airport","3","500","https://www.originfacts.com/airports/marsh-harbour","","",""
"error","500","airport","3","500","https://www.originfacts.com/airports/marshall","","",""
"error","500","airport","3","500","https://www.originfacts.com/airports/martha-s-vineyard","","",""
"error","500","airport","3","500","https://www.originfacts.com/airports/marudi","","",""
"error","500","airport","3","500","https://www.originfacts.com/airports/mary","","",""
"error","500","airport","3","500","https://www.originfacts.com/airports/masbate","","",""
"error","500","airport","3","500","https://www.originfacts.com/airports/maseru","","",""
"error","500","airport","3","500","https://www.originfacts.com/airports/mashad","","",""
"error","500","airport","3","500","https://www.originfacts.com/airports/masirah","","",""
"error","500","airport","3","500","https://www.originfacts.com/airports/mason-city","","",""
"error","500","airport","3","500","https://www.originfacts.com/airports/massena","","",""
"error","500","airport","3","500","https://www.originfacts.com/airports/masset","","",""
"error","500","airport","3","500","https://www.originfacts.com/airports/masuda","","",""
"error","500","airport","3","500","https://www.originfacts.com/airports/matamoros","","",""
"error","500","airport","3","500","https://www.originfacts.com/airports/matsu","","",""
"error","500","airport","3","500","https://www.originfacts.com/airports/matsumoto","","",""
"error","500","airport","3","500","https://www.originfacts.com/airports/matsuyama","","",""
"error","500","airport","3","500","https://www.originfacts.com/airports/maturin","","",""
"error","500","airport","3","500","https://www.originfacts.com/airports/maues","","",""
"error","500","airport","3","500","https://www.originfacts.com/airports/maumere","","",""
"error","500","airport","3","500","https://www.originfacts.com/airports/maun","","",""
"error","500","airport","3","500","https://www.originfacts.com/airports/maupiti","","",""
"error","500","airport","3","500","https://www.originfacts.com/airports/mauritius","","",""
"error","500","airport","3","500","https://www.originfacts.com/airports/mayaguana","","",""
"error","500","airport","3","500","https://www.originfacts.com/airports/mayaguez","","",""
"error","500","airport","3","500","https://www.originfacts.com/airports/mazar-i-sharif","","",""
"error","500","airport","3","500","https://www.originfacts.com/airports/mazatlan","","",""
"error","500","airport","3","500","https://www.originfacts.com/airports/mbeya","","",""
"error","500","airport","3","500","https://www.originfacts.com/airports/mbuji-mayi","","",""
"error","500","airport","3","500","https://www.originfacts.com/airports/mcallen","","",""
"error","500","airport","3","500","https://www.originfacts.com/airports/mcarthur-river","","",""
"error","500","airport","3","500","https://www.originfacts.com/airports/mccook","","",""
"error","500","airport","3","500","https://www.originfacts.com/airports/mcgrath","","",""
"error","500","airport","3","500","https://www.originfacts.com/airports/mechria","","",""
"error","500","airport","3","500","https://www.originfacts.com/airports/medan","","",""
"error","500","airport","3","500","https://www.originfacts.com/airports/medellin-eoh","","",""
"error","500","airport","3","500","https://www.originfacts.com/airports/medellin-mde","","",""
"error","500","airport","3","500","https://www.originfacts.com/airports/medford","","",""
"error","500","airport","3","500","https://www.originfacts.com/airports/medicine-hat","","",""
"error","500","airport","3","500","https://www.originfacts.com/airports/mehamn","","",""
"error","500","airport","3","500","https://www.originfacts.com/airports/mei-xian","","",""
"error","500","airport","3","500","https://www.originfacts.com/airports/mekoryuk","","",""
"error","500","airport","3","500","https://www.originfacts.com/airports/melbourne-avv","","",""
"error","500","airport","3","500","https://www.originfacts.com/airports/melbourne-meb","","",""
"error","500","airport","3","500","https://www.originfacts.com/airports/melbourne-mel","","",""
"error","500","airport","3","500","https://www.originfacts.com/airports/melbourne-mlb","","",""
"error","500","airport","3","500","https://www.originfacts.com/airports/melilla","","",""
"error","500","airport","3","500","https://www.originfacts.com/airports/memanbetsu","","",""
"error","500","airport","3","500","https://www.originfacts.com/airports/memmingen","","",""
"error","500","airport","3","500","https://www.originfacts.com/airports/memphis","","",""
"error","500","airport","3","500","https://www.originfacts.com/airports/mendi","","",""
"error","500","airport","3","500","https://www.originfacts.com/airports/mendoza","","",""
"error","500","airport","3","500","https://www.originfacts.com/airports/menongue","","",""
"error","500","airport","3","500","https://www.originfacts.com/airports/menorca","","",""
"error","500","airport","3","500","https://www.originfacts.com/airports/merauke","","",""
"error","500","airport","3","500","https://www.originfacts.com/airports/merced","","",""
"error","500","airport","3","500","https://www.originfacts.com/airports/merida","","",""
"error","500","airport","3","500","https://www.originfacts.com/airports/meridian","","",""
"error","500","airport","3","500","https://www.originfacts.com/airports/merimbula","","",""
"error","500","airport","3","500","https://www.originfacts.com/airports/merlo","","",""
"error","500","airport","3","500","https://www.originfacts.com/airports/mersa-matruh","","",""
"error","500","airport","3","500","https://www.originfacts.com/airports/mersin","","",""
"error","500","airport","3","500","https://www.originfacts.com/airports/meru","","",""
"error","500","airport","3","500","https://www.originfacts.com/airports/merzifon","","",""
"error","500","airport","3","500","https://www.originfacts.com/airports/metz-nancy","","",""
"error","500","airport","3","500","https://www.originfacts.com/airports/meulaboh","","",""
"error","500","airport","3","500","https://www.originfacts.com/airports/mexicali","","",""
"error","500","airport","3","500","https://www.originfacts.com/airports/mexico-city-mex","","",""
"error","500","airport","3","500","https://www.originfacts.com/airports/mexico-city-nlu","","",""
"error","500","airport","3","500","https://www.originfacts.com/airports/mexico-city-tlc","","",""
"error","500","airport","3","500","https://www.originfacts.com/airports/mfuwe","","",""
"error","500","airport","3","500","https://www.originfacts.com/airports/miami-mia","","",""
"error","500","airport","3","500","https://www.originfacts.com/airports/miami-opf","","",""
"error","500","airport","3","500","https://www.originfacts.com/airports/mian-yang","","",""
"error","500","airport","3","500","https://www.originfacts.com/airports/middletown","","",""
"error","500","airport","3","500","https://www.originfacts.com/airports/midland","","",""
"error","500","airport","3","500","https://www.originfacts.com/airports/mikonos","","",""
"error","500","airport","3","500","https://www.originfacts.com/airports/milan-bgy","","",""
"error","500","airport","3","500","https://www.originfacts.com/airports/milan-lin","","",""
"error","500","airport","3","500","https://www.originfacts.com/airports/milan-mxp","","",""
"error","500","airport","3","500","https://www.originfacts.com/airports/mildura","","",""
"error","500","airport","3","500","https://www.originfacts.com/airports/milingimbi","","",""
"error","500","airport","3","500","https://www.originfacts.com/airports/milos","","",""
"error","500","airport","3","500","https://www.originfacts.com/airports/milwaukee","","",""
"error","500","airport","3","500","https://www.originfacts.com/airports/minami-daito","","",""
"error","500","airport","3","500","https://www.originfacts.com/airports/minatitlan","","",""
"error","500","airport","3","500","https://www.originfacts.com/airports/mineralnye-vody","","",""
"error","500","airport","3","500","https://www.originfacts.com/airports/minna","","",""
"error","500","airport","3","500","https://www.originfacts.com/airports/minneapolis-fcm","","",""
"error","500","airport","3","500","https://www.originfacts.com/airports/minneapolis-msp","","",""
"error","500","airport","3","500","https://www.originfacts.com/airports/minneapolis-stp","","",""
"error","500","airport","3","500","https://www.originfacts.com/airports/minot","","",""
"error","500","airport","3","500","https://www.originfacts.com/airports/minsk","","",""
"error","500","airport","3","500","https://www.originfacts.com/airports/miri","","",""
"error","500","airport","3","500","https://www.originfacts.com/airports/mirnyj","","",""
"error","500","airport","3","500","https://www.originfacts.com/airports/misawa","","",""
"error","500","airport","3","500","https://www.originfacts.com/airports/missoula","","",""
"error","500","airport","3","500","https://www.originfacts.com/airports/misurata","","",""
"error","500","airport","3","500","https://www.originfacts.com/airports/mitu","","",""
"error","500","airport","3","500","https://www.originfacts.com/airports/miyako","","",""
"error","500","airport","3","500","https://www.originfacts.com/airports/miyazaki","","",""
"error","500","airport","3","500","https://www.originfacts.com/airports/mmabatho","","",""
"error","500","airport","3","500","https://www.originfacts.com/airports/mo-i-rana","","",""
"error","500","airport","3","500","https://www.originfacts.com/airports/moab","","",""
"error","500","airport","3","500","https://www.originfacts.com/airports/mobile-bfm","","",""
"error","500","airport","3","500","https://www.originfacts.com/airports/mobile-mob","","",""
"error","500","airport","3","500","https://www.originfacts.com/airports/modesto","","",""
"error","500","airport","3","500","https://www.originfacts.com/airports/mogadishu","","",""
"error","500","airport","3","500","https://www.originfacts.com/airports/mogilev","","",""
"error","500","airport","3","500","https://www.originfacts.com/airports/mohe","","",""
"error","500","airport","3","500","https://www.originfacts.com/airports/mojave","","",""
"error","500","airport","3","500","https://www.originfacts.com/airports/molde","","",""
"error","500","airport","3","500","https://www.originfacts.com/airports/moline","","",""
"error","500","airport","3","500","https://www.originfacts.com/airports/mombasa","","",""
"error","500","airport","3","500","https://www.originfacts.com/airports/monastir","","",""
"error","500","airport","3","500","https://www.originfacts.com/airports/monbetsu","","",""
"error","500","airport","3","500","https://www.originfacts.com/airports/moncton","","",""
"error","500","airport","3","500","https://www.originfacts.com/airports/monkey-mia","","",""
"error","500","airport","3","500","https://www.originfacts.com/airports/monroe","","",""
"error","500","airport","3","500","https://www.originfacts.com/airports/monrovia","","",""
"error","500","airport","3","500","https://www.originfacts.com/airports/mont-joli","","",""
"error","500","airport","3","500","https://www.originfacts.com/airports/mont-tremblant","","",""
"error","500","airport","3","500","https://www.originfacts.com/airports/monte-dourado","","",""
"error","500","airport","3","500","https://www.originfacts.com/airports/monte-libano","","",""
"error","500","airport","3","500","https://www.originfacts.com/airports/montego-bay","","",""
"error","500","airport","3","500","https://www.originfacts.com/airports/monterey","","",""
"error","500","airport","3","500","https://www.originfacts.com/airports/monteria","","",""
"error","500","airport","3","500","https://www.originfacts.com/airports/monterrey","","",""
"error","500","airport","3","500","https://www.originfacts.com/airports/montes-claros","","",""
"error","500","airport","3","500","https://www.originfacts.com/airports/montevideo-mvd","","",""
"error","500","airport","3","500","https://www.originfacts.com/airports/montevideo-mve","","",""
"error","500","airport","3","500","https://www.originfacts.com/airports/montgomery","","",""
"error","500","airport","3","500","https://www.originfacts.com/airports/montpelier","","",""
"error","500","airport","3","500","https://www.originfacts.com/airports/montpellier","","",""
"error","500","airport","3","500","https://www.originfacts.com/airports/montreal-yhu","","",""
"error","500","airport","3","500","https://www.originfacts.com/airports/montreal-ymx","","",""
"error","500","airport","3","500","https://www.originfacts.com/airports/montreal-yul","","",""
"error","500","airport","3","500","https://www.originfacts.com/airports/montrose","","",""
"error","500","airport","3","500","https://www.originfacts.com/airports/montserrat","","",""
"error","500","airport","3","500","https://www.originfacts.com/airports/moorea","","",""
"error","500","airport","3","500","https://www.originfacts.com/airports/moosonee","","",""
"error","500","airport","3","500","https://www.originfacts.com/airports/mora","","",""
"error","500","airport","3","500","https://www.originfacts.com/airports/moranbah","","",""
"error","500","airport","3","500","https://www.originfacts.com/airports/moree","","",""
"error","500","airport","3","500","https://www.originfacts.com/airports/morelia","","",""
"error","500","airport","3","500","https://www.originfacts.com/airports/morgantown","","",""
"error","500","airport","3","500","https://www.originfacts.com/airports/mornington","","",""
"error","500","airport","3","500","https://www.originfacts.com/airports/moro","","",""
"error","500","airport","3","500","https://www.originfacts.com/airports/moron","","",""
"error","500","airport","3","500","https://www.originfacts.com/airports/morondava","","",""
"error","500","airport","3","500","https://www.originfacts.com/airports/moroni","","",""
"error","500","airport","3","500","https://www.originfacts.com/airports/morristown","","",""
"error","500","airport","3","500","https://www.originfacts.com/airports/moruya","","",""
"error","500","airport","3","500","https://www.originfacts.com/airports/moscow-dme","","",""
"error","500","airport","3","500","https://www.originfacts.com/airports/moscow-svo","","",""
"error","500","airport","3","500","https://www.originfacts.com/airports/moscow-vko","","",""
"error","500","airport","3","500","https://www.originfacts.com/airports/moscow-zia","","",""
"error","500","airport","3","500","https://www.originfacts.com/airports/mosjoen","","",""
"error","500","airport","3","500","https://www.originfacts.com/airports/mossoro","","",""
"error","500","airport","3","500","https://www.originfacts.com/airports/mostar","","",""
"error","500","airport","3","500","https://www.originfacts.com/airports/motygino","","",""
"error","500","airport","3","500","https://www.originfacts.com/airports/mount-gambier","","",""
"error","500","airport","3","500","https://www.originfacts.com/airports/mount-hagen","","",""
"error","500","airport","3","500","https://www.originfacts.com/airports/mount-isa","","",""
"error","500","airport","3","500","https://www.originfacts.com/airports/mount-pleasant","","",""
"error","500","airport","3","500","https://www.originfacts.com/airports/mountain-village","","",""
"error","500","airport","3","500","https://www.originfacts.com/airports/mpacha","","",""
"error","500","airport","3","500","https://www.originfacts.com/airports/mtwara","","",""
"error","500","airport","3","500","https://www.originfacts.com/airports/mudanjiang","","",""
"error","500","airport","3","500","https://www.originfacts.com/airports/mudgee","","",""
"error","500","airport","3","500","https://www.originfacts.com/airports/muenster","","",""
"error","500","airport","3","500","https://www.originfacts.com/airports/mukah","","",""
"error","500","airport","3","500","https://www.originfacts.com/airports/multan","","",""
"error","500","airport","3","500","https://www.originfacts.com/airports/mulu","","",""
"error","500","airport","3","500","https://www.originfacts.com/airports/mumbai-bom","","",""
"error","500","airport","3","500","https://www.originfacts.com/airports/mumbai-nmi","","",""
"error","500","airport","3","500","https://www.originfacts.com/airports/munda","","",""
"error","500","airport","3","500","https://www.originfacts.com/airports/munich-agb","","",""
"error","500","airport","3","500","https://www.originfacts.com/airports/munich-muc","","",""
"error","500","airport","3","500","https://www.originfacts.com/airports/murcia-mjv","","",""
"error","500","airport","3","500","https://www.originfacts.com/airports/murcia-rmu","","",""
"error","500","airport","3","500","https://www.originfacts.com/airports/murmansk","","",""
"error","500","airport","3","500","https://www.originfacts.com/airports/murray-island","","",""
"error","500","airport","3","500","https://www.originfacts.com/airports/mus","","",""
"error","500","airport","3","500","https://www.originfacts.com/airports/muscat","","",""
"error","500","airport","3","500","https://www.originfacts.com/airports/muscle-shoals","","",""
"error","500","airport","3","500","https://www.originfacts.com/airports/muskegon","","",""
"error","500","airport","3","500","https://www.originfacts.com/airports/musoma","","",""
"error","500","airport","3","500","https://www.originfacts.com/airports/muynak","","",""
"error","500","airport","3","500","https://www.originfacts.com/airports/mwanza","","",""
"error","500","airport","3","500","https://www.originfacts.com/airports/myeik","","",""
"error","500","airport","3","500","https://www.originfacts.com/airports/myitkyina","","",""
"error","500","airport","3","500","https://www.originfacts.com/airports/myrtle-beach","","",""
"error","500","airport","3","500","https://www.originfacts.com/airports/mysore","","",""
"error","500","airport","3","500","https://www.originfacts.com/airports/mytilene","","",""
"error","500","airport","3","500","https://www.originfacts.com/airports/naberezhnye-chelny","","",""
"error","500","airport","3","500","https://www.originfacts.com/airports/nabire","","",""
"error","500","airport","3","500","https://www.originfacts.com/airports/nacala","","",""
"error","500","airport","3","500","https://www.originfacts.com/airports/nadi","","",""
"error","500","airport","3","500","https://www.originfacts.com/airports/nador","","",""
"error","500","airport","3","500","https://www.originfacts.com/airports/nadym","","",""
"error","500","airport","3","500","https://www.originfacts.com/airports/naga","","",""
"error","500","airport","3","500","https://www.originfacts.com/airports/nagasaki","","",""
"error","500","airport","3","500","https://www.originfacts.com/airports/nagoya-ngo","","",""
"error","500","airport","3","500","https://www.originfacts.com/airports/nagoya-nkm","","",""
"error","500","airport","3","500","https://www.originfacts.com/airports/nagpur","","",""
"error","500","airport","3","500","https://www.originfacts.com/airports/naha","","",""
"error","500","airport","3","500","https://www.originfacts.com/airports/nain","","",""
"error","500","airport","3","500","https://www.originfacts.com/airports/nairobi-nbo","","",""
"error","500","airport","3","500","https://www.originfacts.com/airports/nairobi-wil","","",""
"error","500","airport","3","500","https://www.originfacts.com/airports/nakashibetsu","","",""
"error","500","airport","3","500","https://www.originfacts.com/airports/nakhichevan","","",""
"error","500","airport","3","500","https://www.originfacts.com/airports/nakhon-phanom","","",""
"error","500","airport","3","500","https://www.originfacts.com/airports/nakhon-si-thammarat","","",""
"error","500","airport","3","500","https://www.originfacts.com/airports/nalchik","","",""
"error","500","airport","3","500","https://www.originfacts.com/airports/namangan","","",""
"error","500","airport","3","500","https://www.originfacts.com/airports/namibe","","",""
"error","500","airport","3","500","https://www.originfacts.com/airports/namlea","","",""
"error","500","airport","3","500","https://www.originfacts.com/airports/nampula","","",""
"error","500","airport","3","500","https://www.originfacts.com/airports/namsos","","",""
"error","500","airport","3","500","https://www.originfacts.com/airports/nan","","",""
"error","500","airport","3","500","https://www.originfacts.com/airports/nanaimo","","",""
"error","500","airport","3","500","https://www.originfacts.com/airports/nanchang","","",""
"error","500","airport","3","500","https://www.originfacts.com/airports/nanchong","","",""
"error","500","airport","3","500","https://www.originfacts.com/airports/nanded","","",""
"error","500","airport","3","500","https://www.originfacts.com/airports/nangan","","",""
"error","500","airport","3","500","https://www.originfacts.com/airports/nanjing","","",""
"error","500","airport","3","500","https://www.originfacts.com/airports/nanning","","",""
"error","500","airport","3","500","https://www.originfacts.com/airports/nantes","","",""
"error","500","airport","3","500","https://www.originfacts.com/airports/nantong","","",""
"error","500","airport","3","500","https://www.originfacts.com/airports/nantucket","","",""
"error","500","airport","3","500","https://www.originfacts.com/airports/nanyang","","",""
"error","500","airport","3","500","https://www.originfacts.com/airports/nanyuki","","",""
"error","500","airport","3","500","https://www.originfacts.com/airports/napakiak","","",""
"error","500","airport","3","500","https://www.originfacts.com/airports/napaskiak","","",""
"error","500","airport","3","500","https://www.originfacts.com/airports/napier","","",""
"error","500","airport","3","500","https://www.originfacts.com/airports/naples-apf","","",""
"error","500","airport","3","500","https://www.originfacts.com/airports/naples-nap","","",""
"error","500","airport","3","500","https://www.originfacts.com/airports/narathiwat","","",""
"error","500","airport","3","500","https://www.originfacts.com/airports/narrabri","","",""
"error","500","airport","3","500","https://www.originfacts.com/airports/narsarsuaq","","",""
"error","500","airport","3","500","https://www.originfacts.com/airports/naryan-mar","","",""
"error","500","airport","3","500","https://www.originfacts.com/airports/nashville","","",""
"error","500","airport","3","500","https://www.originfacts.com/airports/nasik","","",""
"error","500","airport","3","500","https://www.originfacts.com/airports/nasiriyah","","",""
"error","500","airport","3","500","https://www.originfacts.com/airports/nassau","","",""
"error","500","airport","3","500","https://www.originfacts.com/airports/natal","","",""
"error","500","airport","3","500","https://www.originfacts.com/airports/natuashish","","",""
"error","500","airport","3","500","https://www.originfacts.com/airports/natuna-ranai","","",""
"error","500","airport","3","500","https://www.originfacts.com/airports/nauru-island","","",""
"error","500","airport","3","500","https://www.originfacts.com/airports/navegantes","","",""
"error","500","airport","3","500","https://www.originfacts.com/airports/navoi","","",""
"error","500","airport","3","500","https://www.originfacts.com/airports/naxos-cyclades-islands","","",""
"error","500","airport","3","500","https://www.originfacts.com/airports/naypyidaw","","",""
"error","500","airport","3","500","https://www.originfacts.com/airports/nazca","","",""
"error","500","airport","3","500","https://www.originfacts.com/airports/nazluy-ye-jonubi","","",""
"error","500","airport","3","500","https://www.originfacts.com/airports/ndjamena","","",""
"error","500","airport","3","500","https://www.originfacts.com/airports/ndola","","",""
"error","500","airport","3","500","https://www.originfacts.com/airports/neerlerit-inaat","","",""
"error","500","airport","3","500","https://www.originfacts.com/airports/neiva","","",""
"error","500","airport","3","500","https://www.originfacts.com/airports/nejran","","",""
"error","500","airport","3","500","https://www.originfacts.com/airports/nekemt","","",""
"error","500","airport","3","500","https://www.originfacts.com/airports/nelson","","",""
"error","500","airport","3","500","https://www.originfacts.com/airports/nelspruit","","",""
"error","500","airport","3","500","https://www.originfacts.com/airports/nema","","",""
"error","500","airport","3","500","https://www.originfacts.com/airports/nemiscau","","",""
"error","500","airport","3","500","https://www.originfacts.com/airports/neom","","",""
"error","500","airport","3","500","https://www.originfacts.com/airports/nepalganj","","",""
"error","500","airport","3","500","https://www.originfacts.com/airports/neryungri","","",""
"error","500","airport","3","500","https://www.originfacts.com/airports/neuquen","","",""
"error","500","airport","3","500","https://www.originfacts.com/airports/nevis","","",""
"error","500","airport","3","500","https://www.originfacts.com/airports/nevsehir","","",""
"error","500","airport","3","500","https://www.originfacts.com/airports/new-bedford","","",""
"error","500","airport","3","500","https://www.originfacts.com/airports/new-bern","","",""
"error","500","airport","3","500","https://www.originfacts.com/airports/new-haven","","",""
"error","500","airport","3","500","https://www.originfacts.com/airports/new-orleans-msy","","",""
"error","500","airport","3","500","https://www.originfacts.com/airports/new-orleans-new","","",""
"error","500","airport","3","500","https://www.originfacts.com/airports/new-plymouth","","",""
"error","500","airport","3","500","https://www.originfacts.com/airports/new-york-ewr","","",""
"error","500","airport","3","500","https://www.originfacts.com/airports/new-york-jfk","","",""
"error","500","airport","3","500","https://www.originfacts.com/airports/new-york-lga","","",""
"error","500","airport","3","500","https://www.originfacts.com/airports/newburgh","","",""
"error","500","airport","3","500","https://www.originfacts.com/airports/newcastle-ncl","","",""
"error","500","airport","3","500","https://www.originfacts.com/airports/newcastle-ncs","","",""
"error","500","airport","3","500","https://www.originfacts.com/airports/newcastle-ntl","","",""
"error","500","airport","3","500","https://www.originfacts.com/airports/newman","","",""
"error","500","airport","3","500","https://www.originfacts.com/airports/newport-news","","",""
"error","500","airport","3","500","https://www.originfacts.com/airports/newquay","","",""
"error","500","airport","3","500","https://www.originfacts.com/airports/ngala","","",""
"error","500","airport","3","500","https://www.originfacts.com/airports/ngaoundere","","",""
"error","500","airport","3","500","https://www.originfacts.com/airports/nha-trang","","",""
"error","500","airport","3","500","https://www.originfacts.com/airports/niagara-falls","","",""
"error","500","airport","3","500","https://www.originfacts.com/airports/niamey","","",""
"error","500","airport","3","500","https://www.originfacts.com/airports/nice","","",""
"error","500","airport","3","500","https://www.originfacts.com/airports/nifty","","",""
"error","500","airport","3","500","https://www.originfacts.com/airports/nightmute","","",""
"error","500","airport","3","500","https://www.originfacts.com/airports/niigata","","",""
"error","500","airport","3","500","https://www.originfacts.com/airports/nikolaev","","",""
"error","500","airport","3","500","https://www.originfacts.com/airports/nikolaevsk-na-amure","","",""
"error","500","airport","3","500","https://www.originfacts.com/airports/nimes","","",""
"error","500","airport","3","500","https://www.originfacts.com/airports/ningbo","","",""
"error","500","airport","3","500","https://www.originfacts.com/airports/nis","","",""
"error","500","airport","3","500","https://www.originfacts.com/airports/niue-island","","",""
"error","500","airport","3","500","https://www.originfacts.com/airports/nizhneangarsk","","",""
"error","500","airport","3","500","https://www.originfacts.com/airports/nizhnevartovsk","","",""
"error","500","airport","3","500","https://www.originfacts.com/airports/nizhniy-novgorod","","",""
"error","500","airport","3","500","https://www.originfacts.com/airports/nogliki","","",""
"error","500","airport","3","500","https://www.originfacts.com/airports/nojabrxsk","","",""
"error","500","airport","3","500","https://www.originfacts.com/airports/nome","","",""
"error","500","airport","3","500","https://www.originfacts.com/airports/noorvik","","",""
"error","500","airport","3","500","https://www.originfacts.com/airports/norfolk","","",""
"error","500","airport","3","500","https://www.originfacts.com/airports/norfolk-island","","",""
"error","500","airport","3","500","https://www.originfacts.com/airports/noril-sk","","",""
"error","500","airport","3","500","https://www.originfacts.com/airports/norman-wells","","",""
"error","500","airport","3","500","https://www.originfacts.com/airports/normanton","","",""
"error","500","airport","3","500","https://www.originfacts.com/airports/norrkoping","","",""
"error","500","airport","3","500","https://www.originfacts.com/airports/norsup","","",""
"error","500","airport","3","500","https://www.originfacts.com/airports/north-bay","","",""
"error","500","airport","3","500","https://www.originfacts.com/airports/north-bend","","",""
"error","500","airport","3","500","https://www.originfacts.com/airports/north-eleuthera","","",""
"error","500","airport","3","500","https://www.originfacts.com/airports/north-platte","","",""
"error","500","airport","3","500","https://www.originfacts.com/airports/north-ronaldsay","","",""
"error","500","airport","3","500","https://www.originfacts.com/airports/norway-house","","",""
"error","500","airport","3","500","https://www.originfacts.com/airports/norwich","","",""
"error","500","airport","3","500","https://www.originfacts.com/airports/nosara-beach","","",""
"error","500","airport","3","500","https://www.originfacts.com/airports/nossi-be","","",""
"error","500","airport","3","500","https://www.originfacts.com/airports/notodden","","",""
"error","500","airport","3","500","https://www.originfacts.com/airports/nouadhibou","","",""
"error","500","airport","3","500","https://www.originfacts.com/airports/nouakchott","","",""
"error","500","airport","3","500","https://www.originfacts.com/airports/noumea-gea","","",""
"error","500","airport","3","500","https://www.originfacts.com/airports/noumea-nou","","",""
"error","500","airport","3","500","https://www.originfacts.com/airports/novokuznetsk","","",""
"error","500","airport","3","500","https://www.originfacts.com/airports/novosibirsk","","",""
"error","500","airport","3","500","https://www.originfacts.com/airports/novyj-urengoj","","",""
"error","500","airport","3","500","https://www.originfacts.com/airports/now-shahr","","",""
"error","500","airport","3","500","https://www.originfacts.com/airports/nueva-gerona","","",""
"error","500","airport","3","500","https://www.originfacts.com/airports/nuevo-laredo","","",""
"error","500","airport","3","500","https://www.originfacts.com/airports/nuiqsut","","",""
"error","500","airport","3","500","https://www.originfacts.com/airports/nuku-alofa","","",""
"error","500","airport","3","500","https://www.originfacts.com/airports/nuku-hiva","","",""
"error","500","airport","3","500","https://www.originfacts.com/airports/nukus","","",""
"error","500","airport","3","500","https://www.originfacts.com/airports/nulato","","",""
"error","500","airport","3","500","https://www.originfacts.com/airports/nuqui","","",""
"error","500","airport","3","500","https://www.originfacts.com/airports/nuremberg","","",""
"error","500","airport","3","500","https://www.originfacts.com/airports/nuuk","","",""
"error","500","airport","3","500","https://www.originfacts.com/airports/nyagan","","",""
"error","500","airport","3","500","https://www.originfacts.com/airports/nyaung-u","","",""
"error","500","airport","3","500","https://www.originfacts.com/airports/nyingchi","","",""
"error","500","airport","3","500","https://www.originfacts.com/airports/nyurba","","",""
"error","500","airport","3","500","https://www.originfacts.com/airports/oakland","","",""
"error","500","airport","3","500","https://www.originfacts.com/airports/oaxaca","","",""
"error","500","airport","3","500","https://www.originfacts.com/airports/obihiro","","",""
"error","500","airport","3","500","https://www.originfacts.com/airports/ocho-rios","","",""
"error","500","airport","3","500","https://www.originfacts.com/airports/odate-noshiro","","",""
"error","500","airport","3","500","https://www.originfacts.com/airports/odessa","","",""
"error","500","airport","3","500","https://www.originfacts.com/airports/odienne","","",""
"error","500","airport","3","500","https://www.originfacts.com/airports/ogden","","",""
"error","500","airport","3","500","https://www.originfacts.com/airports/ogdensburg","","",""
"error","500","airport","3","500","https://www.originfacts.com/airports/ohrid","","",""
"error","500","airport","3","500","https://www.originfacts.com/airports/oita","","",""
"error","500","airport","3","500","https://www.originfacts.com/airports/okayama","","",""
"error","500","airport","3","500","https://www.originfacts.com/airports/okha","","",""
"error","500","airport","3","500","https://www.originfacts.com/airports/okhotsk","","",""
"error","500","airport","3","500","https://www.originfacts.com/airports/oki-island","","",""
"error","500","airport","3","500","https://www.originfacts.com/airports/okinawa","","",""
"error","500","airport","3","500","https://www.originfacts.com/airports/okino-erabu","","",""
"error","500","airport","3","500","https://www.originfacts.com/airports/oklahoma-city","","",""
"error","500","airport","3","500","https://www.originfacts.com/airports/okushiri","","",""
"error","500","airport","3","500","https://www.originfacts.com/airports/olbia","","",""
"error","500","airport","3","500","https://www.originfacts.com/airports/old-crow","","",""
"error","500","airport","3","500","https://www.originfacts.com/airports/olenyok","","",""
"error","500","airport","3","500","https://www.originfacts.com/airports/olokminsk","","",""
"error","500","airport","3","500","https://www.originfacts.com/airports/olympic-dam","","",""
"error","500","airport","3","500","https://www.originfacts.com/airports/omaha","","",""
"error","500","airport","3","500","https://www.originfacts.com/airports/omitami","","",""
"error","500","airport","3","500","https://www.originfacts.com/airports/omsk","","",""
"error","500","airport","3","500","https://www.originfacts.com/airports/ondangwa","","",""
"error","500","airport","3","500","https://www.originfacts.com/airports/ondjiva","","",""
"error","500","airport","3","500","https://www.originfacts.com/airports/onslow","","",""
"error","500","airport","3","500","https://www.originfacts.com/airports/ontario-ono","","",""
"error","500","airport","3","500","https://www.originfacts.com/airports/ontario-ont","","",""
"error","500","airport","3","500","https://www.originfacts.com/airports/oradea","","",""
"error","500","airport","3","500","https://www.originfacts.com/airports/oral","","",""
"error","500","airport","3","500","https://www.originfacts.com/airports/oran","","",""
"error","500","airport","3","500","https://www.originfacts.com/airports/orange","","",""
"error","500","airport","3","500","https://www.originfacts.com/airports/oranjemund","","",""
"error","500","airport","3","500","https://www.originfacts.com/airports/ordu","","",""
"error","500","airport","3","500","https://www.originfacts.com/airports/orebro","","",""
"error","500","airport","3","500","https://www.originfacts.com/airports/orenburg","","",""
"error","500","airport","3","500","https://www.originfacts.com/airports/orland","","",""
"error","500","airport","3","500","https://www.originfacts.com/airports/orlando-mco","","",""
"error","500","airport","3","500","https://www.originfacts.com/airports/orlando-orl","","",""
"error","500","airport","3","500","https://www.originfacts.com/airports/orlando-sfb","","",""
"error","500","airport","3","500","https://www.originfacts.com/airports/ornskoldsvik","","",""
"error","500","airport","3","500","https://www.originfacts.com/airports/orsk","","",""
"error","500","airport","3","500","https://www.originfacts.com/airports/orsta-volda","","",""
"error","500","airport","3","500","https://www.originfacts.com/airports/oruro","","",""
"error","500","airport","3","500","https://www.originfacts.com/airports/osaka-itm","","",""
"error","500","airport","3","500","https://www.originfacts.com/airports/osaka-kix","","",""
"error","500","airport","3","500","https://www.originfacts.com/airports/osaka-ukb","","",""
"error","500","airport","3","500","https://www.originfacts.com/airports/osh","","",""
"error","500","airport","3","500","https://www.originfacts.com/airports/osijek","","",""
"error","500","airport","3","500","https://www.originfacts.com/airports/oskemen","","",""
"error","500","airport","3","500","https://www.originfacts.com/airports/oslo-osl","","",""
"error","500","airport","3","500","https://www.originfacts.com/airports/oslo-trf","","",""
"error","500","airport","3","500","https://www.originfacts.com/airports/osorno","","",""
"error","500","airport","3","500","https://www.originfacts.com/airports/ostersund","","",""
"error","500","airport","3","500","https://www.originfacts.com/airports/ostrava","","",""
"error","500","airport","3","500","https://www.originfacts.com/airports/ottawa-ynd","","",""
"error","500","airport","3","500","https://www.originfacts.com/airports/ottawa-yow","","",""
"error","500","airport","3","500","https://www.originfacts.com/airports/ouagadougou","","",""
"error","500","airport","3","500","https://www.originfacts.com/airports/ouargla","","",""
"error","500","airport","3","500","https://www.originfacts.com/airports/ouarzazate","","",""
"error","500","airport","3","500","https://www.originfacts.com/airports/oudomxay","","",""
"error","500","airport","3","500","https://www.originfacts.com/airports/oujda","","",""
"error","500","airport","3","500","https://www.originfacts.com/airports/oulu","","",""
"error","500","airport","3","500","https://www.originfacts.com/airports/ourilandia","","",""
"error","500","airport","3","500","https://www.originfacts.com/airports/ouvea","","",""
"error","500","airport","3","500","https://www.originfacts.com/airports/owensboro","","",""
"error","500","airport","3","500","https://www.originfacts.com/airports/oxford","","",""
"error","500","airport","3","500","https://www.originfacts.com/airports/oyem","","",""
"error","500","airport","3","500","https://www.originfacts.com/airports/ozamis-city","","",""
"error","500","airport","3","500","https://www.originfacts.com/airports/paamiut","","",""
"error","500","airport","3","500","https://www.originfacts.com/airports/padang","","",""
"error","500","airport","3","500","https://www.originfacts.com/airports/paderborn","","",""
"error","500","airport","3","500","https://www.originfacts.com/airports/paducah","","",""
"error","500","airport","3","500","https://www.originfacts.com/airports/pagadian","","",""
"error","500","airport","3","500","https://www.originfacts.com/airports/page","","",""
"error","500","airport","3","500","https://www.originfacts.com/airports/pago-pago","","",""
"error","500","airport","3","500","https://www.originfacts.com/airports/pai","","",""
"error","500","airport","3","500","https://www.originfacts.com/airports/painter-creek","","",""
"error","500","airport","3","500","https://www.originfacts.com/airports/pajala","","",""
"error","500","airport","3","500","https://www.originfacts.com/airports/pakse","","",""
"error","500","airport","3","500","https://www.originfacts.com/airports/palanga","","",""
"error","500","airport","3","500","https://www.originfacts.com/airports/palangkaraya","","",""
"error","500","airport","3","500","https://www.originfacts.com/airports/palembang","","",""
"error","500","airport","3","500","https://www.originfacts.com/airports/palenque","","",""
"error","500","airport","3","500","https://www.originfacts.com/airports/palermo","","",""
"error","500","airport","3","500","https://www.originfacts.com/airports/palm-island","","",""
"error","500","airport","3","500","https://www.originfacts.com/airports/palm-springs","","",""
"error","500","airport","3","500","https://www.originfacts.com/airports/palma-mallorca","","",""
"error","500","airport","3","500","https://www.originfacts.com/airports/palmas","","",""
"error","500","airport","3","500","https://www.originfacts.com/airports/palmerston-north","","",""
"error","500","airport","3","500","https://www.originfacts.com/airports/palu","","",""
"error","500","airport","3","500","https://www.originfacts.com/airports/pamplona","","",""
"error","500","airport","3","500","https://www.originfacts.com/airports/pan-zhi-hua","","",""
"error","500","airport","3","500","https://www.originfacts.com/airports/panama-city-ecp","","",""
"error","500","airport","3","500","https://www.originfacts.com/airports/panama-city-pac","","",""
"error","500","airport","3","500","https://www.originfacts.com/airports/panama-city-pty","","",""
"error","500","airport","3","500","https://www.originfacts.com/airports/pangkal-pinang","","",""
"error","500","airport","3","500","https://www.originfacts.com/airports/pangkalanbun","","",""
"error","500","airport","3","500","https://www.originfacts.com/airports/pangnirtung","","",""
"error","500","airport","3","500","https://www.originfacts.com/airports/pantelleria","","",""
"error","500","airport","3","500","https://www.originfacts.com/airports/pantnagar","","",""
"error","500","airport","3","500","https://www.originfacts.com/airports/papa-westray","","",""
"error","500","airport","3","500","https://www.originfacts.com/airports/papeete","","",""
"error","500","airport","3","500","https://www.originfacts.com/airports/paphos","","",""
"error","500","airport","3","500","https://www.originfacts.com/airports/paraburdoo","","",""
"error","500","airport","3","500","https://www.originfacts.com/airports/paramaribo","","",""
"error","500","airport","3","500","https://www.originfacts.com/airports/parana","","",""
"error","500","airport","3","500","https://www.originfacts.com/airports/paraparaumu","","",""
"error","500","airport","3","500","https://www.originfacts.com/airports/pardubice","","",""
"error","500","airport","3","500","https://www.originfacts.com/airports/parintins","","",""
"error","500","airport","3","500","https://www.originfacts.com/airports/paris-bva","","",""
"error","500","airport","3","500","https://www.originfacts.com/airports/paris-cdg","","",""
"error","500","airport","3","500","https://www.originfacts.com/airports/paris-ory","","",""
"error","500","airport","3","500","https://www.originfacts.com/airports/parkersburg","","",""
"error","500","airport","3","500","https://www.originfacts.com/airports/parkes","","",""
"error","500","airport","3","500","https://www.originfacts.com/airports/parma","","",""
"error","500","airport","3","500","https://www.originfacts.com/airports/parnaiba","","",""
"error","500","airport","3","500","https://www.originfacts.com/airports/paro","","",""
"error","500","airport","3","500","https://www.originfacts.com/airports/paros","","",""
"error","500","airport","3","500","https://www.originfacts.com/airports/pasco","","",""
"error","500","airport","3","500","https://www.originfacts.com/airports/passo-fundo","","",""
"error","500","airport","3","500","https://www.originfacts.com/airports/pasto","","",""
"error","500","airport","3","500","https://www.originfacts.com/airports/pathankot","","",""
"error","500","airport","3","500","https://www.originfacts.com/airports/patna","","",""
"error","500","airport","3","500","https://www.originfacts.com/airports/pato-branco","","",""
"error","500","airport","3","500","https://www.originfacts.com/airports/patos-de-minas","","",""
"error","500","airport","3","500","https://www.originfacts.com/airports/patras","","",""
"error","500","airport","3","500","https://www.originfacts.com/airports/pau","","",""
"error","500","airport","3","500","https://www.originfacts.com/airports/paulo-afonso","","",""
"error","500","airport","3","500","https://www.originfacts.com/airports/pavlodar","","",""
"error","500","airport","3","500","https://www.originfacts.com/airports/pechora","","",""
"error","500","airport","3","500","https://www.originfacts.com/airports/pecs","","",""
"error","500","airport","3","500","https://www.originfacts.com/airports/pekanbaru","","",""
"error","500","airport","3","500","https://www.originfacts.com/airports/pellston","","",""
"error","500","airport","3","500","https://www.originfacts.com/airports/pelotas","","",""
"error","500","airport","3","500","https://www.originfacts.com/airports/pemba-pma","","",""
"error","500","airport","3","500","https://www.originfacts.com/airports/pemba-pol","","",""
"error","500","airport","3","500","https://www.originfacts.com/airports/penang","","",""
"error","500","airport","3","500","https://www.originfacts.com/airports/pendleton","","",""
"error","500","airport","3","500","https://www.originfacts.com/airports/pensacola","","",""
"error","500","airport","3","500","https://www.originfacts.com/airports/penticton","","",""
"error","500","airport","3","500","https://www.originfacts.com/airports/penza","","",""
"error","500","airport","3","500","https://www.originfacts.com/airports/peoria","","",""
"error","500","airport","3","500","https://www.originfacts.com/airports/pereira","","",""
"error","500","airport","3","500","https://www.originfacts.com/airports/perigueux","","",""
"error","500","airport","3","500","https://www.originfacts.com/airports/perm","","",""
"error","500","airport","3","500","https://www.originfacts.com/airports/perpignan","","",""
"error","500","airport","3","500","https://www.originfacts.com/airports/perth","","",""
"error","500","airport","3","500","https://www.originfacts.com/airports/perugia","","",""
"error","500","airport","3","500","https://www.originfacts.com/airports/pescara","","",""
"error","500","airport","3","500","https://www.originfacts.com/airports/peshawar","","",""
"error","500","airport","3","500","https://www.originfacts.com/airports/peterborough","","",""
"error","500","airport","3","500","https://www.originfacts.com/airports/petersburg","","",""
"error","500","airport","3","500","https://www.originfacts.com/airports/petrolina","","",""
"error","500","airport","3","500","https://www.originfacts.com/airports/petropavl","","",""
"error","500","airport","3","500","https://www.originfacts.com/airports/petropavlovsk-kamchatsky","","",""
"error","500","airport","3","500","https://www.originfacts.com/airports/petrozavodsk","","",""
"error","500","airport","3","500","https://www.originfacts.com/airports/pevek","","",""
"error","500","airport","3","500","https://www.originfacts.com/airports/phalaborwa","","",""
"error","500","airport","3","500","https://www.originfacts.com/airports/philadelphia-phl","","",""
"error","500","airport","3","500","https://www.originfacts.com/airports/philadelphia-ttn","","",""
"error","500","airport","3","500","https://www.originfacts.com/airports/phitsanulok","","",""
"error","500","airport","3","500","https://www.originfacts.com/airports/phnom-penh-ta-khmau","","",""
"error","500","airport","3","500","https://www.originfacts.com/airports/phoenix-aza","","",""
"error","500","airport","3","500","https://www.originfacts.com/airports/phoenix-phx","","",""
"error","500","airport","3","500","https://www.originfacts.com/airports/phoenix-scf","","",""
"error","500","airport","3","500","https://www.originfacts.com/airports/phrae","","",""
"error","500","airport","3","500","https://www.originfacts.com/airports/phu-quoc","","",""
"error","500","airport","3","500","https://www.originfacts.com/airports/phuket","","",""
"error","500","airport","3","500","https://www.originfacts.com/airports/pico-island-azores","","",""
"error","500","airport","3","500","https://www.originfacts.com/airports/picton","","",""
"error","500","airport","3","500","https://www.originfacts.com/airports/piedras-negras","","",""
"error","500","airport","3","500","https://www.originfacts.com/airports/pierre","","",""
"error","500","airport","3","500","https://www.originfacts.com/airports/pietermaritzburg","","",""
"error","500","airport","3","500","https://www.originfacts.com/airports/pikangikum","","",""
"error","500","airport","3","500","https://www.originfacts.com/airports/pilot-station","","",""
"error","500","airport","3","500","https://www.originfacts.com/airports/pisa","","",""
"error","500","airport","3","500","https://www.originfacts.com/airports/pisco","","",""
"error","500","airport","3","500","https://www.originfacts.com/airports/pitalito","","",""
"error","500","airport","3","500","https://www.originfacts.com/airports/pittsburgh-agc","","",""
"error","500","airport","3","500","https://www.originfacts.com/airports/pittsburgh-pit","","",""
"error","500","airport","3","500","https://www.originfacts.com/airports/pitu","","",""
"error","500","airport","3","500","https://www.originfacts.com/airports/pituffik","","",""
"error","500","airport","3","500","https://www.originfacts.com/airports/piura","","",""
"error","500","airport","3","500","https://www.originfacts.com/airports/placencia","","",""
"error","500","airport","3","500","https://www.originfacts.com/airports/plastun","","",""
"error","500","airport","3","500","https://www.originfacts.com/airports/platinum","","",""
"error","500","airport","3","500","https://www.originfacts.com/airports/plattsburgh","","",""
"error","500","airport","3","500","https://www.originfacts.com/airports/pleiku","","",""
"error","500","airport","3","500","https://www.originfacts.com/airports/plettenberg-bay","","",""
"error","500","airport","3","500","https://www.originfacts.com/airports/plovdiv","","",""
"error","500","airport","3","500","https://www.originfacts.com/airports/plymouth","","",""
"error","500","airport","3","500","https://www.originfacts.com/airports/pocatello","","",""
"error","500","airport","3","500","https://www.originfacts.com/airports/podgorica","","",""
"error","500","airport","3","500","https://www.originfacts.com/airports/pohang","","",""
"error","500","airport","3","500","https://www.originfacts.com/airports/pohnpei-caroline-islands","","",""
"error","500","airport","3","500","https://www.originfacts.com/airports/point-hope","","",""
"error","500","airport","3","500","https://www.originfacts.com/airports/point-lay","","",""
"error","500","airport","3","500","https://www.originfacts.com/airports/pointe-noire","","",""
"error","500","airport","3","500","https://www.originfacts.com/airports/poitiers","","",""
"error","500","airport","3","500","https://www.originfacts.com/airports/pokhara","","",""
"error","500","airport","3","500","https://www.originfacts.com/airports/polokwane","","",""
"error","500","airport","3","500","https://www.originfacts.com/airports/poltava","","",""
"error","500","airport","3","500","https://www.originfacts.com/airports/ponce","","",""
"error","500","airport","3","500","https://www.originfacts.com/airports/pond-inlet","","",""
"error","500","airport","3","500","https://www.originfacts.com/airports/pondicherry","","",""
"error","500","airport","3","500","https://www.originfacts.com/airports/ponta-delgada-azores","","",""
"error","500","airport","3","500","https://www.originfacts.com/airports/ponta-grossa","","",""
"error","500","airport","3","500","https://www.originfacts.com/airports/ponta-pora","","",""
"error","500","airport","3","500","https://www.originfacts.com/airports/pontianak","","",""
"error","500","airport","3","500","https://www.originfacts.com/airports/popayan","","",""
"error","500","airport","3","500","https://www.originfacts.com/airports/poplar-hill","","",""
"error","500","airport","3","500","https://www.originfacts.com/airports/popondetta","","",""
"error","500","airport","3","500","https://www.originfacts.com/airports/poprad-tatry","","",""
"error","500","airport","3","500","https://www.originfacts.com/airports/pori","","",""
"error","500","airport","3","500","https://www.originfacts.com/airports/porlamar","","",""
"error","500","airport","3","500","https://www.originfacts.com/airports/port-au-prince","","",""
"error","500","airport","3","500","https://www.originfacts.com/airports/port-blair","","",""
"error","500","airport","3","500","https://www.originfacts.com/airports/port-elizabeth","","",""
"error","500","airport","3","500","https://www.originfacts.com/airports/port-gentil","","",""
"error","500","airport","3","500","https://www.originfacts.com/airports/port-harcourt","","",""
"error","500","airport","3","500","https://www.originfacts.com/airports/port-hardy","","",""
"error","500","airport","3","500","https://www.originfacts.com/airports/port-hedland","","",""
"error","500","airport","3","500","https://www.originfacts.com/airports/port-lincoln","","",""
"error","500","airport","3","500","https://www.originfacts.com/airports/port-macquarie","","",""
"error","500","airport","3","500","https://www.originfacts.com/airports/port-menier","","",""
"error","500","airport","3","500","https://www.originfacts.com/airports/port-moresby","","",""
"error","500","airport","3","500","https://www.originfacts.com/airports/port-of-spain","","",""
"error","500","airport","3","500","https://www.originfacts.com/airports/port-sudan","","",""
"error","500","airport","3","500","https://www.originfacts.com/airports/port-vila","","",""
"error","500","airport","3","500","https://www.originfacts.com/airports/portimao","","",""
"error","500","airport","3","500","https://www.originfacts.com/airports/portland-pdx","","",""
"error","500","airport","3","500","https://www.originfacts.com/airports/portland-pwm","","",""
"error","500","airport","3","500","https://www.originfacts.com/airports/porto","","",""
"error","500","airport","3","500","https://www.originfacts.com/airports/porto-alegre","","",""
"error","500","airport","3","500","https://www.originfacts.com/airports/porto-de-moz","","",""
"error","500","airport","3","500","https://www.originfacts.com/airports/porto-santo-madeira","","",""
"error","500","airport","3","500","https://www.originfacts.com/airports/porto-seguro","","",""
"error","500","airport","3","500","https://www.originfacts.com/airports/porto-velho","","",""
"error","500","airport","3","500","https://www.originfacts.com/airports/portoroz","","",""
"error","500","airport","3","500","https://www.originfacts.com/airports/posadas","","",""
"error","500","airport","3","500","https://www.originfacts.com/airports/postville","","",""
"error","500","airport","3","500","https://www.originfacts.com/airports/povungnituk","","",""
"error","500","airport","3","500","https://www.originfacts.com/airports/powell-river","","",""
"error","500","airport","3","500","https://www.originfacts.com/airports/poza-rica","","",""
"error","500","airport","3","500","https://www.originfacts.com/airports/poznan","","",""
"error","500","airport","3","500","https://www.originfacts.com/airports/prague","","",""
"error","500","airport","3","500","https://www.originfacts.com/airports/praia","","",""
"error","500","airport","3","500","https://www.originfacts.com/airports/praslin-island","","",""
"error","500","airport","3","500","https://www.originfacts.com/airports/praya","","",""
"error","500","airport","3","500","https://www.originfacts.com/airports/prayagraj","","",""
"error","500","airport","3","500","https://www.originfacts.com/airports/preobrazheniye","","",""
"error","500","airport","3","500","https://www.originfacts.com/airports/prescott","","",""
"error","500","airport","3","500","https://www.originfacts.com/airports/presidente-prudente","","",""
"error","500","airport","3","500","https://www.originfacts.com/airports/presque-isle","","",""
"error","500","airport","3","500","https://www.originfacts.com/airports/pretoria","","",""
"error","500","airport","3","500","https://www.originfacts.com/airports/preveza","","",""
"error","500","airport","3","500","https://www.originfacts.com/airports/prince-albert","","",""
"error","500","airport","3","500","https://www.originfacts.com/airports/prince-george","","",""
"error","500","airport","3","500","https://www.originfacts.com/airports/prince-rupert","","",""
"error","500","airport","3","500","https://www.originfacts.com/airports/principe","","",""
"error","500","airport","3","500","https://www.originfacts.com/airports/pristina","","",""
"error","500","airport","3","500","https://www.originfacts.com/airports/proserpine","","",""
"error","500","airport","3","500","https://www.originfacts.com/airports/providence","","",""
"error","500","airport","3","500","https://www.originfacts.com/airports/providencia","","",""
"error","500","airport","3","500","https://www.originfacts.com/airports/providenciales","","",""
"error","500","airport","3","500","https://www.originfacts.com/airports/provincetown","","",""
"error","500","airport","3","500","https://www.originfacts.com/airports/provo","","",""
"error","500","airport","3","500","https://www.originfacts.com/airports/prudhoe-bay-deadhorse","","",""
"error","500","airport","3","500","https://www.originfacts.com/airports/pskov","","",""
"error","500","airport","3","500","https://www.originfacts.com/airports/pu-er-jmj","","",""
"error","500","airport","3","500","https://www.originfacts.com/airports/pu-er-sym","","",""
"error","500","airport","3","500","https://www.originfacts.com/airports/pucallpa","","",""
"error","500","airport","3","500","https://www.originfacts.com/airports/puebla","","",""
"error","500","airport","3","500","https://www.originfacts.com/airports/pueblo","","",""
"error","500","airport","3","500","https://www.originfacts.com/airports/puerto-asis","","",""
"error","500","airport","3","500","https://www.originfacts.com/airports/puerto-barrios","","",""
"error","500","airport","3","500","https://www.originfacts.com/airports/puerto-carreno","","",""
"error","500","airport","3","500","https://www.originfacts.com/airports/puerto-del-rosario","","",""
"error","500","airport","3","500","https://www.originfacts.com/airports/puerto-escondido","","",""
"error","500","airport","3","500","https://www.originfacts.com/airports/puerto-inirida","","",""
"error","500","airport","3","500","https://www.originfacts.com/airports/puerto-jimenez","","",""
"error","500","airport","3","500","https://www.originfacts.com/airports/puerto-leguizamo","","",""
"error","500","airport","3","500","https://www.originfacts.com/airports/puerto-madryn","","",""
"error","500","airport","3","500","https://www.originfacts.com/airports/puerto-maldonado","","",""
"error","500","airport","3","500","https://www.originfacts.com/airports/puerto-montt","","",""
"error","500","airport","3","500","https://www.originfacts.com/airports/puerto-natales","","",""
"error","500","airport","3","500","https://www.originfacts.com/airports/puerto-ordaz","","",""
"error","500","airport","3","500","https://www.originfacts.com/airports/puerto-plata","","",""
"error","500","airport","3","500","https://www.originfacts.com/airports/puerto-princesa","","",""
"error","500","airport","3","500","https://www.originfacts.com/airports/puerto-vallarta","","",""
"error","500","airport","3","500","https://www.originfacts.com/airports/pula","","",""
"error","500","airport","3","500","https://www.originfacts.com/airports/pullman","","",""
"error","500","airport","3","500","https://www.originfacts.com/airports/pune","","",""
"error","500","airport","3","500","https://www.originfacts.com/airports/punta-arenas","","",""
"error","500","airport","3","500","https://www.originfacts.com/airports/punta-cana","","",""
"error","500","airport","3","500","https://www.originfacts.com/airports/punta-del-este","","",""
"error","500","airport","3","500","https://www.originfacts.com/airports/punta-gorda-pgd","","",""
"error","500","airport","3","500","https://www.originfacts.com/airports/punta-gorda-pnd","","",""
"error","500","airport","3","500","https://www.originfacts.com/airports/putao","","",""
"error","500","airport","3","500","https://www.originfacts.com/airports/putussibau","","",""
"error","500","airport","3","500","https://www.originfacts.com/airports/pyongyang","","",""
"error","500","airport","3","500","https://www.originfacts.com/airports/qaanaaq","","",""
"error","500","airport","3","500","https://www.originfacts.com/airports/qaarsut","","",""
"error","500","airport","3","500","https://www.originfacts.com/airports/qaisumah","","",""
"error","500","airport","3","500","https://www.originfacts.com/airports/qeshm-island","","",""
"error","500","airport","3","500","https://www.originfacts.com/airports/qianjiang","","",""
"error","500","airport","3","500","https://www.originfacts.com/airports/qiemo","","",""
"error","500","airport","3","500","https://www.originfacts.com/airports/qikiqtarjuaq","","",""
"error","500","airport","3","500","https://www.originfacts.com/airports/qingdao","","",""
"error","500","airport","3","500","https://www.originfacts.com/airports/qingyang","","",""
"error","500","airport","3","500","https://www.originfacts.com/airports/qinhuangdao","","",""
"error","500","airport","3","500","https://www.originfacts.com/airports/qiqihar","","",""
"error","500","airport","3","500","https://www.originfacts.com/airports/quebec","","",""
"error","500","airport","3","500","https://www.originfacts.com/airports/queenstown","","",""
"error","500","airport","3","500","https://www.originfacts.com/airports/quelimane","","",""
"error","500","airport","3","500","https://www.originfacts.com/airports/quepos","","",""
"error","500","airport","3","500","https://www.originfacts.com/airports/queretaro","","",""
"error","500","airport","3","500","https://www.originfacts.com/airports/quesnel","","",""
"error","500","airport","3","500","https://www.originfacts.com/airports/quetta","","",""
"error","500","airport","3","500","https://www.originfacts.com/airports/quetzaltenango","","",""
"error","500","airport","3","500","https://www.originfacts.com/airports/qui-nhon","","",""
"error","500","airport","3","500","https://www.originfacts.com/airports/quibdo","","",""
"error","500","airport","3","500","https://www.originfacts.com/airports/quimper","","",""
"error","500","airport","3","500","https://www.originfacts.com/airports/quincy","","",""
"error","500","airport","3","500","https://www.originfacts.com/airports/quinhagak","","",""
"error","500","airport","3","500","https://www.originfacts.com/airports/quito","","",""
"error","500","airport","3","500","https://www.originfacts.com/airports/quzhou-zhejiang-province","","",""
"error","500","airport","3","500","https://www.originfacts.com/airports/rabat","","",""
"error","500","airport","3","500","https://www.originfacts.com/airports/rabaul","","",""
"error","500","airport","3","500","https://www.originfacts.com/airports/rach-gia","","",""
"error","500","airport","3","500","https://www.originfacts.com/airports/radom","","",""
"error","500","airport","3","500","https://www.originfacts.com/airports/rafha","","",""
"error","500","airport","3","500","https://www.originfacts.com/airports/rahim-yar-khan","","",""
"error","500","airport","3","500","https://www.originfacts.com/airports/raiatea","","",""
"error","500","airport","3","500","https://www.originfacts.com/airports/raipur","","",""
"error","500","airport","3","500","https://www.originfacts.com/airports/rairua","","",""
"error","500","airport","3","500","https://www.originfacts.com/airports/rajahmundry","","",""
"error","500","airport","3","500","https://www.originfacts.com/airports/rajkot-hsr","","",""
"error","500","airport","3","500","https://www.originfacts.com/airports/rajkot-raj","","",""
"error","500","airport","3","500","https://www.originfacts.com/airports/rajshahi","","",""
"error","500","airport","3","500","https://www.originfacts.com/airports/raleigh-durham","","",""
"error","500","airport","3","500","https://www.originfacts.com/airports/ranchi","","",""
"error","500","airport","3","500","https://www.originfacts.com/airports/rangiroa","","",""
"error","500","airport","3","500","https://www.originfacts.com/airports/rankin-inlet","","",""
"error","500","airport","3","500","https://www.originfacts.com/airports/ranong","","",""
"error","500","airport","3","500","https://www.originfacts.com/airports/rapid-city","","",""
"error","500","airport","3","500","https://www.originfacts.com/airports/raroia","","",""
"error","500","airport","3","500","https://www.originfacts.com/airports/rarotonga","","",""
"error","500","airport","3","500","https://www.originfacts.com/airports/ras-al-khaimah","","",""
"error","500","airport","3","500","https://www.originfacts.com/airports/rasht","","",""
"error","500","airport","3","500","https://www.originfacts.com/airports/raufarhofn","","",""
"error","500","airport","3","500","https://www.originfacts.com/airports/recife","","",""
"error","500","airport","3","500","https://www.originfacts.com/airports/red-deer","","",""
"error","500","airport","3","500","https://www.originfacts.com/airports/red-lake","","",""
"error","500","airport","3","500","https://www.originfacts.com/airports/redang","","",""
"error","500","airport","3","500","https://www.originfacts.com/airports/redding","","",""
"error","500","airport","3","500","https://www.originfacts.com/airports/redmond","","",""
"error","500","airport","3","500","https://www.originfacts.com/airports/reggio-calabria","","",""
"error","500","airport","3","500","https://www.originfacts.com/airports/regina","","",""
"error","500","airport","3","500","https://www.originfacts.com/airports/rennes","","",""
"error","500","airport","3","500","https://www.originfacts.com/airports/reno","","",""
"error","500","airport","3","500","https://www.originfacts.com/airports/repulse-bay","","",""
"error","500","airport","3","500","https://www.originfacts.com/airports/resistencia","","",""
"error","500","airport","3","500","https://www.originfacts.com/airports/resolute","","",""
"error","500","airport","3","500","https://www.originfacts.com/airports/retalhuleu","","",""
"error","500","airport","3","500","https://www.originfacts.com/airports/reus","","",""
"error","500","airport","3","500","https://www.originfacts.com/airports/reykjavik-kef","","",""
"error","500","airport","3","500","https://www.originfacts.com/airports/reykjavik-rkv","","",""
"error","500","airport","3","500","https://www.originfacts.com/airports/reynosa","","",""
"error","500","airport","3","500","https://www.originfacts.com/airports/rhinelander","","",""
"error","500","airport","3","500","https://www.originfacts.com/airports/rhodes","","",""
"error","500","airport","3","500","https://www.originfacts.com/airports/ribeirao-preto","","",""
"error","500","airport","3","500","https://www.originfacts.com/airports/riberalta","","",""
"error","500","airport","3","500","https://www.originfacts.com/airports/richards-bay","","",""
"error","500","airport","3","500","https://www.originfacts.com/airports/richlands","","",""
"error","500","airport","3","500","https://www.originfacts.com/airports/richmond","","",""
"error","500","airport","3","500","https://www.originfacts.com/airports/riga","","",""
"error","500","airport","3","500","https://www.originfacts.com/airports/rigolet","","",""
"error","500","airport","3","500","https://www.originfacts.com/airports/rijeka","","",""
"error","500","airport","3","500","https://www.originfacts.com/airports/rimatara","","",""
"error","500","airport","3","500","https://www.originfacts.com/airports/rimini","","",""
"error","500","airport","3","500","https://www.originfacts.com/airports/rio-branco","","",""
"error","500","airport","3","500","https://www.originfacts.com/airports/rio-cuarto","","",""
"error","500","airport","3","500","https://www.originfacts.com/airports/rio-de-janeiro","","",""
"error","500","airport","3","500","https://www.originfacts.com/airports/rio-de-janeiro-rrj","","",""
"error","500","airport","3","500","https://www.originfacts.com/airports/rio-de-janeiro-sdu","","",""
"error","500","airport","3","500","https://www.originfacts.com/airports/rio-gallegos","","",""
"error","500","airport","3","500","https://www.originfacts.com/airports/rio-grande","","",""
"error","500","airport","3","500","https://www.originfacts.com/airports/rio-hondo","","",""
"error","500","airport","3","500","https://www.originfacts.com/airports/rio-verde","","",""
"error","500","airport","3","500","https://www.originfacts.com/airports/riohacha","","",""
"error","500","airport","3","500","https://www.originfacts.com/airports/rishiri","","",""
"error","500","airport","3","500","https://www.originfacts.com/airports/riverton","","",""
"error","500","airport","3","500","https://www.originfacts.com/airports/riyadh","","",""
"error","500","airport","3","500","https://www.originfacts.com/airports/rize","","",""
"error","500","airport","3","500","https://www.originfacts.com/airports/rizhao","","",""
"error","500","airport","3","500","https://www.originfacts.com/airports/roanoke","","",""
"error","500","airport","3","500","https://www.originfacts.com/airports/roatan","","",""
"error","500","airport","3","500","https://www.originfacts.com/airports/rochester-roc","","",""
"error","500","airport","3","500","https://www.originfacts.com/airports/rochester-rst","","",""
"error","500","airport","3","500","https://www.originfacts.com/airports/rock-sound","","",""
"error","500","airport","3","500","https://www.originfacts.com/airports/rock-springs","","",""
"error","500","airport","3","500","https://www.originfacts.com/airports/rockhampton","","",""
"error","500","airport","3","500","https://www.originfacts.com/airports/rockland","","",""
"error","500","airport","3","500","https://www.originfacts.com/airports/rodez","","",""
"error","500","airport","3","500","https://www.originfacts.com/airports/rodrigues-island","","",""
"error","500","airport","3","500","https://www.originfacts.com/airports/roervik","","",""
"error","500","airport","3","500","https://www.originfacts.com/airports/roi-et","","",""
"error","500","airport","3","500","https://www.originfacts.com/airports/roma","","",""
"error","500","airport","3","500","https://www.originfacts.com/airports/rome-cia","","",""
"error","500","airport","3","500","https://www.originfacts.com/airports/rome-fco","","",""
"error","500","airport","3","500","https://www.originfacts.com/airports/rondonopolis","","",""
"error","500","airport","3","500","https://www.originfacts.com/airports/ronkonkoma","","",""
"error","500","airport","3","500","https://www.originfacts.com/airports/ronneby","","",""
"error","500","airport","3","500","https://www.originfacts.com/airports/roros","","",""
"error","500","airport","3","500","https://www.originfacts.com/airports/rosario","","",""
"error","500","airport","3","500","https://www.originfacts.com/airports/rost","","",""
"error","500","airport","3","500","https://www.originfacts.com/airports/rostock-laage","","",""
"error","500","airport","3","500","https://www.originfacts.com/airports/rostov","","",""
"error","500","airport","3","500","https://www.originfacts.com/airports/roswell","","",""
"error","500","airport","3","500","https://www.originfacts.com/airports/rota","","",""
"error","500","airport","3","500","https://www.originfacts.com/airports/rotorua","","",""
"error","500","airport","3","500","https://www.originfacts.com/airports/rotterdam","","",""
"error","500","airport","3","500","https://www.originfacts.com/airports/round-lake","","",""
"error","500","airport","3","500","https://www.originfacts.com/airports/rourkela","","",""
"error","500","airport","3","500","https://www.originfacts.com/airports/rouyn","","",""
"error","500","airport","3","500","https://www.originfacts.com/airports/rovaniemi","","",""
"error","500","airport","3","500","https://www.originfacts.com/airports/roxas-city","","",""
"error","500","airport","3","500","https://www.originfacts.com/airports/ruby","","",""
"error","500","airport","3","500","https://www.originfacts.com/airports/rurrenabaque","","",""
"error","500","airport","3","500","https://www.originfacts.com/airports/rurutu","","",""
"error","500","airport","3","500","https://www.originfacts.com/airports/ruteng","","",""
"error","500","airport","3","500","https://www.originfacts.com/airports/rutland","","",""
"error","500","airport","3","500","https://www.originfacts.com/airports/rzeszow","","",""
"error","500","airport","3","500","https://www.originfacts.com/airports/saarbruecken","","",""
"error","500","airport","3","500","https://www.originfacts.com/airports/saba","","",""
"error","500","airport","3","500","https://www.originfacts.com/airports/sabetta","","",""
"error","500","airport","3","500","https://www.originfacts.com/airports/sachigo-lake","","",""
"error","500","airport","3","500","https://www.originfacts.com/airports/sacramento-mhr","","",""
"error","500","airport","3","500","https://www.originfacts.com/airports/sacramento-sac","","",""
"error","500","airport","3","500","https://www.originfacts.com/airports/sacramento-smf","","",""
"error","500","airport","3","500","https://www.originfacts.com/airports/saga","","",""
"error","500","airport","3","500","https://www.originfacts.com/airports/saginaw","","",""
"error","500","airport","3","500","https://www.originfacts.com/airports/saibai-island","","",""
"error","500","airport","3","500","https://www.originfacts.com/airports/saidpur","","",""
"error","500","airport","3","500","https://www.originfacts.com/airports/saint-augustine","","",""
"error","500","airport","3","500","https://www.originfacts.com/airports/saint-barthelemy","","",""
"error","500","airport","3","500","https://www.originfacts.com/airports/saint-cloud","","",""
"error","500","airport","3","500","https://www.originfacts.com/airports/saint-croix","","",""
"error","500","airport","3","500","https://www.originfacts.com/airports/saint-denis-de-la-reunion","","",""
"error","500","airport","3","500","https://www.originfacts.com/airports/saint-etienne","","",""
"error","500","airport","3","500","https://www.originfacts.com/airports/saint-eustatius","","",""
"error","500","airport","3","500","https://www.originfacts.com/airports/saint-george","","",""
"error","500","airport","3","500","https://www.originfacts.com/airports/saint-george-island","","",""
"error","500","airport","3","500","https://www.originfacts.com/airports/saint-john","","",""
"error","500","airport","3","500","https://www.originfacts.com/airports/saint-kitts","","",""
"error","500","airport","3","500","https://www.originfacts.com/airports/saint-louis-stl","","",""
"error","500","airport","3","500","https://www.originfacts.com/airports/saint-louis-sus","","",""
"error","500","airport","3","500","https://www.originfacts.com/airports/saint-lucia-slu","","",""
"error","500","airport","3","500","https://www.originfacts.com/airports/saint-lucia-uvf","","",""
"error","500","airport","3","500","https://www.originfacts.com/airports/saint-martin","","",""
"error","500","airport","3","500","https://www.originfacts.com/airports/saint-mary-s","","",""
"error","500","airport","3","500","https://www.originfacts.com/airports/saint-michael","","",""
"error","500","airport","3","500","https://www.originfacts.com/airports/saint-nazaire","","",""
"error","500","airport","3","500","https://www.originfacts.com/airports/saint-paul-island","","",""
"error","500","airport","3","500","https://www.originfacts.com/airports/saint-petersburg","","",""
"error","500","airport","3","500","https://www.originfacts.com/airports/saint-pierre","","",""
"error","500","airport","3","500","https://www.originfacts.com/airports/saint-thomas","","",""
"error","500","airport","3","500","https://www.originfacts.com/airports/saint-vincent","","",""
"error","500","airport","3","500","https://www.originfacts.com/airports/sainte-marie","","",""
"error","500","airport","3","500","https://www.originfacts.com/airports/saipan","","",""
"error","500","airport","3","500","https://www.originfacts.com/airports/sakon-nakhon","","",""
"error","500","airport","3","500","https://www.originfacts.com/airports/sal","","",""
"error","500","airport","3","500","https://www.originfacts.com/airports/salalah","","",""
"error","500","airport","3","500","https://www.originfacts.com/airports/salamanca","","",""
"error","500","airport","3","500","https://www.originfacts.com/airports/salekhard","","",""
"error","500","airport","3","500","https://www.originfacts.com/airports/salem-sle","","",""
"error","500","airport","3","500","https://www.originfacts.com/airports/salem-sxv","","",""
"error","500","airport","3","500","https://www.originfacts.com/airports/salen","","",""
"error","500","airport","3","500","https://www.originfacts.com/airports/salerno","","",""
"error","500","airport","3","500","https://www.originfacts.com/airports/salina","","",""
"error","500","airport","3","500","https://www.originfacts.com/airports/salinas","","",""
"error","500","airport","3","500","https://www.originfacts.com/airports/salisbury-ocean-city","","",""
"error","500","airport","3","500","https://www.originfacts.com/airports/salonibari","","",""
"error","500","airport","3","500","https://www.originfacts.com/airports/salt-lake-city","","",""
"error","500","airport","3","500","https://www.originfacts.com/airports/salta","","",""
"error","500","airport","3","500","https://www.originfacts.com/airports/saltillo","","",""
"error","500","airport","3","500","https://www.originfacts.com/airports/salvador","","",""
"error","500","airport","3","500","https://www.originfacts.com/airports/salzburg","","",""
"error","500","airport","3","500","https://www.originfacts.com/airports/sam-neua","","",""
"error","500","airport","3","500","https://www.originfacts.com/airports/samara","","",""
"error","500","airport","3","500","https://www.originfacts.com/airports/samarinda-aap","","",""
"error","500","airport","3","500","https://www.originfacts.com/airports/samarinda-sri","","",""
"error","500","airport","3","500","https://www.originfacts.com/airports/samarkand","","",""
"error","500","airport","3","500","https://www.originfacts.com/airports/sambava","","",""
"error","500","airport","3","500","https://www.originfacts.com/airports/samburu","","",""
"error","500","airport","3","500","https://www.originfacts.com/airports/samos","","",""
"error","500","airport","3","500","https://www.originfacts.com/airports/sampit","","",""
"error","500","airport","3","500","https://www.originfacts.com/airports/samsun","","",""
"error","500","airport","3","500","https://www.originfacts.com/airports/san-andres-island","","",""
"error","500","airport","3","500","https://www.originfacts.com/airports/san-angelo","","",""
"error","500","airport","3","500","https://www.originfacts.com/airports/san-antonio-sat","","",""
"error","500","airport","3","500","https://www.originfacts.com/airports/san-antonio-svz","","",""
"error","500","airport","3","500","https://www.originfacts.com/airports/san-carlos-de-bariloche","","",""
"error","500","airport","3","500","https://www.originfacts.com/airports/san-cristobal","","",""
"error","500","airport","3","500","https://www.originfacts.com/airports/san-diego-cld","","",""
"error","500","airport","3","500","https://www.originfacts.com/airports/san-diego-san","","",""
"error","500","airport","3","500","https://www.originfacts.com/airports/san-esteban","","",""
"error","500","airport","3","500","https://www.originfacts.com/airports/san-francisco","","",""
"error","500","airport","3","500","https://www.originfacts.com/airports/san-isidro-de-el-general","","",""
"error","500","airport","3","500","https://www.originfacts.com/airports/san-jose-del-cabo-csl","","",""
"error","500","airport","3","500","https://www.originfacts.com/airports/san-jose-del-cabo-sjd","","",""
"error","500","airport","3","500","https://www.originfacts.com/airports/san-jose-del-gua","","",""
"error","500","airport","3","500","https://www.originfacts.com/airports/san-jose-sjc","","",""
"error","500","airport","3","500","https://www.originfacts.com/airports/san-jose-sji","","",""
"error","500","airport","3","500","https://www.originfacts.com/airports/san-jose-sjo","","",""
"error","500","airport","3","500","https://www.originfacts.com/airports/san-juan-sig","","",""
"error","500","airport","3","500","https://www.originfacts.com/airports/san-juan-sju","","",""
"error","500","airport","3","500","https://www.originfacts.com/airports/san-juan-uaq","","",""
"error","500","airport","3","500","https://www.originfacts.com/airports/san-luis","","",""
"error","500","airport","3","500","https://www.originfacts.com/airports/san-luis-obispo","","",""
"error","500","airport","3","500","https://www.originfacts.com/airports/san-luis-potosi","","",""
"error","500","airport","3","500","https://www.originfacts.com/airports/san-martin-de-los-andes","","",""
"error","500","airport","3","500","https://www.originfacts.com/airports/san-pedro-spr","","",""
"error","500","airport","3","500","https://www.originfacts.com/airports/san-pedro-spy","","",""
"error","500","airport","3","500","https://www.originfacts.com/airports/san-pedro-sula","","",""
"error","500","airport","3","500","https://www.originfacts.com/airports/san-rafael","","",""
"error","500","airport","3","500","https://www.originfacts.com/airports/san-salvador-ils","","",""
"error","500","airport","3","500","https://www.originfacts.com/airports/san-salvador-sal","","",""
"error","500","airport","3","500","https://www.originfacts.com/airports/san-salvador-zsa","","",""
"error","500","airport","3","500","https://www.originfacts.com/airports/san-sebastian","","",""
"error","500","airport","3","500","https://www.originfacts.com/airports/san-sebastian-de-la-gomera","","",""
"error","500","airport","3","500","https://www.originfacts.com/airports/san-vicente-svi","","",""
"error","500","airport","3","500","https://www.originfacts.com/airports/san-vicente-swl","","",""
"error","500","airport","3","500","https://www.originfacts.com/airports/sana-a","","",""
"error","500","airport","3","500","https://www.originfacts.com/airports/sanandaj","","",""
"error","500","airport","3","500","https://www.originfacts.com/airports/sand-point","","",""
"error","500","airport","3","500","https://www.originfacts.com/airports/sandakan","","",""
"error","500","airport","3","500","https://www.originfacts.com/airports/sandane","","",""
"error","500","airport","3","500","https://www.originfacts.com/airports/sandnessjoen","","",""
"error","500","airport","3","500","https://www.originfacts.com/airports/sandspit","","",""
"error","500","airport","3","500","https://www.originfacts.com/airports/sanikiluaq","","",""
"error","500","airport","3","500","https://www.originfacts.com/airports/sanming","","",""
"error","500","airport","3","500","https://www.originfacts.com/airports/santa-ana","","",""
"error","500","airport","3","500","https://www.originfacts.com/airports/santa-barbara","","",""
"error","500","airport","3","500","https://www.originfacts.com/airports/santa-carolina","","",""
"error","500","airport","3","500","https://www.originfacts.com/airports/santa-clara","","",""
"error","500","airport","3","500","https://www.originfacts.com/airports/santa-cruz","","",""
"error","500","airport","3","500","https://www.originfacts.com/airports/santa-cruz-de-la-palma","","",""
"error","500","airport","3","500","https://www.originfacts.com/airports/santa-cruz-island","","",""
"error","500","airport","3","500","https://www.originfacts.com/airports/santa-fe-saf","","",""
"error","500","airport","3","500","https://www.originfacts.com/airports/santa-fe-sfn","","",""
"error","500","airport","3","500","https://www.originfacts.com/airports/santa-isabel-rio-negro","","",""
"error","500","airport","3","500","https://www.originfacts.com/airports/santa-maria-azores","","",""
"error","500","airport","3","500","https://www.originfacts.com/airports/santa-maria-ria","","",""
"error","500","airport","3","500","https://www.originfacts.com/airports/santa-maria-smx","","",""
"error","500","airport","3","500","https://www.originfacts.com/airports/santa-marta","","",""
"error","500","airport","3","500","https://www.originfacts.com/airports/santa-rosa-etr","","",""
"error","500","airport","3","500","https://www.originfacts.com/airports/santa-rosa-rsa","","",""
"error","500","airport","3","500","https://www.originfacts.com/airports/santa-rosa-sts","","",""
"error","500","airport","3","500","https://www.originfacts.com/airports/santander","","",""
"error","500","airport","3","500","https://www.originfacts.com/airports/santarem","","",""
"error","500","airport","3","500","https://www.originfacts.com/airports/santiago","","",""
"error","500","airport","3","500","https://www.originfacts.com/airports/santiago-de-compostela","","",""
"error","500","airport","3","500","https://www.originfacts.com/airports/santiago-del-estero","","",""
"error","500","airport","3","500","https://www.originfacts.com/airports/santiago-scu","","",""
"error","500","airport","3","500","https://www.originfacts.com/airports/santiago-sti","","",""
"error","500","airport","3","500","https://www.originfacts.com/airports/santo-angelo","","",""
"error","500","airport","3","500","https://www.originfacts.com/airports/santo-domingo-jbq","","",""
"error","500","airport","3","500","https://www.originfacts.com/airports/santo-domingo-sdq","","",""
"error","500","airport","3","500","https://www.originfacts.com/airports/sanya","","",""
"error","500","airport","3","500","https://www.originfacts.com/airports/sanyuanpu","","",""
"error","500","airport","3","500","https://www.originfacts.com/airports/sao-filipe","","",""
"error","500","airport","3","500","https://www.originfacts.com/airports/sao-gabriel","","",""
"error","500","airport","3","500","https://www.originfacts.com/airports/sao-jorge-island","","",""
"error","500","airport","3","500","https://www.originfacts.com/airports/sao-jose-do-rio-preto","","",""
"error","500","airport","3","500","https://www.originfacts.com/airports/sao-jose-dos-campos","","",""
"error","500","airport","3","500","https://www.originfacts.com/airports/sao-luiz","","",""
"error","500","airport","3","500","https://www.originfacts.com/airports/sao-paulo","","",""
"error","500","airport","3","500","https://www.originfacts.com/airports/sao-paulo-cgh","","",""
"error","500","airport","3","500","https://www.originfacts.com/airports/sao-paulo-vcp","","",""
"error","500","airport","3","500","https://www.originfacts.com/airports/sao-raimundo-nonato","","",""
"error","500","airport","3","500","https://www.originfacts.com/airports/sao-tome-island","","",""
"error","500","airport","3","500","https://www.originfacts.com/airports/sao-vicente","","",""
"error","500","airport","3","500","https://www.originfacts.com/airports/sapporo-cts","","",""
"error","500","airport","3","500","https://www.originfacts.com/airports/sapporo-okd","","",""
"error","500","airport","3","500","https://www.originfacts.com/airports/sarajevo","","",""
"error","500","airport","3","500","https://www.originfacts.com/airports/saranac-lake","","",""
"error","500","airport","3","500","https://www.originfacts.com/airports/saransk","","",""
"error","500","airport","3","500","https://www.originfacts.com/airports/sarasota","","",""
"error","500","airport","3","500","https://www.originfacts.com/airports/saratov-gsv","","",""
"error","500","airport","3","500","https://www.originfacts.com/airports/saratov-rtw","","",""
"error","500","airport","3","500","https://www.originfacts.com/airports/saravena","","",""
"error","500","airport","3","500","https://www.originfacts.com/airports/sarikei","","",""
"error","500","airport","3","500","https://www.originfacts.com/airports/sarnia","","",""
"error","500","airport","3","500","https://www.originfacts.com/airports/sary","","",""
"error","500","airport","3","500","https://www.originfacts.com/airports/saskatoon","","",""
"error","500","airport","3","500","https://www.originfacts.com/airports/saskylakh","","",""
"error","500","airport","3","500","https://www.originfacts.com/airports/satu-mare","","",""
"error","500","airport","3","500","https://www.originfacts.com/airports/sault-ste-marie-ciu","","",""
"error","500","airport","3","500","https://www.originfacts.com/airports/sault-ste-marie-yam","","",""
"error","500","airport","3","500","https://www.originfacts.com/airports/saumlaki","","",""
"error","500","airport","3","500","https://www.originfacts.com/airports/saurimo","","",""
"error","500","airport","3","500","https://www.originfacts.com/airports/savannah","","",""
"error","500","airport","3","500","https://www.originfacts.com/airports/savannakhet","","",""
"error","500","airport","3","500","https://www.originfacts.com/airports/savonlinna","","",""
"error","500","airport","3","500","https://www.originfacts.com/airports/savoonga","","",""
"error","500","airport","3","500","https://www.originfacts.com/airports/savusavu","","",""
"error","500","airport","3","500","https://www.originfacts.com/airports/sayak-siargao","","",""
"error","500","airport","3","500","https://www.originfacts.com/airports/schefferville","","",""
"error","500","airport","3","500","https://www.originfacts.com/airports/scottsbluff","","",""
"error","500","airport","3","500","https://www.originfacts.com/airports/seattle-bfi","","",""
"error","500","airport","3","500","https://www.originfacts.com/airports/seattle-sea","","",""
"error","500","airport","3","500","https://www.originfacts.com/airports/sebha","","",""
"error","500","airport","3","500","https://www.originfacts.com/airports/sedona","","",""
"error","500","airport","3","500","https://www.originfacts.com/airports/sege","","",""
"error","500","airport","3","500","https://www.originfacts.com/airports/seiyun","","",""
"error","500","airport","3","500","https://www.originfacts.com/airports/selawik","","",""
"error","500","airport","3","500","https://www.originfacts.com/airports/semarang","","",""
"error","500","airport","3","500","https://www.originfacts.com/airports/semera","","",""
"error","500","airport","3","500","https://www.originfacts.com/airports/semey","","",""
"error","500","airport","3","500","https://www.originfacts.com/airports/sendai","","",""
"error","500","airport","3","500","https://www.originfacts.com/airports/senipah","","",""
"error","500","airport","3","500","https://www.originfacts.com/airports/seo-de-urgel","","",""
"error","500","airport","3","500","https://www.originfacts.com/airports/seoul-gmp","","",""
"error","500","airport","3","500","https://www.originfacts.com/airports/seoul-icn","","",""
"error","500","airport","3","500","https://www.originfacts.com/airports/sept-iles","","",""
"error","500","airport","3","500","https://www.originfacts.com/airports/seronera","","",""
"error","500","airport","3","500","https://www.originfacts.com/airports/setif","","",""
"error","500","airport","3","500","https://www.originfacts.com/airports/severo-eniseyskiy","","",""
"error","500","airport","3","500","https://www.originfacts.com/airports/sevilla","","",""
"error","500","airport","3","500","https://www.originfacts.com/airports/sfax","","",""
"error","500","airport","3","500","https://www.originfacts.com/airports/shageluk","","",""
"error","500","airport","3","500","https://www.originfacts.com/airports/shahrisabz","","",""
"error","500","airport","3","500","https://www.originfacts.com/airports/shakhtyorsk","","",""
"error","500","airport","3","500","https://www.originfacts.com/airports/shaktoolik","","",""
"error","500","airport","3","500","https://www.originfacts.com/airports/shalu","","",""
"error","500","airport","3","500","https://www.originfacts.com/airports/shamattawa","","",""
"error","500","airport","3","500","https://www.originfacts.com/airports/shanghai-pvg","","",""
"error","500","airport","3","500","https://www.originfacts.com/airports/shanghai-sha","","",""
"error","500","airport","3","500","https://www.originfacts.com/airports/shangrao","","",""
"error","500","airport","3","500","https://www.originfacts.com/airports/shannon","","",""
"error","500","airport","3","500","https://www.originfacts.com/airports/shaoguan","","",""
"error","500","airport","3","500","https://www.originfacts.com/airports/sharjah","","",""
"error","500","airport","3","500","https://www.originfacts.com/airports/sharm-el-sheikh","","",""
"error","500","airport","3","500","https://www.originfacts.com/airports/sharurah","","",""
"error","500","airport","3","500","https://www.originfacts.com/airports/shashi","","",""
"error","500","airport","3","500","https://www.originfacts.com/airports/sheldon-point","","",""
"error","500","airport","3","500","https://www.originfacts.com/airports/shennongjia","","",""
"error","500","airport","3","500","https://www.originfacts.com/airports/shenyang","","",""
"error","500","airport","3","500","https://www.originfacts.com/airports/shenzhen","","",""
"error","500","airport","3","500","https://www.originfacts.com/airports/shetland-islands","","",""
"error","500","airport","3","500","https://www.originfacts.com/airports/shihezi","","",""
"error","500","airport","3","500","https://www.originfacts.com/airports/shijiazhuang","","",""
"error","500","airport","3","500","https://www.originfacts.com/airports/shimoga","","",""
"error","500","airport","3","500","https://www.originfacts.com/airports/shimojishima","","",""
"error","500","airport","3","500","https://www.originfacts.com/airports/shiquanhe","","",""
"error","500","airport","3","500","https://www.originfacts.com/airports/shirahama","","",""
"error","500","airport","3","500","https://www.originfacts.com/airports/shiraz","","",""
"error","500","airport","3","500","https://www.originfacts.com/airports/shirdi","","",""
"error","500","airport","3","500","https://www.originfacts.com/airports/shirnak","","",""
"error","500","airport","3","500","https://www.originfacts.com/airports/shishmaref","","",""
"error","500","airport","3","500","https://www.originfacts.com/airports/shiyan","","",""
"error","500","airport","3","500","https://www.originfacts.com/airports/shizuoka","","",""
"error","500","airport","3","500","https://www.originfacts.com/airports/shonai","","",""
"error","500","airport","3","500","https://www.originfacts.com/airports/show-low","","",""
"error","500","airport","3","500","https://www.originfacts.com/airports/shreveport","","",""
"error","500","airport","3","500","https://www.originfacts.com/airports/shungnak","","",""
"error","500","airport","3","500","https://www.originfacts.com/airports/shymkent","","",""
"error","500","airport","3","500","https://www.originfacts.com/airports/sialkot","","",""
"error","500","airport","3","500","https://www.originfacts.com/airports/sibiu","","",""
"error","500","airport","3","500","https://www.originfacts.com/airports/siborong-borong","","",""
"error","500","airport","3","500","https://www.originfacts.com/airports/sibu","","",""
"error","500","airport","3","500","https://www.originfacts.com/airports/sidney","","",""
"error","500","airport","3","500","https://www.originfacts.com/airports/siem-reap","","",""
"error","500","airport","3","500","https://www.originfacts.com/airports/sigiriya","","",""
"error","500","airport","3","500","https://www.originfacts.com/airports/sihanoukville","","",""
"error","500","airport","3","500","https://www.originfacts.com/airports/siirt","","",""
"error","500","airport","3","500","https://www.originfacts.com/airports/silchar","","",""
"error","500","airport","3","500","https://www.originfacts.com/airports/silver-city","","",""
"error","500","airport","3","500","https://www.originfacts.com/airports/simara","","",""
"error","500","airport","3","500","https://www.originfacts.com/airports/simferopol","","",""
"error","500","airport","3","500","https://www.originfacts.com/airports/simla","","",""
"error","500","airport","3","500","https://www.originfacts.com/airports/singapore-sin","","",""
"error","500","airport","3","500","https://www.originfacts.com/airports/singapore-xsp","","",""
"error","500","airport","3","500","https://www.originfacts.com/airports/singita-safari-lodge","","",""
"error","500","airport","3","500","https://www.originfacts.com/airports/sinop-nop","","",""
"error","500","airport","3","500","https://www.originfacts.com/airports/sinop-ops","","",""
"error","500","airport","3","500","https://www.originfacts.com/airports/sint-maarten","","",""
"error","500","airport","3","500","https://www.originfacts.com/airports/sion","","",""
"error","500","airport","3","500","https://www.originfacts.com/airports/sioux-city","","",""
"error","500","airport","3","500","https://www.originfacts.com/airports/sioux-falls","","",""
"error","500","airport","3","500","https://www.originfacts.com/airports/sioux-lookout","","",""
"error","500","airport","3","500","https://www.originfacts.com/airports/sishen","","",""
"error","500","airport","3","500","https://www.originfacts.com/airports/sisimiut","","",""
"error","500","airport","3","500","https://www.originfacts.com/airports/sitia","","",""
"error","500","airport","3","500","https://www.originfacts.com/airports/sitka","","",""
"error","500","airport","3","500","https://www.originfacts.com/airports/sittwe","","",""
"error","500","airport","3","500","https://www.originfacts.com/airports/sivas","","",""
"error","500","airport","3","500","https://www.originfacts.com/airports/skardu","","",""
"error","500","airport","3","500","https://www.originfacts.com/airports/skelleftea","","",""
"error","500","airport","3","500","https://www.originfacts.com/airports/skiathos","","",""
"error","500","airport","3","500","https://www.originfacts.com/airports/skiros","","",""
"error","500","airport","3","500","https://www.originfacts.com/airports/skopje","","",""
"error","500","airport","3","500","https://www.originfacts.com/airports/skukuza","","",""
"error","500","airport","3","500","https://www.originfacts.com/airports/smithers","","",""
"error","500","airport","3","500","https://www.originfacts.com/airports/socotra","","",""
"error","500","airport","3","500","https://www.originfacts.com/airports/sofia","","",""
"error","500","airport","3","500","https://www.originfacts.com/airports/sogndal","","",""
"error","500","airport","3","500","https://www.originfacts.com/airports/sohag","","",""
"error","500","airport","3","500","https://www.originfacts.com/airports/sohar","","",""
"error","500","airport","3","500","https://www.originfacts.com/airports/sokoto","","",""
"error","500","airport","3","500","https://www.originfacts.com/airports/solovetsky","","",""
"error","500","airport","3","500","https://www.originfacts.com/airports/sonderborg","","",""
"error","500","airport","3","500","https://www.originfacts.com/airports/song-pan","","",""
"error","500","airport","3","500","https://www.originfacts.com/airports/songea","","",""
"error","500","airport","3","500","https://www.originfacts.com/airports/songyuan","","",""
"error","500","airport","3","500","https://www.originfacts.com/airports/sorkjosen","","",""
"error","500","airport","3","500","https://www.originfacts.com/airports/sorong-soq","","",""
"error","500","airport","3","500","https://www.originfacts.com/airports/sorong-sqg","","",""
"error","500","airport","3","500","https://www.originfacts.com/airports/south-bend","","",""
"error","500","airport","3","500","https://www.originfacts.com/airports/south-caicos","","",""
"error","500","airport","3","500","https://www.originfacts.com/airports/southampton","","",""
"error","500","airport","3","500","https://www.originfacts.com/airports/sovetskaya-gavan","","",""
"error","500","airport","3","500","https://www.originfacts.com/airports/sovetsky","","",""
"error","500","airport","3","500","https://www.originfacts.com/airports/soyo","","",""
"error","500","airport","3","500","https://www.originfacts.com/airports/split","","",""
"error","500","airport","3","500","https://www.originfacts.com/airports/spokane","","",""
"error","500","airport","3","500","https://www.originfacts.com/airports/spring-point","","",""
"error","500","airport","3","500","https://www.originfacts.com/airports/springfield-sgf","","",""
"error","500","airport","3","500","https://www.originfacts.com/airports/springfield-spi","","",""
"error","500","airport","3","500","https://www.originfacts.com/airports/srednekolymsk","","",""
"error","500","airport","3","500","https://www.originfacts.com/airports/srinagar","","",""
"error","500","airport","3","500","https://www.originfacts.com/airports/st-anthony","","",""
"error","500","airport","3","500","https://www.originfacts.com/airports/st-george-s","","",""
"error","500","airport","3","500","https://www.originfacts.com/airports/st-john-s","","",""
"error","500","airport","3","500","https://www.originfacts.com/airports/st-pierre-dela-reunion","","",""
"error","500","airport","3","500","https://www.originfacts.com/airports/state-college","","",""
"error","500","airport","3","500","https://www.originfacts.com/airports/staunton","","",""
"error","500","airport","3","500","https://www.originfacts.com/airports/stavanger","","",""
"error","500","airport","3","500","https://www.originfacts.com/airports/stavropol","","",""
"error","500","airport","3","500","https://www.originfacts.com/airports/stebbins","","",""
"error","500","airport","3","500","https://www.originfacts.com/airports/stillwater","","",""
"error","500","airport","3","500","https://www.originfacts.com/airports/stockholm-arn","","",""
"error","500","airport","3","500","https://www.originfacts.com/airports/stockholm-bma","","",""
"error","500","airport","3","500","https://www.originfacts.com/airports/stockholm-nyo","","",""
"error","500","airport","3","500","https://www.originfacts.com/airports/stockholm-vst","","",""
"error","500","airport","3","500","https://www.originfacts.com/airports/stockton","","",""
"error","500","airport","3","500","https://www.originfacts.com/airports/stokmarknes","","",""
"error","500","airport","3","500","https://www.originfacts.com/airports/stony-rapids","","",""
"error","500","airport","3","500","https://www.originfacts.com/airports/stord","","",""
"error","500","airport","3","500","https://www.originfacts.com/airports/stornoway-outer-stat-hebrides","","",""
"error","500","airport","3","500","https://www.originfacts.com/airports/strasbourg","","",""
"error","500","airport","3","500","https://www.originfacts.com/airports/strezhevoy","","",""
"error","500","airport","3","500","https://www.originfacts.com/airports/stronsay","","",""
"error","500","airport","3","500","https://www.originfacts.com/airports/stuttgart","","",""
"error","500","airport","3","500","https://www.originfacts.com/airports/suavanao","","",""
"error","500","airport","3","500","https://www.originfacts.com/airports/suceava","","",""
"error","500","airport","3","500","https://www.originfacts.com/airports/sucre","","",""
"error","500","airport","3","500","https://www.originfacts.com/airports/sudbury","","",""
"error","500","airport","3","500","https://www.originfacts.com/airports/suifenhe","","",""
"error","500","airport","3","500","https://www.originfacts.com/airports/sukhothai","","",""
"error","500","airport","3","500","https://www.originfacts.com/airports/sukhumi","","",""
"error","500","airport","3","500","https://www.originfacts.com/airports/sukkur","","",""
"error","500","airport","3","500","https://www.originfacts.com/airports/sulaimaniyah","","",""
"error","500","airport","3","500","https://www.originfacts.com/airports/sumbawa-besar","","",""
"error","500","airport","3","500","https://www.originfacts.com/airports/sun-city","","",""
"error","500","airport","3","500","https://www.originfacts.com/airports/sun-moon-lake","","",""
"error","500","airport","3","500","https://www.originfacts.com/airports/sun-valley","","",""
"error","500","airport","3","500","https://www.originfacts.com/airports/sundsvall","","",""
"error","500","airport","3","500","https://www.originfacts.com/airports/sunshine-coast","","",""
"error","500","airport","3","500","https://www.originfacts.com/airports/suntar","","",""
"error","500","airport","3","500","https://www.originfacts.com/airports/surabaya","","",""
"error","500","airport","3","500","https://www.originfacts.com/airports/surakarta","","",""
"error","500","airport","3","500","https://www.originfacts.com/airports/surat-gujarat","","",""
"error","500","airport","3","500","https://www.originfacts.com/airports/surat-thani","","",""
"error","500","airport","3","500","https://www.originfacts.com/airports/surgut","","",""
"error","500","airport","3","500","https://www.originfacts.com/airports/surigao","","",""
"error","500","airport","3","500","https://www.originfacts.com/airports/surkhet","","",""
"error","500","airport","3","500","https://www.originfacts.com/airports/suva","","",""
"error","500","airport","3","500","https://www.originfacts.com/airports/sveg","","",""
"error","500","airport","3","500","https://www.originfacts.com/airports/svetlaya","","",""
"error","500","airport","3","500","https://www.originfacts.com/airports/svetlogorsk","","",""
"error","500","airport","3","500","https://www.originfacts.com/airports/svolvaer","","",""
"error","500","airport","3","500","https://www.originfacts.com/airports/swansea","","",""
"error","500","airport","3","500","https://www.originfacts.com/airports/swidnik","","",""
"error","500","airport","3","500","https://www.originfacts.com/airports/sydney","","",""
"error","500","airport","3","500","https://www.originfacts.com/airports/sydney-yqy","","",""
"error","500","airport","3","500","https://www.originfacts.com/airports/syktyvkar","","",""
"error","500","airport","3","500","https://www.originfacts.com/airports/sylhet","","",""
"error","500","airport","3","500","https://www.originfacts.com/airports/syracuse","","",""
"error","500","airport","3","500","https://www.originfacts.com/airports/syros-island","","",""
"error","500","airport","3","500","https://www.originfacts.com/airports/szczecin","","",""
"error","500","airport","3","500","https://www.originfacts.com/airports/szymany","","",""
"error","500","airport","3","500","https://www.originfacts.com/airports/taba","","",""
"error","500","airport","3","500","https://www.originfacts.com/airports/tabatinga","","",""
"error","500","airport","3","500","https://www.originfacts.com/airports/tabora","","",""
"error","500","airport","3","500","https://www.originfacts.com/airports/tabriz","","",""
"error","500","airport","3","500","https://www.originfacts.com/airports/tabubil","","",""
"error","500","airport","3","500","https://www.originfacts.com/airports/tabuk-rsi","","",""
"error","500","airport","3","500","https://www.originfacts.com/airports/tabuk-tuu","","",""
"error","500","airport","3","500","https://www.originfacts.com/airports/tacheng","","",""
"error","500","airport","3","500","https://www.originfacts.com/airports/tachilek","","",""
"error","500","airport","3","500","https://www.originfacts.com/airports/tacloban","","",""
"error","500","airport","3","500","https://www.originfacts.com/airports/tacna","","",""
"error","500","airport","3","500","https://www.originfacts.com/airports/taganrog","","",""
"error","500","airport","3","500","https://www.originfacts.com/airports/tagbilaran","","",""
"error","500","airport","3","500","https://www.originfacts.com/airports/taichung","","",""
"error","500","airport","3","500","https://www.originfacts.com/airports/taif","","",""
"error","500","airport","3","500","https://www.originfacts.com/airports/tainan","","",""
"error","500","airport","3","500","https://www.originfacts.com/airports/taipei-tpe","","",""
"error","500","airport","3","500","https://www.originfacts.com/airports/taipei-tsa","","",""
"error","500","airport","3","500","https://www.originfacts.com/airports/taitung-city","","",""
"error","500","airport","3","500","https://www.originfacts.com/airports/taiyuan","","",""
"error","500","airport","3","500","https://www.originfacts.com/airports/taizhou","","",""
"error","500","airport","3","500","https://www.originfacts.com/airports/takamatsu","","",""
"error","500","airport","3","500","https://www.originfacts.com/airports/takengon","","",""
"error","500","airport","3","500","https://www.originfacts.com/airports/takoradi","","",""
"error","500","airport","3","500","https://www.originfacts.com/airports/taksimo","","",""
"error","500","airport","3","500","https://www.originfacts.com/airports/talakan","","",""
"error","500","airport","3","500","https://www.originfacts.com/airports/talara","","",""
"error","500","airport","3","500","https://www.originfacts.com/airports/taldykorgan","","",""
"error","500","airport","3","500","https://www.originfacts.com/airports/tallahassee","","",""
"error","500","airport","3","500","https://www.originfacts.com/airports/tallinn","","",""
"error","500","airport","3","500","https://www.originfacts.com/airports/tamale","","",""
"error","500","airport","3","500","https://www.originfacts.com/airports/tamanrasset","","",""
"error","500","airport","3","500","https://www.originfacts.com/airports/tamatave","","",""
"error","500","airport","3","500","https://www.originfacts.com/airports/tambolaka","","",""
"error","500","airport","3","500","https://www.originfacts.com/airports/tambor","","",""
"error","500","airport","3","500","https://www.originfacts.com/airports/tambov","","",""
"error","500","airport","3","500","https://www.originfacts.com/airports/tamchy","","",""
"error","500","airport","3","500","https://www.originfacts.com/airports/tame","","",""
"error","500","airport","3","500","https://www.originfacts.com/airports/tamky-chulai-airport","","",""
"error","500","airport","3","500","https://www.originfacts.com/airports/tampa-pie","","",""
"error","500","airport","3","500","https://www.originfacts.com/airports/tampa-tpa","","",""
"error","500","airport","3","500","https://www.originfacts.com/airports/tampere","","",""
"error","500","airport","3","500","https://www.originfacts.com/airports/tampico","","",""
"error","500","airport","3","500","https://www.originfacts.com/airports/tamworth","","",""
"error","500","airport","3","500","https://www.originfacts.com/airports/tan-tan","","",""
"error","500","airport","3","500","https://www.originfacts.com/airports/tanegashima","","",""
"error","500","airport","3","500","https://www.originfacts.com/airports/tanga","","",""
"error","500","airport","3","500","https://www.originfacts.com/airports/tangier","","",""
"error","500","airport","3","500","https://www.originfacts.com/airports/tangshan","","",""
"error","500","airport","3","500","https://www.originfacts.com/airports/tanjung-pandan","","",""
"error","500","airport","3","500","https://www.originfacts.com/airports/tanjung-pinang","","",""
"error","500","airport","3","500","https://www.originfacts.com/airports/tanna","","",""
"error","500","airport","3","500","https://www.originfacts.com/airports/tapachula","","",""
"error","500","airport","3","500","https://www.originfacts.com/airports/tarakan","","",""
"error","500","airport","3","500","https://www.originfacts.com/airports/tarapoto","","",""
"error","500","airport","3","500","https://www.originfacts.com/airports/tarawa","","",""
"error","500","airport","3","500","https://www.originfacts.com/airports/taraz","","",""
"error","500","airport","3","500","https://www.originfacts.com/airports/taree","","",""
"error","500","airport","3","500","https://www.originfacts.com/airports/tari","","",""
"error","500","airport","3","500","https://www.originfacts.com/airports/tarija","","",""
"error","500","airport","3","500","https://www.originfacts.com/airports/tarko-sale","","",""
"error","500","airport","3","500","https://www.originfacts.com/airports/tartu","","",""
"error","500","airport","3","500","https://www.originfacts.com/airports/tashkent","","",""
"error","500","airport","3","500","https://www.originfacts.com/airports/tasiilaq","","",""
"error","500","airport","3","500","https://www.originfacts.com/airports/tasiujuaq","","",""
"error","500","airport","3","500","https://www.originfacts.com/airports/taupo","","",""
"error","500","airport","3","500","https://www.originfacts.com/airports/tauranga","","",""
"error","500","airport","3","500","https://www.originfacts.com/airports/taveuni","","",""
"error","500","airport","3","500","https://www.originfacts.com/airports/tawau","","",""
"error","500","airport","3","500","https://www.originfacts.com/airports/tawitawi","","",""
"error","500","airport","3","500","https://www.originfacts.com/airports/tbilisi","","",""
"error","500","airport","3","500","https://www.originfacts.com/airports/tebessa","","",""
"error","500","airport","3","500","https://www.originfacts.com/airports/tefe","","",""
"error","500","airport","3","500","https://www.originfacts.com/airports/tegucigalpa","","",""
"error","500","airport","3","500","https://www.originfacts.com/airports/tehran-ika","","",""
"error","500","airport","3","500","https://www.originfacts.com/airports/tehran-thr","","",""
"error","500","airport","3","500","https://www.originfacts.com/airports/teixeira-de-freitas","","",""
"error","500","airport","3","500","https://www.originfacts.com/airports/tekirdag","","",""
"error","500","airport","3","500","https://www.originfacts.com/airports/tel-aviv-yafo","","",""
"error","500","airport","3","500","https://www.originfacts.com/airports/telfer","","",""
"error","500","airport","3","500","https://www.originfacts.com/airports/teller","","",""
"error","500","airport","3","500","https://www.originfacts.com/airports/teller-mission","","",""
"error","500","airport","3","500","https://www.originfacts.com/airports/telluride","","",""
"error","500","airport","3","500","https://www.originfacts.com/airports/tembagapura","","",""
"error","500","airport","3","500","https://www.originfacts.com/airports/temuco","","",""
"error","500","airport","3","500","https://www.originfacts.com/airports/tenerife-tfn","","",""
"error","500","airport","3","500","https://www.originfacts.com/airports/tenerife-tfs","","",""
"error","500","airport","3","500","https://www.originfacts.com/airports/tengchong","","",""
"error","500","airport","3","500","https://www.originfacts.com/airports/tennant-creek","","",""
"error","500","airport","3","500","https://www.originfacts.com/airports/teofilo-otoni","","",""
"error","500","airport","3","500","https://www.originfacts.com/airports/tepic","","",""
"error","500","airport","3","500","https://www.originfacts.com/airports/terceira","","",""
"error","500","airport","3","500","https://www.originfacts.com/airports/teresina","","",""
"error","500","airport","3","500","https://www.originfacts.com/airports/termez","","",""
"error","500","airport","3","500","https://www.originfacts.com/airports/ternate","","",""
"error","500","airport","3","500","https://www.originfacts.com/airports/terney","","",""
"error","500","airport","3","500","https://www.originfacts.com/airports/terrace","","",""
"error","500","airport","3","500","https://www.originfacts.com/airports/terre-de-haut","","",""
"error","500","airport","3","500","https://www.originfacts.com/airports/tete","","",""
"error","500","airport","3","500","https://www.originfacts.com/airports/teterboro","","",""
"error","500","airport","3","500","https://www.originfacts.com/airports/tetuan","","",""
"error","500","airport","3","500","https://www.originfacts.com/airports/texarkana","","",""
"error","500","airport","3","500","https://www.originfacts.com/airports/thandwe","","",""
"error","500","airport","3","500","https://www.originfacts.com/airports/thanh-hoa","","",""
"error","500","airport","3","500","https://www.originfacts.com/airports/the-pas","","",""
"error","500","airport","3","500","https://www.originfacts.com/airports/the-valley","","",""
"error","500","airport","3","500","https://www.originfacts.com/airports/thessaloniki","","",""
"error","500","airport","3","500","https://www.originfacts.com/airports/thief-river-falls","","",""
"error","500","airport","3","500","https://www.originfacts.com/airports/thira","","",""
"error","500","airport","3","500","https://www.originfacts.com/airports/thiruvananthapuram","","",""
"error","500","airport","3","500","https://www.originfacts.com/airports/thompson","","",""
"error","500","airport","3","500","https://www.originfacts.com/airports/thunder-bay","","",""
"error","500","airport","3","500","https://www.originfacts.com/airports/tianjin","","",""
"error","500","airport","3","500","https://www.originfacts.com/airports/tiaret","","",""
"error","500","airport","3","500","https://www.originfacts.com/airports/tijuana","","",""
"error","500","airport","3","500","https://www.originfacts.com/airports/tikehau-atoll","","",""
"error","500","airport","3","500","https://www.originfacts.com/airports/tiksi","","",""
"error","500","airport","3","500","https://www.originfacts.com/airports/timaru","","",""
"error","500","airport","3","500","https://www.originfacts.com/airports/timimoun","","",""
"error","500","airport","3","500","https://www.originfacts.com/airports/timisoara","","",""
"error","500","airport","3","500","https://www.originfacts.com/airports/timmins","","",""
"error","500","airport","3","500","https://www.originfacts.com/airports/tindouf","","",""
"error","500","airport","3","500","https://www.originfacts.com/airports/tingo-maria","","",""
"error","500","airport","3","500","https://www.originfacts.com/airports/tioman","","",""
"error","500","airport","3","500","https://www.originfacts.com/airports/tirana","","",""
"error","500","airport","3","500","https://www.originfacts.com/airports/tiree-inner-hebrides","","",""
"error","500","airport","3","500","https://www.originfacts.com/airports/tires","","",""
"error","500","airport","3","500","https://www.originfacts.com/airports/tirgu-mures","","",""
"error","500","airport","3","500","https://www.originfacts.com/airports/tiruchirappalli","","",""
"error","500","airport","3","500","https://www.originfacts.com/airports/tirupati","","",""
"error","500","airport","3","500","https://www.originfacts.com/airports/tivat","","",""
"error","500","airport","3","500","https://www.originfacts.com/airports/tlemcen","","",""
"error","500","airport","3","500","https://www.originfacts.com/airports/tobago","","",""
"error","500","airport","3","500","https://www.originfacts.com/airports/tobolsk","","",""
"error","500","airport","3","500","https://www.originfacts.com/airports/tofino","","",""
"error","500","airport","3","500","https://www.originfacts.com/airports/tokat","","",""
"error","500","airport","3","500","https://www.originfacts.com/airports/toksook-bay","","",""
"error","500","airport","3","500","https://www.originfacts.com/airports/tokunoshima","","",""
"error","500","airport","3","500","https://www.originfacts.com/airports/tokushima","","",""
"error","500","airport","3","500","https://www.originfacts.com/airports/tokyo-hnd","","",""
"error","500","airport","3","500","https://www.originfacts.com/airports/tokyo-nrt","","",""
"error","500","airport","3","500","https://www.originfacts.com/airports/toledo","","",""
"error","500","airport","3","500","https://www.originfacts.com/airports/tolitoli","","",""
"error","500","airport","3","500","https://www.originfacts.com/airports/tolu","","",""
"error","500","airport","3","500","https://www.originfacts.com/airports/tomsk","","",""
"error","500","airport","3","500","https://www.originfacts.com/airports/tongliao","","",""
"error","500","airport","3","500","https://www.originfacts.com/airports/tongren","","",""
"error","500","airport","3","500","https://www.originfacts.com/airports/toowoomba","","",""
"error","500","airport","3","500","https://www.originfacts.com/airports/toronto-yhm","","",""
"error","500","airport","3","500","https://www.originfacts.com/airports/toronto-ytz","","",""
"error","500","airport","3","500","https://www.originfacts.com/airports/toronto-yyz","","",""
"error","500","airport","3","500","https://www.originfacts.com/airports/torreon","","",""
"error","500","airport","3","500","https://www.originfacts.com/airports/torres","","",""
"error","500","airport","3","500","https://www.originfacts.com/airports/torsby","","",""
"error","500","airport","3","500","https://www.originfacts.com/airports/tottori","","",""
"error","500","airport","3","500","https://www.originfacts.com/airports/touggourt","","",""
"error","500","airport","3","500","https://www.originfacts.com/airports/toulon","","",""
"error","500","airport","3","500","https://www.originfacts.com/airports/toulouse","","",""
"error","500","airport","3","500","https://www.originfacts.com/airports/tours","","",""
"error","500","airport","3","500","https://www.originfacts.com/airports/townsville","","",""
"error","500","airport","3","500","https://www.originfacts.com/airports/toyama","","",""
"error","500","airport","3","500","https://www.originfacts.com/airports/toyooka","","",""
"error","500","airport","3","500","https://www.originfacts.com/airports/tozeur","","",""
"error","500","airport","3","500","https://www.originfacts.com/airports/trabzon","","",""
"error","500","airport","3","500","https://www.originfacts.com/airports/trail","","",""
"error","500","airport","3","500","https://www.originfacts.com/airports/trang","","",""
"error","500","airport","3","500","https://www.originfacts.com/airports/trapani","","",""
"error","500","airport","3","500","https://www.originfacts.com/airports/trat","","",""
"error","500","airport","3","500","https://www.originfacts.com/airports/traverse-city","","",""
"error","500","airport","3","500","https://www.originfacts.com/airports/treasure-cay","","",""
"error","500","airport","3","500","https://www.originfacts.com/airports/trelew","","",""
"error","500","airport","3","500","https://www.originfacts.com/airports/trieste","","",""
"error","500","airport","3","500","https://www.originfacts.com/airports/trincomalee","","",""
"error","500","airport","3","500","https://www.originfacts.com/airports/trinidad","","",""
"error","500","airport","3","500","https://www.originfacts.com/airports/tripoli-mji","","",""
"error","500","airport","3","500","https://www.originfacts.com/airports/tripoli-tip","","",""
"error","500","airport","3","500","https://www.originfacts.com/airports/trollhattan","","",""
"error","500","airport","3","500","https://www.originfacts.com/airports/trombetas","","",""
"error","500","airport","3","500","https://www.originfacts.com/airports/tromso","","",""
"error","500","airport","3","500","https://www.originfacts.com/airports/trondheim","","",""
"error","500","airport","3","500","https://www.originfacts.com/airports/trujillo","","",""
"error","500","airport","3","500","https://www.originfacts.com/airports/truk-caroline-islands","","",""
"error","500","airport","3","500","https://www.originfacts.com/airports/tsushima","","",""
"error","500","airport","3","500","https://www.originfacts.com/airports/tubuai","","",""
"error","500","airport","3","500","https://www.originfacts.com/airports/tucson","","",""
"error","500","airport","3","500","https://www.originfacts.com/airports/tucuman","","",""
"error","500","airport","3","500","https://www.originfacts.com/airports/tucurui","","",""
"error","500","airport","3","500","https://www.originfacts.com/airports/tuguegarao","","",""
"error","500","airport","3","500","https://www.originfacts.com/airports/tulear","","",""
"error","500","airport","3","500","https://www.originfacts.com/airports/tulsa","","",""
"error","500","airport","3","500","https://www.originfacts.com/airports/tuluksak","","",""
"error","500","airport","3","500","https://www.originfacts.com/airports/tulum","","",""
"error","500","airport","3","500","https://www.originfacts.com/airports/tumaco","","",""
"error","500","airport","3","500","https://www.originfacts.com/airports/tumbes","","",""
"error","500","airport","3","500","https://www.originfacts.com/airports/tumling-tar","","",""
"error","500","airport","3","500","https://www.originfacts.com/airports/tunis","","",""
"error","500","airport","3","500","https://www.originfacts.com/airports/tunxi","","",""
"error","500","airport","3","500","https://www.originfacts.com/airports/tupelo","","",""
"error","500","airport","3","500","https://www.originfacts.com/airports/tura","","",""
"error","500","airport","3","500","https://www.originfacts.com/airports/turaif","","",""
"error","500","airport","3","500","https://www.originfacts.com/airports/turbat","","",""
"error","500","airport","3","500","https://www.originfacts.com/airports/turin","","",""
"error","500","airport","3","500","https://www.originfacts.com/airports/turkistan","","",""
"error","500","airport","3","500","https://www.originfacts.com/airports/turkmanbashi","","",""
"error","500","airport","3","500","https://www.originfacts.com/airports/turkmenabad","","",""
"error","500","airport","3","500","https://www.originfacts.com/airports/turku","","",""
"error","500","airport","3","500","https://www.originfacts.com/airports/turpan","","",""
"error","500","airport","3","500","https://www.originfacts.com/airports/turukhansk","","",""
"error","500","airport","3","500","https://www.originfacts.com/airports/tuticorin","","",""
"error","500","airport","3","500","https://www.originfacts.com/airports/tuxtla-gutierrez","","",""
"error","500","airport","3","500","https://www.originfacts.com/airports/tuy-hoa","","",""
"error","500","airport","3","500","https://www.originfacts.com/airports/tuzla","","",""
"error","500","airport","3","500","https://www.originfacts.com/airports/twin-falls","","",""
"error","500","airport","3","500","https://www.originfacts.com/airports/tyler","","",""
"error","500","airport","3","500","https://www.originfacts.com/airports/tynda","","",""
"error","500","airport","3","500","https://www.originfacts.com/airports/tyumen","","",""
"error","500","airport","3","500","https://www.originfacts.com/airports/ube","","",""
"error","500","airport","3","500","https://www.originfacts.com/airports/uberaba","","",""
"error","500","airport","3","500","https://www.originfacts.com/airports/uberlandia","","",""
"error","500","airport","3","500","https://www.originfacts.com/airports/ubon-ratchathani","","",""
"error","500","airport","3","500","https://www.originfacts.com/airports/udachnyj","","",""
"error","500","airport","3","500","https://www.originfacts.com/airports/udaipur","","",""
"error","500","airport","3","500","https://www.originfacts.com/airports/udon-thani","","",""
"error","500","airport","3","500","https://www.originfacts.com/airports/ufa","","",""
"error","500","airport","3","500","https://www.originfacts.com/airports/ujung-pandang","","",""
"error","500","airport","3","500","https://www.originfacts.com/airports/ukhta","","",""
"error","500","airport","3","500","https://www.originfacts.com/airports/ukunda","","",""
"error","500","airport","3","500","https://www.originfacts.com/airports/ulaanbaatar","","",""
"error","500","airport","3","500","https://www.originfacts.com/airports/ulaangom","","",""
"error","500","airport","3","500","https://www.originfacts.com/airports/ulan-ude","","",""
"error","500","airport","3","500","https://www.originfacts.com/airports/ulanhot","","",""
"error","500","airport","3","500","https://www.originfacts.com/airports/ulgii","","",""
"error","500","airport","3","500","https://www.originfacts.com/airports/uliastai","","",""
"error","500","airport","3","500","https://www.originfacts.com/airports/ulsan","","",""
"error","500","airport","3","500","https://www.originfacts.com/airports/ulyanovsk","","",""
"error","500","airport","3","500","https://www.originfacts.com/airports/umea","","",""
"error","500","airport","3","500","https://www.originfacts.com/airports/umnak-island","","",""
"error","500","airport","3","500","https://www.originfacts.com/airports/umroi","","",""
"error","500","airport","3","500","https://www.originfacts.com/airports/umtata","","",""
"error","500","airport","3","500","https://www.originfacts.com/airports/umuarama","","",""
"error","500","airport","3","500","https://www.originfacts.com/airports/umueri","","",""
"error","500","airport","3","500","https://www.originfacts.com/airports/una","","",""
"error","500","airport","3","500","https://www.originfacts.com/airports/unalakleet","","",""
"error","500","airport","3","500","https://www.originfacts.com/airports/upington","","",""
"error","500","airport","3","500","https://www.originfacts.com/airports/uraj","","",""
"error","500","airport","3","500","https://www.originfacts.com/airports/urgench","","",""
"error","500","airport","3","500","https://www.originfacts.com/airports/uruapan","","",""
"error","500","airport","3","500","https://www.originfacts.com/airports/uruguaiana","","",""
"error","500","airport","3","500","https://www.originfacts.com/airports/urumqi","","",""
"error","500","airport","3","500","https://www.originfacts.com/airports/urzhar","","",""
"error","500","airport","3","500","https://www.originfacts.com/airports/usharal","","",""
"error","500","airport","3","500","https://www.originfacts.com/airports/ushuaia","","",""
"error","500","airport","3","500","https://www.originfacts.com/airports/usinsk","","",""
"error","500","airport","3","500","https://www.originfacts.com/airports/ust-ilimsk","","",""
"error","500","airport","3","500","https://www.originfacts.com/airports/ust-kuiga","","",""
"error","500","airport","3","500","https://www.originfacts.com/airports/ust-kut","","",""
"error","500","airport","3","500","https://www.originfacts.com/airports/ust-maya","","",""
"error","500","airport","3","500","https://www.originfacts.com/airports/ust-nera","","",""
"error","500","airport","3","500","https://www.originfacts.com/airports/ust-tsilma","","",""
"error","500","airport","3","500","https://www.originfacts.com/airports/utapao","","",""
"error","500","airport","3","500","https://www.originfacts.com/airports/uyo","","",""
"error","500","airport","3","500","https://www.originfacts.com/airports/uyuni","","",""
"error","500","airport","3","500","https://www.originfacts.com/airports/uzhgorod","","",""
"error","500","airport","3","500","https://www.originfacts.com/airports/vaasa","","",""
"error","500","airport","3","500","https://www.originfacts.com/airports/vadodara","","",""
"error","500","airport","3","500","https://www.originfacts.com/airports/vadso","","",""
"error","500","airport","3","500","https://www.originfacts.com/airports/vail","","",""
"error","500","airport","3","500","https://www.originfacts.com/airports/val-d-or","","",""
"error","500","airport","3","500","https://www.originfacts.com/airports/valdez","","",""
"error","500","airport","3","500","https://www.originfacts.com/airports/valdivia","","",""
"error","500","airport","3","500","https://www.originfacts.com/airports/valdosta","","",""
"error","500","airport","3","500","https://www.originfacts.com/airports/valencia-vlc","","",""
"error","500","airport","3","500","https://www.originfacts.com/airports/valencia-vln","","",""
"error","500","airport","3","500","https://www.originfacts.com/airports/valladolid","","",""
"error","500","airport","3","500","https://www.originfacts.com/airports/valledupar","","",""
"error","500","airport","3","500","https://www.originfacts.com/airports/valley","","",""
"error","500","airport","3","500","https://www.originfacts.com/airports/valverde","","",""
"error","500","airport","3","500","https://www.originfacts.com/airports/van","","",""
"error","500","airport","3","500","https://www.originfacts.com/airports/van-don","","",""
"error","500","airport","3","500","https://www.originfacts.com/airports/vanavara","","",""
"error","500","airport","3","500","https://www.originfacts.com/airports/vancouver-cxh","","",""
"error","500","airport","3","500","https://www.originfacts.com/airports/vancouver-ydt","","",""
"error","500","airport","3","500","https://www.originfacts.com/airports/vancouver-yvr","","",""
"error","500","airport","3","500","https://www.originfacts.com/airports/vanimo","","",""
"error","500","airport","3","500","https://www.originfacts.com/airports/varadero","","",""
"error","500","airport","3","500","https://www.originfacts.com/airports/varanasi","","",""
"error","500","airport","3","500","https://www.originfacts.com/airports/vardoe","","",""
"error","500","airport","3","500","https://www.originfacts.com/airports/varginha","","",""
"error","500","airport","3","500","https://www.originfacts.com/airports/varna","","",""
"error","500","airport","3","500","https://www.originfacts.com/airports/vava-u","","",""
"error","500","airport","3","500","https://www.originfacts.com/airports/vaxjo","","",""
"error","500","airport","3","500","https://www.originfacts.com/airports/velikij-ustyug","","",""
"error","500","airport","3","500","https://www.originfacts.com/airports/venice-tsf","","",""
"error","500","airport","3","500","https://www.originfacts.com/airports/venice-vce","","",""
"error","500","airport","3","500","https://www.originfacts.com/airports/veracruz","","",""
"error","500","airport","3","500","https://www.originfacts.com/airports/verhnevilyuisk","","",""
"error","500","airport","3","500","https://www.originfacts.com/airports/vernal","","",""
"error","500","airport","3","500","https://www.originfacts.com/airports/vero-beach","","",""
"error","500","airport","3","500","https://www.originfacts.com/airports/verona-vbs","","",""
"error","500","airport","3","500","https://www.originfacts.com/airports/verona-vrn","","",""
"error","500","airport","3","500","https://www.originfacts.com/airports/victoria-falls","","",""
"error","500","airport","3","500","https://www.originfacts.com/airports/victoria-vct","","",""
"error","500","airport","3","500","https://www.originfacts.com/airports/victoria-ywh","","",""
"error","500","airport","3","500","https://www.originfacts.com/airports/victoria-yyj","","",""
"error","500","airport","3","500","https://www.originfacts.com/airports/vidyanagar","","",""
"error","500","airport","3","500","https://www.originfacts.com/airports/viedma","","",""
"error","500","airport","3","500","https://www.originfacts.com/airports/vienna","","",""
"error","500","airport","3","500","https://www.originfacts.com/airports/vientiane","","",""
"error","500","airport","3","500","https://www.originfacts.com/airports/vieques","","",""
"error","500","airport","3","500","https://www.originfacts.com/airports/vigo","","",""
"error","500","airport","3","500","https://www.originfacts.com/airports/vijayawada","","",""
"error","500","airport","3","500","https://www.originfacts.com/airports/vila-real","","",""
"error","500","airport","3","500","https://www.originfacts.com/airports/vilanculos","","",""
"error","500","airport","3","500","https://www.originfacts.com/airports/vilhelmina","","",""
"error","500","airport","3","500","https://www.originfacts.com/airports/vilhena","","",""
"error","500","airport","3","500","https://www.originfacts.com/airports/villagarzon","","",""
"error","500","airport","3","500","https://www.originfacts.com/airports/villahermosa","","",""
"error","500","airport","3","500","https://www.originfacts.com/airports/villavicencio","","",""
"error","500","airport","3","500","https://www.originfacts.com/airports/vilnius","","",""
"error","500","airport","3","500","https://www.originfacts.com/airports/vilyuisk","","",""
"error","500","airport","3","500","https://www.originfacts.com/airports/vina-del-mar","","",""
"error","500","airport","3","500","https://www.originfacts.com/airports/vinh-city","","",""
"error","500","airport","3","500","https://www.originfacts.com/airports/vinnytsia","","",""
"error","500","airport","3","500","https://www.originfacts.com/airports/virac","","",""
"error","500","airport","3","500","https://www.originfacts.com/airports/virgin-gorda","","",""
"error","500","airport","3","500","https://www.originfacts.com/airports/visby","","",""
"error","500","airport","3","500","https://www.originfacts.com/airports/viseu","","",""
"error","500","airport","3","500","https://www.originfacts.com/airports/vishakhapatnam","","",""
"error","500","airport","3","500","https://www.originfacts.com/airports/vitebsk","","",""
"error","500","airport","3","500","https://www.originfacts.com/airports/vitoria-da-conquista","","",""
"error","500","airport","3","500","https://www.originfacts.com/airports/vitoria-vit","","",""
"error","500","airport","3","500","https://www.originfacts.com/airports/vitoria-vix","","",""
"error","500","airport","3","500","https://www.originfacts.com/airports/vladikavkaz","","",""
"error","500","airport","3","500","https://www.originfacts.com/airports/vladivostok","","",""
"error","500","airport","3","500","https://www.originfacts.com/airports/volgograd","","",""
"error","500","airport","3","500","https://www.originfacts.com/airports/vologda","","",""
"error","500","airport","3","500","https://www.originfacts.com/airports/volos","","",""
"error","500","airport","3","500","https://www.originfacts.com/airports/vorkuta","","",""
"error","500","airport","3","500","https://www.originfacts.com/airports/voronezh","","",""
"error","500","airport","3","500","https://www.originfacts.com/airports/wabush","","",""
"error","500","airport","3","500","https://www.originfacts.com/airports/waco","","",""
"error","500","airport","3","500","https://www.originfacts.com/airports/wadi-ad-dawasir","","",""
"error","500","airport","3","500","https://www.originfacts.com/airports/wagga-wagga","","",""
"error","500","airport","3","500","https://www.originfacts.com/airports/waingapu","","",""
"error","500","airport","3","500","https://www.originfacts.com/airports/waitangi","","",""
"error","500","airport","3","500","https://www.originfacts.com/airports/wajima","","",""
"error","500","airport","3","500","https://www.originfacts.com/airports/wajir","","",""
"error","500","airport","3","500","https://www.originfacts.com/airports/wakkanai","","",""
"error","500","airport","3","500","https://www.originfacts.com/airports/wales","","",""
"error","500","airport","3","500","https://www.originfacts.com/airports/walla-walla","","",""
"error","500","airport","3","500","https://www.originfacts.com/airports/wallis-island","","",""
"error","500","airport","3","500","https://www.originfacts.com/airports/walvis-bay","","",""
"error","500","airport","3","500","https://www.originfacts.com/airports/wamena","","",""
"error","500","airport","3","500","https://www.originfacts.com/airports/wanganui","","",""
"error","500","airport","3","500","https://www.originfacts.com/airports/wanxian","","",""
"error","500","airport","3","500","https://www.originfacts.com/airports/wapenamanda","","",""
"error","500","airport","3","500","https://www.originfacts.com/airports/warraber","","",""
"error","500","airport","3","500","https://www.originfacts.com/airports/warri","","",""
"error","500","airport","3","500","https://www.originfacts.com/airports/warsaw-waw","","",""
"error","500","airport","3","500","https://www.originfacts.com/airports/warsaw-wmi","","",""
"error","500","airport","3","500","https://www.originfacts.com/airports/washington-dca","","",""
"error","500","airport","3","500","https://www.originfacts.com/airports/washington-iad","","",""
"error","500","airport","3","500","https://www.originfacts.com/airports/waskaganish","","",""
"error","500","airport","3","500","https://www.originfacts.com/airports/waterloo","","",""
"error","500","airport","3","500","https://www.originfacts.com/airports/watertown-art","","",""
"error","500","airport","3","500","https://www.originfacts.com/airports/watertown-aty","","",""
"error","500","airport","3","500","https://www.originfacts.com/airports/wausau","","",""
"error","500","airport","3","500","https://www.originfacts.com/airports/wedjh","","",""
"error","500","airport","3","500","https://www.originfacts.com/airports/weifang","","",""
"error","500","airport","3","500","https://www.originfacts.com/airports/weihai","","",""
"error","500","airport","3","500","https://www.originfacts.com/airports/weipa","","",""
"error","500","airport","3","500","https://www.originfacts.com/airports/wellington","","",""
"error","500","airport","3","500","https://www.originfacts.com/airports/wemindji","","",""
"error","500","airport","3","500","https://www.originfacts.com/airports/wenatchee","","",""
"error","500","airport","3","500","https://www.originfacts.com/airports/wenshan","","",""
"error","500","airport","3","500","https://www.originfacts.com/airports/wenzhou","","",""
"error","500","airport","3","500","https://www.originfacts.com/airports/west-palm-beach","","",""
"error","500","airport","3","500","https://www.originfacts.com/airports/west-yellowstone","","",""
"error","500","airport","3","500","https://www.originfacts.com/airports/westchester-county","","",""
"error","500","airport","3","500","https://www.originfacts.com/airports/westerland","","",""
"error","500","airport","3","500","https://www.originfacts.com/airports/westport","","",""
"error","500","airport","3","500","https://www.originfacts.com/airports/westray","","",""
"error","500","airport","3","500","https://www.originfacts.com/airports/wewak","","",""
"error","500","airport","3","500","https://www.originfacts.com/airports/whakatane","","",""
"error","500","airport","3","500","https://www.originfacts.com/airports/whale-cove","","",""
"error","500","airport","3","500","https://www.originfacts.com/airports/whangarei","","",""
"error","500","airport","3","500","https://www.originfacts.com/airports/white-mountain","","",""
"error","500","airport","3","500","https://www.originfacts.com/airports/whitehorse","","",""
"error","500","airport","3","500","https://www.originfacts.com/airports/whyalla","","",""
"error","500","airport","3","500","https://www.originfacts.com/airports/wichita","","",""
"error","500","airport","3","500","https://www.originfacts.com/airports/wick","","",""
"error","500","airport","3","500","https://www.originfacts.com/airports/wilkes-barre","","",""
"error","500","airport","3","500","https://www.originfacts.com/airports/williams-lake","","",""
"error","500","airport","3","500","https://www.originfacts.com/airports/williamsport","","",""
"error","500","airport","3","500","https://www.originfacts.com/airports/williston","","",""
"error","500","airport","3","500","https://www.originfacts.com/airports/wilmington-ilg","","",""
"error","500","airport","3","500","https://www.originfacts.com/airports/wilmington-ilm","","",""
"error","500","airport","3","500","https://www.originfacts.com/airports/windhoek-ers","","",""
"error","500","airport","3","500","https://www.originfacts.com/airports/windhoek-wdh","","",""
"error","500","airport","3","500","https://www.originfacts.com/airports/windsor","","",""
"error","500","airport","3","500","https://www.originfacts.com/airports/winnipeg","","",""
"error","500","airport","3","500","https://www.originfacts.com/airports/winston-salem","","",""
"error","500","airport","3","500","https://www.originfacts.com/airports/winton","","",""
"error","500","airport","3","500","https://www.originfacts.com/airports/wolf-point","","",""
"error","500","airport","3","500","https://www.originfacts.com/airports/wollaston-lake","","",""
"error","500","airport","3","500","https://www.originfacts.com/airports/wollongong","","",""
"error","500","airport","3","500","https://www.originfacts.com/airports/wonju","","",""
"error","500","airport","3","500","https://www.originfacts.com/airports/worcester","","",""
"error","500","airport","3","500","https://www.originfacts.com/airports/wroclaw","","",""
"error","500","airport","3","500","https://www.originfacts.com/airports/wu-hai","","",""
"error","500","airport","3","500","https://www.originfacts.com/airports/wuhan","","",""
"error","500","airport","3","500","https://www.originfacts.com/airports/wuhu","","",""
"error","500","airport","3","500","https://www.originfacts.com/airports/wunnummin-lake","","",""
"error","500","airport","3","500","https://www.originfacts.com/airports/wuxi","","",""
"error","500","airport","3","500","https://www.originfacts.com/airports/wuyishan","","",""
"error","500","airport","3","500","https://www.originfacts.com/airports/wuzhou","","",""
"error","500","airport","3","500","https://www.originfacts.com/airports/xiamen","","",""
"error","500","airport","3","500","https://www.originfacts.com/airports/xian","","",""
"error","500","airport","3","500","https://www.originfacts.com/airports/xiangyang","","",""
"error","500","airport","3","500","https://www.originfacts.com/airports/xichang","","",""
"error","500","airport","3","500","https://www.originfacts.com/airports/xieng-khouang","","",""
"error","500","airport","3","500","https://www.originfacts.com/airports/xigaze-rikaze","","",""
"error","500","airport","3","500","https://www.originfacts.com/airports/xilinhot","","",""
"error","500","airport","3","500","https://www.originfacts.com/airports/xingtai","","",""
"error","500","airport","3","500","https://www.originfacts.com/airports/xingyi","","",""
"error","500","airport","3","500","https://www.originfacts.com/airports/xining","","",""
"error","500","airport","3","500","https://www.originfacts.com/airports/xinyang","","",""
"error","500","airport","3","500","https://www.originfacts.com/airports/xinyuan","","",""
"error","500","airport","3","500","https://www.originfacts.com/airports/xinzhou","","",""
"error","500","airport","3","500","https://www.originfacts.com/airports/xuzhou","","",""
"error","500","airport","3","500","https://www.originfacts.com/airports/yakima","","",""
"error","500","airport","3","500","https://www.originfacts.com/airports/yakushima","","",""
"error","500","airport","3","500","https://www.originfacts.com/airports/yakutat","","",""
"error","500","airport","3","500","https://www.originfacts.com/airports/yakutsk","","",""
"error","500","airport","3","500","https://www.originfacts.com/airports/yam-island","","",""
"error","500","airport","3","500","https://www.originfacts.com/airports/yamagata","","",""
"error","500","airport","3","500","https://www.originfacts.com/airports/yan-an","","",""
"error","500","airport","3","500","https://www.originfacts.com/airports/yanbu","","",""
"error","500","airport","3","500","https://www.originfacts.com/airports/yancheng","","",""
"error","500","airport","3","500","https://www.originfacts.com/airports/yangon","","",""
"error","500","airport","3","500","https://www.originfacts.com/airports/yangyang","","",""
"error","500","airport","3","500","https://www.originfacts.com/airports/yangzhou","","",""
"error","500","airport","3","500","https://www.originfacts.com/airports/yanji","","",""
"error","500","airport","3","500","https://www.originfacts.com/airports/yantai","","",""
"error","500","airport","3","500","https://www.originfacts.com/airports/yaounde","","",""
"error","500","airport","3","500","https://www.originfacts.com/airports/yap-caroline-islands","","",""
"error","500","airport","3","500","https://www.originfacts.com/airports/yaroslavl","","",""
"error","500","airport","3","500","https://www.originfacts.com/airports/yartsevo","","",""
"error","500","airport","3","500","https://www.originfacts.com/airports/yazd","","",""
"error","500","airport","3","500","https://www.originfacts.com/airports/yekaterinburg","","",""
"error","500","airport","3","500","https://www.originfacts.com/airports/yellowknife","","",""
"error","500","airport","3","500","https://www.originfacts.com/airports/yeosu","","",""
"error","500","airport","3","500","https://www.originfacts.com/airports/yerevan","","",""
"error","500","airport","3","500","https://www.originfacts.com/airports/yibin","","",""
"error","500","airport","3","500","https://www.originfacts.com/airports/yichang","","",""
"error","500","airport","3","500","https://www.originfacts.com/airports/yichun-lds","","",""
"error","500","airport","3","500","https://www.originfacts.com/airports/yichun-yic","","",""
"error","500","airport","3","500","https://www.originfacts.com/airports/yinchuan","","",""
"error","500","airport","3","500","https://www.originfacts.com/airports/yingkou","","",""
"error","500","airport","3","500","https://www.originfacts.com/airports/yining","","",""
"error","500","airport","3","500","https://www.originfacts.com/airports/yiwu","","",""
"error","500","airport","3","500","https://www.originfacts.com/airports/yogyakarta-jog","","",""
"error","500","airport","3","500","https://www.originfacts.com/airports/yogyakarta-yia","","",""
"error","500","airport","3","500","https://www.originfacts.com/airports/yola","","",""
"error","500","airport","3","500","https://www.originfacts.com/airports/yonago","","",""
"error","500","airport","3","500","https://www.originfacts.com/airports/yonaguni-jima","","",""
"error","500","airport","3","500","https://www.originfacts.com/airports/yongzhou","","",""
"error","500","airport","3","500","https://www.originfacts.com/airports/yorke-island","","",""
"error","500","airport","3","500","https://www.originfacts.com/airports/yoronjima","","",""
"error","500","airport","3","500","https://www.originfacts.com/airports/yoshkar-ola","","",""
"error","500","airport","3","500","https://www.originfacts.com/airports/yueyang","","",""
"error","500","airport","3","500","https://www.originfacts.com/airports/yulin","","",""
"error","500","airport","3","500","https://www.originfacts.com/airports/yuma","","",""
"error","500","airport","3","500","https://www.originfacts.com/airports/yuncheng","","",""
"error","500","airport","3","500","https://www.originfacts.com/airports/yushu","","",""
"error","500","airport","3","500","https://www.originfacts.com/airports/yuzhno-sakhalinsk","","",""
"error","500","airport","3","500","https://www.originfacts.com/airports/zacatecas","","",""
"error","500","airport","3","500","https://www.originfacts.com/airports/zadar","","",""
"error","500","airport","3","500","https://www.originfacts.com/airports/zagora","","",""
"error","500","airport","3","500","https://www.originfacts.com/airports/zagreb","","",""
"error","500","airport","3","500","https://www.originfacts.com/airports/zahedan","","",""
"error","500","airport","3","500","https://www.originfacts.com/airports/zakinthos","","",""
"error","500","airport","3","500","https://www.originfacts.com/airports/zalantun","","",""
"error","500","airport","3","500","https://www.originfacts.com/airports/zamboanga","","",""
"error","500","airport","3","500","https://www.originfacts.com/airports/zanzibar","","",""
"error","500","airport","3","500","https://www.originfacts.com/airports/zaragoza","","",""
"error","500","airport","3","500","https://www.originfacts.com/airports/zaria","","",""
"error","500","airport","3","500","https://www.originfacts.com/airports/zaysan","","",""
"error","500","airport","3","500","https://www.originfacts.com/airports/zeja","","",""
"error","500","airport","3","500","https://www.originfacts.com/airports/zhangjiakou","","",""
"error","500","airport","3","500","https://www.originfacts.com/airports/zhangye","","",""
"error","500","airport","3","500","https://www.originfacts.com/airports/zhanjiang","","",""
"error","500","airport","3","500","https://www.originfacts.com/airports/zhaotong","","",""
"error","500","airport","3","500","https://www.originfacts.com/airports/zhengzhou","","",""
"error","500","airport","3","500","https://www.originfacts.com/airports/zhezkazgan","","",""
"error","500","airport","3","500","https://www.originfacts.com/airports/zhigansk","","",""
"error","500","airport","3","500","https://www.originfacts.com/airports/zhongwei","","",""
"error","500","airport","3","500","https://www.originfacts.com/airports/zhoushan","","",""
"error","500","airport","3","500","https://www.originfacts.com/airports/zhuhai","","",""
"error","500","airport","3","500","https://www.originfacts.com/airports/zielona-gora","","",""
"error","500","airport","3","500","https://www.originfacts.com/airports/ziguinchor","","",""
"error","500","airport","3","500","https://www.originfacts.com/airports/ziro","","",""
"error","500","airport","3","500","https://www.originfacts.com/airports/zomin","","",""
"error","500","airport","3","500","https://www.originfacts.com/airports/zonalnoye","","",""
"error","500","airport","3","500","https://www.originfacts.com/airports/zonguldak","","",""
"error","500","airport","3","500","https://www.originfacts.com/airports/zunyi","","",""
"error","500","airport","3","500","https://www.originfacts.com/airports/zurich","","",""
"error","500","airport","3","500","https://www.originfacts.com/airports/zyryanka","","",""
"error","500","static","3","300","https://www.originfacts.com/all-articles","","",""
"error","500","article","3","700","https://www.originfacts.com/articles/adelaide-airport-guide-2026-terminals-airlines-layovers","","",""
"error","500","article","3","700","https://www.originfacts.com/articles/airport-vs-city-car-rentals-cheaper","","",""
"error","500","article","3","700","https://www.originfacts.com/articles/airport-vs-city-car-rentals-which-saves-money","","",""
"error","500","article","3","700","https://www.originfacts.com/articles/australia-beach-hotels-2026","","",""
"error","500","article","3","700","https://www.originfacts.com/articles/australia-road-trip-car-rentals-2026","","",""
"error","500","article","3","700","https://www.originfacts.com/articles/bali-wildest-jungle-hotels-2026","","",""
"error","500","article","3","700","https://www.originfacts.com/articles/bangkok-car-rentals-2026-top-agencies","","",""
"error","500","article","3","700","https://www.originfacts.com/articles/bangkok-travel-tips-first-timer-2026","","",""
"error","500","article","3","700","https://www.originfacts.com/articles/beat-bangkok-heat-crowds-2026","","",""
"error","500","article","3","700","https://www.originfacts.com/articles/beat-crowds-angkor-wat-smart-tricks","","",""
"error","500","article","3","700","https://www.originfacts.com/articles/best-airlines-bangkok-2026","","",""
"error","500","article","3","700","https://www.originfacts.com/articles/best-airlines-flying-to-vietnam-2026-ranked","","",""
"error","500","article","3","700","https://www.originfacts.com/articles/best-airport-hotels-near-perth-airport","","",""
"error","500","article","3","700","https://www.originfacts.com/articles/best-apps-websites-cheap-hotels","","",""
"error","500","article","3","700","https://www.originfacts.com/articles/best-budget-hotels-adelaide-2026","","",""
"error","500","article","3","700","https://www.originfacts.com/articles/best-flights-to-adelaide-2026-routes-fares-tips","","",""
"error","500","article","3","700","https://www.originfacts.com/articles/best-hotels-bangkok-thailand-every-budget","","",""
"error","500","article","3","700","https://www.originfacts.com/articles/best-hotels-jakarta-stylish-stay-2026","","",""
"error","500","article","3","700","https://www.originfacts.com/articles/best-london-boutique-hotels-2026-city-break","","",""
"error","500","article","3","700","https://www.originfacts.com/articles/best-pet-friendly-hotels-europe-2026-travel-guide","","",""
"error","500","article","3","700","https://www.originfacts.com/articles/best-self-drive-routes-from-bangkok-2026","","",""
"error","500","article","3","700","https://www.originfacts.com/articles/best-time-book-sydney-flights-2026","","",""
"error","500","article","3","700","https://www.originfacts.com/articles/best-time-to-book-cheap-car-rentals-for-maximum-savings","","",""
"error","500","article","3","700","https://www.originfacts.com/articles/bold-melbourne-hotels-thrill-seekers-2026","","",""
"error","500","article","3","700","https://www.originfacts.com/articles/booking-direct-flights-to-perth","","",""
"error","500","article","3","700","https://www.originfacts.com/articles/brisbane-friendliest-boutique-hotels-2026","","",""
"error","500","article","3","700","https://www.originfacts.com/articles/budget-bangkok-travel-hacks-2026","","",""
"error","500","article","3","700","https://www.originfacts.com/articles/budget-friendly-perth-trip-planning-guide","","",""
"error","500","article","3","700","https://www.originfacts.com/articles/budget-stays-denpasar-affordable-hotels-2026","","",""
"error","500","article","3","700","https://www.originfacts.com/articles/budget-travel-tips-brisbane-2026","","",""
"error","500","article","3","700","https://www.originfacts.com/articles/carry-on-only-packing-tips","","",""
"error","500","article","3","700","https://www.originfacts.com/articles/cheap-2026-flights-southeast-asia-wild-frontier","","",""
"error","500","article","3","700","https://www.originfacts.com/articles/cheap-adelaide-flights-insider-tricks-2026","","",""
"error","500","article","3","700","https://www.originfacts.com/articles/cheap-bangkok-flights-2026-insider-tricks","","",""
"error","500","article","3","700","https://www.originfacts.com/articles/cheap-car-rentals-avoid-hidden-fees","","",""
"error","500","article","3","700","https://www.originfacts.com/articles/cheap-flights-bangkok-2026-adventure-guide","","",""
"error","500","article","3","700","https://www.originfacts.com/articles/cheap-flights-for-families-save-on-group-travel","","",""
"error","500","article","3","700","https://www.originfacts.com/articles/cheap-flights-sydney-2026-adventurers-guide","","",""
"error","500","article","3","700","https://www.originfacts.com/articles/cheap-flights-to-australia-2026","","",""
"error","500","article","3","700","https://www.originfacts.com/articles/cheap-flights-to-bali-avoid-hidden-fees","","",""
"error","500","article","3","700","https://www.originfacts.com/articles/cheap-flights-to-melbourne-2026","","",""
"error","500","article","3","700","https://www.originfacts.com/articles/cheap-flights-to-perth-2026-tips","","",""
"error","500","article","3","700","https://www.originfacts.com/articles/cheap-flights-to-tokyo-best-booking-strategies","","",""
"error","500","article","3","700","https://www.originfacts.com/articles/cheap-hotels-adelaide-style-2026","","",""
"error","500","article","3","700","https://www.originfacts.com/articles/cheap-hotels-denpasar-2026-guide","","",""
"error","500","article","3","700","https://www.originfacts.com/articles/cheap-hotels-tokyo-best-areas-budget-travelers","","",""
"error","500","article","3","700","https://www.originfacts.com/articles/cheapest-flights-to-uk-2026","","",""
"error","500","article","3","700","https://www.originfacts.com/articles/cosy-uk-countryside-hotels-2026","","",""
"error","500","article","3","700","https://www.originfacts.com/articles/cross-5-southeast-asian-borders-stress-free-2026","","",""
"error","500","article","3","700","https://www.originfacts.com/articles/digital-detox-travel-guide-unplug-maps-tickets","","",""
"error","500","article","3","700","https://www.originfacts.com/articles/direct-flights-australia-2026-new-routes","","",""
"error","500","article","3","700","https://www.originfacts.com/articles/family-friendly-gold-coast-hotels-2026","","",""
"error","500","article","3","700","https://www.originfacts.com/articles/flight-hacks-southeast-asia-2026","","",""
"error","500","article","3","700","https://www.originfacts.com/articles/hanoi-vs-ho-chi-minh-city-which-airport-to-fly-into","","",""
"error","500","article","3","700","https://www.originfacts.com/articles/honest-brisbane-travel-tips-first-timer-2026","","",""
"error","500","article","3","700","https://www.originfacts.com/articles/how-to-find-cheapest-flights-proven-strategies","","",""
"error","500","article","3","700","https://www.originfacts.com/articles/how-to-get-around-jakarta-like-a-local","","",""
"error","500","article","3","700","https://www.originfacts.com/articles/how-to-score-free-hotel-upgrades-insider-tips-2026","","",""
"error","500","article","3","700","https://www.originfacts.com/articles/insider-tricks-booking-affordable-melbourne-flights","","",""
"error","500","article","3","700","https://www.originfacts.com/articles/jakarta-budget-travel-tips-2026","","",""
"error","500","article","3","700","https://www.originfacts.com/articles/jakarta-hotel-gems-locals-love-2026","","",""
"error","500","article","3","700","https://www.originfacts.com/articles/jakarta-travel-tips-first-timer-2026","","",""
"error","500","article","3","700","https://www.originfacts.com/articles/melbourne-design-hotels-opening-2026","","",""
"error","500","article","3","700","https://www.originfacts.com/articles/melbourne-flights-under-900-return-2026","","",""
"error","500","article","3","700","https://www.originfacts.com/articles/melbourne-most-daring-hotel-stays","","",""
"error","500","article","3","700","https://www.originfacts.com/articles/navigate-remote-mekong-villages-like-a-pro-2026","","",""
"error","500","article","3","700","https://www.originfacts.com/articles/pack-smarter-southeast-asia-adventures-2026","","",""
"error","500","article","3","700","https://www.originfacts.com/articles/perth-best-hotels-2026","","",""
"error","500","article","3","700","https://www.originfacts.com/articles/qantas-domestic-flights-review-comparison-australia","","",""
"error","500","article","3","700","https://www.originfacts.com/articles/qantas-vs-virgin-australia-2026","","",""
"error","500","article","3","700","https://www.originfacts.com/articles/rent-a-car-bangkok-2026-guide","","",""
"error","500","article","3","700","https://www.originfacts.com/articles/renting-a-car-in-japan-save-money-self-drive","","",""
"error","500","article","3","700","https://www.originfacts.com/articles/renting-car-australia-2026-first-timer-tips","","",""
"error","500","article","3","700","https://www.originfacts.com/articles/seaside-uk-hotels-coastal-views-2026","","",""
"error","500","article","3","700","https://www.originfacts.com/articles/skip-airport-security-lines-2026","","",""
"error","500","article","3","700","https://www.originfacts.com/articles/stopovers-long-haul-vietnam-flights-worth-it","","",""
"error","500","article","3","700","https://www.originfacts.com/articles/sydney-best-boutique-hotels-2026","","",""
"error","500","article","3","700","https://www.originfacts.com/articles/top-10-outback-lodges-australia-2026","","",""
"error","500","article","3","700","https://www.originfacts.com/articles/ultimate-guide-booking-vietnam-flights-2026","","",""
"error","500","article","3","700","https://www.originfacts.com/articles/what-to-pack-for-brisbane-2026","","",""
"error","500","article","3","700","https://www.originfacts.com/articles/what-to-pack-for-thailand-travel","","",""
"error","500","article","3","700","https://www.originfacts.com/articles/when-to-book-bangkok-flights-2026","","",""
"error","500","article","3","700","https://www.originfacts.com/articles/where-to-sleep-in-jakarta-hotel-picks-2026","","",""
"error","500","article","3","700","https://www.originfacts.com/articles/where-to-sleep-in-perth-hotels-worth-booking","","",""
"error","500","article","3","700","https://www.originfacts.com/articles/where-to-stay-in-bali-best-hotels-every-budget","","",""
"error","500","article","3","700","https://www.originfacts.com/articles/wild-castle-hotels-germany-2026","","",""
"error","500","category","3","350","https://www.originfacts.com/category/car-rentals","","",""
"error","500","category","3","350","https://www.originfacts.com/category/flights","","",""
"error","500","category","3","350","https://www.originfacts.com/category/hotels","","",""
"error","500","category","3","350","https://www.originfacts.com/category/travel-tips","","",""
"error","500","static","3","300","https://www.originfacts.com/contact","","",""
"error","500","static","3","300","https://www.originfacts.com/destinations","","",""
"error","500","destination","3","500","https://www.originfacts.com/destinations/adelaide","","",""
"error","500","destination","3","500","https://www.originfacts.com/destinations/afghanistan","","",""
"error","500","destination","3","500","https://www.originfacts.com/destinations/africa","","",""
"error","500","destination","3","500","https://www.originfacts.com/destinations/aland-islands","","",""
"error","500","destination","3","500","https://www.originfacts.com/destinations/albania","","",""
"error","500","destination","3","500","https://www.originfacts.com/destinations/algeria","","",""
"error","500","destination","3","500","https://www.originfacts.com/destinations/american-samoa","","",""
"error","500","destination","3","500","https://www.originfacts.com/destinations/angola","","",""
"error","500","destination","3","500","https://www.originfacts.com/destinations/anguilla","","",""
"error","500","destination","3","500","https://www.originfacts.com/destinations/antigua-and-barbuda","","",""
"error","500","destination","3","500","https://www.originfacts.com/destinations/argentina","","",""
"error","500","destination","3","500","https://www.originfacts.com/destinations/armenia","","",""
"error","500","destination","3","500","https://www.originfacts.com/destinations/aruba","","",""
"error","500","destination","3","500","https://www.originfacts.com/destinations/asia","","",""
"error","500","destination","3","500","https://www.originfacts.com/destinations/australia","","",""
"error","500","destination","3","500","https://www.originfacts.com/destinations/austria","","",""
"error","500","destination","3","500","https://www.originfacts.com/destinations/ayutthaya","","",""
"error","500","destination","3","500","https://www.originfacts.com/destinations/azerbaijan","","",""
"error","500","destination","3","500","https://www.originfacts.com/destinations/bahamas","","",""
"error","500","destination","3","500","https://www.originfacts.com/destinations/bahrain","","",""
"error","500","destination","3","500","https://www.originfacts.com/destinations/bangkok","","",""
"error","500","destination","3","500","https://www.originfacts.com/destinations/bangladesh","","",""
"error","500","destination","3","500","https://www.originfacts.com/destinations/barbados","","",""
"error","500","destination","3","500","https://www.originfacts.com/destinations/belarus","","",""
"error","500","destination","3","500","https://www.originfacts.com/destinations/belgium","","",""
"error","500","destination","3","500","https://www.originfacts.com/destinations/belize","","",""
"error","500","destination","3","500","https://www.originfacts.com/destinations/benin","","",""
"error","500","destination","3","500","https://www.originfacts.com/destinations/bermuda","","",""
"error","500","destination","3","500","https://www.originfacts.com/destinations/bhutan","","",""
"error","500","destination","3","500","https://www.originfacts.com/destinations/bolivia","","",""
"error","500","destination","3","500","https://www.originfacts.com/destinations/bosnia-and-herzegovina","","",""
"error","500","destination","3","500","https://www.originfacts.com/destinations/botswana","","",""
"error","500","destination","3","500","https://www.originfacts.com/destinations/brazil","","",""
"error","500","destination","3","500","https://www.originfacts.com/destinations/brisbane","","",""
"error","500","destination","3","500","https://www.originfacts.com/destinations/british-virgin-islands","","",""
"error","500","destination","3","500","https://www.originfacts.com/destinations/brunei","","",""
"error","500","destination","3","500","https://www.originfacts.com/destinations/bulgaria","","",""
"error","500","destination","3","500","https://www.originfacts.com/destinations/burkina-faso","","",""
"error","500","destination","3","500","https://www.originfacts.com/destinations/burundi","","",""
"error","500","destination","3","500","https://www.originfacts.com/destinations/cambodia","","",""
"error","500","destination","3","500","https://www.originfacts.com/destinations/cameroon","","",""
"error","500","destination","3","500","https://www.originfacts.com/destinations/canada","","",""
"error","500","destination","3","500","https://www.originfacts.com/destinations/cape-verde","","",""
"error","500","destination","3","500","https://www.originfacts.com/destinations/caribbean-netherlands","","",""
"error","500","destination","3","500","https://www.originfacts.com/destinations/cayman-islands","","",""
"error","500","destination","3","500","https://www.originfacts.com/destinations/central-african-republic","","",""
"error","500","destination","3","500","https://www.originfacts.com/destinations/chad","","",""
"error","500","destination","3","500","https://www.originfacts.com/destinations/chiang-mai","","",""
"error","500","destination","3","500","https://www.originfacts.com/destinations/chile","","",""
"error","500","destination","3","500","https://www.originfacts.com/destinations/china","","",""
"error","500","destination","3","500","https://www.originfacts.com/destinations/christmas-island","","",""
"error","500","destination","3","500","https://www.originfacts.com/destinations/cocos-keeling-islands","","",""
"error","500","destination","3","500","https://www.originfacts.com/destinations/colombia","","",""
"error","500","destination","3","500","https://www.originfacts.com/destinations/comoros","","",""
"error","500","destination","3","500","https://www.originfacts.com/destinations/cook-islands","","",""
"error","500","destination","3","500","https://www.originfacts.com/destinations/costa-rica","","",""
"error","500","destination","3","500","https://www.originfacts.com/destinations/croatia","","",""
"error","500","destination","3","500","https://www.originfacts.com/destinations/cuba","","",""
"error","500","destination","3","500","https://www.originfacts.com/destinations/curacao","","",""
"error","500","destination","3","500","https://www.originfacts.com/destinations/cyprus","","",""
"error","500","destination","3","500","https://www.originfacts.com/destinations/czechia","","",""
"error","500","destination","3","500","https://www.originfacts.com/destinations/darwin","","",""
"error","500","destination","3","500","https://www.originfacts.com/destinations/denmark","","",""
"error","500","destination","3","500","https://www.originfacts.com/destinations/denpasar","","",""
"error","500","destination","3","500","https://www.originfacts.com/destinations/djibouti","","",""
"error","500","destination","3","500","https://www.originfacts.com/destinations/dominica","","",""
"error","500","destination","3","500","https://www.originfacts.com/destinations/dominican-republic","","",""
"error","500","destination","3","500","https://www.originfacts.com/destinations/dr-congo","","",""
"error","500","destination","3","500","https://www.originfacts.com/destinations/ecuador","","",""
"error","500","destination","3","500","https://www.originfacts.com/destinations/egypt","","",""
"error","500","destination","3","500","https://www.originfacts.com/destinations/el-salvador","","",""
"error","500","destination","3","500","https://www.originfacts.com/destinations/equatorial-guinea","","",""
"error","500","destination","3","500","https://www.originfacts.com/destinations/eritrea","","",""
"error","500","destination","3","500","https://www.originfacts.com/destinations/estonia","","",""
"error","500","destination","3","500","https://www.originfacts.com/destinations/eswatini","","",""
"error","500","destination","3","500","https://www.originfacts.com/destinations/ethiopia","","",""
"error","500","destination","3","500","https://www.originfacts.com/destinations/europe","","",""
"error","500","destination","3","500","https://www.originfacts.com/destinations/falkland-islands","","",""
"error","500","destination","3","500","https://www.originfacts.com/destinations/faroe-islands","","",""
"error","500","destination","3","500","https://www.originfacts.com/destinations/fiji","","",""
"error","500","destination","3","500","https://www.originfacts.com/destinations/finland","","",""
"error","500","destination","3","500","https://www.originfacts.com/destinations/france","","",""
"error","500","destination","3","500","https://www.originfacts.com/destinations/french-guiana","","",""
"error","500","destination","3","500","https://www.originfacts.com/destinations/french-polynesia","","",""
"error","500","destination","3","500","https://www.originfacts.com/destinations/gabon","","",""
"error","500","destination","3","500","https://www.originfacts.com/destinations/gambia","","",""
"error","500","destination","3","500","https://www.originfacts.com/destinations/georgia","","",""
"error","500","destination","3","500","https://www.originfacts.com/destinations/germany","","",""
"error","500","destination","3","500","https://www.originfacts.com/destinations/ghana","","",""
"error","500","destination","3","500","https://www.originfacts.com/destinations/gibraltar","","",""
"error","500","destination","3","500","https://www.originfacts.com/destinations/greece","","",""
"error","500","destination","3","500","https://www.originfacts.com/destinations/greenland","","",""
"error","500","destination","3","500","https://www.originfacts.com/destinations/grenada","","",""
"error","500","destination","3","500","https://www.originfacts.com/destinations/guadeloupe","","",""
"error","500","destination","3","500","https://www.originfacts.com/destinations/guam","","",""
"error","500","destination","3","500","https://www.originfacts.com/destinations/guatemala","","",""
"error","500","destination","3","500","https://www.originfacts.com/destinations/guernsey","","",""
"error","500","destination","3","500","https://www.originfacts.com/destinations/guinea","","",""
"error","500","destination","3","500","https://www.originfacts.com/destinations/guinea-bissau","","",""
"error","500","destination","3","500","https://www.originfacts.com/destinations/guyana","","",""
"error","500","destination","3","500","https://www.originfacts.com/destinations/haiti","","",""
"error","500","destination","3","500","https://www.originfacts.com/destinations/honduras","","",""
"error","500","destination","3","500","https://www.originfacts.com/destinations/hong-kong","","",""
"error","500","destination","3","500","https://www.originfacts.com/destinations/hungary","","",""
"error","500","destination","3","500","https://www.originfacts.com/destinations/iceland","","",""
"error","500","destination","3","500","https://www.originfacts.com/destinations/india","","",""
"error","500","destination","3","500","https://www.originfacts.com/destinations/indonesia","","",""
"error","500","destination","3","500","https://www.originfacts.com/destinations/iran","","",""
"error","500","destination","3","500","https://www.originfacts.com/destinations/iraq","","",""
"error","500","destination","3","500","https://www.originfacts.com/destinations/ireland","","",""
"error","500","destination","3","500","https://www.originfacts.com/destinations/isle-of-man","","",""
"error","500","destination","3","500","https://www.originfacts.com/destinations/israel","","",""
"error","500","destination","3","500","https://www.originfacts.com/destinations/italy","","",""
"error","500","destination","3","500","https://www.originfacts.com/destinations/ivory-coast","","",""
"error","500","destination","3","500","https://www.originfacts.com/destinations/jakarta","","",""
"error","500","destination","3","500","https://www.originfacts.com/destinations/jamaica","","",""
"error","500","destination","3","500","https://www.originfacts.com/destinations/japan","","",""
"error","500","destination","3","500","https://www.originfacts.com/destinations/jersey","","",""
"error","500","destination","3","500","https://www.originfacts.com/destinations/jordan","","",""
"error","500","destination","3","500","https://www.originfacts.com/destinations/kazakhstan","","",""
"error","500","destination","3","500","https://www.originfacts.com/destinations/kenya","","",""
"error","500","destination","3","500","https://www.originfacts.com/destinations/kiribati","","",""
"error","500","destination","3","500","https://www.originfacts.com/destinations/kosovo","","",""
"error","500","destination","3","500","https://www.originfacts.com/destinations/kuwait","","",""
"error","500","destination","3","500","https://www.originfacts.com/destinations/kyrgyzstan","","",""
"error","500","destination","3","500","https://www.originfacts.com/destinations/laos","","",""
"error","500","destination","3","500","https://www.originfacts.com/destinations/latvia","","",""
"error","500","destination","3","500","https://www.originfacts.com/destinations/lebanon","","",""
"error","500","destination","3","500","https://www.originfacts.com/destinations/lesotho","","",""
"error","500","destination","3","500","https://www.originfacts.com/destinations/liberia","","",""
"error","500","destination","3","500","https://www.originfacts.com/destinations/libya","","",""
"error","500","destination","3","500","https://www.originfacts.com/destinations/lithuania","","",""
"error","500","destination","3","500","https://www.originfacts.com/destinations/luxembourg","","",""
"error","500","destination","3","500","https://www.originfacts.com/destinations/macau","","",""
"error","500","destination","3","500","https://www.originfacts.com/destinations/madagascar","","",""
"error","500","destination","3","500","https://www.originfacts.com/destinations/malawi","","",""
"error","500","destination","3","500","https://www.originfacts.com/destinations/malaysia","","",""
"error","500","destination","3","500","https://www.originfacts.com/destinations/maldives","","",""
"error","500","destination","3","500","https://www.originfacts.com/destinations/mali","","",""
"error","500","destination","3","500","https://www.originfacts.com/destinations/malta","","",""
"error","500","destination","3","500","https://www.originfacts.com/destinations/marshall-islands","","",""
"error","500","destination","3","500","https://www.originfacts.com/destinations/martinique","","",""
"error","500","destination","3","500","https://www.originfacts.com/destinations/mauritania","","",""
"error","500","destination","3","500","https://www.originfacts.com/destinations/mauritius","","",""
"error","500","destination","3","500","https://www.originfacts.com/destinations/mayotte","","",""
"error","500","destination","3","500","https://www.originfacts.com/destinations/melbourne","","",""
"error","500","destination","3","500","https://www.originfacts.com/destinations/mexico","","",""
"error","500","destination","3","500","https://www.originfacts.com/destinations/micronesia","","",""
"error","500","destination","3","500","https://www.originfacts.com/destinations/moldova","","",""
"error","500","destination","3","500","https://www.originfacts.com/destinations/mongolia","","",""
"error","500","destination","3","500","https://www.originfacts.com/destinations/montenegro","","",""
"error","500","destination","3","500","https://www.originfacts.com/destinations/montserrat","","",""
"error","500","destination","3","500","https://www.originfacts.com/destinations/morocco","","",""
"error","500","destination","3","500","https://www.originfacts.com/destinations/mozambique","","",""
"error","500","destination","3","500","https://www.originfacts.com/destinations/myanmar","","",""
"error","500","destination","3","500","https://www.originfacts.com/destinations/namibia","","",""
"error","500","destination","3","500","https://www.originfacts.com/destinations/nauru","","",""
"error","500","destination","3","500","https://www.originfacts.com/destinations/nepal","","",""
"error","500","destination","3","500","https://www.originfacts.com/destinations/netherlands","","",""
"error","500","destination","3","500","https://www.originfacts.com/destinations/new-caledonia","","",""
"error","500","destination","3","500","https://www.originfacts.com/destinations/new-zealand","","",""
"error","500","destination","3","500","https://www.originfacts.com/destinations/nicaragua","","",""
"error","500","destination","3","500","https://www.originfacts.com/destinations/niger","","",""
"error","500","destination","3","500","https://www.originfacts.com/destinations/nigeria","","",""
"error","500","destination","3","500","https://www.originfacts.com/destinations/niue","","",""
"error","500","destination","3","500","https://www.originfacts.com/destinations/norfolk-island","","",""
"error","500","destination","3","500","https://www.originfacts.com/destinations/north-america","","",""
"error","500","destination","3","500","https://www.originfacts.com/destinations/north-korea","","",""
"error","500","destination","3","500","https://www.originfacts.com/destinations/north-macedonia","","",""
"error","500","destination","3","500","https://www.originfacts.com/destinations/northern-mariana-islands","","",""
"error","500","destination","3","500","https://www.originfacts.com/destinations/norway","","",""
"error","500","destination","3","500","https://www.originfacts.com/destinations/oceania","","",""
"error","500","destination","3","500","https://www.originfacts.com/destinations/oman","","",""
"error","500","destination","3","500","https://www.originfacts.com/destinations/pakistan","","",""
"error","500","destination","3","500","https://www.originfacts.com/destinations/palau","","",""
"error","500","destination","3","500","https://www.originfacts.com/destinations/panama","","",""
"error","500","destination","3","500","https://www.originfacts.com/destinations/papua-new-guinea","","",""
"error","500","destination","3","500","https://www.originfacts.com/destinations/paraguay","","",""
"error","500","destination","3","500","https://www.originfacts.com/destinations/pattaya","","",""
"error","500","destination","3","500","https://www.originfacts.com/destinations/perth","","",""
"error","500","destination","3","500","https://www.originfacts.com/destinations/peru","","",""
"error","500","destination","3","500","https://www.originfacts.com/destinations/philippines","","",""
"error","500","destination","3","500","https://www.originfacts.com/destinations/phuket","","",""
"error","500","destination","3","500","https://www.originfacts.com/destinations/poland","","",""
"error","500","destination","3","500","https://www.originfacts.com/destinations/portugal","","",""
"error","500","destination","3","500","https://www.originfacts.com/destinations/puerto-rico","","",""
"error","500","destination","3","500","https://www.originfacts.com/destinations/qatar","","",""
"error","500","destination","3","500","https://www.originfacts.com/destinations/republic-of-the-congo","","",""
"error","500","destination","3","500","https://www.originfacts.com/destinations/reunion","","",""
"error","500","destination","3","500","https://www.originfacts.com/destinations/romania","","",""
"error","500","destination","3","500","https://www.originfacts.com/destinations/russia","","",""
"error","500","destination","3","500","https://www.originfacts.com/destinations/rwanda","","",""
"error","500","destination","3","500","https://www.originfacts.com/destinations/saint-helena-ascension-and-tristan-da-cunha","","",""
"error","500","destination","3","500","https://www.originfacts.com/destinations/saint-kitts-and-nevis","","",""
"error","500","destination","3","500","https://www.originfacts.com/destinations/saint-lucia","","",""
"error","500","destination","3","500","https://www.originfacts.com/destinations/saint-martin","","",""
"error","500","destination","3","500","https://www.originfacts.com/destinations/saint-pierre-and-miquelon","","",""
"error","500","destination","3","500","https://www.originfacts.com/destinations/saint-vincent-and-the-grenadines","","",""
"error","500","destination","3","500","https://www.originfacts.com/destinations/samoa","","",""
"error","500","destination","3","500","https://www.originfacts.com/destinations/sao-tome-and-principe","","",""
"error","500","destination","3","500","https://www.originfacts.com/destinations/saudi-arabia","","",""
"error","500","destination","3","500","https://www.originfacts.com/destinations/senegal","","",""
"error","500","destination","3","500","https://www.originfacts.com/destinations/serbia","","",""
"error","500","destination","3","500","https://www.originfacts.com/destinations/seychelles","","",""
"error","500","destination","3","500","https://www.originfacts.com/destinations/sierra-leone","","",""
"error","500","destination","3","500","https://www.originfacts.com/destinations/singapore","","",""
"error","500","destination","3","500","https://www.originfacts.com/destinations/sint-maarten","","",""
"error","500","destination","3","500","https://www.originfacts.com/destinations/slovakia","","",""
"error","500","destination","3","500","https://www.originfacts.com/destinations/slovenia","","",""
"error","500","destination","3","500","https://www.originfacts.com/destinations/solomon-islands","","",""
"error","500","destination","3","500","https://www.originfacts.com/destinations/somalia","","",""
"error","500","destination","3","500","https://www.originfacts.com/destinations/south-africa","","",""
"error","500","destination","3","500","https://www.originfacts.com/destinations/south-america","","",""
"error","500","destination","3","500","https://www.originfacts.com/destinations/south-korea","","",""
"error","500","destination","3","500","https://www.originfacts.com/destinations/south-sudan","","",""
"error","500","destination","3","500","https://www.originfacts.com/destinations/spain","","",""
"error","500","destination","3","500","https://www.originfacts.com/destinations/sri-lanka","","",""
"error","500","destination","3","500","https://www.originfacts.com/destinations/sudan","","",""
"error","500","destination","3","500","https://www.originfacts.com/destinations/suriname","","",""
"error","500","destination","3","500","https://www.originfacts.com/destinations/svalbard-and-jan-mayen","","",""
"error","500","destination","3","500","https://www.originfacts.com/destinations/sweden","","",""
"error","500","destination","3","500","https://www.originfacts.com/destinations/switzerland","","",""
"error","500","destination","3","500","https://www.originfacts.com/destinations/sydney","","",""
"error","500","destination","3","500","https://www.originfacts.com/destinations/syria","","",""
"error","500","destination","3","500","https://www.originfacts.com/destinations/taiwan","","",""
"error","500","destination","3","500","https://www.originfacts.com/destinations/tajikistan","","",""
"error","500","destination","3","500","https://www.originfacts.com/destinations/tanzania","","",""
"error","500","destination","3","500","https://www.originfacts.com/destinations/tasmania","","",""
"error","500","destination","3","500","https://www.originfacts.com/destinations/thailand","","",""
"error","500","destination","3","500","https://www.originfacts.com/destinations/timor-leste","","",""
"error","500","destination","3","500","https://www.originfacts.com/destinations/togo","","",""
"error","500","destination","3","500","https://www.originfacts.com/destinations/tonga","","",""
"error","500","destination","3","500","https://www.originfacts.com/destinations/trinidad-and-tobago","","",""
"error","500","destination","3","500","https://www.originfacts.com/destinations/tunisia","","",""
"error","500","destination","3","500","https://www.originfacts.com/destinations/turkey","","",""
"error","500","destination","3","500","https://www.originfacts.com/destinations/turkmenistan","","",""
"error","500","destination","3","500","https://www.originfacts.com/destinations/turks-and-caicos-islands","","",""
"error","500","destination","3","500","https://www.originfacts.com/destinations/tuvalu","","",""
"error","500","destination","3","500","https://www.originfacts.com/destinations/uganda","","",""
"error","500","destination","3","500","https://www.originfacts.com/destinations/ukraine","","",""
"error","500","destination","3","500","https://www.originfacts.com/destinations/united-arab-emirates","","",""
"error","500","destination","3","500","https://www.originfacts.com/destinations/united-kingdom","","",""
"error","500","destination","3","500","https://www.originfacts.com/destinations/united-states","","",""
"error","500","destination","3","500","https://www.originfacts.com/destinations/united-states-virgin-islands","","",""
"error","500","destination","3","500","https://www.originfacts.com/destinations/uruguay","","",""
"error","500","destination","3","500","https://www.originfacts.com/destinations/uzbekistan","","",""
"error","500","destination","3","500","https://www.originfacts.com/destinations/vanuatu","","",""
"error","500","destination","3","500","https://www.originfacts.com/destinations/venezuela","","",""
"error","500","destination","3","500","https://www.originfacts.com/destinations/vietnam","","",""
"error","500","destination","3","500","https://www.originfacts.com/destinations/wallis-and-futuna","","",""
"error","500","destination","3","500","https://www.originfacts.com/destinations/western-sahara","","",""
"error","500","destination","3","500","https://www.originfacts.com/destinations/yemen","","",""
"error","500","destination","3","500","https://www.originfacts.com/destinations/zambia","","",""
"error","500","destination","3","500","https://www.originfacts.com/destinations/zimbabwe","","",""
"error","500","static","3","300","https://www.originfacts.com/flight-routes","","",""
"error","500","static","3","300","https://www.originfacts.com/flight-search","","",""
