status,httpStatus,type,words,threshold,url,title,location,canonical
"thin","200","static","0","300","https://www.originfacts.com/airlines","","",""
"fetch_error","0","static","0","300","https://www.originfacts.com/flight-routes","","",""
"thin","200","static","0","300","https://www.originfacts.com/sitemap","","",""
"thin","200","static","267","300","https://www.originfacts.com/contact","Contact Originfacts · Originfacts","","https://www.originfacts.com/contact"
"ok","200","destination","524","500","https://www.originfacts.com/destinations/turkmenistan","Turkmenistan · Originfacts","","https://www.originfacts.com/destinations/turkmenistan"
"ok","200","destination","543","500","https://www.originfacts.com/destinations/uganda","Uganda · Originfacts","","https://www.originfacts.com/destinations/uganda"
"ok","200","destination","557","500","https://www.originfacts.com/destinations/serbia","Serbia · Originfacts","","https://www.originfacts.com/destinations/serbia"
"ok","200","destination","595","500","https://www.originfacts.com/destinations/zambia","Zambia · Originfacts","","https://www.originfacts.com/destinations/zambia"
"ok","200","static","606","300","https://www.originfacts.com/legal/contact","Legal Notice — Originfacts · Originfacts","","https://www.originfacts.com"
"ok","200","destination","621","500","https://www.originfacts.com/destinations/switzerland","Switzerland · Originfacts","","https://www.originfacts.com/destinations/switzerland"
"ok","200","category","754","350","https://www.originfacts.com/category/hotels","Hotels · Originfacts","","https://www.originfacts.com/category/hotels"
"ok","200","category","757","350","https://www.originfacts.com/category/travel-tips","Travel Tips · Originfacts","","https://www.originfacts.com/category/travel-tips"
"ok","200","category","763","350","https://www.originfacts.com/category/car-rentals","Car Rentals · Originfacts","","https://www.originfacts.com/category/car-rentals"
"ok","200","static","764","300","https://www.originfacts.com/all-articles","All stories · Originfacts","","https://www.originfacts.com/all-articles"
"ok","200","category","766","350","https://www.originfacts.com/category/destinations","Destinations · Originfacts","","https://www.originfacts.com/category/destinations"
"ok","200","static","776","300","https://www.originfacts.com/destinations","Destination Directory — Browse Cities, Countries & Regions | OriginFacts · Originfacts","","https://www.originfacts.com/destinations"
"ok","200","destination","799","500","https://www.originfacts.com/destinations/nauru","Nauru · Originfacts","","https://www.originfacts.com/destinations/nauru"
"ok","200","destination","810","500","https://www.originfacts.com/destinations/niue","Niue · Originfacts","","https://www.originfacts.com/destinations/niue"
"ok","200","destination","826","500","https://www.originfacts.com/destinations/samoa","Samoa · Originfacts","","https://www.originfacts.com/destinations/samoa"
"ok","200","destination","827","500","https://www.originfacts.com/destinations/montserrat","Montserrat · Originfacts","","https://www.originfacts.com/destinations/montserrat"
"ok","200","destination","828","500","https://www.originfacts.com/destinations/mayotte","Mayotte · Originfacts","","https://www.originfacts.com/destinations/mayotte"
"ok","200","destination","829","500","https://www.originfacts.com/destinations/syria","Syria · Originfacts","","https://www.originfacts.com/destinations/syria"
"ok","200","destination","830","500","https://www.originfacts.com/destinations/luxembourg","Luxembourg · Originfacts","","https://www.originfacts.com/destinations/luxembourg"
"ok","200","destination","832","500","https://www.originfacts.com/destinations/niger","Niger · Originfacts","","https://www.originfacts.com/destinations/niger"
"ok","200","static","835","300","https://www.originfacts.com/legal/affiliate-disclosure","Affiliate Disclosure — Originfacts · Originfacts","","https://www.originfacts.com"
"ok","200","destination","839","500","https://www.originfacts.com/destinations/gabon","Gabon · Originfacts","","https://www.originfacts.com/destinations/gabon"
"ok","200","destination","840","500","https://www.originfacts.com/destinations/dominica","Dominica · Originfacts","","https://www.originfacts.com/destinations/dominica"
"ok","200","destination","840","500","https://www.originfacts.com/destinations/malawi","Malawi · Originfacts","","https://www.originfacts.com/destinations/malawi"
"ok","200","destination","841","500","https://www.originfacts.com/destinations/kuwait","Kuwait · Originfacts","","https://www.originfacts.com/destinations/kuwait"
"ok","200","destination","842","500","https://www.originfacts.com/destinations/anguilla","Anguilla · Originfacts","","https://www.originfacts.com/destinations/anguilla"
"ok","200","destination","843","500","https://www.originfacts.com/destinations/comoros","Comoros · Originfacts","","https://www.originfacts.com/destinations/comoros"
"ok","200","destination","844","500","https://www.originfacts.com/destinations/falkland-islands","Falkland Islands · Originfacts","","https://www.originfacts.com/destinations/falkland-islands"
"ok","200","destination","844","500","https://www.originfacts.com/destinations/haiti","Haiti · Originfacts","","https://www.originfacts.com/destinations/haiti"
"ok","200","destination","845","500","https://www.originfacts.com/destinations/nicaragua","Nicaragua · Originfacts","","https://www.originfacts.com/destinations/nicaragua"
"ok","200","destination","846","500","https://www.originfacts.com/destinations/aland-islands","Åland Islands · Originfacts","","https://www.originfacts.com/destinations/aland-islands"
"ok","200","destination","846","500","https://www.originfacts.com/destinations/moldova","Moldova · Originfacts","","https://www.originfacts.com/destinations/moldova"
"ok","200","destination","847","500","https://www.originfacts.com/destinations/tuvalu","Tuvalu · Originfacts","","https://www.originfacts.com/destinations/tuvalu"
"ok","200","destination","847","500","https://www.originfacts.com/destinations/yemen","Yemen · Originfacts","","https://www.originfacts.com/destinations/yemen"
"ok","200","destination","849","500","https://www.originfacts.com/destinations/albania","Albania · Originfacts","","https://www.originfacts.com/destinations/albania"
"ok","200","destination","849","500","https://www.originfacts.com/destinations/chad","Chad · Originfacts","","https://www.originfacts.com/destinations/chad"
"ok","200","static","850","300","https://www.originfacts.com/legal/accessibility","Accessibility — Originfacts · Originfacts","","https://www.originfacts.com"
"ok","200","destination","851","500","https://www.originfacts.com/destinations/norfolk-island","Norfolk Island · Originfacts","","https://www.originfacts.com/destinations/norfolk-island"
"ok","200","destination","852","500","https://www.originfacts.com/destinations/aruba","Aruba · Originfacts","","https://www.originfacts.com/destinations/aruba"
"ok","200","destination","852","500","https://www.originfacts.com/destinations/kiribati","Kiribati · Originfacts","","https://www.originfacts.com/destinations/kiribati"
"ok","200","destination","852","500","https://www.originfacts.com/destinations/kosovo","Kosovo · Originfacts","","https://www.originfacts.com/destinations/kosovo"
"ok","200","destination","852","500","https://www.originfacts.com/destinations/slovenia","Slovenia · Originfacts","","https://www.originfacts.com/destinations/slovenia"
"ok","200","destination","853","500","https://www.originfacts.com/destinations/barbados","Barbados · Originfacts","","https://www.originfacts.com/destinations/barbados"
"ok","200","destination","853","500","https://www.originfacts.com/destinations/grenada","Grenada · Originfacts","","https://www.originfacts.com/destinations/grenada"
"ok","200","destination","853","500","https://www.originfacts.com/destinations/malta","Malta · Originfacts","","https://www.originfacts.com/destinations/malta"
"ok","200","destination","853","500","https://www.originfacts.com/destinations/montenegro","Montenegro · Originfacts","","https://www.originfacts.com/destinations/montenegro"
"ok","200","destination","854","500","https://www.originfacts.com/destinations/timor-leste","Timor-Leste · Originfacts","","https://www.originfacts.com/destinations/timor-leste"
"ok","200","destination","854","500","https://www.originfacts.com/destinations/togo","Togo · Originfacts","","https://www.originfacts.com/destinations/togo"
"ok","200","destination","855","500","https://www.originfacts.com/destinations/rwanda","Rwanda · Originfacts","","https://www.originfacts.com/destinations/rwanda"
"ok","200","destination","856","500","https://www.originfacts.com/destinations/africa","Africa · Originfacts","","https://www.originfacts.com/destinations/africa"
"ok","200","destination","857","500","https://www.originfacts.com/destinations/burundi","Burundi · Originfacts","","https://www.originfacts.com/destinations/burundi"
"ok","200","destination","857","500","https://www.originfacts.com/destinations/eswatini","Eswatini · Originfacts","","https://www.originfacts.com/destinations/eswatini"
"ok","200","destination","858","500","https://www.originfacts.com/destinations/gibraltar","Gibraltar · Originfacts","","https://www.originfacts.com/destinations/gibraltar"
"ok","200","destination","858","500","https://www.originfacts.com/destinations/tajikistan","Tajikistan · Originfacts","","https://www.originfacts.com/destinations/tajikistan"
"ok","200","destination","859","500","https://www.originfacts.com/destinations/lithuania","Lithuania · Originfacts","","https://www.originfacts.com/destinations/lithuania"
"ok","200","destination","859","500","https://www.originfacts.com/destinations/martinique","Martinique · Originfacts","","https://www.originfacts.com/destinations/martinique"
"ok","200","destination","860","500","https://www.originfacts.com/destinations/lesotho","Lesotho · Originfacts","","https://www.originfacts.com/destinations/lesotho"
"ok","200","destination","860","500","https://www.originfacts.com/destinations/uruguay","Uruguay · Originfacts","","https://www.originfacts.com/destinations/uruguay"
"ok","200","destination","862","500","https://www.originfacts.com/destinations/afghanistan","Afghanistan · Originfacts","","https://www.originfacts.com/destinations/afghanistan"
"ok","200","destination","862","500","https://www.originfacts.com/destinations/bhutan","Bhutan · Originfacts","","https://www.originfacts.com/destinations/bhutan"
"ok","200","destination","862","500","https://www.originfacts.com/destinations/djibouti","Djibouti · Originfacts","","https://www.originfacts.com/destinations/djibouti"
"ok","200","destination","863","500","https://www.originfacts.com/destinations/guam","Guam · Originfacts","","https://www.originfacts.com/destinations/guam"
"ok","200","destination","863","500","https://www.originfacts.com/destinations/guinea-bissau","Guinea-Bissau · Originfacts","","https://www.originfacts.com/destinations/guinea-bissau"
"ok","200","destination","865","500","https://www.originfacts.com/destinations/eritrea","Eritrea · Originfacts","","https://www.originfacts.com/destinations/eritrea"
"ok","200","destination","865","500","https://www.originfacts.com/destinations/mauritius","Mauritius · Originfacts","","https://www.originfacts.com/destinations/mauritius"
"ok","200","destination","865","500","https://www.originfacts.com/destinations/qatar","Qatar · Originfacts","","https://www.originfacts.com/destinations/qatar"
"ok","200","destination","866","500","https://www.originfacts.com/destinations/cyprus","Cyprus · Originfacts","","https://www.originfacts.com/destinations/cyprus"
"ok","200","destination","867","500","https://www.originfacts.com/destinations/czechia","Czechia · Originfacts","","https://www.originfacts.com/destinations/czechia"
"ok","200","destination","867","500","https://www.originfacts.com/destinations/north-macedonia","North Macedonia · Originfacts","","https://www.originfacts.com/destinations/north-macedonia"
"ok","200","destination","868","500","https://www.originfacts.com/destinations/bermuda","Bermuda · Originfacts","","https://www.originfacts.com/destinations/bermuda"
"ok","200","destination","868","500","https://www.originfacts.com/destinations/kyrgyzstan","Kyrgyzstan · Originfacts","","https://www.originfacts.com/destinations/kyrgyzstan"
"ok","200","destination","868","500","https://www.originfacts.com/destinations/lebanon","Lebanon · Originfacts","","https://www.originfacts.com/destinations/lebanon"
"ok","200","destination","868","500","https://www.originfacts.com/destinations/liberia","Liberia · Originfacts","","https://www.originfacts.com/destinations/liberia"
"ok","200","destination","869","500","https://www.originfacts.com/destinations/guinea","Guinea · Originfacts","","https://www.originfacts.com/destinations/guinea"
"ok","200","destination","869","500","https://www.originfacts.com/destinations/palau","Palau · Originfacts","","https://www.originfacts.com/destinations/palau"
"ok","200","destination","869","500","https://www.originfacts.com/destinations/sierra-leone","Sierra Leone · Originfacts","","https://www.originfacts.com/destinations/sierra-leone"
"ok","200","destination","870","500","https://www.originfacts.com/destinations/slovakia","Slovakia · Originfacts","","https://www.originfacts.com/destinations/slovakia"
"ok","200","destination","871","500","https://www.originfacts.com/destinations/gambia","Gambia · Originfacts","","https://www.originfacts.com/destinations/gambia"
"ok","200","destination","871","500","https://www.originfacts.com/destinations/western-sahara","Western Sahara · Originfacts","","https://www.originfacts.com/destinations/western-sahara"
"ok","200","destination","872","500","https://www.originfacts.com/destinations/benin","Benin · Originfacts","","https://www.originfacts.com/destinations/benin"
"ok","200","destination","873","500","https://www.originfacts.com/destinations/mauritania","Mauritania · Originfacts","","https://www.originfacts.com/destinations/mauritania"
"ok","200","destination","874","500","https://www.originfacts.com/destinations/el-salvador","El Salvador · Originfacts","","https://www.originfacts.com/destinations/el-salvador"
"ok","200","destination","874","500","https://www.originfacts.com/destinations/sint-maarten","Sint Maarten · Originfacts","","https://www.originfacts.com/destinations/sint-maarten"
"ok","200","destination","875","500","https://www.originfacts.com/destinations/cook-islands","Cook Islands · Originfacts","","https://www.originfacts.com/destinations/cook-islands"
"ok","200","destination","875","500","https://www.originfacts.com/destinations/sudan","Sudan · Originfacts","","https://www.originfacts.com/destinations/sudan"
"ok","200","destination","876","500","https://www.originfacts.com/destinations/brunei","Brunei · Originfacts","","https://www.originfacts.com/destinations/brunei"
"ok","200","destination","876","500","https://www.originfacts.com/destinations/curacao","Curaçao · Originfacts","","https://www.originfacts.com/destinations/curacao"
"ok","200","destination","877","500","https://www.originfacts.com/destinations/jamaica","Jamaica · Originfacts","","https://www.originfacts.com/destinations/jamaica"
"ok","200","destination","877","500","https://www.originfacts.com/destinations/suriname","Suriname · Originfacts","","https://www.originfacts.com/destinations/suriname"
"ok","200","destination","878","500","https://www.originfacts.com/destinations/bahrain","Bahrain · Originfacts","","https://www.originfacts.com/destinations/bahrain"
"ok","200","destination","878","500","https://www.originfacts.com/destinations/belarus","Belarus · Originfacts","","https://www.originfacts.com/destinations/belarus"
"ok","200","destination","879","500","https://www.originfacts.com/destinations/guadeloupe","Guadeloupe · Originfacts","","https://www.originfacts.com/destinations/guadeloupe"
"ok","200","destination","879","500","https://www.originfacts.com/destinations/guyana","Guyana · Originfacts","","https://www.originfacts.com/destinations/guyana"
"ok","200","destination","880","500","https://www.originfacts.com/destinations/cocos-keeling-islands","Cocos (Keeling) Islands · Originfacts","","https://www.originfacts.com/destinations/cocos-keeling-islands"
"ok","200","destination","880","500","https://www.originfacts.com/destinations/seychelles","Seychelles · Originfacts","","https://www.originfacts.com/destinations/seychelles"
"ok","200","destination","881","500","https://www.originfacts.com/destinations/caribbean-netherlands","Caribbean Netherlands · Originfacts","","https://www.originfacts.com/destinations/caribbean-netherlands"
"ok","200","destination","881","500","https://www.originfacts.com/destinations/georgia","Georgia · Originfacts","","https://www.originfacts.com/destinations/georgia"
"ok","200","destination","882","500","https://www.originfacts.com/destinations/azerbaijan","Azerbaijan · Originfacts","","https://www.originfacts.com/destinations/azerbaijan"
"ok","200","destination","883","500","https://www.originfacts.com/destinations/american-samoa","American Samoa · Originfacts","","https://www.originfacts.com/destinations/american-samoa"
"ok","200","destination","883","500","https://www.originfacts.com/destinations/maldives","Maldives · Originfacts","","https://www.originfacts.com/destinations/maldives"
"ok","200","destination","885","500","https://www.originfacts.com/destinations/saint-pierre-and-miquelon","Saint Pierre and Miquelon · Originfacts","","https://www.originfacts.com/destinations/saint-pierre-and-miquelon"
"ok","200","destination","886","500","https://www.originfacts.com/destinations/jordan","Jordan · Originfacts","","https://www.originfacts.com/destinations/jordan"
"ok","200","destination","886","500","https://www.originfacts.com/destinations/laos","Laos · Originfacts","","https://www.originfacts.com/destinations/laos"
"ok","200","destination","886","500","https://www.originfacts.com/destinations/somalia","Somalia · Originfacts","","https://www.originfacts.com/destinations/somalia"
"ok","200","destination","886","500","https://www.originfacts.com/destinations/south-america","South America · Originfacts","","https://www.originfacts.com/destinations/south-america"
"ok","200","category","887","350","https://www.originfacts.com/category/flights","Flights · Originfacts","","https://www.originfacts.com/category/flights"
"ok","200","destination","887","500","https://www.originfacts.com/destinations/central-african-republic","Central African Republic · Originfacts","","https://www.originfacts.com/destinations/central-african-republic"
"ok","200","destination","887","500","https://www.originfacts.com/destinations/north-america","North America · Originfacts","","https://www.originfacts.com/destinations/north-america"
"ok","200","destination","887","500","https://www.originfacts.com/destinations/paraguay","Paraguay · Originfacts","","https://www.originfacts.com/destinations/paraguay"
"ok","200","destination","887","500","https://www.originfacts.com/destinations/republic-of-the-congo","Republic of the Congo · Originfacts","","https://www.originfacts.com/destinations/republic-of-the-congo"
"ok","200","destination","887","500","https://www.originfacts.com/destinations/svalbard-and-jan-mayen","Svalbard and Jan Mayen · Originfacts","","https://www.originfacts.com/destinations/svalbard-and-jan-mayen"
"ok","200","destination","888","500","https://www.originfacts.com/destinations/croatia","Croatia · Originfacts","","https://www.originfacts.com/destinations/croatia"
"ok","200","destination","888","500","https://www.originfacts.com/destinations/south-sudan","South Sudan · Originfacts","","https://www.originfacts.com/destinations/south-sudan"
"ok","200","destination","888","500","https://www.originfacts.com/destinations/tunisia","Tunisia · Originfacts","","https://www.originfacts.com/destinations/tunisia"
"ok","200","destination","888","500","https://www.originfacts.com/destinations/vanuatu","Vanuatu · Originfacts","","https://www.originfacts.com/destinations/vanuatu"
"ok","200","destination","889","500","https://www.originfacts.com/destinations/saint-kitts-and-nevis","Saint Kitts and Nevis · Originfacts","","https://www.originfacts.com/destinations/saint-kitts-and-nevis"
"ok","200","destination","890","500","https://www.originfacts.com/destinations/botswana","Botswana · Originfacts","","https://www.originfacts.com/destinations/botswana"
"ok","200","destination","891","500","https://www.originfacts.com/destinations/zimbabwe","Zimbabwe · Originfacts","","https://www.originfacts.com/destinations/zimbabwe"
"ok","200","destination","892","500","https://www.originfacts.com/destinations/antigua-and-barbuda","Antigua and Barbuda · Originfacts","","https://www.originfacts.com/destinations/antigua-and-barbuda"
"ok","200","destination","892","500","https://www.originfacts.com/destinations/oman","Oman · Originfacts","","https://www.originfacts.com/destinations/oman"
"ok","200","destination","893","500","https://www.originfacts.com/destinations/equatorial-guinea","Equatorial Guinea · Originfacts","","https://www.originfacts.com/destinations/equatorial-guinea"
"ok","200","destination","893","500","https://www.originfacts.com/destinations/north-korea","North Korea · Originfacts","","https://www.originfacts.com/destinations/north-korea"
"ok","200","destination","894","500","https://www.originfacts.com/destinations/austria","Austria · Originfacts","","https://www.originfacts.com/destinations/austria"
"ok","200","destination","894","500","https://www.originfacts.com/destinations/christmas-island","Christmas Island · Originfacts","","https://www.originfacts.com/destinations/christmas-island"
"ok","200","destination","894","500","https://www.originfacts.com/destinations/guernsey","Guernsey · Originfacts","","https://www.originfacts.com/destinations/guernsey"
"ok","200","destination","895","500","https://www.originfacts.com/destinations/latvia","Latvia · Originfacts","","https://www.originfacts.com/destinations/latvia"
"ok","200","destination","895","500","https://www.originfacts.com/destinations/mali","Mali · Originfacts","","https://www.originfacts.com/destinations/mali"
"ok","200","destination","895","500","https://www.originfacts.com/destinations/tonga","Tonga · Originfacts","","https://www.originfacts.com/destinations/tonga"
"ok","200","destination","896","500","https://www.originfacts.com/destinations/jersey","Jersey · Originfacts","","https://www.originfacts.com/destinations/jersey"
"ok","200","destination","896","500","https://www.originfacts.com/destinations/mongolia","Mongolia · Originfacts","","https://www.originfacts.com/destinations/mongolia"
"ok","200","destination","896","500","https://www.originfacts.com/destinations/new-caledonia","New Caledonia · Originfacts","","https://www.originfacts.com/destinations/new-caledonia"
"ok","200","destination","897","500","https://www.originfacts.com/destinations/burkina-faso","Burkina Faso · Originfacts","","https://www.originfacts.com/destinations/burkina-faso"
"ok","200","destination","898","500","https://www.originfacts.com/destinations/cayman-islands","Cayman Islands · Originfacts","","https://www.originfacts.com/destinations/cayman-islands"
"ok","200","destination","899","500","https://www.originfacts.com/destinations/french-guiana","French Guiana · Originfacts","","https://www.originfacts.com/destinations/french-guiana"
"ok","200","destination","899","500","https://www.originfacts.com/destinations/wallis-and-futuna","Wallis and Futuna · Originfacts","","https://www.originfacts.com/destinations/wallis-and-futuna"
"ok","200","destination","900","500","https://www.originfacts.com/destinations/bangladesh","Bangladesh · Originfacts","","https://www.originfacts.com/destinations/bangladesh"
"ok","200","destination","900","500","https://www.originfacts.com/destinations/british-virgin-islands","British Virgin Islands · Originfacts","","https://www.originfacts.com/destinations/british-virgin-islands"
"ok","200","destination","900","500","https://www.originfacts.com/destinations/madagascar","Madagascar · Originfacts","","https://www.originfacts.com/destinations/madagascar"
"ok","200","destination","900","500","https://www.originfacts.com/destinations/marshall-islands","Marshall Islands · Originfacts","","https://www.originfacts.com/destinations/marshall-islands"
"ok","200","destination","900","500","https://www.originfacts.com/destinations/saint-lucia","Saint Lucia · Originfacts","","https://www.originfacts.com/destinations/saint-lucia"
"ok","200","destination","901","500","https://www.originfacts.com/destinations/faroe-islands","Faroe Islands · Originfacts","","https://www.originfacts.com/destinations/faroe-islands"
"ok","200","destination","901","500","https://www.originfacts.com/destinations/hungary","Hungary · Originfacts","","https://www.originfacts.com/destinations/hungary"
"ok","200","destination","902","500","https://www.originfacts.com/destinations/senegal","Senegal · Originfacts","","https://www.originfacts.com/destinations/senegal"
"ok","200","destination","904","500","https://www.originfacts.com/destinations/singapore","Singapore · Originfacts","","https://www.originfacts.com/destinations/singapore"
"ok","200","destination","905","500","https://www.originfacts.com/destinations/macau","Macau · Originfacts","","https://www.originfacts.com/destinations/macau"
"ok","200","destination","906","500","https://www.originfacts.com/destinations/denmark","Denmark · Originfacts","","https://www.originfacts.com/destinations/denmark"
"ok","200","destination","906","500","https://www.originfacts.com/destinations/ireland","Ireland · Originfacts","","https://www.originfacts.com/destinations/ireland"
"ok","200","destination","906","500","https://www.originfacts.com/destinations/saint-martin","Saint Martin · Originfacts","","https://www.originfacts.com/destinations/saint-martin"
"ok","200","destination","907","500","https://www.originfacts.com/destinations/cape-verde","Cape Verde · Originfacts","","https://www.originfacts.com/destinations/cape-verde"
"ok","200","destination","908","500","https://www.originfacts.com/destinations/estonia","Estonia · Originfacts","","https://www.originfacts.com/destinations/estonia"
"ok","200","destination","908","500","https://www.originfacts.com/destinations/fiji","Fiji · Originfacts","","https://www.originfacts.com/destinations/fiji"
"ok","200","destination","910","500","https://www.originfacts.com/destinations/cambodia","Cambodia · Originfacts","","https://www.originfacts.com/destinations/cambodia"
"ok","200","destination","910","500","https://www.originfacts.com/destinations/libya","Libya · Originfacts","","https://www.originfacts.com/destinations/libya"
"ok","200","destination","911","500","https://www.originfacts.com/destinations/armenia","Armenia · Originfacts","","https://www.originfacts.com/destinations/armenia"
"ok","200","destination","911","500","https://www.originfacts.com/destinations/iceland","Iceland · Originfacts","","https://www.originfacts.com/destinations/iceland"
"ok","200","destination","912","500","https://www.originfacts.com/destinations/bosnia-and-herzegovina","Bosnia and Herzegovina · Originfacts","","https://www.originfacts.com/destinations/bosnia-and-herzegovina"
"ok","200","destination","915","500","https://www.originfacts.com/destinations/iraq","Iraq · Originfacts","","https://www.originfacts.com/destinations/iraq"
"ok","200","destination","915","500","https://www.originfacts.com/destinations/reunion","Réunion · Originfacts","","https://www.originfacts.com/destinations/reunion"
"ok","200","destination","917","500","https://www.originfacts.com/destinations/northern-mariana-islands","Northern Mariana Islands · Originfacts","","https://www.originfacts.com/destinations/northern-mariana-islands"
"ok","200","destination","920","500","https://www.originfacts.com/destinations/dr-congo","DR Congo · Originfacts","","https://www.originfacts.com/destinations/dr-congo"
"ok","200","destination","920","500","https://www.originfacts.com/destinations/panama","Panama · Originfacts","","https://www.originfacts.com/destinations/panama"
"ok","200","destination","921","500","https://www.originfacts.com/destinations/isle-of-man","Isle of Man · Originfacts","","https://www.originfacts.com/destinations/isle-of-man"
"ok","200","destination","921","500","https://www.originfacts.com/destinations/mozambique","Mozambique · Originfacts","","https://www.originfacts.com/destinations/mozambique"
"ok","200","destination","922","500","https://www.originfacts.com/destinations/guatemala","Guatemala · Originfacts","","https://www.originfacts.com/destinations/guatemala"
"ok","200","destination","923","500","https://www.originfacts.com/destinations/puerto-rico","Puerto Rico · Originfacts","","https://www.originfacts.com/destinations/puerto-rico"
"ok","200","destination","925","500","https://www.originfacts.com/destinations/belgium","Belgium · Originfacts","","https://www.originfacts.com/destinations/belgium"
"ok","200","destination","928","500","https://www.originfacts.com/destinations/united-states-virgin-islands","United States Virgin Islands · Originfacts","","https://www.originfacts.com/destinations/united-states-virgin-islands"
"ok","200","destination","932","500","https://www.originfacts.com/destinations/trinidad-and-tobago","Trinidad and Tobago · Originfacts","","https://www.originfacts.com/destinations/trinidad-and-tobago"
"ok","200","destination","933","500","https://www.originfacts.com/destinations/greenland","Greenland · Originfacts","","https://www.originfacts.com/destinations/greenland"
"ok","200","destination","934","500","https://www.originfacts.com/destinations/ivory-coast","Ivory Coast · Originfacts","","https://www.originfacts.com/destinations/ivory-coast"
"ok","200","destination","935","500","https://www.originfacts.com/destinations/pattaya","Pattaya · Originfacts","","https://www.originfacts.com/destinations/pattaya"
"ok","200","destination","935","500","https://www.originfacts.com/destinations/tasmania","Tasmania · Originfacts","","https://www.originfacts.com/destinations/tasmania"
"ok","200","destination","936","500","https://www.originfacts.com/destinations/micronesia","Micronesia · Originfacts","","https://www.originfacts.com/destinations/micronesia"
"ok","200","destination","936","500","https://www.originfacts.com/destinations/saint-vincent-and-the-grenadines","Saint Vincent and the Grenadines · Originfacts","","https://www.originfacts.com/destinations/saint-vincent-and-the-grenadines"
"ok","200","destination","937","500","https://www.originfacts.com/destinations/israel","Israel · Originfacts","","https://www.originfacts.com/destinations/israel"
"ok","200","destination","938","500","https://www.originfacts.com/destinations/belize","Belize · Originfacts","","https://www.originfacts.com/destinations/belize"
"ok","200","destination","938","500","https://www.originfacts.com/destinations/netherlands","Netherlands · Originfacts","","https://www.originfacts.com/destinations/netherlands"
"ok","200","destination","941","500","https://www.originfacts.com/destinations/darwin","Darwin · Originfacts","","https://www.originfacts.com/destinations/darwin"
"ok","200","destination","941","500","https://www.originfacts.com/destinations/phuket","Phuket · Originfacts","","https://www.originfacts.com/destinations/phuket"
"ok","200","destination","943","500","https://www.originfacts.com/destinations/norway","Norway · Originfacts","","https://www.originfacts.com/destinations/norway"
"ok","200","destination","944","500","https://www.originfacts.com/destinations/hong-kong","Hong Kong · Originfacts","","https://www.originfacts.com/destinations/hong-kong"
"ok","200","destination","945","500","https://www.originfacts.com/destinations/finland","Finland · Originfacts","","https://www.originfacts.com/destinations/finland"
"ok","200","destination","945","500","https://www.originfacts.com/destinations/honduras","Honduras · Originfacts","","https://www.originfacts.com/destinations/honduras"
"ok","200","destination","945","500","https://www.originfacts.com/destinations/ukraine","Ukraine · Originfacts","","https://www.originfacts.com/destinations/ukraine"
"ok","200","destination","946","500","https://www.originfacts.com/destinations/french-polynesia","French Polynesia · Originfacts","","https://www.originfacts.com/destinations/french-polynesia"
"ok","200","destination","947","500","https://www.originfacts.com/destinations/cameroon","Cameroon · Originfacts","","https://www.originfacts.com/destinations/cameroon"
"ok","200","destination","947","500","https://www.originfacts.com/destinations/turks-and-caicos-islands","Turks and Caicos Islands · Originfacts","","https://www.originfacts.com/destinations/turks-and-caicos-islands"
"ok","200","destination","951","500","https://www.originfacts.com/destinations/angola","Angola · Originfacts","","https://www.originfacts.com/destinations/angola"
"ok","200","destination","951","500","https://www.originfacts.com/destinations/cuba","Cuba · Originfacts","","https://www.originfacts.com/destinations/cuba"
"ok","200","destination","953","500","https://www.originfacts.com/destinations/myanmar","Myanmar · Originfacts","","https://www.originfacts.com/destinations/myanmar"
"ok","200","destination","953","500","https://www.originfacts.com/destinations/uzbekistan","Uzbekistan · Originfacts","","https://www.originfacts.com/destinations/uzbekistan"
"ok","200","destination","955","500","https://www.originfacts.com/destinations/russia","Russia · Originfacts","","https://www.originfacts.com/destinations/russia"
"ok","200","destination","957","500","https://www.originfacts.com/destinations/ethiopia","Ethiopia · Originfacts","","https://www.originfacts.com/destinations/ethiopia"
"ok","200","destination","957","500","https://www.originfacts.com/destinations/kazakhstan","Kazakhstan · Originfacts","","https://www.originfacts.com/destinations/kazakhstan"
"ok","200","destination","957","500","https://www.originfacts.com/destinations/saudi-arabia","Saudi Arabia · Originfacts","","https://www.originfacts.com/destinations/saudi-arabia"
"ok","200","destination","958","500","https://www.originfacts.com/destinations/pakistan","Pakistan · Originfacts","","https://www.originfacts.com/destinations/pakistan"
"ok","200","destination","960","500","https://www.originfacts.com/destinations/dominican-republic","Dominican Republic · Originfacts","","https://www.originfacts.com/destinations/dominican-republic"
"ok","200","destination","962","500","https://www.originfacts.com/destinations/kenya","Kenya · Originfacts","","https://www.originfacts.com/destinations/kenya"
"ok","200","destination","964","500","https://www.originfacts.com/destinations/bahamas","Bahamas · Originfacts","","https://www.originfacts.com/destinations/bahamas"
"ok","200","destination","965","500","https://www.originfacts.com/destinations/egypt","Egypt · Originfacts","","https://www.originfacts.com/destinations/egypt"
"ok","200","destination","965","500","https://www.originfacts.com/destinations/sao-tome-and-principe","São Tomé and Príncipe · Originfacts","","https://www.originfacts.com/destinations/sao-tome-and-principe"
"ok","200","destination","966","500","https://www.originfacts.com/destinations/solomon-islands","Solomon Islands · Originfacts","","https://www.originfacts.com/destinations/solomon-islands"
"ok","200","destination","968","500","https://www.originfacts.com/destinations/iran","Iran · Originfacts","","https://www.originfacts.com/destinations/iran"
"ok","200","destination","969","500","https://www.originfacts.com/destinations/nepal","Nepal · Originfacts","","https://www.originfacts.com/destinations/nepal"
"ok","200","destination","972","500","https://www.originfacts.com/destinations/chiang-mai","Chiang Mai · Originfacts","","https://www.originfacts.com/destinations/chiang-mai"
"ok","200","destination","972","500","https://www.originfacts.com/destinations/romania","Romania · Originfacts","","https://www.originfacts.com/destinations/romania"
"ok","200","destination","973","500","https://www.originfacts.com/destinations/saint-helena-ascension-and-tristan-da-cunha","Saint Helena, Ascension and Tristan da Cunha · Originfacts","","https://www.originfacts.com/destinations/saint-helena-ascension-and-tristan-da-cunha"
"ok","200","destination","974","500","https://www.originfacts.com/destinations/sri-lanka","Sri Lanka · Originfacts","","https://www.originfacts.com/destinations/sri-lanka"
"ok","200","static","974","300","https://www.originfacts.com/legal/disclaimer","Disclaimer — Originfacts · Originfacts","","https://www.originfacts.com"
"ok","200","destination","975","500","https://www.originfacts.com/destinations/namibia","Namibia · Originfacts","","https://www.originfacts.com/destinations/namibia"
"ok","200","destination","977","500","https://www.originfacts.com/destinations/bolivia","Bolivia · Originfacts","","https://www.originfacts.com/destinations/bolivia"
"ok","200","destination","980","500","https://www.originfacts.com/destinations/bulgaria","Bulgaria · Originfacts","","https://www.originfacts.com/destinations/bulgaria"
"ok","200","destination","982","500","https://www.originfacts.com/destinations/ayutthaya","Ayutthaya · Originfacts","","https://www.originfacts.com/destinations/ayutthaya"
"ok","200","destination","983","500","https://www.originfacts.com/destinations/argentina","Argentina · Originfacts","","https://www.originfacts.com/destinations/argentina"
"ok","200","destination","983","500","https://www.originfacts.com/destinations/tanzania","Tanzania · Originfacts","","https://www.originfacts.com/destinations/tanzania"
"ok","200","destination","988","500","https://www.originfacts.com/destinations/algeria","Algeria · Originfacts","","https://www.originfacts.com/destinations/algeria"
"ok","200","destination","996","500","https://www.originfacts.com/destinations/ecuador","Ecuador · Originfacts","","https://www.originfacts.com/destinations/ecuador"
"ok","200","article","999","700","https://www.originfacts.com/articles/best-pet-friendly-hotels-europe-2026-travel-guide","Best Pet-Friendly Hotels in Europe 2026 · Originfacts","","https://www.originfacts.com/articles/best-pet-friendly-hotels-europe-2026-travel-guide"
"ok","200","destination","999","500","https://www.originfacts.com/destinations/costa-rica","Costa Rica · Originfacts","","https://www.originfacts.com/destinations/costa-rica"
"ok","200","destination","999","500","https://www.originfacts.com/destinations/morocco","Morocco · Originfacts","","https://www.originfacts.com/destinations/morocco"
"ok","200","destination","1000","500","https://www.originfacts.com/destinations/nigeria","Nigeria · Originfacts","","https://www.originfacts.com/destinations/nigeria"
"ok","200","destination","1000","500","https://www.originfacts.com/destinations/venezuela","Venezuela · Originfacts","","https://www.originfacts.com/destinations/venezuela"
"ok","200","destination","1003","500","https://www.originfacts.com/destinations/papua-new-guinea","Papua New Guinea · Originfacts","","https://www.originfacts.com/destinations/papua-new-guinea"
"ok","200","destination","1004","500","https://www.originfacts.com/destinations/ghana","Ghana · Originfacts","","https://www.originfacts.com/destinations/ghana"
"ok","200","destination","1005","500","https://www.originfacts.com/destinations/greece","Greece · Originfacts","","https://www.originfacts.com/destinations/greece"
"ok","200","destination","1006","500","https://www.originfacts.com/destinations/poland","Poland · Originfacts","","https://www.originfacts.com/destinations/poland"
"ok","200","destination","1008","500","https://www.originfacts.com/destinations/colombia","Colombia · Originfacts","","https://www.originfacts.com/destinations/colombia"
"ok","200","destination","1008","500","https://www.originfacts.com/destinations/turkey","Turkey · Originfacts","","https://www.originfacts.com/destinations/turkey"
"ok","200","destination","1009","500","https://www.originfacts.com/destinations/italy","Italy · Originfacts","","https://www.originfacts.com/destinations/italy"
"ok","200","destination","1010","500","https://www.originfacts.com/destinations/taiwan","Taiwan · Originfacts","","https://www.originfacts.com/destinations/taiwan"
"ok","200","destination","1011","500","https://www.originfacts.com/destinations/brazil","Brazil · Originfacts","","https://www.originfacts.com/destinations/brazil"
"ok","200","destination","1013","500","https://www.originfacts.com/destinations/chile","Chile · Originfacts","","https://www.originfacts.com/destinations/chile"
"ok","200","destination","1014","500","https://www.originfacts.com/destinations/peru","Peru · Originfacts","","https://www.originfacts.com/destinations/peru"
"ok","200","destination","1016","500","https://www.originfacts.com/destinations/germany","Germany · Originfacts","","https://www.originfacts.com/destinations/germany"
"ok","200","destination","1019","500","https://www.originfacts.com/destinations/france","France · Originfacts","","https://www.originfacts.com/destinations/france"
"ok","200","destination","1023","500","https://www.originfacts.com/destinations/portugal","Portugal · Originfacts","","https://www.originfacts.com/destinations/portugal"
"ok","200","destination","1025","500","https://www.originfacts.com/destinations/south-korea","South Korea · Originfacts","","https://www.originfacts.com/destinations/south-korea"
"ok","200","article","1026","700","https://www.originfacts.com/articles/skip-airport-security-lines-2026","7 Ways to Skip Airport Security Lines in 2026 · Originfacts","","https://www.originfacts.com/articles/skip-airport-security-lines-2026"
"ok","200","destination","1028","500","https://www.originfacts.com/destinations/sweden","Sweden · Originfacts","","https://www.originfacts.com/destinations/sweden"
"ok","200","destination","1032","500","https://www.originfacts.com/destinations/malaysia","Malaysia · Originfacts","","https://www.originfacts.com/destinations/malaysia"
"ok","200","destination","1032","500","https://www.originfacts.com/destinations/united-arab-emirates","United Arab Emirates · Originfacts","","https://www.originfacts.com/destinations/united-arab-emirates"
"ok","200","destination","1034","500","https://www.originfacts.com/destinations/denpasar","Denpasar · Originfacts","","https://www.originfacts.com/destinations/denpasar"
"ok","200","destination","1036","500","https://www.originfacts.com/destinations/india","India · Originfacts","","https://www.originfacts.com/destinations/india"
"ok","200","destination","1040","500","https://www.originfacts.com/destinations/canada","Canada · Originfacts","","https://www.originfacts.com/destinations/canada"
"ok","200","destination","1040","500","https://www.originfacts.com/destinations/spain","Spain · Originfacts","","https://www.originfacts.com/destinations/spain"
"ok","200","airline","1047","500","https://www.originfacts.com/airlines/easyjet","easyJet · Originfacts","","https://www.originfacts.com/airlines/easyjet"
"ok","200","destination","1050","500","https://www.originfacts.com/destinations/south-africa","South Africa · Originfacts","","https://www.originfacts.com/destinations/south-africa"
"ok","200","destination","1052","500","https://www.originfacts.com/destinations/philippines","Philippines · Originfacts","","https://www.originfacts.com/destinations/philippines"
"ok","200","destination","1053","500","https://www.originfacts.com/destinations/new-zealand","New Zealand · Originfacts","","https://www.originfacts.com/destinations/new-zealand"
"ok","200","destination","1054","500","https://www.originfacts.com/destinations/china","China · Originfacts","","https://www.originfacts.com/destinations/china"
"ok","200","airline","1056","500","https://www.originfacts.com/airlines/valuejet","ValueJet · Originfacts","","https://www.originfacts.com/airlines/valuejet"
"ok","200","airline","1069","500","https://www.originfacts.com/airlines/us-bangla-airlines","US-Bangla Airlines · Originfacts","","https://www.originfacts.com/airlines/us-bangla-airlines"
"ok","200","airline","1072","500","https://www.originfacts.com/airlines/edelweiss-air","Edelweiss Air · Originfacts","","https://www.originfacts.com/airlines/edelweiss-air"
"ok","200","airline","1072","500","https://www.originfacts.com/airlines/uni-top-airlines","Uni-Top Airlines · Originfacts","","https://www.originfacts.com/airlines/uni-top-airlines"
"ok","200","airline","1072","500","https://www.originfacts.com/airlines/vlm-airlines","VLM Airlines · Originfacts","","https://www.originfacts.com/airlines/vlm-airlines"
"ok","200","airline","1072","500","https://www.originfacts.com/airlines/volga-dnepr-airlines","Volga-Dnepr Airlines · Originfacts","","https://www.originfacts.com/airlines/volga-dnepr-airlines"
"ok","200","airline","1072","500","https://www.originfacts.com/airlines/white-airways","White Airways · Originfacts","","https://www.originfacts.com/airlines/white-airways"
"ok","200","airline","1072","500","https://www.originfacts.com/airlines/zimex-aviation","Zimex Aviation · Originfacts","","https://www.originfacts.com/airlines/zimex-aviation"
"ok","200","airline","1073","500","https://www.originfacts.com/airlines/wamos-air","Wamos Air · Originfacts","","https://www.originfacts.com/airlines/wamos-air"
"ok","200","airline","1073","500","https://www.originfacts.com/airlines/westjet-encore","WestJet Encore · Originfacts","","https://www.originfacts.com/airlines/westjet-encore"
"ok","200","airline","1073","500","https://www.originfacts.com/airlines/wow-air","WOW Air · Originfacts","","https://www.originfacts.com/airlines/wow-air"
"ok","200","airline","1076","500","https://www.originfacts.com/airlines/helijet","Helijet · Originfacts","","https://www.originfacts.com/airlines/helijet"
"ok","200","airline","1077","500","https://www.originfacts.com/airlines/martinair","Martinair · Originfacts","","https://www.originfacts.com/airlines/martinair"
"ok","200","airline","1078","500","https://www.originfacts.com/airlines/airbridgecargo","AirBridgeCargo · Originfacts","","https://www.originfacts.com/airlines/airbridgecargo"
"ok","200","airline","1078","500","https://www.originfacts.com/airlines/sun-air","SUN-AIR · Originfacts","","https://www.originfacts.com/airlines/sun-air"
"ok","200","airline","1079","500","https://www.originfacts.com/airlines/izhavia","Izhavia · Originfacts","","https://www.originfacts.com/airlines/izhavia"
"ok","200","airline","1079","500","https://www.originfacts.com/airlines/neos","Neos · Originfacts","","https://www.originfacts.com/airlines/neos"
"ok","200","airline","1080","500","https://www.originfacts.com/airlines/iraero","IrAero · Originfacts","","https://www.originfacts.com/airlines/iraero"
"ok","200","airline","1080","500","https://www.originfacts.com/airlines/sundair","SundAir · Originfacts","","https://www.originfacts.com/airlines/sundair"
"ok","200","destination","1080","500","https://www.originfacts.com/destinations/mexico","Mexico · Originfacts","","https://www.originfacts.com/destinations/mexico"
"ok","200","airline","1081","500","https://www.originfacts.com/airlines/atran","Atran · Originfacts","","https://www.originfacts.com/airlines/atran"
"ok","200","airline","1081","500","https://www.originfacts.com/airlines/cimber","Cimber · Originfacts","","https://www.originfacts.com/airlines/cimber"
"ok","200","airline","1083","500","https://www.originfacts.com/airlines/nouvelair","Nouvelair · Originfacts","","https://www.originfacts.com/airlines/nouvelair"
"ok","200","airline","1083","500","https://www.originfacts.com/airlines/swoop","Swoop · Originfacts","","https://www.originfacts.com/airlines/swoop"
"ok","200","airline","1084","500","https://www.originfacts.com/airlines/airblue","airblue · Originfacts","","https://www.originfacts.com/airlines/airblue"
"ok","200","airline","1085","500","https://www.originfacts.com/airlines/nova-airlines","NOVA Airlines · Originfacts","","https://www.originfacts.com/airlines/nova-airlines"
"ok","200","airline","1085","500","https://www.originfacts.com/airlines/trigana-air-service","Trigana Air Service · Originfacts","","https://www.originfacts.com/airlines/trigana-air-service"
"ok","200","airline","1085","500","https://www.originfacts.com/airlines/uls-airlines-cargo","ULS Airlines Cargo · Originfacts","","https://www.originfacts.com/airlines/uls-airlines-cargo"
"ok","200","airline","1085","500","https://www.originfacts.com/airlines/vieques-air-link","Vieques Air Link · Originfacts","","https://www.originfacts.com/airlines/vieques-air-link"
"ok","200","airline","1085","500","https://www.originfacts.com/airlines/vistara","Vistara · Originfacts","","https://www.originfacts.com/airlines/vistara"
"ok","200","airline","1086","500","https://www.originfacts.com/airlines/fedex","FedEx · Originfacts","","https://www.originfacts.com/airlines/fedex"
"ok","200","airline","1087","500","https://www.originfacts.com/airlines/kan-air","Kan Air · Originfacts","","https://www.originfacts.com/airlines/kan-air"
"ok","200","airline","1087","500","https://www.originfacts.com/airlines/tui-airways","TUI Airways · Originfacts","","https://www.originfacts.com/airlines/tui-airways"
"ok","200","airline","1088","500","https://www.originfacts.com/airlines/tarco-aviation","Tarco Aviation · Originfacts","","https://www.originfacts.com/airlines/tarco-aviation"
"ok","200","airline","1089","500","https://www.originfacts.com/airlines/expressjet","ExpressJet · Originfacts","","https://www.originfacts.com/airlines/expressjet"
"ok","200","airline","1089","500","https://www.originfacts.com/airlines/mng-airlines","MNG Airlines · Originfacts","","https://www.originfacts.com/airlines/mng-airlines"
"ok","200","airline","1089","500","https://www.originfacts.com/airlines/sylt-air-gmbh","Sylt Air GmbH · Originfacts","","https://www.originfacts.com/airlines/sylt-air-gmbh"
"ok","200","airline","1090","500","https://www.originfacts.com/airlines/air-zimbabwe","Air Zimbabwe · Originfacts","","https://www.originfacts.com/airlines/air-zimbabwe"
"ok","200","airline","1090","500","https://www.originfacts.com/airlines/airline-urga","Airline Urga · Originfacts","","https://www.originfacts.com/airlines/airline-urga"
"ok","200","airline","1090","500","https://www.originfacts.com/airlines/blue-air","Blue Air · Originfacts","","https://www.originfacts.com/airlines/blue-air"
"ok","200","airline","1090","500","https://www.originfacts.com/airlines/eritrean-airlines","Eritrean Airlines · Originfacts","","https://www.originfacts.com/airlines/eritrean-airlines"
"ok","200","airline","1090","500","https://www.originfacts.com/airlines/kartika-airlines","Kartika Airlines · Originfacts","","https://www.originfacts.com/airlines/kartika-airlines"
"ok","200","airline","1090","500","https://www.originfacts.com/airlines/skyward-airlines","Skyward Airlines · Originfacts","","https://www.originfacts.com/airlines/skyward-airlines"
"ok","200","airline","1091","500","https://www.originfacts.com/airlines/donghai-airlines","Donghai Airlines · Originfacts","","https://www.originfacts.com/airlines/donghai-airlines"
"ok","200","airline","1091","500","https://www.originfacts.com/airlines/euroatlantic-airways","EuroAtlantic Airways · Originfacts","","https://www.originfacts.com/airlines/euroatlantic-airways"
"ok","200","airline","1091","500","https://www.originfacts.com/airlines/iraqi-airways","Iraqi Airways · Originfacts","","https://www.originfacts.com/airlines/iraqi-airways"
"ok","200","airline","1092","500","https://www.originfacts.com/airlines/bhutan-airlines","Bhutan Airlines · Originfacts","","https://www.originfacts.com/airlines/bhutan-airlines"
"ok","200","airline","1092","500","https://www.originfacts.com/airlines/klm-cityhopper","KLM Cityhopper · Originfacts","","https://www.originfacts.com/airlines/klm-cityhopper"
"ok","200","airline","1092","500","https://www.originfacts.com/airlines/primera-air","Primera Air · Originfacts","","https://www.originfacts.com/airlines/primera-air"
"ok","200","airline","1092","500","https://www.originfacts.com/airlines/spring-japan","Spring Japan · Originfacts","","https://www.originfacts.com/airlines/spring-japan"
"ok","200","airline","1093","500","https://www.originfacts.com/airlines/kalitta-air","Kalitta Air · Originfacts","","https://www.originfacts.com/airlines/kalitta-air"
"ok","200","airline","1093","500","https://www.originfacts.com/airlines/regional-air","Regional Air · Originfacts","","https://www.originfacts.com/airlines/regional-air"
"ok","200","airline","1094","500","https://www.originfacts.com/airlines/air-kiribati","Air Kiribati · Originfacts","","https://www.originfacts.com/airlines/air-kiribati"
"ok","200","airline","1094","500","https://www.originfacts.com/airlines/air-niamey","Air Niamey · Originfacts","","https://www.originfacts.com/airlines/air-niamey"
"ok","200","airline","1094","500","https://www.originfacts.com/airlines/ceiba-intercontinental","CEIBA Intercontinental · Originfacts","","https://www.originfacts.com/airlines/ceiba-intercontinental"
"ok","200","airline","1094","500","https://www.originfacts.com/airlines/chautauqua-airlines","Chautauqua Airlines · Originfacts","","https://www.originfacts.com/airlines/chautauqua-airlines"
"ok","200","airline","1094","500","https://www.originfacts.com/airlines/sepehran-airlines","Sepehran Airlines · Originfacts","","https://www.originfacts.com/airlines/sepehran-airlines"
"ok","200","airline","1094","500","https://www.originfacts.com/airlines/somon-air","Somon Air · Originfacts","","https://www.originfacts.com/airlines/somon-air"
"ok","200","airline","1094","500","https://www.originfacts.com/airlines/sunexpress-deutschland","SunExpress Deutschland · Originfacts","","https://www.originfacts.com/airlines/sunexpress-deutschland"
"ok","200","airline","1094","500","https://www.originfacts.com/airlines/sunrise-airways","Sunrise Airways · Originfacts","","https://www.originfacts.com/airlines/sunrise-airways"
"ok","200","airline","1095","500","https://www.originfacts.com/airlines/bemidji-airlines","Bemidji Airlines · Originfacts","","https://www.originfacts.com/airlines/bemidji-airlines"
"ok","200","airline","1095","500","https://www.originfacts.com/airlines/chongqing-airlines","Chongqing Airlines · Originfacts","","https://www.originfacts.com/airlines/chongqing-airlines"
"ok","200","airline","1095","500","https://www.originfacts.com/airlines/jordan-aviation","Jordan Aviation · Originfacts","","https://www.originfacts.com/airlines/jordan-aviation"
"ok","200","airline","1095","500","https://www.originfacts.com/airlines/la-compagnie","La Compagnie · Originfacts","","https://www.originfacts.com/airlines/la-compagnie"
"ok","200","airline","1095","500","https://www.originfacts.com/airlines/national-airlines","National Airlines · Originfacts","","https://www.originfacts.com/airlines/national-airlines"
"ok","200","airline","1095","500","https://www.originfacts.com/airlines/nordwind-airlines","Nordwind Airlines · Originfacts","","https://www.originfacts.com/airlines/nordwind-airlines"
"ok","200","airline","1095","500","https://www.originfacts.com/airlines/trade-air","Trade Air · Originfacts","","https://www.originfacts.com/airlines/trade-air"
"ok","200","airline","1096","500","https://www.originfacts.com/airlines/envoy-air","Envoy Air · Originfacts","","https://www.originfacts.com/airlines/envoy-air"
"ok","200","airline","1096","500","https://www.originfacts.com/airlines/tandem-aero","Tandem Aero · Originfacts","","https://www.originfacts.com/airlines/tandem-aero"
"ok","200","airline","1097","500","https://www.originfacts.com/airlines/dot-lt","DOT LT · Originfacts","","https://www.originfacts.com/airlines/dot-lt"
"ok","200","airline","1097","500","https://www.originfacts.com/airlines/gojet-airlines","GoJet Airlines · Originfacts","","https://www.originfacts.com/airlines/gojet-airlines"
"ok","200","airline","1097","500","https://www.originfacts.com/airlines/sunclass-airlines","Sunclass Airlines · Originfacts","","https://www.originfacts.com/airlines/sunclass-airlines"
"ok","200","airline","1097","500","https://www.originfacts.com/airlines/tailwind-airlines","Tailwind Airlines · Originfacts","","https://www.originfacts.com/airlines/tailwind-airlines"
"ok","200","airline","1098","500","https://www.originfacts.com/airlines/aero-charter-ukraine","Aero-Charter Ukraine · Originfacts","","https://www.originfacts.com/airlines/aero-charter-ukraine"
"ok","200","airline","1098","500","https://www.originfacts.com/airlines/batik-air","Batik Air · Originfacts","","https://www.originfacts.com/airlines/batik-air"
"ok","200","airline","1098","500","https://www.originfacts.com/airlines/corendon-airlines","Corendon Airlines · Originfacts","","https://www.originfacts.com/airlines/corendon-airlines"
"ok","200","airline","1098","500","https://www.originfacts.com/airlines/globus-airlines","Globus Airlines · Originfacts","","https://www.originfacts.com/airlines/globus-airlines"
"ok","200","airline","1098","500","https://www.originfacts.com/airlines/jet-asia-airways","Jet Asia Airways · Originfacts","","https://www.originfacts.com/airlines/jet-asia-airways"
"ok","200","airline","1098","500","https://www.originfacts.com/airlines/nauru-airlines","Nauru Airlines · Originfacts","","https://www.originfacts.com/airlines/nauru-airlines"
"ok","200","airline","1098","500","https://www.originfacts.com/airlines/sky-airlines","Sky Airlines · Originfacts","","https://www.originfacts.com/airlines/sky-airlines"
"ok","200","airline","1099","500","https://www.originfacts.com/airlines/air-alsie","Air Alsie · Originfacts","","https://www.originfacts.com/airlines/air-alsie"
"ok","200","airline","1099","500","https://www.originfacts.com/airlines/atlas-air","Atlas Air · Originfacts","","https://www.originfacts.com/airlines/atlas-air"
"ok","200","airline","1099","500","https://www.originfacts.com/airlines/windrose-airlines","Windrose Airlines · Originfacts","","https://www.originfacts.com/airlines/windrose-airlines"
"ok","200","airline","1100","500","https://www.originfacts.com/airlines/brit-air","Brit Air · Originfacts","","https://www.originfacts.com/airlines/brit-air"
"ok","200","airline","1100","500","https://www.originfacts.com/airlines/northwest-airlines","Northwest Airlines · Originfacts","","https://www.originfacts.com/airlines/northwest-airlines"
"ok","200","airline","1100","500","https://www.originfacts.com/airlines/urumqi-air","Urumqi Air · Originfacts","","https://www.originfacts.com/airlines/urumqi-air"
"ok","200","airline","1101","500","https://www.originfacts.com/airlines/breeze-airways","Breeze Airways · Originfacts","","https://www.originfacts.com/airlines/breeze-airways"
"ok","200","airline","1101","500","https://www.originfacts.com/airlines/dana-air","Dana Air · Originfacts","","https://www.originfacts.com/airlines/dana-air"
"ok","200","airline","1101","500","https://www.originfacts.com/airlines/lufthansa-cityline","Lufthansa CityLine · Originfacts","","https://www.originfacts.com/airlines/lufthansa-cityline"
"ok","200","airline","1101","500","https://www.originfacts.com/airlines/norwegian-air-sweden","Norwegian Air Sweden · Originfacts","","https://www.originfacts.com/airlines/norwegian-air-sweden"
"ok","200","airline","1102","500","https://www.originfacts.com/airlines/mahan-air","Mahan Air · Originfacts","","https://www.originfacts.com/airlines/mahan-air"
"ok","200","airline","1103","500","https://www.originfacts.com/airlines/heli-air-monaco","Heli Air Monaco · Originfacts","","https://www.originfacts.com/airlines/heli-air-monaco"
"ok","200","airline","1103","500","https://www.originfacts.com/airlines/voepass-linhas-aereas","VOEPASS Linhas Aéreas · Originfacts","","https://www.originfacts.com/airlines/voepass-linhas-aereas"
"ok","200","airline","1104","500","https://www.originfacts.com/airlines/air-nostrum","Air Nostrum · Originfacts","","https://www.originfacts.com/airlines/air-nostrum"
"ok","200","airline","1104","500","https://www.originfacts.com/airlines/everts-air-cargo","Everts Air Cargo · Originfacts","","https://www.originfacts.com/airlines/everts-air-cargo"
"ok","200","airline","1104","500","https://www.originfacts.com/airlines/horizon-air","Horizon Air · Originfacts","","https://www.originfacts.com/airlines/horizon-air"
"ok","200","airline","1105","500","https://www.originfacts.com/airlines/abx-air-inc","ABX Air, Inc. · Originfacts","","https://www.originfacts.com/airlines/abx-air-inc"
"ok","200","airline","1105","500","https://www.originfacts.com/airlines/airlink","Airlink · Originfacts","","https://www.originfacts.com/airlines/airlink"
"ok","200","airline","1105","500","https://www.originfacts.com/airlines/aviastar-tu","Aviastar-TU · Originfacts","","https://www.originfacts.com/airlines/aviastar-tu"
"ok","200","airline","1105","500","https://www.originfacts.com/airlines/nippon-cargo-airlines","Nippon Cargo Airlines · Originfacts","","https://www.originfacts.com/airlines/nippon-cargo-airlines"
"ok","200","airline","1105","500","https://www.originfacts.com/airlines/thai-lion-air","Thai Lion Air · Originfacts","","https://www.originfacts.com/airlines/thai-lion-air"
"ok","200","airline","1106","500","https://www.originfacts.com/airlines/northern-air-cargo","Northern Air Cargo · Originfacts","","https://www.originfacts.com/airlines/northern-air-cargo"
"ok","200","airline","1107","500","https://www.originfacts.com/airlines/avion-express-malta","Avion Express Malta · Originfacts","","https://www.originfacts.com/airlines/avion-express-malta"
"ok","200","airline","1107","500","https://www.originfacts.com/airlines/norse-atlantic-uk","Norse Atlantic UK · Originfacts","","https://www.originfacts.com/airlines/norse-atlantic-uk"
"ok","200","airline","1108","500","https://www.originfacts.com/airlines/thai-airasia-x","Thai AirAsia X · Originfacts","","https://www.originfacts.com/airlines/thai-airasia-x"
"ok","200","airline","1109","500","https://www.originfacts.com/airlines/dhl-air-limited","DHL Air Limited · Originfacts","","https://www.originfacts.com/airlines/dhl-air-limited"
"ok","200","airline","1109","500","https://www.originfacts.com/airlines/european-air-charter","European Air Charter · Originfacts","","https://www.originfacts.com/airlines/european-air-charter"
"ok","200","airline","1110","500","https://www.originfacts.com/airlines/china-cargo-airlines","China Cargo Airlines · Originfacts","","https://www.originfacts.com/airlines/china-cargo-airlines"
"ok","200","airline","1110","500","https://www.originfacts.com/airlines/sky-angkor-airlines","Sky Angkor Airlines · Originfacts","","https://www.originfacts.com/airlines/sky-angkor-airlines"
"ok","200","airline","1111","500","https://www.originfacts.com/airlines/air-cargo-carriers-llc","Air Cargo Carriers, LLC. · Originfacts","","https://www.originfacts.com/airlines/air-cargo-carriers-llc"
"ok","200","airline","1111","500","https://www.originfacts.com/airlines/jet-aviation-business","Jet Aviation Business · Originfacts","","https://www.originfacts.com/airlines/jet-aviation-business"
"ok","200","airline","1111","500","https://www.originfacts.com/airlines/lan-chile-cargo","LAN Chile Cargo · Originfacts","","https://www.originfacts.com/airlines/lan-chile-cargo"
"ok","200","airline","1113","500","https://www.originfacts.com/airlines/southern-airways-express","Southern Airways Express · Originfacts","","https://www.originfacts.com/airlines/southern-airways-express"
"ok","200","airline","1114","500","https://www.originfacts.com/airlines/eurowings","Eurowings · Originfacts","","https://www.originfacts.com/airlines/eurowings"
"ok","200","airline","1114","500","https://www.originfacts.com/airlines/latam-airlines-peru","LATAM Airlines Peru · Originfacts","","https://www.originfacts.com/airlines/latam-airlines-peru"
"ok","200","airline","1114","500","https://www.originfacts.com/airlines/thai-vietjet-air","Thai Vietjet Air · Originfacts","","https://www.originfacts.com/airlines/thai-vietjet-air"
"ok","200","airline","1114","500","https://www.originfacts.com/airlines/titan-airways-limited","Titan Airways Limited · Originfacts","","https://www.originfacts.com/airlines/titan-airways-limited"
"ok","200","airline","1115","500","https://www.originfacts.com/airlines/latam-airlines-colombia","LATAM Airlines Colombia · Originfacts","","https://www.originfacts.com/airlines/latam-airlines-colombia"
"ok","200","airline","1116","500","https://www.originfacts.com/airlines/loganair","Loganair · Originfacts","","https://www.originfacts.com/airlines/loganair"
"ok","200","airline","1116","500","https://www.originfacts.com/airlines/starlux-airlines","STARLUX Airlines · Originfacts","","https://www.originfacts.com/airlines/starlux-airlines"
"ok","200","airline","1117","500","https://www.originfacts.com/airlines/air-dilijans","Air Dilijans · Originfacts","","https://www.originfacts.com/airlines/air-dilijans"
"ok","200","airline","1117","500","https://www.originfacts.com/airlines/japan-air-commuter","Japan Air Commuter · Originfacts","","https://www.originfacts.com/airlines/japan-air-commuter"
"ok","200","airline","1118","500","https://www.originfacts.com/airlines/skywest-airlines","SkyWest Airlines · Originfacts","","https://www.originfacts.com/airlines/skywest-airlines"
"ok","200","airline","1118","500","https://www.originfacts.com/airlines/thomas-cook-airlines-belgium","Thomas Cook Airlines Belgium · Originfacts","","https://www.originfacts.com/airlines/thomas-cook-airlines-belgium"
"ok","200","airline","1122","500","https://www.originfacts.com/airlines/nile-air","Nile Air · Originfacts","","https://www.originfacts.com/airlines/nile-air"
"ok","200","airline","1122","500","https://www.originfacts.com/airlines/silver-airways","Silver Airways · Originfacts","","https://www.originfacts.com/airlines/silver-airways"
"ok","200","airline","1123","500","https://www.originfacts.com/airlines/iberia-express","Iberia Express · Originfacts","","https://www.originfacts.com/airlines/iberia-express"
"ok","200","airline","1123","500","https://www.originfacts.com/airlines/sunwing-airlines","Sunwing Airlines · Originfacts","","https://www.originfacts.com/airlines/sunwing-airlines"
"ok","200","airline","1124","500","https://www.originfacts.com/airlines/air-tanzania","Air Tanzania · Originfacts","","https://www.originfacts.com/airlines/air-tanzania"
"ok","200","airline","1124","500","https://www.originfacts.com/airlines/grand-canyon-scenic-airlines","Grand Canyon Scenic Airlines · Originfacts","","https://www.originfacts.com/airlines/grand-canyon-scenic-airlines"
"ok","200","airline","1124","500","https://www.originfacts.com/airlines/lynden-air-cargo-llc","Lynden Air Cargo, LLC · Originfacts","","https://www.originfacts.com/airlines/lynden-air-cargo-llc"
"ok","200","airline","1129","500","https://www.originfacts.com/airlines/polar-air-cargo-worldwide-inc","Polar Air Cargo Worldwide, Inc. · Originfacts","","https://www.originfacts.com/airlines/polar-air-cargo-worldwide-inc"
"ok","200","airline","1129","500","https://www.originfacts.com/airlines/thai-smile","THAI Smile · Originfacts","","https://www.originfacts.com/airlines/thai-smile"
"ok","200","airline","1131","500","https://www.originfacts.com/airlines/ana-wings","ANA Wings · Originfacts","","https://www.originfacts.com/airlines/ana-wings"
"ok","200","airline","1134","500","https://www.originfacts.com/airlines/ahk-air-hong-kong-limited","AHK Air Hong Kong Limited · Originfacts","","https://www.originfacts.com/airlines/ahk-air-hong-kong-limited"
"ok","200","airline","1134","500","https://www.originfacts.com/airlines/kenn-borek-air","Kenn Borek Air · Originfacts","","https://www.originfacts.com/airlines/kenn-borek-air"
"ok","200","airline","1135","500","https://www.originfacts.com/airlines/air-japan","Air Japan · Originfacts","","https://www.originfacts.com/airlines/air-japan"
"ok","200","airline","1136","500","https://www.originfacts.com/airlines/asl-airlines-france","ASL Airlines France · Originfacts","","https://www.originfacts.com/airlines/asl-airlines-france"
"ok","200","airline","1136","500","https://www.originfacts.com/airlines/thomas-cook-airlines","Thomas Cook Airlines · Originfacts","","https://www.originfacts.com/airlines/thomas-cook-airlines"
"ok","200","destination","1137","500","https://www.originfacts.com/destinations/united-states","United States · Originfacts","","https://www.originfacts.com/destinations/united-states"
"ok","200","airline","1141","500","https://www.originfacts.com/airlines/aero-tropics-air-services","Aero-Tropics Air Services · Originfacts","","https://www.originfacts.com/airlines/aero-tropics-air-services"
"ok","200","airline","1145","500","https://www.originfacts.com/airlines/air-transport-international-llc","Air Transport International L.L.C. · Originfacts","","https://www.originfacts.com/airlines/air-transport-international-llc"
"ok","200","airline","1154","500","https://www.originfacts.com/airlines/air-cote-divoire","Air Cote D&#x27;Ivoire · Originfacts","","https://www.originfacts.com/airlines/air-cote-divoire"
"ok","200","destination","1159","500","https://www.originfacts.com/destinations/vietnam","Vietnam · Originfacts","","https://www.originfacts.com/destinations/vietnam"
"ok","200","destination","1160","500","https://www.originfacts.com/destinations/europe","Europe · Originfacts","","https://www.originfacts.com/destinations/europe"
"ok","200","static","1169","300","https://www.originfacts.com/countries","Countries — travel directory · Originfacts","","https://www.originfacts.com/countries"
"ok","200","static","1170","300","https://www.originfacts.com/about","About Originfacts · Originfacts","","https://www.originfacts.com/about"
"ok","200","destination","1173","500","https://www.originfacts.com/destinations/adelaide","Adelaide · Originfacts","","https://www.originfacts.com/destinations/adelaide"
"ok","200","destination","1198","500","https://www.originfacts.com/destinations/brisbane","Brisbane · Originfacts","","https://www.originfacts.com/destinations/brisbane"
"ok","200","destination","1199","500","https://www.originfacts.com/destinations/sydney","Sydney · Originfacts","","https://www.originfacts.com/destinations/sydney"
"ok","200","destination","1204","500","https://www.originfacts.com/destinations/japan","Japan · Originfacts","","https://www.originfacts.com/destinations/japan"
"ok","200","destination","1249","500","https://www.originfacts.com/destinations/united-kingdom","United Kingdom · Originfacts","","https://www.originfacts.com/destinations/united-kingdom"
"ok","200","static","1257","300","https://www.originfacts.com/legal/cookies","Cookie Policy — Originfacts · Originfacts","","https://www.originfacts.com"
"ok","200","airline","1276","500","https://www.originfacts.com/airlines/pascan-aviation","Pascan Aviation · Originfacts","","https://www.originfacts.com/airlines/pascan-aviation"
"ok","200","destination","1281","500","https://www.originfacts.com/destinations/perth","Perth · Originfacts","","https://www.originfacts.com/destinations/perth"
"ok","200","airline","1298","500","https://www.originfacts.com/airlines/ajet","Ajet · Originfacts","","https://www.originfacts.com/airlines/ajet"
"ok","200","article","1298","700","https://www.originfacts.com/articles/how-to-score-free-hotel-upgrades-insider-tips-2026","Free Hotel Upgrades 2026: Insider Tips That Actually Work · Originfacts","","https://www.originfacts.com/articles/how-to-score-free-hotel-upgrades-insider-tips-2026"
"ok","200","destination","1298","500","https://www.originfacts.com/destinations/jakarta","Jakarta · Originfacts","","https://www.originfacts.com/destinations/jakarta"
"ok","200","destination","1304","500","https://www.originfacts.com/destinations/melbourne","Melbourne · Originfacts","","https://www.originfacts.com/destinations/melbourne"
"ok","200","airline","1310","500","https://www.originfacts.com/airlines/scoot","Scoot · Originfacts","","https://www.originfacts.com/airlines/scoot"
"ok","200","airline","1314","500","https://www.originfacts.com/airlines/airkenya","AirKenya · Originfacts","","https://www.originfacts.com/airlines/airkenya"
"ok","200","airline","1319","500","https://www.originfacts.com/airlines/mango","Mango · Originfacts","","https://www.originfacts.com/airlines/mango"
"ok","200","airline","1320","500","https://www.originfacts.com/airlines/daallo-airlines","Daallo Airlines · Originfacts","","https://www.originfacts.com/airlines/daallo-airlines"
"ok","200","airline","1322","500","https://www.originfacts.com/airlines/skybahamas","SkyBahamas · Originfacts","","https://www.originfacts.com/airlines/skybahamas"
"ok","200","airline","1325","500","https://www.originfacts.com/airlines/halcyonair","Halcyonair · Originfacts","","https://www.originfacts.com/airlines/halcyonair"
"ok","200","airline","1326","500","https://www.originfacts.com/airlines/amakusa-airlines","Amakusa Airlines · Originfacts","","https://www.originfacts.com/airlines/amakusa-airlines"
"ok","200","airline","1327","500","https://www.originfacts.com/airlines/sansa","SANSA · Originfacts","","https://www.originfacts.com/airlines/sansa"
"ok","200","destination","1327","500","https://www.originfacts.com/destinations/oceania","Oceania · Originfacts","","https://www.originfacts.com/destinations/oceania"
"ok","200","airline","1328","500","https://www.originfacts.com/airlines/citilink","Citilink · Originfacts","","https://www.originfacts.com/airlines/citilink"
"ok","200","airline","1329","500","https://www.originfacts.com/airlines/cronos-airlines","Cronos Airlines · Originfacts","","https://www.originfacts.com/airlines/cronos-airlines"
"ok","200","airline","1329","500","https://www.originfacts.com/airlines/hawkair","Hawkair · Originfacts","","https://www.originfacts.com/airlines/hawkair"
"ok","200","airline","1332","500","https://www.originfacts.com/airlines/aero-mongolia","Aero Mongolia · Originfacts","","https://www.originfacts.com/airlines/aero-mongolia"
"ok","200","airline","1336","500","https://www.originfacts.com/airlines/tatarstan-airlines","Tatarstan Airlines · Originfacts","","https://www.originfacts.com/airlines/tatarstan-airlines"
"ok","200","airline","1337","500","https://www.originfacts.com/airlines/winair","Winair · Originfacts","","https://www.originfacts.com/airlines/winair"
"ok","200","airline","1341","500","https://www.originfacts.com/airlines/safi-airways","Safi Airways · Originfacts","","https://www.originfacts.com/airlines/safi-airways"
"ok","200","airline","1344","500","https://www.originfacts.com/airlines/bvi-airways","BVI Airways · Originfacts","","https://www.originfacts.com/airlines/bvi-airways"
"ok","200","airline","1345","500","https://www.originfacts.com/airlines/aklak-air","Aklak Air · Originfacts","","https://www.originfacts.com/airlines/aklak-air"
"ok","200","airline","1345","500","https://www.originfacts.com/airlines/tigerair-mandala","Tigerair Mandala · Originfacts","","https://www.originfacts.com/airlines/tigerair-mandala"
"ok","200","airline","1345","500","https://www.originfacts.com/airlines/yeti-airlines","Yeti Airlines · Originfacts","","https://www.originfacts.com/airlines/yeti-airlines"
"ok","200","airline","1346","500","https://www.originfacts.com/airlines/ibex-airlines","Ibex Airlines · Originfacts","","https://www.originfacts.com/airlines/ibex-airlines"
"ok","200","airline","1348","500","https://www.originfacts.com/airlines/skymark-airlines","Skymark Airlines · Originfacts","","https://www.originfacts.com/airlines/skymark-airlines"
"ok","200","airline","1349","500","https://www.originfacts.com/airlines/air-koryo","Air Koryo · Originfacts","","https://www.originfacts.com/airlines/air-koryo"
"ok","200","airline","1350","500","https://www.originfacts.com/airlines/laser-airlines","LASER Airlines · Originfacts","","https://www.originfacts.com/airlines/laser-airlines"
"ok","200","airline","1350","500","https://www.originfacts.com/airlines/maldivian","Maldivian · Originfacts","","https://www.originfacts.com/airlines/maldivian"
"ok","200","airline","1350","500","https://www.originfacts.com/airlines/shaheen-air","Shaheen Air · Originfacts","","https://www.originfacts.com/airlines/shaheen-air"
"ok","200","airline","1350","500","https://www.originfacts.com/airlines/vim-airlines","VIM Airlines · Originfacts","","https://www.originfacts.com/airlines/vim-airlines"
"ok","200","airline","1351","500","https://www.originfacts.com/airlines/indigo","IndiGo · Originfacts","","https://www.originfacts.com/airlines/indigo"
"ok","200","destination","1352","500","https://www.originfacts.com/destinations/asia","Asia · Originfacts","","https://www.originfacts.com/destinations/asia"
"ok","200","airline","1353","500","https://www.originfacts.com/airlines/hunnu-air","Hunnu Air · Originfacts","","https://www.originfacts.com/airlines/hunnu-air"
"ok","200","airline","1353","500","https://www.originfacts.com/airlines/rusline","RusLine · Originfacts","","https://www.originfacts.com/airlines/rusline"
"ok","200","airline","1353","500","https://www.originfacts.com/airlines/solaseed-air","Solaseed Air · Originfacts","","https://www.originfacts.com/airlines/solaseed-air"
"ok","200","airline","1354","500","https://www.originfacts.com/airlines/air-arabia-egypt","Air Arabia Egypt · Originfacts","","https://www.originfacts.com/airlines/air-arabia-egypt"
"ok","200","airline","1354","500","https://www.originfacts.com/airlines/avion-express-lithuania","Avion Express Lithuania · Originfacts","","https://www.originfacts.com/airlines/avion-express-lithuania"
"ok","200","airline","1354","500","https://www.originfacts.com/airlines/northwestern-air","Northwestern Air · Originfacts","","https://www.originfacts.com/airlines/northwestern-air"
"ok","200","airline","1355","500","https://www.originfacts.com/airlines/air-tindi","Air Tindi · Originfacts","","https://www.originfacts.com/airlines/air-tindi"
"ok","200","airline","1355","500","https://www.originfacts.com/airlines/firefly","Firefly · Originfacts","","https://www.originfacts.com/airlines/firefly"
"ok","200","destination","1356","500","https://www.originfacts.com/destinations/indonesia","Indonesia · Originfacts","","https://www.originfacts.com/destinations/indonesia"
"ok","200","airline","1357","500","https://www.originfacts.com/airlines/surinam-airways","Surinam Airways · Originfacts","","https://www.originfacts.com/airlines/surinam-airways"
"ok","200","airline","1357","500","https://www.originfacts.com/airlines/taquan-air","Taquan Air · Originfacts","","https://www.originfacts.com/airlines/taquan-air"
"ok","200","airline","1358","500","https://www.originfacts.com/airlines/bearskin-airlines","Bearskin Airlines · Originfacts","","https://www.originfacts.com/airlines/bearskin-airlines"
"ok","200","airline","1358","500","https://www.originfacts.com/airlines/severstal-air-company","Severstal Air Company · Originfacts","","https://www.originfacts.com/airlines/severstal-air-company"
"ok","200","airline","1359","500","https://www.originfacts.com/airlines/jetstar-japan","Jetstar Japan · Originfacts","","https://www.originfacts.com/airlines/jetstar-japan"
"ok","200","airline","1359","500","https://www.originfacts.com/airlines/vietjet","Vietjet · Originfacts","","https://www.originfacts.com/airlines/vietjet"
"ok","200","airline","1362","500","https://www.originfacts.com/airlines/carpatair","Carpatair · Originfacts","","https://www.originfacts.com/airlines/carpatair"
"ok","200","airline","1362","500","https://www.originfacts.com/airlines/helvetic-airways","Helvetic Airways · Originfacts","","https://www.originfacts.com/airlines/helvetic-airways"
"ok","200","airline","1364","500","https://www.originfacts.com/airlines/air-thanlwin","Air Thanlwin · Originfacts","","https://www.originfacts.com/airlines/air-thanlwin"
"ok","200","airline","1364","500","https://www.originfacts.com/airlines/airasia-x","AirAsia X · Originfacts","","https://www.originfacts.com/airlines/airasia-x"
"ok","200","airline","1366","500","https://www.originfacts.com/airlines/japan-transocean-air","Japan Transocean Air · Originfacts","","https://www.originfacts.com/airlines/japan-transocean-air"
"ok","200","airline","1366","500","https://www.originfacts.com/airlines/orient-thai-airlines","Orient Thai Airlines · Originfacts","","https://www.originfacts.com/airlines/orient-thai-airlines"
"ok","200","airline","1366","500","https://www.originfacts.com/airlines/sunexpress","SunExpress · Originfacts","","https://www.originfacts.com/airlines/sunexpress"
"ok","200","airline","1367","500","https://www.originfacts.com/airlines/berjaya-air","Berjaya Air · Originfacts","","https://www.originfacts.com/airlines/berjaya-air"
"ok","200","airline","1367","500","https://www.originfacts.com/airlines/dniproavia","Dniproavia · Originfacts","","https://www.originfacts.com/airlines/dniproavia"
"ok","200","airline","1367","500","https://www.originfacts.com/airlines/onur-air","Onur Air · Originfacts","","https://www.originfacts.com/airlines/onur-air"
"ok","200","airline","1369","500","https://www.originfacts.com/airlines/aeromar","Aeromar · Originfacts","","https://www.originfacts.com/airlines/aeromar"
"ok","200","airline","1369","500","https://www.originfacts.com/airlines/donavia","Donavia · Originfacts","","https://www.originfacts.com/airlines/donavia"
"ok","200","airline","1369","500","https://www.originfacts.com/airlines/grand-china-air","Grand China Air · Originfacts","","https://www.originfacts.com/airlines/grand-china-air"
"ok","200","airline","1370","500","https://www.originfacts.com/airlines/air-saint-pierre","Air Saint Pierre · Originfacts","","https://www.originfacts.com/airlines/air-saint-pierre"
"ok","200","airline","1370","500","https://www.originfacts.com/airlines/aserca-airlines","Aserca Airlines · Originfacts","","https://www.originfacts.com/airlines/aserca-airlines"
"ok","200","airline","1372","500","https://www.originfacts.com/airlines/air-arabia-maroc","Air Arabia Maroc · Originfacts","","https://www.originfacts.com/airlines/air-arabia-maroc"
"ok","200","airline","1372","500","https://www.originfacts.com/airlines/kunming-airlines","Kunming Airlines · Originfacts","","https://www.originfacts.com/airlines/kunming-airlines"
"ok","200","airline","1373","500","https://www.originfacts.com/airlines/warbelows-air","Warbelows Air · Originfacts","","https://www.originfacts.com/airlines/warbelows-air"
"ok","200","airline","1375","500","https://www.originfacts.com/airlines/almasria-universal-airlines","AlMasria Universal Airlines · Originfacts","","https://www.originfacts.com/airlines/almasria-universal-airlines"
"ok","200","airline","1376","500","https://www.originfacts.com/airlines/air-mekong","Air Mekong · Originfacts","","https://www.originfacts.com/airlines/air-mekong"
"ok","200","airline","1377","500","https://www.originfacts.com/airlines/chengdu-airlines","Chengdu Airlines · Originfacts","","https://www.originfacts.com/airlines/chengdu-airlines"
"ok","200","airline","1377","500","https://www.originfacts.com/airlines/pacific-airlines","Pacific Airlines · Originfacts","","https://www.originfacts.com/airlines/pacific-airlines"
"ok","200","airline","1378","500","https://www.originfacts.com/airlines/viva-aerobus","Viva Aerobus · Originfacts","","https://www.originfacts.com/airlines/viva-aerobus"
"ok","200","airline","1379","500","https://www.originfacts.com/airlines/intercaribbean-airways","InterCaribbean Airways · Originfacts","","https://www.originfacts.com/airlines/intercaribbean-airways"
"ok","200","airline","1380","500","https://www.originfacts.com/airlines/amerijet-international-inc","Amerijet International Inc. · Originfacts","","https://www.originfacts.com/airlines/amerijet-international-inc"
"ok","200","airline","1380","500","https://www.originfacts.com/airlines/eastar-jet","Eastar Jet · Originfacts","","https://www.originfacts.com/airlines/eastar-jet"
"ok","200","airline","1381","500","https://www.originfacts.com/airlines/air-rarotonga","Air Rarotonga · Originfacts","","https://www.originfacts.com/airlines/air-rarotonga"
"ok","200","airline","1381","500","https://www.originfacts.com/airlines/buddha-air","Buddha Air · Originfacts","","https://www.originfacts.com/airlines/buddha-air"
"ok","200","airline","1383","500","https://www.originfacts.com/airlines/air-iceland-connect","Air Iceland Connect · Originfacts","","https://www.originfacts.com/airlines/air-iceland-connect"
"ok","200","airline","1383","500","https://www.originfacts.com/airlines/libyan-airlines","Libyan Airlines · Originfacts","","https://www.originfacts.com/airlines/libyan-airlines"
"ok","200","airline","1383","500","https://www.originfacts.com/airlines/spicejet","SpiceJet · Originfacts","","https://www.originfacts.com/airlines/spicejet"
"ok","200","airline","1383","500","https://www.originfacts.com/airlines/tame","TAME · Originfacts","","https://www.originfacts.com/airlines/tame"
"ok","200","airline","1383","500","https://www.originfacts.com/airlines/turkmenistan-airlines","Turkmenistan Airlines · Originfacts","","https://www.originfacts.com/airlines/turkmenistan-airlines"
"ok","200","airline","1384","500","https://www.originfacts.com/airlines/tway-air","T&#x27;way Air · Originfacts","","https://www.originfacts.com/airlines/tway-air"
"ok","200","airline","1385","500","https://www.originfacts.com/airlines/jazeera-airways","Jazeera Airways · Originfacts","","https://www.originfacts.com/airlines/jazeera-airways"
"ok","200","airline","1386","500","https://www.originfacts.com/airlines/air-libya","Air Libya · Originfacts","","https://www.originfacts.com/airlines/air-libya"
"ok","200","airline","1386","500","https://www.originfacts.com/airlines/arkia","Arkia · Originfacts","","https://www.originfacts.com/airlines/arkia"
"ok","200","airline","1386","500","https://www.originfacts.com/airlines/icelandair","Icelandair · Originfacts","","https://www.originfacts.com/airlines/icelandair"
"ok","200","airline","1386","500","https://www.originfacts.com/airlines/latam-airlines-paraguay","LATAM Airlines Paraguay · Originfacts","","https://www.originfacts.com/airlines/latam-airlines-paraguay"
"ok","200","airline","1388","500","https://www.originfacts.com/airlines/motor-sich-airlines","Motor Sich Airlines · Originfacts","","https://www.originfacts.com/airlines/motor-sich-airlines"
"ok","200","airline","1389","500","https://www.originfacts.com/airlines/jeju-air","Jeju Air · Originfacts","","https://www.originfacts.com/airlines/jeju-air"
"ok","200","airline","1389","500","https://www.originfacts.com/airlines/suparna-airlines","Suparna Airlines · Originfacts","","https://www.originfacts.com/airlines/suparna-airlines"
"ok","200","airline","1391","500","https://www.originfacts.com/airlines/west-air","West Air · Originfacts","","https://www.originfacts.com/airlines/west-air"
"ok","200","airline","1392","500","https://www.originfacts.com/airlines/air-north","Air North · Originfacts","","https://www.originfacts.com/airlines/air-north"
"ok","200","airline","1392","500","https://www.originfacts.com/airlines/avianca-ecuador","Avianca Ecuador · Originfacts","","https://www.originfacts.com/airlines/avianca-ecuador"
"ok","200","airline","1393","500","https://www.originfacts.com/airlines/jet2com","Jet2.com · Originfacts","","https://www.originfacts.com/airlines/jet2com"
"ok","200","airline","1393","500","https://www.originfacts.com/airlines/transavia-france","Transavia France · Originfacts","","https://www.originfacts.com/airlines/transavia-france"
"ok","200","airline","1393","500","https://www.originfacts.com/airlines/wizz-air","Wizz Air · Originfacts","","https://www.originfacts.com/airlines/wizz-air"
"ok","200","airline","1394","500","https://www.originfacts.com/airlines/air-burkina","Air Burkina · Originfacts","","https://www.originfacts.com/airlines/air-burkina"
"ok","200","airline","1396","500","https://www.originfacts.com/airlines/proflight-zambia","Proflight Zambia · Originfacts","","https://www.originfacts.com/airlines/proflight-zambia"
"ok","200","airline","1397","500","https://www.originfacts.com/airlines/air-busan","Air Busan · Originfacts","","https://www.originfacts.com/airlines/air-busan"
"ok","200","airline","1397","500","https://www.originfacts.com/airlines/air-moana","Air Moana · Originfacts","","https://www.originfacts.com/airlines/air-moana"
"ok","200","airline","1397","500","https://www.originfacts.com/airlines/sata-air-acores","SATA Air Acores · Originfacts","","https://www.originfacts.com/airlines/sata-air-acores"
"ok","200","airline","1398","500","https://www.originfacts.com/airlines/israir-airlines","Israir Airlines · Originfacts","","https://www.originfacts.com/airlines/israir-airlines"
"ok","200","airline","1398","500","https://www.originfacts.com/airlines/maya-island-air","Maya Island Air · Originfacts","","https://www.originfacts.com/airlines/maya-island-air"
"ok","200","airline","1400","500","https://www.originfacts.com/airlines/air-arabia","Air Arabia · Originfacts","","https://www.originfacts.com/airlines/air-arabia"
"ok","200","airline","1400","500","https://www.originfacts.com/airlines/air-cambodia","Air Cambodia · Originfacts","","https://www.originfacts.com/airlines/air-cambodia"
"ok","200","airline","1400","500","https://www.originfacts.com/airlines/myanmar-airways-international","Myanmar Airways International · Originfacts","","https://www.originfacts.com/airlines/myanmar-airways-international"
"ok","200","airline","1400","500","https://www.originfacts.com/airlines/thai-airasia","Thai AirAsia · Originfacts","","https://www.originfacts.com/airlines/thai-airasia"
"ok","200","airline","1401","500","https://www.originfacts.com/airlines/air-corsica","Air Corsica · Originfacts","","https://www.originfacts.com/airlines/air-corsica"
"ok","200","airline","1401","500","https://www.originfacts.com/airlines/air-india-express","Air India Express · Originfacts","","https://www.originfacts.com/airlines/air-india-express"
"ok","200","airline","1401","500","https://www.originfacts.com/airlines/tajik-air","Tajik Air · Originfacts","","https://www.originfacts.com/airlines/tajik-air"
"ok","200","airline","1401","500","https://www.originfacts.com/airlines/volaris","Volaris · Originfacts","","https://www.originfacts.com/airlines/volaris"
"ok","200","airline","1402","500","https://www.originfacts.com/airlines/airnorth","Airnorth · Originfacts","","https://www.originfacts.com/airlines/airnorth"
"ok","200","airline","1402","500","https://www.originfacts.com/airlines/jetstar-asia","Jetstar Asia · Originfacts","","https://www.originfacts.com/airlines/jetstar-asia"
"ok","200","airline","1402","500","https://www.originfacts.com/airlines/okay-airways","Okay Airways · Originfacts","","https://www.originfacts.com/airlines/okay-airways"
"ok","200","airline","1402","500","https://www.originfacts.com/airlines/virgin-america","Virgin America · Originfacts","","https://www.originfacts.com/airlines/virgin-america"
"ok","200","airline","1403","500","https://www.originfacts.com/airlines/blue-islands","Blue Islands · Originfacts","","https://www.originfacts.com/airlines/blue-islands"
"ok","200","airline","1403","500","https://www.originfacts.com/airlines/eastern-airways","Eastern Airways · Originfacts","","https://www.originfacts.com/airlines/eastern-airways"
"ok","200","airline","1404","500","https://www.originfacts.com/airlines/air-changan","Air Changan · Originfacts","","https://www.originfacts.com/airlines/air-changan"
"ok","200","airline","1404","500","https://www.originfacts.com/airlines/kenmore-air","Kenmore Air · Originfacts","","https://www.originfacts.com/airlines/kenmore-air"
"ok","200","airline","1405","500","https://www.originfacts.com/airlines/bering-air","Bering Air · Originfacts","","https://www.originfacts.com/airlines/bering-air"
"ok","200","airline","1405","500","https://www.originfacts.com/airlines/montenegro-airlines","Montenegro Airlines · Originfacts","","https://www.originfacts.com/airlines/montenegro-airlines"
"ok","200","airline","1405","500","https://www.originfacts.com/airlines/tui-fly-deutschland","TUI fly Deutschland · Originfacts","","https://www.originfacts.com/airlines/tui-fly-deutschland"
"ok","200","airline","1406","500","https://www.originfacts.com/airlines/african-express-airways","African Express Airways · Originfacts","","https://www.originfacts.com/airlines/african-express-airways"
"ok","200","airline","1407","500","https://www.originfacts.com/airlines/scat","SCAT · Originfacts","","https://www.originfacts.com/airlines/scat"
"ok","200","airline","1407","500","https://www.originfacts.com/airlines/sudan-airways","Sudan Airways · Originfacts","","https://www.originfacts.com/airlines/sudan-airways"
"ok","200","airline","1408","500","https://www.originfacts.com/airlines/tunisair-express","Tunisair Express · Originfacts","","https://www.originfacts.com/airlines/tunisair-express"
"ok","200","airline","1409","500","https://www.originfacts.com/airlines/airasia","AirAsia · Originfacts","","https://www.originfacts.com/airlines/airasia"
"ok","200","airline","1409","500","https://www.originfacts.com/airlines/corendon-airlines-europe","Corendon Airlines Europe · Originfacts","","https://www.originfacts.com/airlines/corendon-airlines-europe"
"ok","200","airline","1410","500","https://www.originfacts.com/airlines/atlantic-airways","Atlantic Airways · Originfacts","","https://www.originfacts.com/airlines/atlantic-airways"
"ok","200","airline","1411","500","https://www.originfacts.com/airlines/flydubai","Flydubai · Originfacts","","https://www.originfacts.com/airlines/flydubai"
"ok","200","home","1412","300","https://www.originfacts.com","Originfacts — The facts behind every place worth visiting","","https://www.originfacts.com"
"ok","200","article","1412","700","https://www.originfacts.com/articles/cheap-flights-bangkok-2026-adventure-guide","Cheap Flights to Bangkok 2026: Score Deals Under $700 · Originfacts","","https://www.originfacts.com/articles/cheap-flights-bangkok-2026-adventure-guide"
"ok","200","airline","1413","500","https://www.originfacts.com/airlines/vladivostok-air","Vladivostok Air · Originfacts","","https://www.originfacts.com/airlines/vladivostok-air"
"ok","200","airline","1414","500","https://www.originfacts.com/airlines/air-seychelles","Air Seychelles · Originfacts","","https://www.originfacts.com/airlines/air-seychelles"
"ok","200","airline","1414","500","https://www.originfacts.com/airlines/cayman-airways","Cayman Airways · Originfacts","","https://www.originfacts.com/airlines/cayman-airways"
"ok","200","airline","1414","500","https://www.originfacts.com/airlines/fat-far-eastern-air-transport","FAT Far Eastern Air Transport · Originfacts","","https://www.originfacts.com/airlines/fat-far-eastern-air-transport"
"ok","200","airline","1414","500","https://www.originfacts.com/airlines/sky-airline","Sky Airline · Originfacts","","https://www.originfacts.com/airlines/sky-airline"
"ok","200","airline","1415","500","https://www.originfacts.com/airlines/air-namibia","Air Namibia · Originfacts","","https://www.originfacts.com/airlines/air-namibia"
"ok","200","airline","1416","500","https://www.originfacts.com/airlines/rex-regional-express","Rex - Regional Express · Originfacts","","https://www.originfacts.com/airlines/rex-regional-express"
"ok","200","airline","1416","500","https://www.originfacts.com/airlines/rwandair","RwandAir · Originfacts","","https://www.originfacts.com/airlines/rwandair"
"ok","200","airline","1418","500","https://www.originfacts.com/airlines/central-mountain-air","Central Mountain Air · Originfacts","","https://www.originfacts.com/airlines/central-mountain-air"
"ok","200","airline","1418","500","https://www.originfacts.com/airlines/lam-mozambique-airlines","LAM Mozambique Airlines · Originfacts","","https://www.originfacts.com/airlines/lam-mozambique-airlines"
"ok","200","airline","1420","500","https://www.originfacts.com/airlines/wideroe","Widerøe · Originfacts","","https://www.originfacts.com/airlines/wideroe"
"ok","200","airline","1421","500","https://www.originfacts.com/airlines/pacific-coastal-airlines","Pacific Coastal Airlines · Originfacts","","https://www.originfacts.com/airlines/pacific-coastal-airlines"
"ok","200","airline","1422","500","https://www.originfacts.com/airlines/conviasa","Conviasa · Originfacts","","https://www.originfacts.com/airlines/conviasa"
"ok","200","destination","1422","500","https://www.originfacts.com/destinations/australia","Australia · Originfacts","","https://www.originfacts.com/destinations/australia"
"ok","200","airline","1424","500","https://www.originfacts.com/airlines/aigle-azur","Aigle Azur · Originfacts","","https://www.originfacts.com/airlines/aigle-azur"
"ok","200","airline","1424","500","https://www.originfacts.com/airlines/binter-canarias","Binter Canarias · Originfacts","","https://www.originfacts.com/airlines/binter-canarias"
"ok","200","airline","1425","500","https://www.originfacts.com/airlines/china-express-airlines","China Express Airlines · Originfacts","","https://www.originfacts.com/airlines/china-express-airlines"
"ok","200","airline","1426","500","https://www.originfacts.com/airlines/air-botswana","Air Botswana · Originfacts","","https://www.originfacts.com/airlines/air-botswana"
"ok","200","airline","1426","500","https://www.originfacts.com/airlines/kam-air","Kam Air · Originfacts","","https://www.originfacts.com/airlines/kam-air"
"ok","200","airline","1428","500","https://www.originfacts.com/airlines/great-lakes-airlines","Great Lakes Airlines · Originfacts","","https://www.originfacts.com/airlines/great-lakes-airlines"
"ok","200","airline","1428","500","https://www.originfacts.com/airlines/nok-air","Nok Air · Originfacts","","https://www.originfacts.com/airlines/nok-air"
"ok","200","airline","1430","500","https://www.originfacts.com/airlines/adria-airways","Adria Airways · Originfacts","","https://www.originfacts.com/airlines/adria-airways"
"ok","200","airline","1432","500","https://www.originfacts.com/airlines/ariana-afghan-airlines","Ariana Afghan Airlines · Originfacts","","https://www.originfacts.com/airlines/ariana-afghan-airlines"
"ok","200","airline","1432","500","https://www.originfacts.com/airlines/boliviana-de-aviacion","Boliviana de Aviación · Originfacts","","https://www.originfacts.com/airlines/boliviana-de-aviacion"
"ok","200","airline","1432","500","https://www.originfacts.com/airlines/southern-air","Southern Air · Originfacts","","https://www.originfacts.com/airlines/southern-air"
"ok","200","airline","1433","500","https://www.originfacts.com/airlines/air-macau","Air Macau · Originfacts","","https://www.originfacts.com/airlines/air-macau"
"ok","200","airline","1433","500","https://www.originfacts.com/airlines/pal-express","PAL Express · Originfacts","","https://www.originfacts.com/airlines/pal-express"
"ok","200","airline","1433","500","https://www.originfacts.com/airlines/ural-airlines","Ural Airlines · Originfacts","","https://www.originfacts.com/airlines/ural-airlines"
"ok","200","destination","1433","500","https://www.originfacts.com/destinations/thailand","Thailand · Originfacts","","https://www.originfacts.com/destinations/thailand"
"ok","200","airline","1436","500","https://www.originfacts.com/airlines/aircalin","Aircalin · Originfacts","","https://www.originfacts.com/airlines/aircalin"
"ok","200","airline","1436","500","https://www.originfacts.com/airlines/yamal-airlines","Yamal Airlines · Originfacts","","https://www.originfacts.com/airlines/yamal-airlines"
"ok","200","airline","1437","500","https://www.originfacts.com/airlines/air-austral","Air Austral · Originfacts","","https://www.originfacts.com/airlines/air-austral"
"ok","200","airline","1438","500","https://www.originfacts.com/airlines/air-greenland","Air Greenland · Originfacts","","https://www.originfacts.com/airlines/air-greenland"
"ok","200","airline","1438","500","https://www.originfacts.com/airlines/pegasus-airlines","Pegasus Airlines · Originfacts","","https://www.originfacts.com/airlines/pegasus-airlines"
"ok","200","airline","1438","500","https://www.originfacts.com/airlines/vueling","Vueling · Originfacts","","https://www.originfacts.com/airlines/vueling"
"ok","200","airline","1439","500","https://www.originfacts.com/airlines/china-united-airlines","China United Airlines · Originfacts","","https://www.originfacts.com/airlines/china-united-airlines"
"ok","200","airline","1439","500","https://www.originfacts.com/airlines/taag-angola","TAAG Angola · Originfacts","","https://www.originfacts.com/airlines/taag-angola"
"ok","200","airline","1441","500","https://www.originfacts.com/airlines/arik-air","Arik Air · Originfacts","","https://www.originfacts.com/airlines/arik-air"
"ok","200","airline","1441","500","https://www.originfacts.com/airlines/corsair-international","Corsair International · Originfacts","","https://www.originfacts.com/airlines/corsair-international"
"ok","200","airline","1441","500","https://www.originfacts.com/airlines/jetstar","Jetstar · Originfacts","","https://www.originfacts.com/airlines/jetstar"
"ok","200","airline","1441","500","https://www.originfacts.com/airlines/png-air","PNG Air · Originfacts","","https://www.originfacts.com/airlines/png-air"
"ok","200","airline","1441","500","https://www.originfacts.com/airlines/transavia","Transavia · Originfacts","","https://www.originfacts.com/airlines/transavia"
"ok","200","airline","1442","500","https://www.originfacts.com/airlines/hk-express","HK Express · Originfacts","","https://www.originfacts.com/airlines/hk-express"
"ok","200","airline","1443","500","https://www.originfacts.com/airlines/lao-airlines","Lao Airlines · Originfacts","","https://www.originfacts.com/airlines/lao-airlines"
"ok","200","airline","1444","500","https://www.originfacts.com/airlines/miat-mongolian-airlines","MIAT Mongolian Airlines · Originfacts","","https://www.originfacts.com/airlines/miat-mongolian-airlines"
"ok","200","airline","1444","500","https://www.originfacts.com/airlines/sriwijaya-air","Sriwijaya Air · Originfacts","","https://www.originfacts.com/airlines/sriwijaya-air"
"ok","200","airline","1446","500","https://www.originfacts.com/airlines/calm-air","Calm Air · Originfacts","","https://www.originfacts.com/airlines/calm-air"
"ok","200","article","1450","700","https://www.originfacts.com/articles/cheap-2026-flights-southeast-asia-wild-frontier","Cheap 2026 Flights Across Southeast Asia: Frontier Routes · Originfacts","","https://www.originfacts.com/articles/cheap-2026-flights-southeast-asia-wild-frontier"
"ok","200","airline","1452","500","https://www.originfacts.com/airlines/air-tahiti","Air Tahiti · Originfacts","","https://www.originfacts.com/airlines/air-tahiti"
"ok","200","airline","1455","500","https://www.originfacts.com/airlines/air-tahiti-nui","Air Tahiti Nui · Originfacts","","https://www.originfacts.com/airlines/air-tahiti-nui"
"ok","200","airline","1455","500","https://www.originfacts.com/airlines/georgian-airways","Georgian Airways · Originfacts","","https://www.originfacts.com/airlines/georgian-airways"
"ok","200","airline","1455","500","https://www.originfacts.com/airlines/lucky-air","Lucky Air · Originfacts","","https://www.originfacts.com/airlines/lucky-air"
"ok","200","airline","1456","500","https://www.originfacts.com/airlines/luxair","Luxair · Originfacts","","https://www.originfacts.com/airlines/luxair"
"ok","200","airline","1460","500","https://www.originfacts.com/airlines/cebu-pacific","Cebu Pacific · Originfacts","","https://www.originfacts.com/airlines/cebu-pacific"
"ok","200","airline","1460","500","https://www.originfacts.com/airlines/jetblue","jetBlue · Originfacts","","https://www.originfacts.com/airlines/jetblue"
"ok","200","airline","1460","500","https://www.originfacts.com/airlines/spirit-airlines","Spirit Airlines · Originfacts","","https://www.originfacts.com/airlines/spirit-airlines"
"ok","200","airline","1463","500","https://www.originfacts.com/airlines/latam-airlines-ecuador","LATAM Airlines Ecuador · Originfacts","","https://www.originfacts.com/airlines/latam-airlines-ecuador"
"ok","200","airline","1464","500","https://www.originfacts.com/airlines/yemenia","Yemenia · Originfacts","","https://www.originfacts.com/airlines/yemenia"
"ok","200","airline","1465","500","https://www.originfacts.com/airlines/aegean-airlines","Aegean Airlines · Originfacts","","https://www.originfacts.com/airlines/aegean-airlines"
"ok","200","airline","1466","500","https://www.originfacts.com/airlines/canadian-north","Canadian North · Originfacts","","https://www.originfacts.com/airlines/canadian-north"
"ok","200","airline","1467","500","https://www.originfacts.com/airlines/air-transat","Air Transat · Originfacts","","https://www.originfacts.com/airlines/air-transat"
"ok","200","airline","1470","500","https://www.originfacts.com/airlines/beijing-capital-airlines","Beijing Capital Airlines · Originfacts","","https://www.originfacts.com/airlines/beijing-capital-airlines"
"ok","200","airline","1471","500","https://www.originfacts.com/airlines/bangkok-airways","Bangkok Airways · Originfacts","","https://www.originfacts.com/airlines/bangkok-airways"
"ok","200","airline","1471","500","https://www.originfacts.com/airlines/first-air","First Air · Originfacts","","https://www.originfacts.com/airlines/first-air"
"ok","200","airline","1471","500","https://www.originfacts.com/airlines/silkair","SilkAir · Originfacts","","https://www.originfacts.com/airlines/silkair"
"ok","200","airline","1472","500","https://www.originfacts.com/airlines/air-albania","Air Albania · Originfacts","","https://www.originfacts.com/airlines/air-albania"
"ok","200","airline","1473","500","https://www.originfacts.com/airlines/blue1","Blue1 · Originfacts","","https://www.originfacts.com/airlines/blue1"
"ok","200","airline","1473","500","https://www.originfacts.com/airlines/royal-brunei-airlines","Royal Brunei Airlines · Originfacts","","https://www.originfacts.com/airlines/royal-brunei-airlines"
"ok","200","airline","1474","500","https://www.originfacts.com/airlines/tianjin-airlines","Tianjin Airlines · Originfacts","","https://www.originfacts.com/airlines/tianjin-airlines"
"ok","200","airline","1474","500","https://www.originfacts.com/airlines/yakutia-airlines","Yakutia Airlines · Originfacts","","https://www.originfacts.com/airlines/yakutia-airlines"
"ok","200","airline","1475","500","https://www.originfacts.com/airlines/air-moldova","Air Moldova · Originfacts","","https://www.originfacts.com/airlines/air-moldova"
"ok","200","destination","1477","500","https://www.originfacts.com/destinations/bangkok","Bangkok · Originfacts","","https://www.originfacts.com/destinations/bangkok"
"ok","200","article","1478","700","https://www.originfacts.com/articles/flight-hacks-southeast-asia-2026","7 Bold Flight Hacks for Southeast Asia in 2026 · Originfacts","","https://www.originfacts.com/articles/flight-hacks-southeast-asia-2026"
"ok","200","airline","1479","500","https://www.originfacts.com/airlines/ryanair","Ryanair · Originfacts","","https://www.originfacts.com/airlines/ryanair"
"ok","200","airline","1481","500","https://www.originfacts.com/airlines/solomon-airlines","Solomon Airlines · Originfacts","","https://www.originfacts.com/airlines/solomon-airlines"
"ok","200","airline","1483","500","https://www.originfacts.com/airlines/allegiant-air","Allegiant Air · Originfacts","","https://www.originfacts.com/airlines/allegiant-air"
"ok","200","airline","1484","500","https://www.originfacts.com/airlines/uni-air","Uni Air · Originfacts","","https://www.originfacts.com/airlines/uni-air"
"ok","200","airline","1488","500","https://www.originfacts.com/airlines/hawaiian-airlines","Hawaiian Airlines · Originfacts","","https://www.originfacts.com/airlines/hawaiian-airlines"
"ok","200","airline","1492","500","https://www.originfacts.com/airlines/cabo-verde-airlines","Cabo Verde Airlines · Originfacts","","https://www.originfacts.com/airlines/cabo-verde-airlines"
"ok","200","article","1493","700","https://www.originfacts.com/articles/booking-direct-flights-to-perth","Direct Flights to Perth: Airlines, Routes & Booking Tips · Originfacts","","https://www.originfacts.com/articles/booking-direct-flights-to-perth"
"ok","200","article","1496","700","https://www.originfacts.com/articles/hanoi-vs-ho-chi-minh-city-which-airport-to-fly-into","Hanoi vs Ho Chi Minh City: Which Airport to Fly Into · Originfacts","","https://www.originfacts.com/articles/hanoi-vs-ho-chi-minh-city-which-airport-to-fly-into"
"ok","200","article","1496","700","https://www.originfacts.com/articles/how-to-get-around-jakarta-like-a-local","7 Smart Tips for Getting Around Jakarta Like a Local · Originfacts","","https://www.originfacts.com/articles/how-to-get-around-jakarta-like-a-local"
"ok","200","article","1499","700","https://www.originfacts.com/articles/cheap-flights-sydney-2026-adventurers-guide","Cheap Flights to Sydney 2026: The Bold Adventurer&#x27;s Guide · Originfacts","","https://www.originfacts.com/articles/cheap-flights-sydney-2026-adventurers-guide"
"ok","200","airline","1500","500","https://www.originfacts.com/airlines/air-niugini","Air Niugini · Originfacts","","https://www.originfacts.com/airlines/air-niugini"
"ok","200","airline","1501","500","https://www.originfacts.com/airlines/air-mauritius","Air Mauritius · Originfacts","","https://www.originfacts.com/airlines/air-mauritius"
"ok","200","airline","1508","500","https://www.originfacts.com/airlines/southwest-airlines","Southwest Airlines · Originfacts","","https://www.originfacts.com/airlines/southwest-airlines"
"ok","200","airline","1509","500","https://www.originfacts.com/airlines/airbaltic","airBaltic · Originfacts","","https://www.originfacts.com/airlines/airbaltic"
"ok","200","airline","1511","500","https://www.originfacts.com/airlines/oman-air","Oman Air · Originfacts","","https://www.originfacts.com/airlines/oman-air"
"ok","200","article","1511","700","https://www.originfacts.com/articles/cheap-adelaide-flights-insider-tricks-2026","7 Tricks to Book Cheap Adelaide Flights in 2026 · Originfacts","","https://www.originfacts.com/articles/cheap-adelaide-flights-insider-tricks-2026"
"ok","200","airline","1513","500","https://www.originfacts.com/airlines/tunisair","Tunisair · Originfacts","","https://www.originfacts.com/airlines/tunisair"
"ok","200","airline","1514","500","https://www.originfacts.com/airlines/air-vanuatu","Air Vanuatu · Originfacts","","https://www.originfacts.com/airlines/air-vanuatu"
"ok","200","article","1519","700","https://www.originfacts.com/articles/melbourne-most-daring-hotel-stays","Melbourne&#x27;s Most Daring Hotel Stays for Adventurous… · Originfacts","","https://www.originfacts.com/articles/melbourne-most-daring-hotel-stays"
"ok","200","airline","1520","500","https://www.originfacts.com/airlines/sichuan-airlines","Sichuan Airlines · Originfacts","","https://www.originfacts.com/airlines/sichuan-airlines"
"ok","200","airline","1525","500","https://www.originfacts.com/airlines/air-astana","Air Astana · Originfacts","","https://www.originfacts.com/airlines/air-astana"
"ok","200","airline","1525","500","https://www.originfacts.com/airlines/gol-transportes-aereos","Gol Transportes Aéreos · Originfacts","","https://www.originfacts.com/airlines/gol-transportes-aereos"
"ok","200","article","1525","700","https://www.originfacts.com/articles/jakarta-travel-tips-first-timer-2026","10 Jakarta Travel Tips Every First-Timer Needs in 2026 · Originfacts","","https://www.originfacts.com/articles/jakarta-travel-tips-first-timer-2026"
"ok","200","article","1528","700","https://www.originfacts.com/articles/budget-stays-denpasar-affordable-hotels-2026","Best Budget Hotels in Denpasar for 2026 | Affordable Stays · Originfacts","","https://www.originfacts.com/articles/budget-stays-denpasar-affordable-hotels-2026"
"ok","200","airline","1529","500","https://www.originfacts.com/airlines/air-djibouti","Air Djibouti · Originfacts","","https://www.originfacts.com/airlines/air-djibouti"
"ok","200","airline","1530","500","https://www.originfacts.com/airlines/air-madagascar","Air Madagascar · Originfacts","","https://www.originfacts.com/airlines/air-madagascar"
"ok","200","article","1533","700","https://www.originfacts.com/articles/jakarta-budget-travel-tips-2026","Jakarta Budget Travel Tips: Save More in 2026 · Originfacts","","https://www.originfacts.com/articles/jakarta-budget-travel-tips-2026"
"ok","200","airline","1534","500","https://www.originfacts.com/airlines/fiji-airways","Fiji Airways · Originfacts","","https://www.originfacts.com/airlines/fiji-airways"
"ok","200","airline","1536","500","https://www.originfacts.com/airlines/azerbaijan-airlines","Azerbaijan Airlines · Originfacts","","https://www.originfacts.com/airlines/azerbaijan-airlines"
"ok","200","article","1536","700","https://www.originfacts.com/articles/cheap-flights-to-perth-2026-tips","7 Tips for Cheap Flights to Perth in 2026 · Originfacts","","https://www.originfacts.com/articles/cheap-flights-to-perth-2026-tips"
"ok","200","airline","1538","500","https://www.originfacts.com/airlines/avianca-costa-rica","Avianca Costa Rica · Originfacts","","https://www.originfacts.com/airlines/avianca-costa-rica"
"ok","200","airline","1539","500","https://www.originfacts.com/airlines/middle-east-airlines","Middle East Airlines · Originfacts","","https://www.originfacts.com/airlines/middle-east-airlines"
"ok","200","airline","1540","500","https://www.originfacts.com/airlines/lion-air","Lion Air · Originfacts","","https://www.originfacts.com/airlines/lion-air"
"ok","200","article","1541","700","https://www.originfacts.com/articles/cheap-flights-to-melbourne-2026","Cheap Flights to Melbourne 2026: When & How to Book · Originfacts","","https://www.originfacts.com/articles/cheap-flights-to-melbourne-2026"
"ok","200","article","1542","700","https://www.originfacts.com/articles/wild-castle-hotels-germany-2026","10 Best Castle Hotels in Germany to Book for 2026 · Originfacts","","https://www.originfacts.com/articles/wild-castle-hotels-germany-2026"
"ok","200","airline","1543","500","https://www.originfacts.com/airlines/cyprus-airways","Cyprus Airways · Originfacts","","https://www.originfacts.com/airlines/cyprus-airways"
"ok","200","article","1546","700","https://www.originfacts.com/articles/how-to-find-cheapest-flights-proven-strategies","How to Find Cheapest Flights · Originfacts","","https://www.originfacts.com/articles/how-to-find-cheapest-flights-proven-strategies"
"ok","200","airline","1547","500","https://www.originfacts.com/airlines/olympic-air","Olympic Air · Originfacts","","https://www.originfacts.com/airlines/olympic-air"
"ok","200","airline","1552","500","https://www.originfacts.com/airlines/xiamen-airlines","Xiamen Airlines · Originfacts","","https://www.originfacts.com/airlines/xiamen-airlines"
"ok","200","airline","1554","500","https://www.originfacts.com/airlines/aer-lingus","Aer Lingus · Originfacts","","https://www.originfacts.com/airlines/aer-lingus"
"ok","200","article","1555","700","https://www.originfacts.com/articles/budget-travel-tips-brisbane-2026","Budget Travel Tips for Brisbane in 2026: Save More · Originfacts","","https://www.originfacts.com/articles/budget-travel-tips-brisbane-2026"
"ok","200","airline","1556","500","https://www.originfacts.com/airlines/shandong-airlines","Shandong Airlines · Originfacts","","https://www.originfacts.com/airlines/shandong-airlines"
"ok","200","airline","1557","500","https://www.originfacts.com/airlines/kuwait-airways","Kuwait Airways · Originfacts","","https://www.originfacts.com/airlines/kuwait-airways"
"ok","200","airline","1558","500","https://www.originfacts.com/airlines/hong-kong-airlines","Hong Kong Airlines · Originfacts","","https://www.originfacts.com/airlines/hong-kong-airlines"
"ok","200","article","1562","700","https://www.originfacts.com/articles/insider-tricks-booking-affordable-melbourne-flights","7 Tricks for Booking Cheap Flights to Melbourne · Originfacts","","https://www.originfacts.com/articles/insider-tricks-booking-affordable-melbourne-flights"
"ok","200","article","1562","700","https://www.originfacts.com/articles/what-to-pack-for-brisbane-2026","What to Pack for Brisbane in 2026: A Smart Travel Guide · Originfacts","","https://www.originfacts.com/articles/what-to-pack-for-brisbane-2026"
"ok","200","article","1566","700","https://www.originfacts.com/articles/best-budget-hotels-adelaide-2026","Best Budget Hotels in Adelaide for 2026 | Travel Guide · Originfacts","","https://www.originfacts.com/articles/best-budget-hotels-adelaide-2026"
"ok","200","article","1567","700","https://www.originfacts.com/articles/ultimate-guide-booking-vietnam-flights-2026","Ultimate Guide to Booking Vietnam Flights in 2026 · Originfacts","","https://www.originfacts.com/articles/ultimate-guide-booking-vietnam-flights-2026"
"ok","200","article","1568","700","https://www.originfacts.com/articles/cheap-hotels-denpasar-2026-guide","Cheap Hotels in Denpasar: Book Before 2026 Fills Up · Originfacts","","https://www.originfacts.com/articles/cheap-hotels-denpasar-2026-guide"
"ok","200","article","1573","700","https://www.originfacts.com/articles/perth-best-hotels-2026","Perth&#x27;s Best Hotels for 2026: 10 Stays Worth Booking · Originfacts","","https://www.originfacts.com/articles/perth-best-hotels-2026"
"ok","200","article","1581","700","https://www.originfacts.com/articles/where-to-sleep-in-jakarta-hotel-picks-2026","Jakarta Hotels 2026: Best Picks for Every Budget · Originfacts","","https://www.originfacts.com/articles/where-to-sleep-in-jakarta-hotel-picks-2026"
"ok","200","airline","1583","500","https://www.originfacts.com/airlines/jet-airways","Jet Airways · Originfacts","","https://www.originfacts.com/airlines/jet-airways"
"ok","200","airline","1586","500","https://www.originfacts.com/airlines/ethiopian-airlines","Ethiopian Airlines · Originfacts","","https://www.originfacts.com/airlines/ethiopian-airlines"
"ok","200","airline","1592","500","https://www.originfacts.com/airlines/uzbekistan-airways","Uzbekistan Airways · Originfacts","","https://www.originfacts.com/airlines/uzbekistan-airways"
"ok","200","static","1592","300","https://www.originfacts.com/flight-search","Cheap Flight Search | Compare Airline Fares Online · Originfacts","","https://www.originfacts.com/flight-search"
"ok","200","airline","1594","500","https://www.originfacts.com/airlines/air-europa","Air Europa · Originfacts","","https://www.originfacts.com/airlines/air-europa"
"ok","200","article","1594","700","https://www.originfacts.com/articles/best-flights-to-adelaide-2026-routes-fares-tips","Best Flights to Adelaide 2026: Routes, Fares & Booking Tips · Originfacts","","https://www.originfacts.com/articles/best-flights-to-adelaide-2026-routes-fares-tips"
"ok","200","airline","1595","500","https://www.originfacts.com/airlines/croatia-airlines","Croatia Airlines · Originfacts","","https://www.originfacts.com/airlines/croatia-airlines"
"ok","200","airline","1596","500","https://www.originfacts.com/airlines/air-serbia","Air Serbia · Originfacts","","https://www.originfacts.com/airlines/air-serbia"
"ok","200","article","1597","700","https://www.originfacts.com/articles/adelaide-airport-guide-2026-terminals-airlines-layovers","Adelaide Airport Guide 2026: Terminals, Airlines & Layovers · Originfacts","","https://www.originfacts.com/articles/adelaide-airport-guide-2026-terminals-airlines-layovers"
"ok","200","airline","1598","500","https://www.originfacts.com/airlines/shanghai-airlines","Shanghai Airlines · Originfacts","","https://www.originfacts.com/airlines/shanghai-airlines"
"ok","200","airline","1600","500","https://www.originfacts.com/airlines/frontier-airlines","Frontier Airlines · Originfacts","","https://www.originfacts.com/airlines/frontier-airlines"
"ok","200","article","1604","700","https://www.originfacts.com/articles/best-airlines-flying-to-vietnam-2026-ranked","7 Best Airlines to Vietnam in 2026, Ranked by Value · Originfacts","","https://www.originfacts.com/articles/best-airlines-flying-to-vietnam-2026-ranked"
"ok","200","airline","1607","500","https://www.originfacts.com/airlines/virgin-atlantic","Virgin Atlantic · Originfacts","","https://www.originfacts.com/airlines/virgin-atlantic"
"ok","200","airline","1611","500","https://www.originfacts.com/airlines/trip-linhas-aereas","TRIP Linhas Aéreas · Originfacts","","https://www.originfacts.com/airlines/trip-linhas-aereas"
"ok","200","airline","1614","500","https://www.originfacts.com/airlines/virgin-australia","Virgin Australia · Originfacts","","https://www.originfacts.com/airlines/virgin-australia"
"ok","200","article","1618","700","https://www.originfacts.com/articles/where-to-sleep-in-perth-hotels-worth-booking","7 Best Hotels in Perth Worth Booking in 2024 · Originfacts","","https://www.originfacts.com/articles/where-to-sleep-in-perth-hotels-worth-booking"
"ok","200","airline","1620","500","https://www.originfacts.com/airlines/avianca","Avianca · Originfacts","","https://www.originfacts.com/airlines/avianca"
"ok","200","airline","1621","500","https://www.originfacts.com/airlines/copa-airlines","Copa Airlines · Originfacts","","https://www.originfacts.com/airlines/copa-airlines"
"ok","200","article","1623","700","https://www.originfacts.com/articles/bali-wildest-jungle-hotels-2026","9 Wildest Bali Jungle Hotels to Book in 2026 (Honest Picks) · Originfacts","","https://www.originfacts.com/articles/bali-wildest-jungle-hotels-2026"
"ok","200","airline","1626","500","https://www.originfacts.com/airlines/royal-jordanian","Royal Jordanian · Originfacts","","https://www.originfacts.com/airlines/royal-jordanian"
"ok","200","airline","1632","500","https://www.originfacts.com/airlines/saudia","Saudia · Originfacts","","https://www.originfacts.com/airlines/saudia"
"ok","200","airline","1632","500","https://www.originfacts.com/airlines/srilankan-airlines","SriLankan Airlines · Originfacts","","https://www.originfacts.com/airlines/srilankan-airlines"
"ok","200","article","1632","700","https://www.originfacts.com/articles/cheap-hotels-adelaide-style-2026","10 Cheap Hotels in Adelaide With Real Style (2026 Guide) · Originfacts","","https://www.originfacts.com/articles/cheap-hotels-adelaide-style-2026"
"ok","200","airline","1633","500","https://www.originfacts.com/airlines/westjet","WestJet · Originfacts","","https://www.originfacts.com/airlines/westjet"
"ok","200","airline","1642","500","https://www.originfacts.com/airlines/flybe","Flybe · Originfacts","","https://www.originfacts.com/airlines/flybe"
"ok","200","article","1646","700","https://www.originfacts.com/articles/bold-melbourne-hotels-thrill-seekers-2026","7 Bold Melbourne Hotels for Thrill-Seekers in 2026 · Originfacts","","https://www.originfacts.com/articles/bold-melbourne-hotels-thrill-seekers-2026"
"ok","200","airline","1659","500","https://www.originfacts.com/airlines/csa-czech-airlines","CSA Czech Airlines · Originfacts","","https://www.originfacts.com/airlines/csa-czech-airlines"
"ok","200","airline","1672","500","https://www.originfacts.com/airlines/shenzhen-airlines","Shenzhen Airlines · Originfacts","","https://www.originfacts.com/airlines/shenzhen-airlines"
"ok","200","airline","1673","500","https://www.originfacts.com/airlines/royal-air-maroc","Royal Air Maroc · Originfacts","","https://www.originfacts.com/airlines/royal-air-maroc"
"ok","200","airline","1681","500","https://www.originfacts.com/airlines/eva-air","EVA Air · Originfacts","","https://www.originfacts.com/airlines/eva-air"
"ok","200","airline","1683","500","https://www.originfacts.com/airlines/china-airlines","China Airlines · Originfacts","","https://www.originfacts.com/airlines/china-airlines"
"ok","200","airline","1683","500","https://www.originfacts.com/airlines/philippine-airlines","Philippine Airlines · Originfacts","","https://www.originfacts.com/airlines/philippine-airlines"
"ok","200","airline","1688","500","https://www.originfacts.com/airlines/egyptair","Egyptair · Originfacts","","https://www.originfacts.com/airlines/egyptair"
"ok","200","airline","1695","500","https://www.originfacts.com/airlines/gulf-air","Gulf Air · Originfacts","","https://www.originfacts.com/airlines/gulf-air"
"ok","200","airline","1705","500","https://www.originfacts.com/airlines/emirates","Emirates · Originfacts","","https://www.originfacts.com/airlines/emirates"
"ok","200","airline","1708","500","https://www.originfacts.com/airlines/garuda-indonesia","Garuda Indonesia · Originfacts","","https://www.originfacts.com/airlines/garuda-indonesia"
"ok","200","airport","1719","500","https://www.originfacts.com/airports/doha","Hamad International Airport (DOH) — airport guide · Originfacts","","https://www.originfacts.com/airports/doha"
"ok","200","article","1720","700","https://www.originfacts.com/articles/best-hotels-jakarta-stylish-stay-2026","7 Best Hotels in Jakarta for a Stylish Stay in 2026 · Originfacts","","https://www.originfacts.com/articles/best-hotels-jakarta-stylish-stay-2026"
"ok","200","airline","1723","500","https://www.originfacts.com/airlines/tap-air-portugal","TAP Air Portugal · Originfacts","","https://www.originfacts.com/airlines/tap-air-portugal"
"ok","200","airline","1727","500","https://www.originfacts.com/airlines/finnair","Finnair · Originfacts","","https://www.originfacts.com/airlines/finnair"
"ok","200","airline","1729","500","https://www.originfacts.com/airlines/kenya-airways","Kenya Airways · Originfacts","","https://www.originfacts.com/airlines/kenya-airways"
"ok","200","airline","1733","500","https://www.originfacts.com/airlines/hainan-airlines","Hainan Airlines · Originfacts","","https://www.originfacts.com/airlines/hainan-airlines"
"ok","200","airline","1737","500","https://www.originfacts.com/airlines/aeromexico","Aeroméxico · Originfacts","","https://www.originfacts.com/airlines/aeromexico"
"ok","200","airline","1741","500","https://www.originfacts.com/airlines/cathay-pacific","Cathay Pacific · Originfacts","","https://www.originfacts.com/airlines/cathay-pacific"
"ok","200","airline","1742","500","https://www.originfacts.com/airlines/latam-airlines","LATAM Airlines · Originfacts","","https://www.originfacts.com/airlines/latam-airlines"
"ok","200","article","1746","700","https://www.originfacts.com/articles/stopovers-long-haul-vietnam-flights-worth-it","5 Stopovers That Make Long-Haul Vietnam Flights Worth It · Originfacts","","https://www.originfacts.com/articles/stopovers-long-haul-vietnam-flights-worth-it"
"ok","200","airline","1750","500","https://www.originfacts.com/airlines/vietnam-airlines","Vietnam Airlines · Originfacts","","https://www.originfacts.com/airlines/vietnam-airlines"
"ok","200","airline","1773","500","https://www.originfacts.com/airlines/rossiya-airlines","Rossiya Airlines · Originfacts","","https://www.originfacts.com/airlines/rossiya-airlines"
"ok","200","airport","1791","500","https://www.originfacts.com/airports/bahrain","Bahrain International Airport (BAH) — airport guide · Originfacts","","https://www.originfacts.com/airports/bahrain"
"ok","200","article","1795","700","https://www.originfacts.com/articles/honest-brisbane-travel-tips-first-timer-2026","12 Honest Brisbane Travel Tips for First-Timers in 2026 · Originfacts","","https://www.originfacts.com/articles/honest-brisbane-travel-tips-first-timer-2026"
"ok","200","airline","1800","500","https://www.originfacts.com/airlines/asiana-airlines","Asiana Airlines · Originfacts","","https://www.originfacts.com/airlines/asiana-airlines"
"ok","200","airport","1801","500","https://www.originfacts.com/airports/perth","Perth Airport (PER) — airport guide · Originfacts","","https://www.originfacts.com/airports/perth"
"ok","200","airline","1805","500","https://www.originfacts.com/airlines/lot-polish","LOT Polish · Originfacts","","https://www.originfacts.com/airlines/lot-polish"
"ok","200","airline","1809","500","https://www.originfacts.com/airlines/korean-air","Korean Air · Originfacts","","https://www.originfacts.com/airlines/korean-air"
"ok","200","airline","1812","500","https://www.originfacts.com/airlines/qantas","Qantas · Originfacts","","https://www.originfacts.com/airlines/qantas"
"ok","200","airport","1822","500","https://www.originfacts.com/airports/manchester-man","Manchester Airport (MAN) — airport guide · Originfacts","","https://www.originfacts.com/airports/manchester-man"
"ok","200","airline","1826","500","https://www.originfacts.com/airlines/malaysia-airlines","Malaysia Airlines · Originfacts","","https://www.originfacts.com/airlines/malaysia-airlines"
"ok","200","airline","1828","500","https://www.originfacts.com/airlines/air-new-zealand","Air New Zealand · Originfacts","","https://www.originfacts.com/airlines/air-new-zealand"
"ok","200","airport","1841","500","https://www.originfacts.com/airports/brussels-bru","Brussels Airport (BRU) — airport guide · Originfacts","","https://www.originfacts.com/airports/brussels-bru"
"ok","200","airport","1847","500","https://www.originfacts.com/airports/dubai-dxb","Dubai Airport (DXB) — airport guide · Originfacts","","https://www.originfacts.com/airports/dubai-dxb"
"ok","200","airline","1848","500","https://www.originfacts.com/airlines/air-india","Air India · Originfacts","","https://www.originfacts.com/airlines/air-india"
"ok","200","airport","1848","500","https://www.originfacts.com/airports/brisbane","Brisbane Airport (BNE) — airport guide · Originfacts","","https://www.originfacts.com/airports/brisbane"
"ok","200","airport","1849","500","https://www.originfacts.com/airports/chennai","Chennai Airport (MAA) — airport guide · Originfacts","","https://www.originfacts.com/airports/chennai"
"ok","200","airport","1854","500","https://www.originfacts.com/airports/manila","Ninoy Aquino International Airport (MNL) — airport guide · Originfacts","","https://www.originfacts.com/airports/manila"
"ok","200","airport","1856","500","https://www.originfacts.com/airports/miami-mia","Miami International Airport (MIA) — airport guide · Originfacts","","https://www.originfacts.com/airports/miami-mia"
"ok","200","airport","1857","500","https://www.originfacts.com/airports/bengaluru","Kempegowda International Airport (BLR) — airport guide · Originfacts","","https://www.originfacts.com/airports/bengaluru"
"ok","200","airport","1864","500","https://www.originfacts.com/airports/frankfurt-fra","Frankfurt Airport (FRA) — airport guide · Originfacts","","https://www.originfacts.com/airports/frankfurt-fra"
"ok","200","airport","1865","500","https://www.originfacts.com/airports/tokyo-hnd","Haneda Airport (HND) — airport guide · Originfacts","","https://www.originfacts.com/airports/tokyo-hnd"
"ok","200","airport","1867","500","https://www.originfacts.com/airports/jakarta-cgk","Soekarno-Hatta International Airport (CGK) — airport guide · Originfacts","","https://www.originfacts.com/airports/jakarta-cgk"
"ok","200","airport","1867","500","https://www.originfacts.com/airports/rome-fco","Leonardo da Vinci-Fiumicino Airport (FCO) — airport guide · Originfacts","","https://www.originfacts.com/airports/rome-fco"
"ok","200","airline","1869","500","https://www.originfacts.com/airlines/alaska-airlines","Alaska Airlines · Originfacts","","https://www.originfacts.com/airlines/alaska-airlines"
"ok","200","airport","1869","500","https://www.originfacts.com/airports/melbourne-mel","Tullamarine Airport (MEL) — airport guide · Originfacts","","https://www.originfacts.com/airports/melbourne-mel"
"ok","200","airline","1872","500","https://www.originfacts.com/airlines/south-african-airways","South African Airways · Originfacts","","https://www.originfacts.com/airlines/south-african-airways"
"ok","200","airport","1873","500","https://www.originfacts.com/airports/lisbon","Lisbon Portela Airport (LIS) — airport guide · Originfacts","","https://www.originfacts.com/airports/lisbon"
"ok","200","airport","1877","500","https://www.originfacts.com/airports/nairobi-nbo","Jomo Kenyatta International Airport (NBO) — airport guide · Originfacts","","https://www.originfacts.com/airports/nairobi-nbo"
"ok","200","airline","1878","500","https://www.originfacts.com/airlines/japan-airlines","Japan Airlines · Originfacts","","https://www.originfacts.com/airlines/japan-airlines"
"ok","200","airline","1879","500","https://www.originfacts.com/airlines/singapore-airlines","Singapore Airlines · Originfacts","","https://www.originfacts.com/airlines/singapore-airlines"
"ok","200","airport","1880","500","https://www.originfacts.com/airports/milan-mxp","Milano Malpensa Airport (MXP) — airport guide · Originfacts","","https://www.originfacts.com/airports/milan-mxp"
"ok","200","airport","1884","500","https://www.originfacts.com/airports/auckland","Auckland Airport (AKL) — airport guide · Originfacts","","https://www.originfacts.com/airports/auckland"
"ok","200","airport","1884","500","https://www.originfacts.com/airports/hanoi","Noi Bai International Airport (HAN) — airport guide · Originfacts","","https://www.originfacts.com/airports/hanoi"
"ok","200","airport","1887","500","https://www.originfacts.com/airports/denpasar-bali","Ngurah Rai International Airport (DPS) — airport guide · Originfacts","","https://www.originfacts.com/airports/denpasar-bali"
"ok","200","airline","1888","500","https://www.originfacts.com/airlines/etihad-airways","Etihad Airways · Originfacts","","https://www.originfacts.com/airlines/etihad-airways"
"ok","200","airport","1893","500","https://www.originfacts.com/airports/santiago","Arturo Merino Benitez Airport (SCL) — airport guide · Originfacts","","https://www.originfacts.com/airports/santiago"
"ok","200","airport","1897","500","https://www.originfacts.com/airports/vancouver-yvr","Vancouver International Airport (YVR) — airport guide · Originfacts","","https://www.originfacts.com/airports/vancouver-yvr"
"ok","200","airport","1900","500","https://www.originfacts.com/airports/osaka-kix","Kansai International Airport (KIX) — airport guide · Originfacts","","https://www.originfacts.com/airports/osaka-kix"
"ok","200","airport","1908","500","https://www.originfacts.com/airports/buenos-aires","Ministro Pistarini Airport (EZE) — airport guide · Originfacts","","https://www.originfacts.com/airports/buenos-aires"
"ok","200","airport","1908","500","https://www.originfacts.com/airports/washington-iad","Washington Dulles International Airport (IAD) — airport guide · Originfacts","","https://www.originfacts.com/airports/washington-iad"
"ok","200","airport","1910","500","https://www.originfacts.com/airports/new-york-ewr","Newark Liberty International Airport (EWR) — airport guide · Originfacts","","https://www.originfacts.com/airports/new-york-ewr"
"ok","200","airport","1913","500","https://www.originfacts.com/airports/mumbai-bom","Chhatrapati Shivaji International Airport (BOM) — airport guide · Originfacts","","https://www.originfacts.com/airports/mumbai-bom"
"ok","200","airport","1914","500","https://www.originfacts.com/airports/paris-cdg","Charles de Gaulle Airport (CDG) — airport guide · Originfacts","","https://www.originfacts.com/airports/paris-cdg"
"ok","200","airport","1915","500","https://www.originfacts.com/airports/addis-ababa","Addis Ababa Bole International Airport (ADD) — airport guide · Originfacts","","https://www.originfacts.com/airports/addis-ababa"
"ok","200","airport","1916","500","https://www.originfacts.com/airports/abu-dhabi","Abu Dhabi International Airport (AUH) — airport guide · Originfacts","","https://www.originfacts.com/airports/abu-dhabi"
"ok","200","airport","1917","500","https://www.originfacts.com/airports/las-vegas","McCarran International Airport (LAS) — airport guide · Originfacts","","https://www.originfacts.com/airports/las-vegas"
"ok","200","airport","1919","500","https://www.originfacts.com/airports/johannesburg-jnb","O.R. Tambo International Airport (JNB) — airport guide · Originfacts","","https://www.originfacts.com/airports/johannesburg-jnb"
"ok","200","airport","1924","500","https://www.originfacts.com/airports/boston-bos","Logan International Airport (BOS) — airport guide · Originfacts","","https://www.originfacts.com/airports/boston-bos"
"ok","200","airport","1926","500","https://www.originfacts.com/airports/delhi-del","Indira Gandhi International Airport (DEL) — airport guide · Originfacts","","https://www.originfacts.com/airports/delhi-del"
"ok","200","airport","1927","500","https://www.originfacts.com/airports/montreal-yul","Montreal-Pierre Elliott Trudeau International Airport (YUL) — airport guide · Originfacts","","https://www.originfacts.com/airports/montreal-yul"
"ok","200","airport","1928","500","https://www.originfacts.com/airports/cape-town","Cape Town International Airport (CPT) — airport guide · Originfacts","","https://www.originfacts.com/airports/cape-town"
"ok","200","airline","1930","500","https://www.originfacts.com/airlines/brussels-airlines","Brussels Airlines · Originfacts","","https://www.originfacts.com/airlines/brussels-airlines"
"ok","200","airport","1931","500","https://www.originfacts.com/airports/seattle-sea","Seattle-Tacoma International Airport (SEA) — airport guide · Originfacts","","https://www.originfacts.com/airports/seattle-sea"
"ok","200","airport","1940","500","https://www.originfacts.com/airports/lima","Jorge Chavez International Airport (LIM) — airport guide · Originfacts","","https://www.originfacts.com/airports/lima"
"ok","200","airport","1944","500","https://www.originfacts.com/airports/kuala-lumpur-kul","Kuala Lumpur International Airport (KUL) — airport guide · Originfacts","","https://www.originfacts.com/airports/kuala-lumpur-kul"
"ok","200","airline","1949","500","https://www.originfacts.com/airlines/thai-airways","THAI Airways · Originfacts","","https://www.originfacts.com/airlines/thai-airways"
"ok","200","airport","1951","500","https://www.originfacts.com/airports/kuwait","Kuwait International Airport (KWI) — airport guide · Originfacts","","https://www.originfacts.com/airports/kuwait"
"ok","200","airport","1951","500","https://www.originfacts.com/airports/toronto-yyz","Pearson International Airport (YYZ) — airport guide · Originfacts","","https://www.originfacts.com/airports/toronto-yyz"
"ok","200","airport","1952","500","https://www.originfacts.com/airports/madrid","Adolfo Suarez Madrid-Barajas Airport (MAD) — airport guide · Originfacts","","https://www.originfacts.com/airports/madrid"
"ok","200","airport","1956","500","https://www.originfacts.com/airports/rio-de-janeiro","Galeao Antonio Carlos Jobim International Airport (GIG) — airport guide · Originfacts","","https://www.originfacts.com/airports/rio-de-janeiro"
"ok","200","airline","1968","500","https://www.originfacts.com/airlines/iberia","Iberia · Originfacts","","https://www.originfacts.com/airlines/iberia"
"ok","200","airline","1971","500","https://www.originfacts.com/airlines/aeroflot","Aeroflot · Originfacts","","https://www.originfacts.com/airlines/aeroflot"
"ok","200","article","1972","700","https://www.originfacts.com/articles/best-time-to-book-cheap-car-rentals-for-maximum-savings","Best Time to Book Cheap Car Rentals for Maximum Savings · Originfacts","","https://www.originfacts.com/articles/best-time-to-book-cheap-car-rentals-for-maximum-savings"
"ok","200","airline","1973","500","https://www.originfacts.com/airlines/austrian-airlines","Austrian Airlines · Originfacts","","https://www.originfacts.com/airlines/austrian-airlines"
"ok","200","airport","1975","500","https://www.originfacts.com/airports/sao-paulo","Sao Paulo-Guarulhos International Airport (GRU) — airport guide · Originfacts","","https://www.originfacts.com/airports/sao-paulo"
"ok","200","airport","1979","500","https://www.originfacts.com/airports/hong-kong","Hong Kong International Airport (HKG) — airport guide · Originfacts","","https://www.originfacts.com/airports/hong-kong"
"ok","200","airport","1980","500","https://www.originfacts.com/airports/dallas-dfw","Dallas/Fort Worth International Airport (DFW) — airport guide · Originfacts","","https://www.originfacts.com/airports/dallas-dfw"
"ok","200","airport","1999","500","https://www.originfacts.com/airports/copenhagen","Copenhagen Airport (CPH) — airport guide · Originfacts","","https://www.originfacts.com/airports/copenhagen"
"ok","200","airline","2007","500","https://www.originfacts.com/airlines/sas-scandinavian","SAS Scandinavian · Originfacts","","https://www.originfacts.com/airlines/sas-scandinavian"
"ok","200","airport","2007","500","https://www.originfacts.com/airports/mexico-city-mex","Benito Juarez International Airport (MEX) — airport guide · Originfacts","","https://www.originfacts.com/airports/mexico-city-mex"
"ok","200","airport","2007","500","https://www.originfacts.com/airports/sydney","Sydney (Kingsford Smith) Airport (SYD) — airport guide · Originfacts","","https://www.originfacts.com/airports/sydney"
"ok","200","airport","2007","500","https://www.originfacts.com/airports/tokyo-nrt","Narita International Airport (NRT) — airport guide · Originfacts","","https://www.originfacts.com/airports/tokyo-nrt"
"ok","200","airport","2008","500","https://www.originfacts.com/airports/san-francisco","San Francisco International Airport (SFO) — airport guide · Originfacts","","https://www.originfacts.com/airports/san-francisco"
"ok","200","airport","2008","500","https://www.originfacts.com/airports/tel-aviv-yafo","Ben Gurion International Airport (TLV) — airport guide · Originfacts","","https://www.originfacts.com/airports/tel-aviv-yafo"
"ok","200","article","2009","700","https://www.originfacts.com/articles/cheap-car-rentals-avoid-hidden-fees","Cheap Car Rentals: How to Avoid Hidden Fees Every Time · Originfacts","","https://www.originfacts.com/articles/cheap-car-rentals-avoid-hidden-fees"
"ok","200","airline","2010","500","https://www.originfacts.com/airlines/swiss","SWISS · Originfacts","","https://www.originfacts.com/airlines/swiss"
"ok","200","airport","2010","500","https://www.originfacts.com/airports/vienna","Vienna International Airport (VIE) — airport guide · Originfacts","","https://www.originfacts.com/airports/vienna"
"ok","200","article","2012","700","https://www.originfacts.com/articles/what-to-pack-for-thailand-travel","What to Pack for Thailand: The Complete Travel Checklist · Originfacts","","https://www.originfacts.com/articles/what-to-pack-for-thailand-travel"
"ok","200","article","2015","700","https://www.originfacts.com/articles/cosy-uk-countryside-hotels-2026","12 Cosy UK Countryside Hotels Worth Booking in 2026 · Originfacts","","https://www.originfacts.com/articles/cosy-uk-countryside-hotels-2026"
"ok","200","airport","2016","500","https://www.originfacts.com/airports/guangzhou","Guangzhou Baiyun International Airport (CAN) — airport guide · Originfacts","","https://www.originfacts.com/airports/guangzhou"
"ok","200","airport","2017","500","https://www.originfacts.com/airports/helsinki","Helsinki-Vantaa Airport (HEL) — airport guide · Originfacts","","https://www.originfacts.com/airports/helsinki"
"ok","200","airline","2020","500","https://www.originfacts.com/airlines/all-nippon-airways","All Nippon Airways · Originfacts","","https://www.originfacts.com/airlines/all-nippon-airways"
"ok","200","airport","2021","500","https://www.originfacts.com/airports/barcelona-bcn","Barcelona-El Prat Airport (BCN) — airport guide · Originfacts","","https://www.originfacts.com/airports/barcelona-bcn"
"ok","200","airline","2023","500","https://www.originfacts.com/airlines/turkish-airlines","Turkish Airlines · Originfacts","","https://www.originfacts.com/airlines/turkish-airlines"
"ok","200","airline","2027","500","https://www.originfacts.com/airlines/air-china","Air China · Originfacts","","https://www.originfacts.com/airlines/air-china"
"ok","200","airport","2027","500","https://www.originfacts.com/airports/cairo-cai","Cairo International Airport (CAI) — airport guide · Originfacts","","https://www.originfacts.com/airports/cairo-cai"
"ok","200","airport","2030","500","https://www.originfacts.com/airports/seoul-icn","Incheon International Airport (ICN) — airport guide · Originfacts","","https://www.originfacts.com/airports/seoul-icn"
"ok","200","airport","2032","500","https://www.originfacts.com/airports/jeddah","King Abdulaziz International Airport (JED) — airport guide · Originfacts","","https://www.originfacts.com/airports/jeddah"
"ok","200","airport","2034","500","https://www.originfacts.com/airports/berlin","Brandenburg (BER) — airport guide · Originfacts","","https://www.originfacts.com/airports/berlin"
"ok","200","article","2034","700","https://www.originfacts.com/articles/best-hotels-bangkok-thailand-every-budget","Best Hotels in Bangkok for Every Budget (2025 Guide) · Originfacts","","https://www.originfacts.com/articles/best-hotels-bangkok-thailand-every-budget"
"ok","200","airport","2036","500","https://www.originfacts.com/airports/chengdu-ctu","Chengdu Shuangliu International Airport (CTU) — airport guide · Originfacts","","https://www.originfacts.com/airports/chengdu-ctu"
"ok","200","article","2036","700","https://www.originfacts.com/articles/qantas-domestic-flights-review-comparison-australia","Qantas Domestic Flights: Honest Review vs Virgin & Jetstar · Originfacts","","https://www.originfacts.com/articles/qantas-domestic-flights-review-comparison-australia"
"ok","200","airport","2037","500","https://www.originfacts.com/airports/oslo-osl","Oslo Airport Gardermoen (OSL) — airport guide · Originfacts","","https://www.originfacts.com/airports/oslo-osl"
"ok","200","airport","2039","500","https://www.originfacts.com/airports/istanbul-ist","Istanbul New Airport (IST) — airport guide · Originfacts","","https://www.originfacts.com/airports/istanbul-ist"
"ok","200","article","2039","700","https://www.originfacts.com/articles/where-to-stay-in-bali-best-hotels-every-budget","Where to Stay in Bali: Best Hotels for Every Budget 2025 · Originfacts","","https://www.originfacts.com/articles/where-to-stay-in-bali-best-hotels-every-budget"
"ok","200","article","2042","700","https://www.originfacts.com/articles/cheap-flights-to-bali-avoid-hidden-fees","Cheap Flights to Bali: Avoid Hidden Fees and Book Smart · Originfacts","","https://www.originfacts.com/articles/cheap-flights-to-bali-avoid-hidden-fees"
"ok","200","airport","2044","500","https://www.originfacts.com/airports/casablanca","Mohamed V International Airport (CMN) — airport guide · Originfacts","","https://www.originfacts.com/airports/casablanca"
"ok","200","airport","2045","500","https://www.originfacts.com/airports/singapore-sin","Changi International Airport (SIN) — airport guide · Originfacts","","https://www.originfacts.com/airports/singapore-sin"
"ok","200","airport","2046","500","https://www.originfacts.com/airports/shanghai-pvg","Shanghai Pudong International Airport (PVG) — airport guide · Originfacts","","https://www.originfacts.com/airports/shanghai-pvg"
"ok","200","airport","2046","500","https://www.originfacts.com/airports/warsaw-waw","Frederic Chopin Airport (WAW) — airport guide · Originfacts","","https://www.originfacts.com/airports/warsaw-waw"
"ok","200","airline","2050","500","https://www.originfacts.com/airlines/china-southern-airlines","China Southern Airlines · Originfacts","","https://www.originfacts.com/airlines/china-southern-airlines"
"ok","200","airport","2051","500","https://www.originfacts.com/airports/colombo","Bandaranaike International Airport (CMB) — airport guide · Originfacts","","https://www.originfacts.com/airports/colombo"
"ok","200","airport","2052","500","https://www.originfacts.com/airports/new-york-jfk","John F. Kennedy International Airport (JFK) — airport guide · Originfacts","","https://www.originfacts.com/airports/new-york-jfk"
"ok","200","airport","2059","500","https://www.originfacts.com/airports/beijing-pek","Beijing Capital International Airport (PEK) — airport guide · Originfacts","","https://www.originfacts.com/airports/beijing-pek"
"ok","200","article","2060","700","https://www.originfacts.com/articles/cheap-flights-to-australia-2026","Cheap Flights to Australia 2026: 7 Tricks That Actually Work · Originfacts","","https://www.originfacts.com/articles/cheap-flights-to-australia-2026"
"ok","200","airport","2061","500","https://www.originfacts.com/airports/athens","Eleftherios Venizelos International Airport (ATH) — airport guide · Originfacts","","https://www.originfacts.com/airports/athens"
"ok","200","airport","2062","500","https://www.originfacts.com/airports/zurich","Zurich Airport (ZRH) — airport guide · Originfacts","","https://www.originfacts.com/airports/zurich"
"ok","200","airport","2063","500","https://www.originfacts.com/airports/cancun","Cancun International Airport (CUN) — airport guide · Originfacts","","https://www.originfacts.com/airports/cancun"
"ok","200","airport","2065","500","https://www.originfacts.com/airports/panama-city-pty","Tocumen International Airport (PTY) — airport guide · Originfacts","","https://www.originfacts.com/airports/panama-city-pty"
"ok","200","airport","2067","500","https://www.originfacts.com/airports/munich-muc","Franz Josef Strauss Airport (MUC) — airport guide · Originfacts","","https://www.originfacts.com/airports/munich-muc"
"ok","200","article","2067","700","https://www.originfacts.com/articles/cheap-bangkok-flights-2026-insider-tricks","7 Insider Tricks for Cheap Bangkok Flights in 2026 · Originfacts","","https://www.originfacts.com/articles/cheap-bangkok-flights-2026-insider-tricks"
"ok","200","article","2068","700","https://www.originfacts.com/articles/best-london-boutique-hotels-2026-city-break","Best London Boutique Hotels for a 2026 City Break · Originfacts","","https://www.originfacts.com/articles/best-london-boutique-hotels-2026-city-break"
"ok","200","airport","2072","500","https://www.originfacts.com/airports/amsterdam","Amsterdam Airport Schiphol (AMS) — airport guide · Originfacts","","https://www.originfacts.com/airports/amsterdam"
"ok","200","airport","2073","500","https://www.originfacts.com/airports/geneva","Geneve Airport (GVA) — airport guide · Originfacts","","https://www.originfacts.com/airports/geneva"
"ok","200","airport","2075","500","https://www.originfacts.com/airports/dublin","Dublin Airport (DUB) — airport guide · Originfacts","","https://www.originfacts.com/airports/dublin"
"ok","200","airport","2076","500","https://www.originfacts.com/airports/shenzhen","Shenzhen Bao&#x27;an International Airport (SZX) — airport guide · Originfacts","","https://www.originfacts.com/airports/shenzhen"
"ok","200","airport","2076","500","https://www.originfacts.com/airports/taipei-tpe","Taiwan Taoyuan International Airport (TPE) — airport guide · Originfacts","","https://www.originfacts.com/airports/taipei-tpe"
"ok","200","article","2077","700","https://www.originfacts.com/articles/airport-vs-city-car-rentals-which-saves-money","Airport vs City Car Rentals: Which Saves You More Money? · Originfacts","","https://www.originfacts.com/articles/airport-vs-city-car-rentals-which-saves-money"
"ok","200","airport","2078","500","https://www.originfacts.com/airports/bogota","El Dorado International Airport (BOG) — airport guide · Originfacts","","https://www.originfacts.com/airports/bogota"
"ok","200","airport","2078","500","https://www.originfacts.com/airports/kathmandu","Tribhuvan International Airport (KTM) — airport guide · Originfacts","","https://www.originfacts.com/airports/kathmandu"
"ok","200","airport","2078","500","https://www.originfacts.com/airports/paris-ory","Paris Orly Airport (ORY) — airport guide · Originfacts","","https://www.originfacts.com/airports/paris-ory"
"ok","200","airport","2080","500","https://www.originfacts.com/airports/lagos","Murtala Muhammed International Airport (LOS) — airport guide · Originfacts","","https://www.originfacts.com/airports/lagos"
"ok","200","article","2083","700","https://www.originfacts.com/articles/australia-road-trip-car-rentals-2026","Best Australia Road Trip Car Rentals 2026: Book Early Guide · Originfacts","","https://www.originfacts.com/articles/australia-road-trip-car-rentals-2026"
"ok","200","article","2087","700","https://www.originfacts.com/articles/beat-crowds-angkor-wat-smart-tricks","7 Smart Tricks to Beat Crowds at Angkor Wat · Originfacts","","https://www.originfacts.com/articles/beat-crowds-angkor-wat-smart-tricks"
"ok","200","article","2089","700","https://www.originfacts.com/articles/best-airport-hotels-near-perth-airport","Best Airport Hotels Near Perth Airport (PER) 2024 · Originfacts","","https://www.originfacts.com/articles/best-airport-hotels-near-perth-airport"
"ok","200","airport","2092","500","https://www.originfacts.com/airports/algiers","Houari Boumediene Airport (ALG) — airport guide · Originfacts","","https://www.originfacts.com/airports/algiers"
"ok","200","airport","2093","500","https://www.originfacts.com/airports/dusseldorf-dus","Dusseldorf International Airport (DUS) — airport guide · Originfacts","","https://www.originfacts.com/airports/dusseldorf-dus"
"ok","200","article","2093","700","https://www.originfacts.com/articles/best-time-book-sydney-flights-2026","Best Time to Book Sydney Flights in 2026 (Honest Guide) · Originfacts","","https://www.originfacts.com/articles/best-time-book-sydney-flights-2026"
"ok","200","article","2098","700","https://www.originfacts.com/articles/jakarta-hotel-gems-locals-love-2026","5 Jakarta Hotels Locals Actually Love in 2026 · Originfacts","","https://www.originfacts.com/articles/jakarta-hotel-gems-locals-love-2026"
"ok","200","airline","2099","500","https://www.originfacts.com/airlines/qatar-airways","Qatar Airways · Originfacts","","https://www.originfacts.com/airlines/qatar-airways"
"ok","200","article","2107","700","https://www.originfacts.com/articles/cheap-flights-to-tokyo-best-booking-strategies","Cheap Flights to Tokyo: Best Booking Strategies · Originfacts","","https://www.originfacts.com/articles/cheap-flights-to-tokyo-best-booking-strategies"
"ok","200","airline","2112","500","https://www.originfacts.com/airlines/air-canada","Air Canada · Originfacts","","https://www.originfacts.com/airlines/air-canada"
"ok","200","airport","2112","500","https://www.originfacts.com/airports/london-lgw","London Gatwick Airport (LGW) — airport guide · Originfacts","","https://www.originfacts.com/airports/london-lgw"
"ok","200","airport","2113","500","https://www.originfacts.com/airports/chicago-ord","O&#x27;Hare International Airport (ORD) — airport guide · Originfacts","","https://www.originfacts.com/airports/chicago-ord"
"ok","200","airport","2114","500","https://www.originfacts.com/airports/riyadh","King Khaled International Airport (RUH) — airport guide · Originfacts","","https://www.originfacts.com/airports/riyadh"
"ok","200","article","2115","700","https://www.originfacts.com/articles/carry-on-only-packing-tips","Carry-On Only Packing: Travel Light, Forget Nothing · Originfacts","","https://www.originfacts.com/articles/carry-on-only-packing-tips"
"ok","200","airport","2116","500","https://www.originfacts.com/airports/stockholm-arn","Stockholm Arlanda Airport (ARN) — airport guide · Originfacts","","https://www.originfacts.com/airports/stockholm-arn"
"ok","200","article","2117","700","https://www.originfacts.com/articles/melbourne-flights-under-900-return-2026","Fly to Melbourne for Under $900 Return in 2026: Full Guide · Originfacts","","https://www.originfacts.com/articles/melbourne-flights-under-900-return-2026"
"ok","200","airline","2127","500","https://www.originfacts.com/airlines/china-eastern","China Eastern · Originfacts","","https://www.originfacts.com/airlines/china-eastern"
"ok","200","airport","2127","500","https://www.originfacts.com/airports/prague","Vaclav Havel Airport Prague (PRG) — airport guide · Originfacts","","https://www.originfacts.com/airports/prague"
"ok","200","airport","2130","500","https://www.originfacts.com/airports/los-angeles-lax","Los Angeles International Airport (LAX) — airport guide · Originfacts","","https://www.originfacts.com/airports/los-angeles-lax"
"ok","200","airport","2132","500","https://www.originfacts.com/airports/houston-iah","George Bush Intercontinental Airport (IAH) — airport guide · Originfacts","","https://www.originfacts.com/airports/houston-iah"
"ok","200","article","2133","700","https://www.originfacts.com/articles/beat-bangkok-heat-crowds-2026","Beat Bangkok&#x27;s Heat and Crowds Like a Pro in 2026 · Originfacts","","https://www.originfacts.com/articles/beat-bangkok-heat-crowds-2026"
"ok","200","article","2134","700","https://www.originfacts.com/articles/digital-detox-travel-guide-unplug-maps-tickets","Digital Detox Travel Guide: Unplug, Keep Maps & Tickets · Originfacts","","https://www.originfacts.com/articles/digital-detox-travel-guide-unplug-maps-tickets"
"ok","200","article","2135","700","https://www.originfacts.com/articles/budget-bangkok-travel-hacks-2026","Budget Bangkok Travel Hacks for 2026: Save More, See More · Originfacts","","https://www.originfacts.com/articles/budget-bangkok-travel-hacks-2026"
"ok","200","article","2135","700","https://www.originfacts.com/articles/renting-a-car-in-japan-save-money-self-drive","Renting a Car in Japan: Save Money on Self-Drive Tours · Originfacts","","https://www.originfacts.com/articles/renting-a-car-in-japan-save-money-self-drive"
"ok","200","article","2136","700","https://www.originfacts.com/articles/melbourne-design-hotels-opening-2026","Melbourne&#x27;s 7 Best New Design Hotels Opening in 2026 · Originfacts","","https://www.originfacts.com/articles/melbourne-design-hotels-opening-2026"
"ok","200","airport","2141","500","https://www.originfacts.com/airports/atlanta-atl","Hartsfield-Jackson Atlanta International Airport (ATL) — airport guide · Originfacts","","https://www.originfacts.com/airports/atlanta-atl"
"ok","200","article","2143","700","https://www.originfacts.com/articles/bangkok-car-rentals-2026-top-agencies","Bangkok Car Rentals 2026: 7 Best Agencies to Book · Originfacts","","https://www.originfacts.com/articles/bangkok-car-rentals-2026-top-agencies"
"ok","200","article","2143","700","https://www.originfacts.com/articles/cheap-hotels-tokyo-best-areas-budget-travelers","Cheap Hotels in Tokyo: Best Areas for Budget Travelers · Originfacts","","https://www.originfacts.com/articles/cheap-hotels-tokyo-best-areas-budget-travelers"
"ok","200","article","2147","700","https://www.originfacts.com/articles/pack-smarter-southeast-asia-adventures-2026","How to Pack Smart for Southeast Asia Adventures in 2026 · Originfacts","","https://www.originfacts.com/articles/pack-smarter-southeast-asia-adventures-2026"
"ok","200","article","2153","700","https://www.originfacts.com/articles/airport-vs-city-car-rentals-cheaper","Airport vs City Car Rentals: Which Is Cheaper in 2024? · Originfacts","","https://www.originfacts.com/articles/airport-vs-city-car-rentals-cheaper"
"ok","200","article","2159","700","https://www.originfacts.com/articles/direct-flights-australia-2026-new-routes","Direct Flights to Australia 2026: Best New Routes & Fares · Originfacts","","https://www.originfacts.com/articles/direct-flights-australia-2026-new-routes"
"ok","200","article","2160","700","https://www.originfacts.com/articles/when-to-book-bangkok-flights-2026","When to Book Bangkok Flights in 2026 for Big Savings · Originfacts","","https://www.originfacts.com/articles/when-to-book-bangkok-flights-2026"
"ok","200","article","2162","700","https://www.originfacts.com/articles/renting-car-australia-2026-first-timer-tips","Renting a Car in Australia 2026: 7 First-Timer Tips · Originfacts","","https://www.originfacts.com/articles/renting-car-australia-2026-first-timer-tips"
"ok","200","article","2168","700","https://www.originfacts.com/articles/best-airlines-bangkok-2026","Best Airlines to Fly to Bangkok in 2026: Honest Picks · Originfacts","","https://www.originfacts.com/articles/best-airlines-bangkok-2026"
"ok","200","airport","2170","500","https://www.originfacts.com/airports/hyderabad","Rajiv Gandhi International Airport (HYD) — airport guide · Originfacts","","https://www.originfacts.com/airports/hyderabad"
"ok","200","airport","2181","500","https://www.originfacts.com/airports/ho-chi-minh-city","Tan Son Nhat International Airport (SGN) — airport guide · Originfacts","","https://www.originfacts.com/airports/ho-chi-minh-city"
"ok","200","article","2184","700","https://www.originfacts.com/articles/rent-a-car-bangkok-2026-guide","How to Rent a Car in Bangkok in 2026: The Stress-Free Guide · Originfacts","","https://www.originfacts.com/articles/rent-a-car-bangkok-2026-guide"
"ok","200","article","2187","700","https://www.originfacts.com/articles/best-apps-websites-cheap-hotels","Best Apps & Websites for Cheap Hotels in 2025 (Tested) · Originfacts","","https://www.originfacts.com/articles/best-apps-websites-cheap-hotels"
"ok","200","airport","2196","500","https://www.originfacts.com/airports/bangkok-bkk","Suvarnabhumi Airport (BKK) — airport guide · Originfacts","","https://www.originfacts.com/airports/bangkok-bkk"
"ok","200","article","2196","700","https://www.originfacts.com/articles/cheapest-flights-to-uk-2026","7 Cheapest Flights to the UK Worth Booking in 2026 · Originfacts","","https://www.originfacts.com/articles/cheapest-flights-to-uk-2026"
"ok","200","article","2196","700","https://www.originfacts.com/articles/navigate-remote-mekong-villages-like-a-pro-2026","Remote Mekong Villages: Complete Travel Guide for 2026 · Originfacts","","https://www.originfacts.com/articles/navigate-remote-mekong-villages-like-a-pro-2026"
"ok","200","article","2198","700","https://www.originfacts.com/articles/bangkok-travel-tips-first-timer-2026","15 Bangkok Travel Tips Every First-Timer Needs in 2026 · Originfacts","","https://www.originfacts.com/articles/bangkok-travel-tips-first-timer-2026"
"ok","200","article","2201","700","https://www.originfacts.com/articles/australia-beach-hotels-2026","12 Best Australia Beach Hotels to Book for 2026 · Originfacts","","https://www.originfacts.com/articles/australia-beach-hotels-2026"
"ok","200","article","2203","700","https://www.originfacts.com/articles/brisbane-friendliest-boutique-hotels-2026","Brisbane&#x27;s 7 Best Boutique Hotels to Book in 2026 · Originfacts","","https://www.originfacts.com/articles/brisbane-friendliest-boutique-hotels-2026"
"ok","200","article","2204","700","https://www.originfacts.com/articles/best-self-drive-routes-from-bangkok-2026","Best Self-Drive Routes From Bangkok to Explore in 2026 · Originfacts","","https://www.originfacts.com/articles/best-self-drive-routes-from-bangkok-2026"
"ok","200","article","2220","700","https://www.originfacts.com/articles/family-friendly-gold-coast-hotels-2026","8 Best Family-Friendly Gold Coast Hotels for 2026 · Originfacts","","https://www.originfacts.com/articles/family-friendly-gold-coast-hotels-2026"
"ok","200","article","2235","700","https://www.originfacts.com/articles/qantas-vs-virgin-australia-2026","Qantas vs Virgin Australia 2026: Which Airline Wins? · Originfacts","","https://www.originfacts.com/articles/qantas-vs-virgin-australia-2026"
"ok","200","article","2236","700","https://www.originfacts.com/articles/sydney-best-boutique-hotels-2026","Sydney&#x27;s 9 Best Boutique Hotels for 2026 (Honest Picks) · Originfacts","","https://www.originfacts.com/articles/sydney-best-boutique-hotels-2026"
"ok","200","article","2238","700","https://www.originfacts.com/articles/seaside-uk-hotels-coastal-views-2026","9 Best Seaside UK Hotels With Coastal Views for 2026 · Originfacts","","https://www.originfacts.com/articles/seaside-uk-hotels-coastal-views-2026"
"ok","200","airline","2250","500","https://www.originfacts.com/airlines/british-airways","British Airways · Originfacts","","https://www.originfacts.com/airlines/british-airways"
"ok","200","article","2256","700","https://www.originfacts.com/articles/budget-friendly-perth-trip-planning-guide","Budget-Friendly Perth Trip: Real Costs & Hotel Picks (2024) · Originfacts","","https://www.originfacts.com/articles/budget-friendly-perth-trip-planning-guide"
"ok","200","airport","2276","500","https://www.originfacts.com/airports/london-lhr","London Heathrow Airport (LHR) — airport guide · Originfacts","","https://www.originfacts.com/airports/london-lhr"
"ok","200","airline","2293","500","https://www.originfacts.com/airlines/klm-royal-dutch-airlines","KLM Royal Dutch Airlines · Originfacts","","https://www.originfacts.com/airlines/klm-royal-dutch-airlines"
"ok","200","article","2293","700","https://www.originfacts.com/articles/cross-5-southeast-asian-borders-stress-free-2026","Cross 5 Southeast Asian Borders Stress-Free in 2026 · Originfacts","","https://www.originfacts.com/articles/cross-5-southeast-asian-borders-stress-free-2026"
"ok","200","article","2293","700","https://www.originfacts.com/articles/top-10-outback-lodges-australia-2026","Top 10 Australian Outback Lodges Worth Visiting in 2026 · Originfacts","","https://www.originfacts.com/articles/top-10-outback-lodges-australia-2026"
"ok","200","article","2314","700","https://www.originfacts.com/articles/cheap-flights-for-families-save-on-group-travel","Cheap Flights for Families · Originfacts","","https://www.originfacts.com/articles/cheap-flights-for-families-save-on-group-travel"
"ok","200","airline","2367","500","https://www.originfacts.com/airlines/american-airlines","American Airlines · Originfacts","","https://www.originfacts.com/airlines/american-airlines"
"ok","200","airline","2368","500","https://www.originfacts.com/airlines/ita-airways","ITA Airways · Originfacts","","https://www.originfacts.com/airlines/ita-airways"
"ok","200","airline","2446","500","https://www.originfacts.com/airlines/air-france","Air France · Originfacts","","https://www.originfacts.com/airlines/air-france"
"ok","200","airline","2469","500","https://www.originfacts.com/airlines/lufthansa","Lufthansa · Originfacts","","https://www.originfacts.com/airlines/lufthansa"
"ok","200","airline","2583","500","https://www.originfacts.com/airlines/delta-air-lines","Delta Air Lines · Originfacts","","https://www.originfacts.com/airlines/delta-air-lines"
"ok","200","static","2641","300","https://www.originfacts.com/legal/terms","Terms of Use — Originfacts · Originfacts","","https://www.originfacts.com"
"ok","200","airline","2833","500","https://www.originfacts.com/airlines/united-airlines","United Airlines · Originfacts","","https://www.originfacts.com/airlines/united-airlines"
"ok","200","static","2981","300","https://www.originfacts.com/legal/privacy","Privacy Policy — Originfacts · Originfacts","","https://www.originfacts.com"
