carrier_key,name,iata,country,type,in_fetch_manifest,locale,band,region,official_website,help_root,baggage_checked_url,baggage_carryon_url,baggage_fees_url,fare_conditions_url,checkin_url,conditions_of_carriage_url,article_selector,has_capture_folder,latest_capture_set,ok_pages,failed_pages,has_candidates,has_fact_file,has_review_file,prefilled_conditions_url,missing_fields,notes
40-mile-air,40-Mile Air,Q5,United States,Scheduled,no,,,,,,,,,,,,,no,,0,0,no,no,no,,locale;region;baggage_checked_url;baggage_carryon_url;baggage_fees_url;fare_conditions_url;checkin_url;conditions_of_carriage_url;article_selector,
9-air,9 Air,AQ,China,Low-cost,no,,,,,,,,,,,,,no,,0,0,no,no,no,,locale;region;baggage_checked_url;baggage_carryon_url;baggage_fees_url;fare_conditions_url;checkin_url;conditions_of_carriage_url;article_selector,
abx-air-inc,"ABX Air, Inc.",GB,United States,Scheduled,no,,,,,,,,,,,,,no,,0,0,no,yes,no,,locale;region;baggage_checked_url;baggage_carryon_url;baggage_fees_url;fare_conditions_url;checkin_url;conditions_of_carriage_url;article_selector,
act-havayollari-as,ACT Havayollari A.S.,9T,Turkey,Scheduled,no,,,,,,,,,,,,,no,,0,0,no,no,no,,locale;region;baggage_checked_url;baggage_carryon_url;baggage_fees_url;fare_conditions_url;checkin_url;conditions_of_carriage_url;article_selector,
ahk-air-hong-kong-limited,AHK Air Hong Kong Limited,LD,Hong Kong,Scheduled,no,,,,,,,,,,,,,no,,0,0,no,yes,no,,locale;region;baggage_checked_url;baggage_carryon_url;baggage_fees_url;fare_conditions_url;checkin_url;conditions_of_carriage_url;article_selector,
ais-airlines,AIS Airlines,0C,Netherlands,Scheduled,no,,,,,,,,,,,,,no,,0,0,no,no,no,,locale;region;baggage_checked_url;baggage_carryon_url;baggage_fees_url;fare_conditions_url;checkin_url;conditions_of_carriage_url;article_selector,
aix-connect,AIX Connect,I5,India,Low-cost,no,,,,,,,,,,,,,no,,0,0,no,no,no,,locale;region;baggage_checked_url;baggage_carryon_url;baggage_fees_url;fare_conditions_url;checkin_url;conditions_of_carriage_url;article_selector,
alpavia,ALPAVIA,AL,United States,Low-cost,no,,,,,,,,,,,,,no,,0,0,no,no,no,,locale;region;baggage_checked_url;baggage_carryon_url;baggage_fees_url;fare_conditions_url;checkin_url;conditions_of_carriage_url;article_selector,
alrosa,ALROSA,6R,Russia,Scheduled,no,,,,,,,,,,,,,no,,0,0,no,no,no,,locale;region;baggage_checked_url;baggage_carryon_url;baggage_fees_url;fare_conditions_url;checkin_url;conditions_of_carriage_url;article_selector,
ana-wings,ANA Wings,EH,Japan,Scheduled,yes,en,manual-priority,Asia,https://www.ana.co.jp,,,,,,,https://www.ana.co.jp/en/gb/siteinfo/international/conditions-of-carriage/,,yes,2026-09-03,0,1,no,yes,no,https://www.ana.co.jp/en/gb/siteinfo/international/conditions-of-carriage/,baggage_checked_url;baggage_carryon_url;baggage_fees_url;fare_conditions_url;checkin_url;article_selector,1/6 urls imported from filled priority CSV
apa-guam,APA Guam,P9,Guam,Scheduled,no,,,,,,,,,,,,,no,,0,0,no,no,no,,locale;region;baggage_checked_url;baggage_carryon_url;baggage_fees_url;fare_conditions_url;checkin_url;conditions_of_carriage_url;article_selector,
apg-airlines,APG Airlines,GP,France,Scheduled,no,,,,https://back-apgairlines.orchestra-platform.com,,,,,,,,,no,,0,0,no,no,no,https://back-apgairlines.orchestra-platform.com/admin/TS/fckUserFiles/Content_File/carriage_conditions_APGAirlines_EN.pdf,locale;region;baggage_checked_url;baggage_carryon_url;baggage_fees_url;fare_conditions_url;checkin_url;conditions_of_carriage_url;article_selector,
arincaeronautical-radio-inc,"ARINC(Aeronautical Radio, Inc.)",XA,United States,Scheduled,no,,,,,,,,,,,,,no,,0,0,no,no,no,,locale;region;baggage_checked_url;baggage_carryon_url;baggage_fees_url;fare_conditions_url;checkin_url;conditions_of_carriage_url;article_selector,
as-salaam-air,AS SALAAM AIR,0W,Tanzania,Scheduled,no,,,,,,,,,,,,,no,,0,0,no,no,no,,locale;region;baggage_checked_url;baggage_carryon_url;baggage_fees_url;fare_conditions_url;checkin_url;conditions_of_carriage_url;article_selector,
asky-airlines,ASKY Airlines,KP,Togo,Scheduled,no,,,,https://www.flyasky.com,,,,,,,,,no,,0,0,no,no,no,https://www.flyasky.com/aa/en/plan,locale;region;baggage_checked_url;baggage_carryon_url;baggage_fees_url;fare_conditions_url;checkin_url;conditions_of_carriage_url;article_selector,
asl-airlines-france,ASL Airlines France,5O,France,Scheduled,yes,en,manual-priority,Europe,https://www.aslairlines.fr,,https://www.aslairlines.fr/en/travel-information/prepare-your-trip/luggage,https://www.aslairlines.fr/en/travellers-information/prepare-your-trip/your-baggage,https://www.aslairlines.fr/en/travel-information/prepare-your-trip/luggage,,,https://www.aslairlines.fr/wp-content/uploads/2013/04/190219-GAL-CONDITIONS-OF-CARRIAGE-2019-1.pdf,,yes,2026-09-03,0,4,no,yes,no,https://www.aslairlines.fr/wp-content/uploads/2013/04/190219-GAL-CONDITIONS-OF-CARRIAGE-2019-1.pdf,fare_conditions_url;checkin_url;article_selector,4/6 urls imported from filled priority CSV
asl-airlines-ireland,ASL Airlines Ireland,5H,Ireland,Low-cost,no,,,,,,,,,,,,,no,,0,0,no,no,no,,locale;region;baggage_checked_url;baggage_carryon_url;baggage_fees_url;fare_conditions_url;checkin_url;conditions_of_carriage_url;article_selector,
asl-airways,ASL Airways,3V,Belgium,Scheduled,no,,,,,,,,,,,,,no,,0,0,no,no,no,,locale;region;baggage_checked_url;baggage_carryon_url;baggage_fees_url;fare_conditions_url;checkin_url;conditions_of_carriage_url;article_selector,
atsa-airlines,ATSA Airlines,4A,Peru,Low-cost,no,,,,,,,,,,,,,no,,0,0,no,no,no,,locale;region;baggage_checked_url;baggage_carryon_url;baggage_fees_url;fare_conditions_url;checkin_url;conditions_of_carriage_url;article_selector,
azur-air,AZUR Air,ZF,Russia,Scheduled,no,,,,,,,,,,,,,no,,0,0,no,no,no,,locale;region;baggage_checked_url;baggage_carryon_url;baggage_fees_url;fare_conditions_url;checkin_url;conditions_of_carriage_url;article_selector,
abacus-international-pte-ltd,Abacus International Pte. Ltd.,1B,Singapore,Scheduled,no,,,,,,,,,,,,,no,,0,0,no,no,no,,locale;region;baggage_checked_url;baggage_carryon_url;baggage_fees_url;fare_conditions_url;checkin_url;conditions_of_carriage_url;article_selector,
accesrail,AccesRail,9B,Canada,Scheduled,no,,,,,,,,,,,,,no,,0,0,no,no,no,,locale;region;baggage_checked_url;baggage_carryon_url;baggage_fees_url;fare_conditions_url;checkin_url;conditions_of_carriage_url;article_selector,
adria-airways,Adria Airways,JP,Slovenia,Scheduled,no,,,,,,,,,,,,,no,,0,0,no,yes,no,,locale;region;baggage_checked_url;baggage_carryon_url;baggage_fees_url;fare_conditions_url;checkin_url;conditions_of_carriage_url;article_selector,
advanced-air,Advanced Air,AN,United States,Scheduled,no,,,,,,,,,,,,,no,,0,0,no,no,no,,locale;region;baggage_checked_url;baggage_carryon_url;baggage_fees_url;fare_conditions_url;checkin_url;conditions_of_carriage_url;article_selector,
aegean-airlines,Aegean Airlines,A3,Greece,Scheduled,yes,en,manual-priority,Europe,https://en.aegeanair.com,,https://en.aegeanair.com/travel-information/baggage/add-baggage,https://en.aegeanair.com/travel-information/baggage/cabin-baggage,https://en.aegeanair.com/travel-information/baggage/add-baggage,,,https://en.aegeanair.com/conditions-notices/conditions-notices/,,yes,2026-09-03,0,4,no,yes,no,https://en.aegeanair.com/conditions-notices/conditions-notices/,fare_conditions_url;checkin_url;article_selector,4/6 urls imported from filled priority CSV
aer-lingus,Aer Lingus,EI,Ireland,Scheduled,yes,en-ie,1b,Europe,https://www.aerlingus.com,,https://www.aerlingus.com/prepare/bags/checked-baggage/,https://www.aerlingus.com/prepare/bags/carry-on-baggage/,https://www.aerlingus.com/prepare/bags/checked-baggage/,https://www.aerlingus.com/legal/conditions-of-carriage/,https://www.aerlingus.com/prepare/check-in-options/online/,https://www.aerlingus.com/legal/conditions-of-carriage/,,yes,2026-09-03,0,6,no,yes,no,https://www.aerlingus.com/support/legal/conditions-of-carriage/,article_selector,6/6 urls
aero-dili,Aero Dili,8G,Timor-Leste,Scheduled,no,,,,,,,,,,,,,no,,0,0,no,no,no,,locale;region;baggage_checked_url;baggage_carryon_url;baggage_fees_url;fare_conditions_url;checkin_url;conditions_of_carriage_url;article_selector,
aero-k,Aero K,RF,South Korea,Low-cost,no,,,,,,,,,,,,,no,,0,0,no,no,no,,locale;region;baggage_checked_url;baggage_carryon_url;baggage_fees_url;fare_conditions_url;checkin_url;conditions_of_carriage_url;article_selector,
aero-mongolia,Aero Mongolia,M0,Mongolia,Scheduled,no,,,,,,,,,,,,,no,,0,0,no,yes,no,,locale;region;baggage_checked_url;baggage_carryon_url;baggage_fees_url;fare_conditions_url;checkin_url;conditions_of_carriage_url;article_selector,
aero-nomad-airlines,Aero Nomad Airlines,KA,Kyrgyzstan,Scheduled,no,,,,,,,,,,,,,no,,0,0,no,no,no,,locale;region;baggage_checked_url;baggage_carryon_url;baggage_fees_url;fare_conditions_url;checkin_url;conditions_of_carriage_url;article_selector,
aero-charter-ukraine,Aero-Charter Ukraine,DW,Ukraine,Scheduled,no,,,,,,,,,,,,,no,,0,0,no,yes,no,,locale;region;baggage_checked_url;baggage_carryon_url;baggage_fees_url;fare_conditions_url;checkin_url;conditions_of_carriage_url;article_selector,
aero-tropics-air-services,Aero-Tropics Air Services,HC,Australia,Scheduled,yes,en-au,manual-priority,Australia/Pacific,https://flyairsenegal.com,,,,,,,https://flyairsenegal.com/en/legal-notice/conditions-of-carriage/,,yes,2026-09-03,0,1,no,yes,no,https://flyairsenegal.com/en/legal-notice/conditions-of-carriage/,baggage_checked_url;baggage_carryon_url;baggage_fees_url;fare_conditions_url;checkin_url;article_selector,1/6 urls imported from filled priority CSV
aeroitalia,AeroItalia,XZ,Italy,Low-cost,no,,,,,,,,,,,,,no,,0,0,no,no,no,,locale;region;baggage_checked_url;baggage_carryon_url;baggage_fees_url;fare_conditions_url;checkin_url;conditions_of_carriage_url;article_selector,
aerolink,AeroLink,A8,Uganda,Scheduled,no,,,,,,,,,,,,,no,,0,0,no,no,no,,locale;region;baggage_checked_url;baggage_carryon_url;baggage_fees_url;fare_conditions_url;checkin_url;conditions_of_carriage_url;article_selector,
aerostan,AeroStan,KW,Kyrgyzstan,Scheduled,no,,,,,,,,,,,,,no,,0,0,no,no,no,,locale;region;baggage_checked_url;baggage_carryon_url;baggage_fees_url;fare_conditions_url;checkin_url;conditions_of_carriage_url;article_selector,
aeroflot,Aeroflot,SU,Russia,Scheduled,yes,en,manual-priority,Europe,https://www.aeroflot.ru,,,,,,,https://www.aeroflot.ru/gb-en/information/legal/contract,,yes,2026-09-03,0,1,no,yes,no,https://www.aeroflot.ru/gb-en/information/legal/contract,baggage_checked_url;baggage_carryon_url;baggage_fees_url;fare_conditions_url;checkin_url;article_selector,1/6 urls imported from filled priority CSV
aerolineas-argentinas,Aerolineas Argentinas,AR,Argentina,Scheduled,no,,,,https://www.aerolineas.com.ar,,,,,,,,,no,,0,0,no,no,no,https://www.aerolineas.com.ar/legales?tab=condicionestransporte,locale;region;baggage_checked_url;baggage_carryon_url;baggage_fees_url;fare_conditions_url;checkin_url;conditions_of_carriage_url;article_selector,
aerolineas-sosa,Aerolineas Sosa,S0,Honduras,Scheduled,no,,,,,,,,,,,,,no,,0,0,no,no,no,,locale;region;baggage_checked_url;baggage_carryon_url;baggage_fees_url;fare_conditions_url;checkin_url;conditions_of_carriage_url;article_selector,
aeromar,Aeromar,VW,Mexico,Scheduled,no,,,,,,,,,,,,,no,,0,0,no,yes,no,,locale;region;baggage_checked_url;baggage_carryon_url;baggage_fees_url;fare_conditions_url;checkin_url;conditions_of_carriage_url;article_selector,
aeromexico-connect,Aeromexico Connect,5D,Mexico,Scheduled,no,,,,https://aeromexico.com,,,,,,,,,no,,0,0,no,no,no,https://aeromexico.com/en-us/legal-information,locale;region;baggage_checked_url;baggage_carryon_url;baggage_fees_url;fare_conditions_url;checkin_url;conditions_of_carriage_url;article_selector,
aeromexico,Aeroméxico,AM,Mexico,Scheduled,yes,en,manual-priority,North America,https://aeromexico.com,,https://www.aeromexico.com/en-us/travel-information/baggage,https://www.aeromexico.com/en/travel-with-aeromexico/baggage/carry-on-bags,https://www.aeromexico.com/en/travel-with-aeromexico/baggage/excess-baggage-charges/index.html,,,https://aeromexico.com/en-us/legal-information,,yes,2026-09-03,0,4,no,yes,no,https://aeromexico.com/en-us/legal-information,fare_conditions_url;checkin_url;article_selector,4/6 urls imported from filled priority CSV
aeronautical-telecommunications-ltdaerotel,Aeronautical Telecommunications Ltd.(AEROTEL),XI,Jamaica,Scheduled,no,,,,,,,,,,,,,no,,0,0,no,no,no,,locale;region;baggage_checked_url;baggage_carryon_url;baggage_fees_url;fare_conditions_url;checkin_url;conditions_of_carriage_url;article_selector,
aeropelican-air-services,Aeropelican Air Services,OT,Australia,Scheduled,no,,,,,,,,,,,,,no,,0,0,no,no,no,,locale;region;baggage_checked_url;baggage_carryon_url;baggage_fees_url;fare_conditions_url;checkin_url;conditions_of_carriage_url;article_selector,
aeroservis,Aeroservis,АЯ,Russia,Scheduled,no,,,,,,,,,,,,,no,,0,0,no,no,no,,locale;region;baggage_checked_url;baggage_carryon_url;baggage_fees_url;fare_conditions_url;checkin_url;conditions_of_carriage_url;article_selector,
aerotranscargo,Aerotranscargo,F5,Moldova (Republic of Moldova),Scheduled,no,,,,,,,,,,,,,no,,0,0,no,no,no,,locale;region;baggage_checked_url;baggage_carryon_url;baggage_fees_url;fare_conditions_url;checkin_url;conditions_of_carriage_url;article_selector,
aerovias-dap,Aerovias DAP,V5,Chile,Scheduled,no,,,,,,,,,,,,,no,,0,0,no,no,no,,locale;region;baggage_checked_url;baggage_carryon_url;baggage_fees_url;fare_conditions_url;checkin_url;conditions_of_carriage_url;article_selector,
africa-world-airlines,Africa World Airlines,AW,Ghana,Scheduled,no,,,,,,,,,,,,,no,,0,0,no,no,no,,locale;region;baggage_checked_url;baggage_carryon_url;baggage_fees_url;fare_conditions_url;checkin_url;conditions_of_carriage_url;article_selector,
african-express-airways,African Express Airways,XU,Kenya,Scheduled,no,,,,,,,,,,,,,no,,0,0,no,yes,no,,locale;region;baggage_checked_url;baggage_carryon_url;baggage_fees_url;fare_conditions_url;checkin_url;conditions_of_carriage_url;article_selector,
afrinat-international-airlines,Afrinat International Airlines,2F,Gambia,Scheduled,no,,,,,,,,,,,,,no,,0,0,no,no,no,,locale;region;baggage_checked_url;baggage_carryon_url;baggage_fees_url;fare_conditions_url;checkin_url;conditions_of_carriage_url;article_selector,
afriqiyah-airways,Afriqiyah Airways,8U,Libya,Scheduled,no,,,,https://afriqiyah.aero,,,,,,,,,no,,0,0,no,no,no,https://afriqiyah.aero/en/,locale;region;baggage_checked_url;baggage_carryon_url;baggage_fees_url;fare_conditions_url;checkin_url;conditions_of_carriage_url;article_selector,
aigle-azur,Aigle Azur,ZI,France,Scheduled,no,,,,,,,,,,,,,no,,0,0,no,yes,no,,locale;region;baggage_checked_url;baggage_carryon_url;baggage_fees_url;fare_conditions_url;checkin_url;conditions_of_carriage_url;article_selector,
air-albania,Air Albania,ZB,Reunion,Scheduled,yes,en,manual-priority,Asia,https://www.airalbania.com.al/contact,https://www.airalbania.com.al/contact,https://www.airalbania.com.al/luggage,https://www.airalbania.com.al/luggage,https://www.airalbania.com.al/luggage,,,https://www.airalbania.com.al/conditions-of-carriage,,yes,2026-09-03,4,0,no,yes,no,,fare_conditions_url;checkin_url;article_selector,4/6 urls imported from filled priority CSV
air-algerie,Air Algerie,AH,Algeria,Scheduled,no,,,,https://airalgerie.dz,,,,,,,,,no,,0,0,no,no,no,https://airalgerie.dz/en/legal-notice/general-conditions-of-carriage-2/,locale;region;baggage_checked_url;baggage_carryon_url;baggage_fees_url;fare_conditions_url;checkin_url;conditions_of_carriage_url;article_selector,
air-alsie,Air Alsie,6I,Denmark,Scheduled,no,,,,,,,,,,,,,no,,0,0,no,yes,no,,locale;region;baggage_checked_url;baggage_carryon_url;baggage_fees_url;fare_conditions_url;checkin_url;conditions_of_carriage_url;article_selector,
air-anka,Air Anka,6K,Turkey,Scheduled,no,,,,,,,,,,,,,no,,0,0,no,no,no,,locale;region;baggage_checked_url;baggage_carryon_url;baggage_fees_url;fare_conditions_url;checkin_url;conditions_of_carriage_url;article_selector,
air-antilles,Air Antilles,4I,France,Low-cost,no,,,,,,,,,,,,,no,,0,0,no,no,no,,locale;region;baggage_checked_url;baggage_carryon_url;baggage_fees_url;fare_conditions_url;checkin_url;conditions_of_carriage_url;article_selector,
air-arabia,Air Arabia,G9,United Arab Emirates,Low-cost,yes,en,manual-priority,Asia,https://www.airarabia.com/ar-ae/help/frequently-asked-questions/faq-source/special-assistance/baby-stroller,https://www.airarabia.com/ar-ae/help/frequently-asked-questions/faq-source/special-assistance/baby-stroller,https://www.airarabia.com/en/faqs/checked-baggage,https://www.airarabia.com/ar/checked-and-hand-baggages,https://www.airarabia.com/en/faqs/checked-baggage,,,https://www.airarabia.com/en/about-us/conditions-of-carriage,,yes,2026-09-03,0,4,no,yes,no,,fare_conditions_url;checkin_url;article_selector,4/6 urls imported from filled priority CSV
air-arabia-abu-dhabi,Air Arabia Abu Dhabi,3L,United Arab Emirates,Low-cost,no,,,,,,,,,,,,,no,,0,0,no,no,no,,locale;region;baggage_checked_url;baggage_carryon_url;baggage_fees_url;fare_conditions_url;checkin_url;conditions_of_carriage_url;article_selector,
air-arabia-egypt,Air Arabia Egypt,E5,Egypt,Low-cost,yes,en,manual-priority,Africa,,,https://www.airarabia.com/ar/help/baggage-enquiries/checked-baggage_baggage-enquiries,https://www.airarabia.com/ar/checked-and-hand-baggages,https://www.airarabia.com/ar/help/baggage-enquiries/checked-baggage_baggage-enquiries,,,https://www.airarabia.com/en/about-us/conditions-of-carriage,,yes,2026-09-03,0,4,no,yes,no,,fare_conditions_url;checkin_url;article_selector,4/6 urls imported from filled priority CSV
air-arabia-maroc,Air Arabia Maroc,3O,Morocco,Low-cost,no,,,,,,,,,,,,,no,,0,0,no,yes,no,,locale;region;baggage_checked_url;baggage_carryon_url;baggage_fees_url;fare_conditions_url;checkin_url;conditions_of_carriage_url;article_selector,
air-astana,Air Astana,KC,Kazakhstan,Scheduled,yes,en,manual-priority,Asia,https://help.airastana.com/hc/en-gb,https://help.airastana.com/hc/en-gb,https://airastana.com/global-en/information/checked-baggage,https://airastana.com/ind-en/information/carry-on-baggage,https://airastana.com/global-en/information/checked-baggage,,,,,yes,2026-09-03,0,3,no,yes,no,,fare_conditions_url;checkin_url;conditions_of_carriage_url;article_selector,3/6 urls imported from filled priority CSV
air-atlanta,Air Atlanta,CC,Iceland,Scheduled,no,,,,https://www.cmairlines.com,,,,,,,,,no,,0,0,no,no,no,https://www.cmairlines.com/wp-content/uploads/2019/12/C-2-2019-11-Package-policies-EN.pdf,locale;region;baggage_checked_url;baggage_carryon_url;baggage_fees_url;fare_conditions_url;checkin_url;conditions_of_carriage_url;article_selector,
air-atlanta-europe,Air Atlanta Europe,CT,United Kingdom,Scheduled,no,,,,,,,,,,,,,no,,0,0,no,no,no,,locale;region;baggage_checked_url;baggage_carryon_url;baggage_fees_url;fare_conditions_url;checkin_url;conditions_of_carriage_url;article_selector,
air-austral,Air Austral,UU,France,Scheduled,yes,en,manual-priority,Europe,https://www.air-austral.com/en/help.html,https://www.air-austral.com/en/help.html,https://www.air-austral.com/en/prepare-your-flight/your-baggage/checked-baggage.html,https://www.air-austral.com/en/prepare-your-flight/your-baggage/carry-on-baggage.html,https://www.air-austral.com/en/prepare-your-flight/your-baggage/checked-baggage.html,,,https://www.air-austral.com/en/general-conditions-of-carriage.html,,yes,2026-09-03,0,4,no,yes,no,https://www.air-austral.com/en/general-conditions-of-carriage.html,fare_conditions_url;checkin_url;article_selector,4/6 urls imported from filled priority CSV
air-berlin,Air Berlin,HE,Germany,Scheduled,no,,,,,,,,,,,,,no,,0,0,no,no,no,,locale;region;baggage_checked_url;baggage_carryon_url;baggage_fees_url;fare_conditions_url;checkin_url;conditions_of_carriage_url;article_selector,
air-botswana,Air Botswana,BP,Botswana,Scheduled,yes,en,manual-priority,Africa,https://www.airbotswana.co.bw/contact-us,https://www.airbotswana.co.bw/contact-us,https://www.airbotswana.co.bw/please-inspect-your-baggage-immediately-after-claiming-it-your-destination,https://www.airbotswana.co.bw/please-inspect-your-baggage-immediately-after-claiming-it-your-destination,https://www.airbotswana.co.bw/please-inspect-your-baggage-immediately-after-claiming-it-your-destination,,,https://www.airbotswana.co.bw/general-conditions-carriage,,yes,2026-09-03,0,4,no,yes,no,https://www.airbotswana.co.bw/general-conditions-carriage,fare_conditions_url;checkin_url;article_selector,4/6 urls imported from filled priority CSV
air-burkina,Air Burkina,2J,Burkina Faso,Scheduled,yes,en,manual-priority,Africa,https://air-burkina.com,,https://air-burkina.com/en/plan-a-trip/luggage/checked-baggage,https://air-burkina.com/preparer-son-voyage/bagages/franchise-bagages,https://air-burkina.com/en/plan-a-trip/luggage/checked-baggage,,,"https://air-burkina.com/en/general-conditions-of-carriage#:~:text=The%20passenger%20is%20required%20to,departure%20formalities%20to%20be%20completed.",,yes,2026-09-03,4,0,no,yes,no,"https://air-burkina.com/en/general-conditions-of-carriage#:~:text=The%20passenger%20is%20required%20to,departure%20formalities%20to%20be%20completed.",fare_conditions_url;checkin_url;article_selector,4/6 urls imported from filled priority CSV
air-busan,Air Busan,BX,South Korea,Low-cost,no,,,,,,,,,,,,,no,,0,0,no,yes,no,,locale;region;baggage_checked_url;baggage_carryon_url;baggage_fees_url;fare_conditions_url;checkin_url;conditions_of_carriage_url;article_selector,
air-cairo,Air Cairo,SM,Egypt,Scheduled,no,,,,,,,,,,,,,no,,0,0,no,no,no,,locale;region;baggage_checked_url;baggage_carryon_url;baggage_fees_url;fare_conditions_url;checkin_url;conditions_of_carriage_url;article_selector,
air-caledonie,Air Caledonie,TY,New Caledonia,Scheduled,no,,,,,,,,,,,,,no,,0,0,no,no,no,,locale;region;baggage_checked_url;baggage_carryon_url;baggage_fees_url;fare_conditions_url;checkin_url;conditions_of_carriage_url;article_selector,
air-cambodia,Air Cambodia,K6,Cambodia,Scheduled,yes,en,manual-priority,Asia,https://www.cambodiaangkorair.com,,,,,,,https://www.cambodiaangkorair.com/post-category/34/terms-and-conditions,,yes,2026-09-03,0,1,no,yes,no,https://www.cambodiaangkorair.com/post-category/34/terms-and-conditions,baggage_checked_url;baggage_carryon_url;baggage_fees_url;fare_conditions_url;checkin_url;article_selector,1/6 urls imported from filled priority CSV
air-canada,Air Canada,AC,Canada,Scheduled,yes,en-ca,1b,North America,https://www.aircanada.com,,https://www.aircanada.com/ca/en/aco/home/plan/baggage/checked.html,https://www.aircanada.com/ca/en/aco/home/plan/baggage/carry-on.html,https://www.aircanada.com/ca/en/aco/home/plan/baggage/checked.html,https://www.aircanada.com/ca/en/aco/home/book/fare-options-and-fees.html,https://www.aircanada.com/ca/en/aco/home/plan/check-in-information.html,https://www.aircanada.com/ca/en/aco/home/legal/conditions-carriage-tariffs.html,main,yes,2026-09-03,6,0,yes,yes,no,https://www.aircanada.com/us/en/aco/home/legal/conditions-carriage-tariffs.html#/,,6/6 urls
air-canada-express,Air Canada Express,QK,Canada,Scheduled,no,,,,,,,,,,,,,no,,0,0,no,no,no,,locale;region;baggage_checked_url;baggage_carryon_url;baggage_fees_url;fare_conditions_url;checkin_url;conditions_of_carriage_url;article_selector,
air-canada-rouge,Air Canada Rouge,RV,Canada,Low-cost,no,,,,,,,,,,,,,no,,0,0,no,no,no,,locale;region;baggage_checked_url;baggage_carryon_url;baggage_fees_url;fare_conditions_url;checkin_url;conditions_of_carriage_url;article_selector,
air-caraibes,Air Caraibes,TX,"France (Guadeloupe, overseas territory)",Scheduled,no,,,,https://en.aircaraibes.com,,,,,,,,,no,,0,0,no,no,no,https://en.aircaraibes.com/en/general-conditions-sale-and-carriage,locale;region;baggage_checked_url;baggage_carryon_url;baggage_fees_url;fare_conditions_url;checkin_url;conditions_of_carriage_url;article_selector,
air-cargo-carriers-llc,"Air Cargo Carriers, LLC.",2Q,United States,Scheduled,no,,,,,,,,,,,,,no,,0,0,no,yes,no,,locale;region;baggage_checked_url;baggage_carryon_url;baggage_fees_url;fare_conditions_url;checkin_url;conditions_of_carriage_url;article_selector,
air-cargo-germany,Air Cargo Germany,6U,Germany,Scheduled,no,,,,,,,,,,,,,no,,0,0,no,no,no,,locale;region;baggage_checked_url;baggage_carryon_url;baggage_fees_url;fare_conditions_url;checkin_url;conditions_of_carriage_url;article_selector,
air-century,Air Century,Y2,Dominican Republic,Scheduled,no,,,,,,,,,,,,,no,,0,0,no,no,no,,locale;region;baggage_checked_url;baggage_carryon_url;baggage_fees_url;fare_conditions_url;checkin_url;conditions_of_carriage_url;article_selector,
air-changan,Air Changan,9H,China,Scheduled,yes,en,manual-priority,Asia,,,https://www.airchangan.com/acEntry/baggage,https://www.airchangan.com/acEntry/baggage,https://www.airchangan.com/acEntry/baggage,,,,,yes,2026-09-03,0,3,no,yes,no,,fare_conditions_url;checkin_url;conditions_of_carriage_url;article_selector,3/6 urls imported from filled priority CSV
air-china,Air China,CA,China,Scheduled,yes,en-cn,1b,East Asia,https://www.airchina.co.uk,,https://www.airchina.com.cn/en/info/travel-prep/baggage/checked-baggage.shtml,https://www.airchina.com.cn/en/info/travel-prep/baggage/carry-on-baggage.shtml,https://www.airchina.com.cn/en/info/travel-prep/baggage/excess-baggage.shtml,https://www.airchina.com.cn/en/info/travel-prep/fare-rules.shtml,https://www.airchina.com.cn/en/info/online-check-in/,https://www.airchina.com.cn/en/info/travel-prep/conditions-of-carriage.shtml,,yes,2026-09-03,0,6,no,yes,no,https://www.airchina.co.uk/GB/GB/General-Conditions-of-Carriage-for-Passengers-and-Baggage,article_selector,6/6 urls
air-congo,Air Congo,4H,Democratic Republic of the Congo,Scheduled,no,,,,,,,,,,,,,no,,0,0,no,no,no,,locale;region;baggage_checked_url;baggage_carryon_url;baggage_fees_url;fare_conditions_url;checkin_url;conditions_of_carriage_url;article_selector,
air-corsica,Air Corsica,XK,France,Scheduled,yes,en,manual-priority,Europe,https://www.aircorsica.com,,https://www.aircorsica.com/flights/cabin-hold-baggage.html,https://www.aircorsica.com/flights/cabin-hold-baggage.html,https://www.aircorsica.com/flights/cabin-hold-baggage.html,,,https://www.aircorsica.com/flights/conditions-carriage-passengers.html,,yes,2026-09-03,4,0,no,yes,no,https://www.aircorsica.com/flights/conditions-carriage-passengers.html,fare_conditions_url;checkin_url;article_selector,4/6 urls imported from filled priority CSV
air-cote-divoire,Air Cote D'Ivoire,HF,Côte d'Ivoire (Ivory Coast),Scheduled,yes,en,manual-priority,Asia,,,https://www.aircotedivoire.com/informations/bagages,https://www.aircotedivoire.com/informations/bagages,https://www.aircotedivoire.com/informations/bagages,,,https://www.aircotedivoire.com/en/flight-booking/terms-and-conditions-of-carriage,,yes,2026-09-03,4,0,no,yes,no,,fare_conditions_url;checkin_url;article_selector,4/6 urls imported from filled priority CSV
air-creebec,Air Creebec,YN,Canada,Scheduled,no,,,,,,,,,,,,,no,,0,0,no,no,no,,locale;region;baggage_checked_url;baggage_carryon_url;baggage_fees_url;fare_conditions_url;checkin_url;conditions_of_carriage_url;article_selector,
air-dilijans,Air Dilijans,RM,Armenia,Scheduled,yes,en,manual-priority,Asia,https://armeniafly.com,,https://airdilijans.com/non-standard-baggage,https://airdilijans.com/non-standard-baggage,https://airdilijans.com/non-standard-baggage,,,https://armeniafly.com/conditions-of-carriage-en,,yes,2026-09-03,0,4,no,yes,no,https://armeniafly.com/conditions-of-carriage-en,fare_conditions_url;checkin_url;article_selector,4/6 urls imported from filled priority CSV
air-djibouti,Air Djibouti,DJ,Djibouti,Scheduled,no,,,,,,,,,,,,,no,,0,0,no,yes,no,,locale;region;baggage_checked_url;baggage_carryon_url;baggage_fees_url;fare_conditions_url;checkin_url;conditions_of_carriage_url;article_selector,
air-do,Air Do,HD,Japan,Scheduled,no,,,,,,,,,,,,,no,,0,0,no,no,no,,locale;region;baggage_checked_url;baggage_carryon_url;baggage_fees_url;fare_conditions_url;checkin_url;conditions_of_carriage_url;article_selector,
air-europa,Air Europa,UX,Spain,Scheduled,yes,en,manual-priority,Europe,https://www.aireuropa.com,,https://www.aireuropa.com/de/en/aea/travel-information/baggage/checked-baggage,https://www.aireuropa.com/de/en/aea/travel-information/baggage/carry-on-luggage,https://www.aireuropa.com/de/en/aea/travel-information/baggage/checked-baggage,,,https://www.aireuropa.com/uk/en/aea/travel-information/terms-and-conditions/conditions-of-carriage.html,,yes,2026-09-03,0,4,no,yes,no,https://www.aireuropa.com/uk/en/aea/travel-information/terms-and-conditions/conditions-of-carriage.html,fare_conditions_url;checkin_url;article_selector,4/6 urls imported from filled priority CSV
air-europa-express,Air Europa Express,X5,Spain,Scheduled,no,,,,https://www.aireuropa.com,,,,,,,,,no,,0,0,no,no,no,https://www.aireuropa.com/uk/en/aea/travel-information/terms-and-conditions/conditions-of-carriage.html,locale;region;baggage_checked_url;baggage_carryon_url;baggage_fees_url;fare_conditions_url;checkin_url;conditions_of_carriage_url;article_selector,
air-excel,Air Excel,0X,Tanzania,Scheduled,no,,,,,,,,,,,,,no,,0,0,no,no,no,,locale;region;baggage_checked_url;baggage_carryon_url;baggage_fees_url;fare_conditions_url;checkin_url;conditions_of_carriage_url;article_selector,
air-flamenco,Air Flamenco,F4,United States,Scheduled,no,,,,,,,,,,,,,no,,0,0,no,no,no,,locale;region;baggage_checked_url;baggage_carryon_url;baggage_fees_url;fare_conditions_url;checkin_url;conditions_of_carriage_url;article_selector,
air-france,Air France,AF,France,Scheduled,yes,en-fr,1a,Europe,https://wwws.airfrance.co.uk,,https://wwws.airfrance.fr/en/information/bagages/bagage-cabine-soute,https://wwws.airfrance.fr/en/information/bagages/bagage-cabine-soute,https://wwws.airfrance.fr/en/information/bagages/bagages-supplementaires,https://wwws.airfrance.fr/en/information/legal/edito-cg-transport,https://wwws.airfrance.fr/en/check-in,https://wwws.airfrance.fr/en/information/legal/edito-cg-transport,,yes,2026-09-03,0,6,no,yes,no,https://wwws.airfrance.co.uk/information/legal/edito-cg-airfrance,article_selector,6/6 urls
air-greenland,Air Greenland,GL,Greenland,Scheduled,yes,en,manual-priority,Asia,https://as-agl-web-prod.azurewebsites.net,,https://agent.airgreenland.com/hc/en-us/articles/115005305567-Baggage,https://agent.airgreenland.com/hc/en-us/articles/115005305567-Baggage,https://agent.airgreenland.com/hc/en-us/articles/115005305567-Baggage,,,https://as-agl-web-prod.azurewebsites.net/media/5hkdqc4p/provisions-of-carriage-air-greenland.pdf,,yes,2026-09-03,3,1,no,yes,no,https://as-agl-web-prod.azurewebsites.net/media/5hkdqc4p/provisions-of-carriage-air-greenland.pdf,fare_conditions_url;checkin_url;article_selector,4/6 urls imported from filled priority CSV
air-guilin,Air Guilin,GT,China,Scheduled,no,,,,,,,,,,,,,no,,0,0,no,no,no,,locale;region;baggage_checked_url;baggage_carryon_url;baggage_fees_url;fare_conditions_url;checkin_url;conditions_of_carriage_url;article_selector,
air-iceland-connect,Air Iceland Connect,NY,Iceland,Scheduled,no,,,,,,,,,,,,,no,,0,0,no,yes,no,,locale;region;baggage_checked_url;baggage_carryon_url;baggage_fees_url;fare_conditions_url;checkin_url;conditions_of_carriage_url;article_selector,
air-incheon,Air Incheon,KJ,South Korea,Scheduled,no,,,,,,,,,,,,,no,,0,0,no,no,no,,locale;region;baggage_checked_url;baggage_carryon_url;baggage_fees_url;fare_conditions_url;checkin_url;conditions_of_carriage_url;article_selector,
air-india,Air India,AI,India,Scheduled,yes,en-in,1b,South Asia,https://www.airindia.in,,https://www.airindia.com/in/en/travel-information/baggage-guidelines/checked-baggage.html,https://www.airindia.com/in/en/travel-information/baggage-guidelines/cabin-baggage.html,https://www.airindia.com/in/en/travel-information/baggage-guidelines/excess-baggage.html,https://www.airindia.com/in/en/book/fare-rules.html,https://www.airindia.com/in/en/manage/check-in.html,https://www.airindia.com/in/en/terms-and-conditions/conditions-of-carriage.html,,yes,2026-09-03,0,6,no,yes,no,https://www.airindia.in/terms-conditions.htm,article_selector,6/6 urls
air-india-express,Air India Express,IX,India,Low-cost,no,,,,,,,,,,,,,no,,0,0,no,yes,no,,locale;region;baggage_checked_url;baggage_carryon_url;baggage_fees_url;fare_conditions_url;checkin_url;conditions_of_carriage_url;article_selector,
air-inuit,Air Inuit,3H,Canada,Scheduled,no,,,,,,,,,,,,,no,,0,0,no,no,no,,locale;region;baggage_checked_url;baggage_carryon_url;baggage_fees_url;fare_conditions_url;checkin_url;conditions_of_carriage_url;article_selector,
air-japan,Air Japan,NQ,Japan,Scheduled,yes,en,manual-priority,Asia,https://www.air-japan.co.jp,,,,,,,https://www.air-japan.co.jp/,,yes,2026-09-03,1,0,no,yes,no,https://www.air-japan.co.jp/,baggage_checked_url;baggage_carryon_url;baggage_fees_url;fare_conditions_url;checkin_url;article_selector,1/6 urls imported from filled priority CSV
air-kbz,Air KBZ,K7,Myanmar,Scheduled,no,,,,,,,,,,,,,no,,0,0,no,no,no,,locale;region;baggage_checked_url;baggage_carryon_url;baggage_fees_url;fare_conditions_url;checkin_url;conditions_of_carriage_url;article_selector,
air-kiribati,Air Kiribati,IK,Kiribati,Scheduled,no,,,,,,,,,,,,,no,,0,0,no,yes,no,,locale;region;baggage_checked_url;baggage_carryon_url;baggage_fees_url;fare_conditions_url;checkin_url;conditions_of_carriage_url;article_selector,
air-koryo,Air Koryo,JS,North Korea,Scheduled,no,,,,,,,,,,,,,no,,0,0,no,yes,no,,locale;region;baggage_checked_url;baggage_carryon_url;baggage_fees_url;fare_conditions_url;checkin_url;conditions_of_carriage_url;article_selector,
air-libya,Air Libya,7I,Libya,Scheduled,no,,,,,,,,,,,,,no,,0,0,no,yes,no,,locale;region;baggage_checked_url;baggage_carryon_url;baggage_fees_url;fare_conditions_url;checkin_url;conditions_of_carriage_url;article_selector,
air-link,Air Link,LZ,Australia,Scheduled,no,,,,,,,,,,,,,no,,0,0,no,no,no,,locale;region;baggage_checked_url;baggage_carryon_url;baggage_fees_url;fare_conditions_url;checkin_url;conditions_of_carriage_url;article_selector,
air-lituanica,Air Lituanica,LT,Lithuania,Scheduled,no,,,,,,,,,,,,,no,,0,0,no,no,no,,locale;region;baggage_checked_url;baggage_carryon_url;baggage_fees_url;fare_conditions_url;checkin_url;conditions_of_carriage_url;article_selector,
air-macau,Air Macau,NX,Macao,Scheduled,yes,en,manual-priority,Asia,http://www.airmacau.com.mo,,https://www.airmacau.com.mo/mo/flightRules/luggage,https://www.airmacau.com.mo/mo/flightRules/luggage,https://www.airmacau.com.mo/mo/flightRules/luggage,,,http://www.airmacau.com.mo/,,yes,2026-09-03,0,4,no,yes,no,http://www.airmacau.com.mo/,fare_conditions_url;checkin_url;article_selector,4/6 urls imported from filled priority CSV
air-madagascar,Air Madagascar,MD,Madagascar,Scheduled,yes,en,manual-priority,Africa,https://madagascarairlines.com,,https://madagascarairlines.com/en/plan-your-trip/baggage.html,https://madagascarairlines.com/en/plan-your-trip/baggage.html,https://madagascarairlines.com/en/plan-your-trip/baggage.html,,,https://madagascarairlines.com/en/informations/general-conditions-of-sale-and-carriage.html,,yes,2026-09-03,0,4,no,yes,no,https://madagascarairlines.com/en/informations/general-conditions-of-sale-and-carriage.html,fare_conditions_url;checkin_url;article_selector,4/6 urls imported from filled priority CSV
air-manas,Air Manas,ZM,Kyrgyzstan,Low-cost,no,,,,,,,,,,,,,no,,0,0,no,no,no,,locale;region;baggage_checked_url;baggage_carryon_url;baggage_fees_url;fare_conditions_url;checkin_url;conditions_of_carriage_url;article_selector,
air-mauritius,Air Mauritius,MK,Mauritius,Scheduled,yes,en,manual-priority,Africa,https://www.airmauritius.com/en/help/faq/special-assistance,https://www.airmauritius.com/en/help/faq/special-assistance,https://www.airmauritius.com/en/before-you-fly/baggage/checked-baggage,https://www.airmauritius.com/en/before-you-fly/baggage/carry-on-baggage,https://www.airmauritius.com/en/before-you-fly/baggage/checked-baggage,,,https://www.airmauritius.com/conditions-of-carriage,,yes,2026-09-03,0,4,no,yes,no,https://www.airmauritius.com/conditions-of-carriage,fare_conditions_url;checkin_url;article_selector,4/6 urls imported from filled priority CSV
air-mekong,Air Mekong,P8,Vietnam,Scheduled,no,,,,,,,,,,,,,no,,0,0,no,yes,no,,locale;region;baggage_checked_url;baggage_carryon_url;baggage_fees_url;fare_conditions_url;checkin_url;conditions_of_carriage_url;article_selector,
air-moana,Air Moana,NM,French Polynesia,Scheduled,no,,,,,,,,,,,,,no,,0,0,no,yes,no,,locale;region;baggage_checked_url;baggage_carryon_url;baggage_fees_url;fare_conditions_url;checkin_url;conditions_of_carriage_url;article_selector,
air-mobility-command,Air Mobility Command,MC,United States,Scheduled,no,,,,,,,,,,,,,no,,0,0,no,no,no,,locale;region;baggage_checked_url;baggage_carryon_url;baggage_fees_url;fare_conditions_url;checkin_url;conditions_of_carriage_url;article_selector,
air-moldova,Air Moldova,9U,Moldova,Scheduled,yes,en,manual-priority,Europe,https://www.airmoldova.md,,,,,,,https://www.airmoldova.md/terms-of-carriage-en/,,yes,2026-09-03,1,0,no,yes,no,https://www.airmoldova.md/terms-of-carriage-en/,baggage_checked_url;baggage_carryon_url;baggage_fees_url;fare_conditions_url;checkin_url;article_selector,1/6 urls imported from filled priority CSV
air-montenegro,Air Montenegro,4O,Montenegro,Scheduled,no,,,,,,,,,,,,,no,,0,0,no,no,no,,locale;region;baggage_checked_url;baggage_carryon_url;baggage_fees_url;fare_conditions_url;checkin_url;conditions_of_carriage_url;article_selector,
air-namibia,Air Namibia,SW,Namibia,Scheduled,no,,,,,,,,,,,,,no,,0,0,no,yes,no,,locale;region;baggage_checked_url;baggage_carryon_url;baggage_fees_url;fare_conditions_url;checkin_url;conditions_of_carriage_url;article_selector,
air-new-zealand,Air New Zealand,NZ,New Zealand,Scheduled,yes,en-nz,1a,Australia/Pacific,https://www.airnewzealand.co.uk,,https://www.airnewzealand.com/en-nz/travel-info/baggage,https://www.airnewzealand.com/en-nz/travel-info/baggage,https://www.airnewzealand.com/en-nz/travel-info/baggage,https://www.airnewzealand.com/en-nz/book/fare-rules,,https://www.airnewzealand.com/en-nz/conditions-of-carriage,,yes,2026-09-03,0,5,no,yes,no,https://www.airnewzealand.co.uk/conditions-of-carriage,checkin_url;article_selector,"5/6 urls, baggage is one shared page"
air-niamey,Air Niamey,A7,Niger,Low-cost,no,,,,,,,,,,,,,no,,0,0,no,yes,no,,locale;region;baggage_checked_url;baggage_carryon_url;baggage_fees_url;fare_conditions_url;checkin_url;conditions_of_carriage_url;article_selector,
air-niugini,Air Niugini,PX,Papua New Guinea,Scheduled,yes,en,manual-priority,Australia/Pacific,https://www.airniugini.com.pg/help/frequently-asked-questions,https://www.airniugini.com.pg/help/frequently-asked-questions,https://www.airniugini.com.pg/travel-information/baggage,https://www.airniugini.com.pg/en-sg/travel-information/baggage/excess-baggage,https://www.airniugini.com.pg/travel-information/baggage,,,https://www.airniugini.com.pg/conditions-of-carriage/,,yes,2026-09-03,4,0,no,yes,no,https://www.airniugini.com.pg/conditions-of-carriage/,fare_conditions_url;checkin_url;article_selector,4/6 urls imported from filled priority CSV
air-north,Air North,4N,Canada,Scheduled,yes,en-ca,manual-priority,North America,https://www.flyairnorth.com,,https://flyairnorth.com/baggage-carry-on/musical-instruments,https://flyairnorth.com/baggage-carry-on,https://flyairnorth.com/baggage-carry-on/musical-instruments,,,https://www.flyairnorth.com/support,,yes,2026-09-03,3,1,no,yes,no,https://www.flyairnorth.com/support,fare_conditions_url;checkin_url;article_selector,4/6 urls imported from filled priority CSV
air-nostrum,Air Nostrum,YW,Spain,Scheduled,no,,,,,,,,,,,,,no,,0,0,no,yes,no,,locale;region;baggage_checked_url;baggage_carryon_url;baggage_fees_url;fare_conditions_url;checkin_url;conditions_of_carriage_url;article_selector,
air-ocean-airlines,Air Ocean Airlines,0O,Ukraine,Scheduled,no,,,,,,,,,,,,,no,,0,0,no,no,no,,locale;region;baggage_checked_url;baggage_carryon_url;baggage_fees_url;fare_conditions_url;checkin_url;conditions_of_carriage_url;article_selector,
air-panama,Air Panama,7P,Panama,Scheduled,no,,,,,,,,,,,,,no,,0,0,no,no,no,,locale;region;baggage_checked_url;baggage_carryon_url;baggage_fees_url;fare_conditions_url;checkin_url;conditions_of_carriage_url;article_selector,
air-peace,Air Peace,P4,Honduras,Low-cost,no,,,,,,,,,,,,,no,,0,0,no,no,no,,locale;region;baggage_checked_url;baggage_carryon_url;baggage_fees_url;fare_conditions_url;checkin_url;conditions_of_carriage_url;article_selector,
air-premia,Air Premia,YP,South Korea,Scheduled,no,,,,,,,,,,,,,no,,0,0,no,no,no,,locale;region;baggage_checked_url;baggage_carryon_url;baggage_fees_url;fare_conditions_url;checkin_url;conditions_of_carriage_url;article_selector,
air-rarotonga,Air Rarotonga,GZ,Cook Islands,Scheduled,yes,en,manual-priority,Australia/Pacific,,,https://airraro.com/passenger-baggage,https://airraro.com/passenger-baggage,https://airraro.com/passenger-baggage,,,,,yes,2026-09-03,0,3,no,yes,no,,fare_conditions_url;checkin_url;conditions_of_carriage_url;article_selector,3/6 urls imported from filled priority CSV
air-saint-pierre,Air Saint Pierre,PJ,France,Scheduled,yes,en,manual-priority,Europe,,,https://airsaintpierre.com/travel-informations/luggage,https://airsaintpierre.com/travel-informations/luggage,https://airsaintpierre.com/travel-informations/luggage,,,https://airsaintpierre.com/general-conditions-of-carriage,,yes,2026-09-03,3,1,no,yes,no,,fare_conditions_url;checkin_url;article_selector,4/6 urls imported from filled priority CSV
air-samarkand,Air Samarkand,9S,Uzbekistan,Scheduled,no,,,,,,,,,,,,,no,,0,0,no,no,no,,locale;region;baggage_checked_url;baggage_carryon_url;baggage_fees_url;fare_conditions_url;checkin_url;conditions_of_carriage_url;article_selector,
air-seoul,Air Seoul,RS,South Korea,Low-cost,no,,,,,,,,,,,,,no,,0,0,no,no,no,,locale;region;baggage_checked_url;baggage_carryon_url;baggage_fees_url;fare_conditions_url;checkin_url;conditions_of_carriage_url;article_selector,
air-serbia,Air Serbia,JU,Serbia,Scheduled,yes,en,manual-priority,Europe,https://www.airserbia.com,,,,,,,https://www.airserbia.com/en/footer_copy_menu/legal/general-conditions-of-carriage,,yes,2026-09-03,0,1,no,yes,no,https://www.airserbia.com/en/footer_copy_menu/legal/general-conditions-of-carriage,baggage_checked_url;baggage_carryon_url;baggage_fees_url;fare_conditions_url;checkin_url;article_selector,1/6 urls imported from filled priority CSV
air-seychelles,Air Seychelles,HM,Seychelles,Scheduled,yes,en,manual-priority,Asia,https://www.airseychelles.com,,,,,,,https://www.airseychelles.com/en/conditions-of-carriage,,yes,2026-09-03,0,1,no,yes,no,https://www.airseychelles.com/en/conditions-of-carriage,baggage_checked_url;baggage_carryon_url;baggage_fees_url;fare_conditions_url;checkin_url;article_selector,1/6 urls imported from filled priority CSV
air-tahiti,Air Tahiti,VT,French Polynesia,Scheduled,yes,en,manual-priority,Australia/Pacific,https://www.airtahitinui.com,,,,,,,https://www.airtahitinui.com/uk-en/conditions-carriage,,yes,2026-09-03,0,1,no,yes,no,https://www.airtahitinui.com/uk-en/conditions-carriage,baggage_checked_url;baggage_carryon_url;baggage_fees_url;fare_conditions_url;checkin_url;article_selector,1/6 urls imported from filled priority CSV
air-tahiti-nui,Air Tahiti Nui,TN,France,Scheduled,yes,en,manual-priority,Europe,https://www.airtahitinui.com,,https://au.airtahitinui.com/excess-baggage,https://us.airtahitinui.com/baggage-allowances,https://au.airtahitinui.com/excess-baggage,,,https://www.airtahitinui.com/uk-en/conditions-carriage,,yes,2026-09-03,3,1,no,yes,no,https://www.airtahitinui.com/uk-en/conditions-carriage,fare_conditions_url;checkin_url;article_selector,4/6 urls imported from filled priority CSV
air-tanzania,Air Tanzania,TC,Tanzania,Scheduled,yes,en-tz,manual-priority,Africa,https://www.airtanzania.co.tz,,https://airtanzania.co.tz/baggage,https://airtanzania.co.tz/baggage,https://airtanzania.co.tz/baggage,,,https://www.airtanzania.co.tz/,,yes,2026-09-03,4,0,no,yes,no,https://www.airtanzania.co.tz/,fare_conditions_url;checkin_url;article_selector,4/6 urls imported from filled priority CSV
air-thanlwin,Air Thanlwin,ST,Myanmar,Scheduled,no,,,,,,,,,,,,,no,,0,0,no,yes,no,,locale;region;baggage_checked_url;baggage_carryon_url;baggage_fees_url;fare_conditions_url;checkin_url;conditions_of_carriage_url;article_selector,
air-timor,Air Timor,6C,Timor-Leste,Scheduled,no,,,,,,,,,,,,,no,,0,0,no,no,no,,locale;region;baggage_checked_url;baggage_carryon_url;baggage_fees_url;fare_conditions_url;checkin_url;conditions_of_carriage_url;article_selector,
air-tindi,Air Tindi,8T,Canada,Scheduled,yes,en-ca,manual-priority,North America,,,https://airtindi.com/travel-information/baggage,https://airtindi.com/travel-information/carry-on,https://airtindi.com/travel-information/baggage,,,,,yes,2026-09-03,0,3,no,yes,no,,fare_conditions_url;checkin_url;conditions_of_carriage_url;article_selector,3/6 urls imported from filled priority CSV
air-transat,Air Transat,TS,Canada,Scheduled,yes,en-ca,manual-priority,North America,https://www.airtransat.com,,https://www.airtransat.com/en-CA/Travel-information/Baggage,https://www.airtransat.com/en-CA/Travel-information/Baggage,https://www.airtransat.com/de-DE/baggage-and-optional-services-fees,,,https://www.airtransat.com/en-GB/legal-notice-uk/general-terms-and-conditions,,yes,2026-09-03,3,1,no,yes,no,https://www.airtransat.com/en-GB/legal-notice-uk/general-terms-and-conditions,fare_conditions_url;checkin_url;article_selector,4/6 urls imported from filled priority CSV
air-transport-association-of-americadba-airlines-for-america,Air Transport Association of Americad\b\a Airlines for America,XD,United States,Scheduled,no,,,,,,,,,,,,,no,,0,0,no,no,no,,locale;region;baggage_checked_url;baggage_carryon_url;baggage_fees_url;fare_conditions_url;checkin_url;conditions_of_carriage_url;article_selector,
air-transport-international-llc,Air Transport International L.L.C.,8C,United States,Scheduled,no,,,,,,,,,,,,,no,,0,0,no,yes,no,,locale;region;baggage_checked_url;baggage_carryon_url;baggage_fees_url;fare_conditions_url;checkin_url;conditions_of_carriage_url;article_selector,
air-travel,Air Travel,A6,China,Scheduled,no,,,,,,,,,,,,,no,,0,0,no,no,no,,locale;region;baggage_checked_url;baggage_carryon_url;baggage_fees_url;fare_conditions_url;checkin_url;conditions_of_carriage_url;article_selector,
air-vanuatu,Air Vanuatu,NF,Vanuatu,Scheduled,yes,en,manual-priority,Australia/Pacific,https://www.airvanuatu.com,,https://staging.airvanuatu.com/travel-info/baggage,https://staging.airvanuatu.com/travel-info/baggage,https://staging.airvanuatu.com/travel-info/baggage,,https://staging.airvanuatu.com/plan-and-book/online-check-in,https://www.airvanuatu.com/travel-info/conditions-of-carriage,,yes,2026-09-03,1,4,no,yes,no,https://www.airvanuatu.com/travel-info/conditions-of-carriage,fare_conditions_url;article_selector,5/6 urls imported from filled priority CSV
air-wisconsin,Air Wisconsin,ZW,United States,Scheduled,no,,,,,,,,,,,,,no,,0,0,no,no,no,,locale;region;baggage_checked_url;baggage_carryon_url;baggage_fees_url;fare_conditions_url;checkin_url;conditions_of_carriage_url;article_selector,
air-x-charter,Air X Charter,AX,Malta,Scheduled,no,,,,,,,,,,,,,no,,0,0,no,no,no,,locale;region;baggage_checked_url;baggage_carryon_url;baggage_fees_url;fare_conditions_url;checkin_url;conditions_of_carriage_url;article_selector,
air-zimbabwe,Air Zimbabwe,UM,Zimbabwe,Scheduled,yes,en,manual-priority,Africa,https://www.airzimbabwe.aero/call-centre-customer-service,https://www.airzimbabwe.aero/call-centre-customer-service,https://www.airzimbabwe.aero/baggage,https://www.airzimbabwe.aero/baggage,https://www.airzimbabwe.aero/baggage,,,,,yes,2026-09-03,0,3,no,yes,no,,fare_conditions_url;checkin_url;conditions_of_carriage_url;article_selector,3/6 urls imported from filled priority CSV
airasia,AirAsia,AK,Malaysia,Low-cost,yes,en-my,1a,Southeast Asia,,,https://support.airasia.com/s/article/Checked-baggage-en,https://support.airasia.com/s/article/Cabin-baggage-en,https://www.airasia.com/aa/about-us/en/gb/fees-and-charges.html,https://support.airasia.com/s/article/Fares-and-fare-rules-en,https://support.airasia.com/s/article/Check-in-en,https://www.airasia.com/aa/about-us/en/gb/terms-and-conditions-carriage.html,,yes,2026-09-03,0,6,no,yes,no,,article_selector,6/6 urls
airasia-cambodia,AirAsia Cambodia,KT,Cambodia,Low-cost,no,,,,,,,,,,,,,no,,0,0,no,no,no,,locale;region;baggage_checked_url;baggage_carryon_url;baggage_fees_url;fare_conditions_url;checkin_url;conditions_of_carriage_url;article_selector,
airasia-x,AirAsia X,D7,Malaysia,Low-cost,yes,en-my,1b,Southeast Asia,,,https://support.airasia.com/s/article/Checked-baggage-en,https://support.airasia.com/s/article/Cabin-baggage-en,https://www.airasia.com/aa/about-us/en/gb/fees-and-charges.html,https://support.airasia.com/s/article/Fares-and-fare-rules-en,https://support.airasia.com/s/article/Check-in-en,https://www.airasia.com/aa/about-us/en/gb/terms-and-conditions-carriage.html,,yes,2026-09-03,0,6,no,yes,no,,article_selector,6/6 urls
airborneo,AirBorneo,MY,Malaysia,Scheduled,no,,,,,,,,,,,,,no,,0,0,no,no,no,,locale;region;baggage_checked_url;baggage_carryon_url;baggage_fees_url;fare_conditions_url;checkin_url;conditions_of_carriage_url;article_selector,
airbridgecargo,AirBridgeCargo,RU,Russia,Scheduled,yes,en,manual-priority,Europe,,,,,,,,https://www.airbridgecargo.com/page/47/en/page/95/conditions-of-carriage,,yes,2026-09-03,1,0,no,yes,no,,baggage_checked_url;baggage_carryon_url;baggage_fees_url;fare_conditions_url;checkin_url;article_selector,1/6 urls imported from filled priority CSV
airconnect,AirConnect,KS,Romania,Scheduled,no,,,,,,,,,,,,,no,,0,0,no,no,no,,locale;region;baggage_checked_url;baggage_carryon_url;baggage_fees_url;fare_conditions_url;checkin_url;conditions_of_carriage_url;article_selector,
airdolomiti,AirDolomiti,EN,Italy,Scheduled,no,,,,https://www.airdolomiti.eu,,,,,,,,,no,,0,0,no,no,no,https://www.airdolomiti.eu/legal-info/air-carrier-liability,locale;region;baggage_checked_url;baggage_carryon_url;baggage_fees_url;fare_conditions_url;checkin_url;conditions_of_carriage_url;article_selector,
airexplore,AirExplore,ED,Slovakia,Scheduled,no,,,,,,,,,,,,,no,,0,0,no,no,no,,locale;region;baggage_checked_url;baggage_carryon_url;baggage_fees_url;fare_conditions_url;checkin_url;conditions_of_carriage_url;article_selector,
airkenya,AirKenya,P2,Kenya,Scheduled,yes,en-ke,manual-priority,Africa,https://airkenya.com/contact,https://airkenya.com/contact,https://airkenya.com/baggage-policy,https://airkenya.com/baggage-policy,https://airkenya.com/baggage-policy,,,,,yes,2026-09-03,0,3,no,yes,no,,fare_conditions_url;checkin_url;conditions_of_carriage_url;article_selector,3/6 urls imported from filled priority CSV
airswift,AirSWIFT,T6,Philippines,Scheduled,no,,,,,,,,,,,,,no,,0,0,no,no,no,,locale;region;baggage_checked_url;baggage_carryon_url;baggage_fees_url;fare_conditions_url;checkin_url;conditions_of_carriage_url;article_selector,
aircalin,Aircalin,SB,New Caledonia,Scheduled,yes,en,manual-priority,Australia/Pacific,,,https://us.aircalin.com/en/baggages/checked-baggages,https://us.aircalin.com/en/baggages/cabin-baggages,https://us.aircalin.com/en/baggages/checked-baggages,,,,,yes,2026-09-03,3,0,no,yes,no,,fare_conditions_url;checkin_url;conditions_of_carriage_url;article_selector,3/6 urls imported from filled priority CSV
airfast-indonesia,Airfast Indonesia,1T,Indonesia,Scheduled,no,,,,,,,,,,,,,no,,0,0,no,no,no,,locale;region;baggage_checked_url;baggage_carryon_url;baggage_fees_url;fare_conditions_url;checkin_url;conditions_of_carriage_url;article_selector,
airhub-airlines,Airhub Airlines,RE,Malta,Scheduled,no,,,,,,,,,,,,,no,,0,0,no,no,no,,locale;region;baggage_checked_url;baggage_carryon_url;baggage_fees_url;fare_conditions_url;checkin_url;conditions_of_carriage_url;article_selector,
airline-urga,Airline Urga,3N,Ukraine,Scheduled,no,,,,,,,,,,,,,no,,0,0,no,yes,no,,locale;region;baggage_checked_url;baggage_carryon_url;baggage_fees_url;fare_conditions_url;checkin_url;conditions_of_carriage_url;article_selector,
airlink,Airlink,4Z,Austria,Scheduled,yes,en,manual-priority,Europe,https://www.flyairlink.com,,,,,,,https://www.flyairlink.com/en/za/conditions-of-carriage,,yes,2026-09-03,0,1,no,yes,no,https://www.flyairlink.com/en/za/conditions-of-carriage,baggage_checked_url;baggage_carryon_url;baggage_fees_url;fare_conditions_url;checkin_url;article_selector,1/6 urls imported from filled priority CSV
airmax-sa,Airmax S.A.,X8,Peru,Scheduled,no,,,,,,,,,,,,,no,,0,0,no,no,no,,locale;region;baggage_checked_url;baggage_carryon_url;baggage_fees_url;fare_conditions_url;checkin_url;conditions_of_carriage_url;article_selector,
airnorth,Airnorth,TL,Australia,Scheduled,yes,en-au,manual-priority,Australia/Pacific,https://www.airnorth.com.au,,https://www.airnorth.com.au/checked-baggage,https://www.airnorth.com.au/carry-on-baggage,https://www.airnorth.com.au/checked-baggage,,,https://www.airnorth.com.au/plan/fare-information/conditions-of-carriage/,,yes,2026-09-03,4,0,no,yes,no,https://www.airnorth.com.au/plan/fare-information/conditions-of-carriage/,fare_conditions_url;checkin_url;article_selector,4/6 urls imported from filled priority CSV
airshop-bv,Airshop B.V.,FF,Netherlands,Scheduled,no,,,,,,,,,,,,,no,,0,0,no,no,no,,locale;region;baggage_checked_url;baggage_carryon_url;baggage_fees_url;fare_conditions_url;checkin_url;conditions_of_carriage_url;article_selector,
airzena,Airzena,LV,Georgia,Scheduled,no,,,,,,,,,,,,,no,,0,0,no,no,no,,locale;region;baggage_checked_url;baggage_carryon_url;baggage_fees_url;fare_conditions_url;checkin_url;conditions_of_carriage_url;article_selector,
ajet,Ajet,VF,Cyprus,Low-cost,yes,en,manual-priority,Europe,https://ajet.com/en/contact,https://ajet.com/en/contact,https://ajet.com/en/services/free-baggage-allowance,https://ajet.com/en/services/free-baggage-allowance,https://ajet.com/en/services/free-baggage-allowance,,,,,yes,2026-09-03,0,3,no,yes,no,,fare_conditions_url;checkin_url;conditions_of_carriage_url;article_selector,3/6 urls imported from filled priority CSV
ak-bars-aero,Ak Bars Aero,2B,Russia,Low-cost,no,,,,,,,,,,,,,no,,0,0,no,no,no,,locale;region;baggage_checked_url;baggage_carryon_url;baggage_fees_url;fare_conditions_url;checkin_url;conditions_of_carriage_url;article_selector,
akasa-air,Akasa Air,QP,India,Low-cost,no,,,,,,,,,,,,,no,,0,0,no,no,no,,locale;region;baggage_checked_url;baggage_carryon_url;baggage_fees_url;fare_conditions_url;checkin_url;conditions_of_carriage_url;article_selector,
aklak-air,Aklak Air,6L,Canada,Scheduled,yes,en-ca,manual-priority,North America,https://aklakair.ca/contact-us,https://aklakair.ca/contact-us,https://aklakair.ca/policies/baggage-policy,https://aklakair.ca/policies/baggage-policy,https://aklakair.ca/policies/baggage-policy,,,,,yes,2026-09-03,2,1,no,yes,no,,fare_conditions_url;checkin_url;conditions_of_carriage_url;article_selector,3/6 urls imported from filled priority CSV
almasria-universal-airlines,AlMasria Universal Airlines,UJ,Egypt,Scheduled,no,,,,,,,,,,,,,no,,0,0,no,yes,no,,locale;region;baggage_checked_url;baggage_carryon_url;baggage_fees_url;fare_conditions_url;checkin_url;conditions_of_carriage_url;article_selector,
alaska-airlines,Alaska Airlines,AS,United States,Scheduled,yes,en-us,1b,North America,https://www.alaskaair.com,,https://www.alaskaair.com/content/travel-info/baggage/checked-bags,https://www.alaskaair.com/content/travel-info/baggage/carry-on-luggage,https://www.alaskaair.com/content/travel-info/baggage/checked-bags,https://www.alaskaair.com/content/travel-info/flight-experience/fare-types,https://www.alaskaair.com/content/travel-info/at-the-airport/airport-check-in,https://www.alaskaair.com/content/legal/contract-of-carriage,,yes,2026-09-03,0,6,no,yes,no,https://www.alaskaair.com/content/legal/contract-of-carriage/rule-1,article_selector,6/6 urls
alaska-seaplanes,Alaska Seaplanes,J5,United States,Scheduled,no,,,,,,,,,,,,,no,,0,0,no,no,no,,locale;region;baggage_checked_url;baggage_carryon_url;baggage_fees_url;fare_conditions_url;checkin_url;conditions_of_carriage_url;article_selector,
albastar,AlbaStar,AP,Spain,Scheduled,no,,,,,,,,,,,,,no,,0,0,no,no,no,,locale;region;baggage_checked_url;baggage_carryon_url;baggage_fees_url;fare_conditions_url;checkin_url;conditions_of_carriage_url;article_selector,
alexandria-airlines,Alexandria Airlines,DQ,Egypt,Scheduled,no,,,,,,,,,,,,,no,,0,0,no,no,no,,locale;region;baggage_checked_url;baggage_carryon_url;baggage_fees_url;fare_conditions_url;checkin_url;conditions_of_carriage_url;article_selector,
all-nippon-airways,All Nippon Airways,NH,Japan,Scheduled,yes,en,manual-priority,Asia,https://www.ana.co.jp/en/jp/guide/reservation/support/domestic/family,https://www.ana.co.jp/en/jp/guide/reservation/support/domestic/family,https://www.ana.co.jp/en/in/travel-information/baggage-information/checked-baggage,https://www.ana.co.jp/en/us/travel-information/baggage-information/carry-on,https://www.ana.co.jp/en/in/travel-information/baggage-information/checked-baggage,,,https://www.ana.co.jp/en/gb/siteinfo/international/conditions-of-carriage/,,yes,2026-09-03,0,4,no,yes,no,https://www.ana.co.jp/en/gb/siteinfo/international/conditions-of-carriage/,fare_conditions_url;checkin_url;article_selector,4/6 urls imported from filled priority CSV
allegiant-air,Allegiant Air,G4,United States,Low-cost,yes,en-us,manual-priority,North America,https://www.allegiantair.com,,,,,,,https://www.allegiantair.com/contract-carriage,,yes,2026-09-03,0,1,no,yes,no,https://www.allegiantair.com/contract-carriage,baggage_checked_url;baggage_carryon_url;baggage_fees_url;fare_conditions_url;checkin_url;article_selector,1/6 urls imported from filled priority CSV
alliance-air,Alliance Air,9I,India,Scheduled,no,,,,,,,,,,,,,no,,0,0,no,no,no,,locale;region;baggage_checked_url;baggage_carryon_url;baggage_fees_url;fare_conditions_url;checkin_url;conditions_of_carriage_url;article_selector,
alliance-airlines,Alliance Airlines,QQ,Australia,Scheduled,no,,,,https://www.allianceairlines.com.au,,,,,,,,,no,,0,0,no,no,no,https://www.allianceairlines.com.au/terms-conditions,locale;region;baggage_checked_url;baggage_carryon_url;baggage_fees_url;fare_conditions_url;checkin_url;conditions_of_carriage_url;article_selector,
alpha-air-transport,Alpha Air Transport,7U,Canada,Scheduled,no,,,,,,,,,,,,,no,,0,0,no,no,no,,locale;region;baggage_checked_url;baggage_carryon_url;baggage_fees_url;fare_conditions_url;checkin_url;conditions_of_carriage_url;article_selector,
alsa-grupo-slu,Alsa Grupo SLU,5I,Spain,Scheduled,no,,,,,,,,,,,,,no,,0,0,no,no,no,,locale;region;baggage_checked_url;baggage_carryon_url;baggage_fees_url;fare_conditions_url;checkin_url;conditions_of_carriage_url;article_selector,
amadeus-it-group-sa,Amadeus IT Group SA,1A,Spain,Scheduled,no,,,,,,,,,,,,,no,,0,0,no,no,no,,locale;region;baggage_checked_url;baggage_carryon_url;baggage_fees_url;fare_conditions_url;checkin_url;conditions_of_carriage_url;article_selector,
amakusa-airlines,Amakusa Airlines,MZ,Japan,Scheduled,no,,,,,,,,,,,,,no,,0,0,no,yes,no,,locale;region;baggage_checked_url;baggage_carryon_url;baggage_fees_url;fare_conditions_url;checkin_url;conditions_of_carriage_url;article_selector,
amaszonas,Amaszonas,Z8,Bolivia,Scheduled,no,,,,,,,,,,,,,no,,0,0,no,no,no,,locale;region;baggage_checked_url;baggage_carryon_url;baggage_fees_url;fare_conditions_url;checkin_url;conditions_of_carriage_url;article_selector,
amaszonas-uruguay,Amaszonas Uruguay,Z7,Uruguay,Scheduled,no,,,,,,,,,,,,,no,,0,0,no,no,no,,locale;region;baggage_checked_url;baggage_carryon_url;baggage_fees_url;fare_conditions_url;checkin_url;conditions_of_carriage_url;article_selector,
amelia,Amelia,8R,France,Scheduled,no,,,,,,,,,,,,,no,,0,0,no,no,no,,locale;region;baggage_checked_url;baggage_carryon_url;baggage_fees_url;fare_conditions_url;checkin_url;conditions_of_carriage_url;article_selector,
american-airlines,American Airlines,AA,United States,Scheduled,yes,en-us,1a,North America,https://www.aa.com,,https://www.aa.com/i18n/travel-info/baggage/checked-baggage-policy.jsp,https://www.aa.com/i18n/travel-info/baggage/carry-on-baggage.jsp,https://www.aa.com/i18n/travel-info/baggage/checked-baggage-policy.jsp,https://www.aa.com/i18n/customer-service/support/conditions-of-carriage.jsp,https://www.aa.com/i18n/travel-info/check-in-and-arrival.jsp,https://www.aa.com/i18n/customer-service/support/conditions-of-carriage.jsp,"[role=""main""]",yes,2026-09-03,6,0,yes,yes,no,https://www.aa.com/i18n/customer-service/support/conditions-of-carriage.jsp,,6/6 urls
american-eagle,American Eagle,ZZ,United States,Scheduled,no,,,,https://duffelairways.com,,,,,,,,,no,,0,0,no,no,no,https://duffelairways.com/dummy-url/conditions-of-carriage,locale;region;baggage_checked_url;baggage_carryon_url;baggage_fees_url;fare_conditions_url;checkin_url;conditions_of_carriage_url;article_selector,
amerijet-international-inc,Amerijet International Inc.,M6,United States,Scheduled,no,,,,,,,,,,,,,no,,0,0,no,yes,no,,locale;region;baggage_checked_url;baggage_carryon_url;baggage_fees_url;fare_conditions_url;checkin_url;conditions_of_carriage_url;article_selector,
amtrak,Amtrak,2V,United States,Scheduled,no,,,,,,,,,,,,,no,,0,0,no,no,no,,locale;region;baggage_checked_url;baggage_carryon_url;baggage_fees_url;fare_conditions_url;checkin_url;conditions_of_carriage_url;article_selector,
andes-lineas-aereas,Andes Lineas Aereas,O4,Argentina,Scheduled,no,,,,,,,,,,,,,no,,0,0,no,no,no,,locale;region;baggage_checked_url;baggage_carryon_url;baggage_fees_url;fare_conditions_url;checkin_url;conditions_of_carriage_url;article_selector,
angara-airlines,Angara Airlines,2G,Russia,Scheduled,no,,,,,,,,,,,,,no,,0,0,no,no,no,,locale;region;baggage_checked_url;baggage_carryon_url;baggage_fees_url;fare_conditions_url;checkin_url;conditions_of_carriage_url;article_selector,
anguilla-air-services,Anguilla Air Services,Q3,Russia,Scheduled,no,,,,,,,,,,,,,no,,0,0,no,no,no,,locale;region;baggage_checked_url;baggage_carryon_url;baggage_fees_url;fare_conditions_url;checkin_url;conditions_of_carriage_url;article_selector,
animawings,Animawings,A2,Romania,Scheduled,no,,,,,,,,,,,,,no,,0,0,no,no,no,,locale;region;baggage_checked_url;baggage_carryon_url;baggage_fees_url;fare_conditions_url;checkin_url;conditions_of_carriage_url;article_selector,
arajet,Arajet,DM,Dominican Republic,Low-cost,no,,,,,,,,,,,,,no,,0,0,no,no,no,,locale;region;baggage_checked_url;baggage_carryon_url;baggage_fees_url;fare_conditions_url;checkin_url;conditions_of_carriage_url;article_selector,
arctic-transportation-services-inc-ryan-air,"Arctic Transportation Services, Inc Ryan Air",7S,United States,Scheduled,no,,,,,,,,,,,,,no,,0,0,no,no,no,,locale;region;baggage_checked_url;baggage_carryon_url;baggage_fees_url;fare_conditions_url;checkin_url;conditions_of_carriage_url;article_selector,
ariana-afghan-airlines,Ariana Afghan Airlines,FG,Afghanistan,Scheduled,yes,en,manual-priority,Asia,https://www.flyariana.com,,https://www.flyariana.com/Plan-and-Book/Baggage,https://www.flyariana.com/Plan-and-Book/Baggage,https://www.flyariana.com/Plan-and-Book/Baggage,,,https://www.flyariana.com/FooterLinks/Legal,,yes,2026-09-03,1,3,no,yes,no,https://www.flyariana.com/FooterLinks/Legal,fare_conditions_url;checkin_url;article_selector,4/6 urls imported from filled priority CSV
arik-air,Arik Air,W3,Nigeria,Scheduled,no,,,,,,,,,,,,,no,,0,0,no,yes,no,,locale;region;baggage_checked_url;baggage_carryon_url;baggage_fees_url;fare_conditions_url;checkin_url;conditions_of_carriage_url;article_selector,
arkhangelsk-2,Arkhangelsk-2,АЧ,Russia,Scheduled,no,,,,,,,,,,,,,no,,0,0,no,no,no,,locale;region;baggage_checked_url;baggage_carryon_url;baggage_fees_url;fare_conditions_url;checkin_url;conditions_of_carriage_url;article_selector,
arkia,Arkia,IZ,Israel,Scheduled,yes,en,manual-priority,Asia,https://www.arkia.co.il,,,,,,,https://www.arkia.co.il/content/movil-domestic,,yes,2026-09-03,0,1,no,yes,no,https://www.arkia.co.il/content/movil-domestic,baggage_checked_url;baggage_carryon_url;baggage_fees_url;fare_conditions_url;checkin_url;article_selector,1/6 urls imported from filled priority CSV
arktika,Arktika,СИ,Russia,Scheduled,no,,,,,,,,,,,,,no,,0,0,no,no,no,,locale;region;baggage_checked_url;baggage_carryon_url;baggage_fees_url;fare_conditions_url;checkin_url;conditions_of_carriage_url;article_selector,
armenia-airways,Armenia Airways,6A,Armenia,Scheduled,no,,,,,,,,,,,,,no,,0,0,no,no,no,,locale;region;baggage_checked_url;baggage_carryon_url;baggage_fees_url;fare_conditions_url;checkin_url;conditions_of_carriage_url;article_selector,
armenian-airlines,Armenian Airlines,JI,Armenia,Scheduled,no,,,,,,,,,,,,,no,,0,0,no,no,no,,locale;region;baggage_checked_url;baggage_carryon_url;baggage_fees_url;fare_conditions_url;checkin_url;conditions_of_carriage_url;article_selector,
aruba-airlines,Aruba Airlines,AG,Aruba,Scheduled,no,,,,,,,,,,,,,no,,0,0,no,no,no,,locale;region;baggage_checked_url;baggage_carryon_url;baggage_fees_url;fare_conditions_url;checkin_url;conditions_of_carriage_url;article_selector,
ascend-airways,Ascend Airways,YD,Belarus,Scheduled,no,,,,,,,,,,,,,no,,0,0,no,no,no,,locale;region;baggage_checked_url;baggage_carryon_url;baggage_fees_url;fare_conditions_url;checkin_url;conditions_of_carriage_url;article_selector,
aserca-airlines,Aserca Airlines,R7,Venezuela,Scheduled,no,,,,,,,,,,,,,no,,0,0,no,yes,no,,locale;region;baggage_checked_url;baggage_carryon_url;baggage_fees_url;fare_conditions_url;checkin_url;conditions_of_carriage_url;article_selector,
asian-wings-airways,Asian Wings Airways,YJ,Burma,Scheduled,no,,,,,,,,,,,,,no,,0,0,no,no,no,,locale;region;baggage_checked_url;baggage_carryon_url;baggage_fees_url;fare_conditions_url;checkin_url;conditions_of_carriage_url;article_selector,
asiana-airlines,Asiana Airlines,OZ,South Korea,Scheduled,yes,en,manual-priority,Asia,https://flyasiana.com,,https://flyasiana.com/C/GB/EN/ready/baggage,https://flyasiana.com/C/GB/EN/ready/baggage,https://flyasiana.com/C/GB/EN/ready/baggage,,,https://flyasiana.com/C/GB/EN/contents/terms-of-transportation-and-notification,,yes,2026-09-03,0,4,no,yes,no,https://flyasiana.com/C/GB/EN/contents/terms-of-transportation-and-notification,fare_conditions_url;checkin_url;article_selector,4/6 urls imported from filled priority CSV
asman-airlines,Asman Airlines,MN,Kyrgyzstan,Low-cost,no,,,,,,,,,,,,,no,,0,0,no,no,no,,locale;region;baggage_checked_url;baggage_carryon_url;baggage_fees_url;fare_conditions_url;checkin_url;conditions_of_carriage_url;article_selector,
atlantic-airways,Atlantic Airways,RC,Faroe Islands,Low-cost,yes,en,manual-priority,Asia,https://www.atlanticairways.com,,https://www.atlantic.fo/alt-um-ferðina/ferðatreytir/conditions-of-carriage-for-passengers-and-baggage,https://www.atlantic.fo/alt-um-ferðina/ferðatreytir/conditions-of-carriage-for-passengers-and-baggage,https://www.atlantic.fo/alt-um-ferðina/ferðatreytir/conditions-of-carriage-for-passengers-and-baggage,,,https://www.atlanticairways.com/media/1523/iata_conditions-of-contract_en.pdf,,yes,2026-09-03,0,4,no,yes,no,https://www.atlanticairways.com/media/1523/iata_conditions-of-contract_en.pdf,fare_conditions_url;checkin_url;article_selector,4/6 urls imported from filled priority CSV
atlas-air,Atlas Air,5Y,United States,Scheduled,yes,en-us,manual-priority,North America,,,https://www.atlasair.com/page_widgets/text-widget-passenger-services-baggage,https://www.atlasair.com/page_widgets/text-widget-passenger-services-baggage,https://www.atlasair.com/page_widgets/text-widget-passenger-services-baggage,,,https://jumpseat.atlasair.com/aa/ConditionsofCarriage.pdf,,yes,2026-09-03,0,4,no,yes,no,,fare_conditions_url;checkin_url;article_selector,4/6 urls imported from filled priority CSV
atran,Atran,V8,Russia,Scheduled,no,,,,,,,,,,,,,no,,0,0,no,yes,no,,locale;region;baggage_checked_url;baggage_carryon_url;baggage_fees_url;fare_conditions_url;checkin_url;conditions_of_carriage_url;article_selector,
auric-air,Auric Air,UI,Tanzania,Scheduled,no,,,,,,,,,,,,,no,,0,0,no,no,no,,locale;region;baggage_checked_url;baggage_carryon_url;baggage_fees_url;fare_conditions_url;checkin_url;conditions_of_carriage_url;article_selector,
aurigny,Aurigny,GR,Guernsey,Scheduled,no,,,,https://www.aurigny.com,,,,,,,,,no,,0,0,no,no,no,https://www.aurigny.com/legal/conditions-carriage,locale;region;baggage_checked_url;baggage_carryon_url;baggage_fees_url;fare_conditions_url;checkin_url;conditions_of_carriage_url;article_selector,
aurora,Aurora,HZ,Russia,Scheduled,no,,,,,,,,,,,,,no,,0,0,no,no,no,,locale;region;baggage_checked_url;baggage_carryon_url;baggage_fees_url;fare_conditions_url;checkin_url;conditions_of_carriage_url;article_selector,
austral-lineas-aereas,Austral Lineas Aereas,AU,Argentina,Scheduled,no,,,,,,,,,,,,,no,,0,0,no,no,no,,locale;region;baggage_checked_url;baggage_carryon_url;baggage_fees_url;fare_conditions_url;checkin_url;conditions_of_carriage_url;article_selector,
australian-airlines,Australian Airlines,AO,Australia,Scheduled,no,,,,,,,,,,,,,no,,0,0,no,no,no,,locale;region;baggage_checked_url;baggage_carryon_url;baggage_fees_url;fare_conditions_url;checkin_url;conditions_of_carriage_url;article_selector,
austrian-airlines,Austrian Airlines,OS,Austria,Scheduled,yes,en,manual-priority,Europe,https://www.austrian.com,,https://www.austrian.com/at/en/baggage,https://www.austrian.com/at/en/baggage,https://www.austrian.com/at/en/baggage,,,https://www.austrian.com/es/en/legal/conditions-of-carriage,,yes,2026-09-03,0,4,no,yes,no,https://www.austrian.com/es/en/legal/conditions-of-carriage,fare_conditions_url;checkin_url;article_selector,4/6 urls imported from filled priority CSV
avelo-airlines,Avelo Airlines,XP,United States,Low-cost,no,,,,,,,,,,,,,no,,0,0,no,no,no,,locale;region;baggage_checked_url;baggage_carryon_url;baggage_fees_url;fare_conditions_url;checkin_url;conditions_of_carriage_url;article_selector,
avia-traffic-company,Avia Traffic Company,ТФ,Kyrgyzstan,Scheduled,no,,,,,,,,,,,,,no,,0,0,no,no,no,,locale;region;baggage_checked_url;baggage_carryon_url;baggage_fees_url;fare_conditions_url;checkin_url;conditions_of_carriage_url;article_selector,
aviacon-zitotrans-air-company-jsc,Aviacon Zitotrans Air Company JSC,ZR,Russia,Scheduled,no,,,,,,,,,,,,,no,,0,0,no,no,no,,locale;region;baggage_checked_url;baggage_carryon_url;baggage_fees_url;fare_conditions_url;checkin_url;conditions_of_carriage_url;article_selector,
avialeasing-aviation-company,Avialeasing Aviation Company,V2,Uzbekistan,Scheduled,no,,,,,,,,,,,,,no,,0,0,no,no,no,,locale;region;baggage_checked_url;baggage_carryon_url;baggage_fees_url;fare_conditions_url;checkin_url;conditions_of_carriage_url;article_selector,
avianca,Avianca,AV,Colombia,Scheduled,yes,en,manual-priority,South America,https://www.avianca.com,,https://ayuda.avianca.com/hc/en-us/sections/13768649925787-Checked-baggage,https://ayuda.avianca.com/hc/en-us/sections/13467208526619-Carry-on-baggage,https://ayuda.avianca.com/hc/en-us/sections/13768649925787-Checked-baggage,,,https://www.avianca.com/uk/en/sobre-nosotros/informacion-legal/contrato-transporte/,,yes,2026-09-03,3,1,no,yes,no,https://www.avianca.com/uk/en/sobre-nosotros/informacion-legal/contrato-transporte/,fare_conditions_url;checkin_url;article_selector,4/6 urls imported from filled priority CSV
avianca-brazil,Avianca Brazil,O6,Brazil,Scheduled,no,,,,,,,,,,,,,no,,0,0,no,no,no,,locale;region;baggage_checked_url;baggage_carryon_url;baggage_fees_url;fare_conditions_url;checkin_url;conditions_of_carriage_url;article_selector,
avianca-costa-rica,Avianca Costa Rica,LR,Costa Rica,Scheduled,yes,en,manual-priority,North America,https://www.avianca.com/en/about-us/contact-us,https://www.avianca.com/en/about-us/contact-us,https://ayuda.avianca.com/hc/en-us/sections/13768649925787-Checked-baggage,https://ayuda.avianca.com/hc/en-us/sections/13467208526619-Carry-on-baggage,https://ayuda.avianca.com/hc/en-us/sections/13768649925787-Checked-baggage,,https://ayuda.avianca.com/hc/en-us/sections/13499963148955-Check-in,https://www.avianca.com/uk/en/sobre-nosotros/informacion-legal/contrato-transporte/,,yes,2026-09-03,4,1,no,yes,no,https://www.avianca.com/uk/en/sobre-nosotros/informacion-legal/contrato-transporte/,fare_conditions_url;article_selector,5/6 urls imported from filled priority CSV
avianca-ecuador,Avianca Ecuador,2K,Ecuador,Scheduled,yes,en,manual-priority,South America,https://www.avianca.com/en/about-us/contact-us,https://www.avianca.com/en/about-us/contact-us,https://ayuda.avianca.com/hc/en-us/sections/13768649925787-Checked-baggage,https://ayuda.avianca.com/hc/en-us/sections/13467208526619-Carry-on-baggage,https://ayuda.avianca.com/hc/en-us/sections/13768649925787-Checked-baggage,,,,,yes,2026-09-03,3,0,no,yes,no,avianca.com/otr/en/about-us/legal-documentation/contract-of-carriage/,fare_conditions_url;checkin_url;conditions_of_carriage_url;article_selector,3/6 urls imported from filled priority CSV
avianca-el-salvador,Avianca El Salvador,TA,El Salvador,Scheduled,no,,,,https://www.avianca.com,,,,,,,,,no,,0,0,no,no,no,https://www.avianca.com/uk/en/sobre-nosotros/informacion-legal/contrato-transporte/,locale;region;baggage_checked_url;baggage_carryon_url;baggage_fees_url;fare_conditions_url;checkin_url;conditions_of_carriage_url;article_selector,
avianca-guatemala,Avianca Guatemala,GU,Guatemala,Scheduled,no,,,,,,,,,,,,,no,,0,0,no,no,no,,locale;region;baggage_checked_url;baggage_carryon_url;baggage_fees_url;fare_conditions_url;checkin_url;conditions_of_carriage_url;article_selector,
avianca-peru,Avianca Peru,T0,Peru,Scheduled,no,,,,,,,,,,,,,no,,0,0,no,no,no,,locale;region;baggage_checked_url;baggage_carryon_url;baggage_fees_url;fare_conditions_url;checkin_url;conditions_of_carriage_url;article_selector,
aviastar-tu,Aviastar-TU,4B,Russia,Scheduled,yes,en,manual-priority,Europe,https://www.boutiqueair.com,,,,,,,https://www.boutiqueair.com/pages/terms,,yes,2026-09-03,0,1,no,yes,no,https://www.boutiqueair.com/pages/terms,baggage_checked_url;baggage_carryon_url;baggage_fees_url;fare_conditions_url;checkin_url;article_selector,1/6 urls imported from filled priority CSV
avion-express-lithuania,Avion Express Lithuania,X9,Lithuania,Scheduled,no,,,,,,,,,,,,,no,,0,0,no,yes,no,,locale;region;baggage_checked_url;baggage_carryon_url;baggage_fees_url;fare_conditions_url;checkin_url;conditions_of_carriage_url;article_selector,
avion-express-malta,Avion Express Malta,4X,Malta,Scheduled,no,,,,,,,,,,,,,no,,0,0,no,yes,no,,locale;region;baggage_checked_url;baggage_carryon_url;baggage_fees_url;fare_conditions_url;checkin_url;conditions_of_carriage_url;article_selector,
avior-airlines,Avior Airlines,3R,Venezuela,Scheduled,no,,,,,,,,,,,,,no,,0,0,no,no,no,,locale;region;baggage_checked_url;baggage_carryon_url;baggage_fees_url;fare_conditions_url;checkin_url;conditions_of_carriage_url;article_selector,
azerbaijan-airlines,Azerbaijan Airlines,J2,Azerbaijan,Scheduled,yes,en,manual-priority,Asia,https://help.azal.az/hc/en-us/articles/36299412204562-How-do-I-know-which-fare-is-best-for-me,https://help.azal.az/hc/en-us/articles/36299412204562-How-do-I-know-which-fare-is-best-for-me,https://help.azal.az/hc/en-us/articles/36484496277266-What-items-are-restricted-in-baggage,https://help.azal.az/hc/en-us/articles/36291641558162-Where-can-I-find-hand-baggage-rules,https://help.azal.az/hc/en-us/articles/36484496277266-What-items-are-restricted-in-baggage,,,https://www.azal.az/en/information/rules-and-conditions,,yes,2026-09-03,3,1,no,yes,no,https://www.azal.az/en/information/rules-and-conditions,fare_conditions_url;checkin_url;article_selector,4/6 urls imported from filled priority CSV
azimuth,Azimuth,A4,Russia,Scheduled,no,,,,,,,,,,,,,no,,0,0,no,no,no,,locale;region;baggage_checked_url;baggage_carryon_url;baggage_fees_url;fare_conditions_url;checkin_url;conditions_of_carriage_url;article_selector,
aztec-airways,Aztec Airways,AJ,United States,Scheduled,no,,,,,,,,,,,,,no,,0,0,no,no,no,,locale;region;baggage_checked_url;baggage_carryon_url;baggage_fees_url;fare_conditions_url;checkin_url;conditions_of_carriage_url;article_selector,
azul-airlines,Azul Airlines,AD,Brazil,Low-cost,no,,,,https://www.voeazul.com.br,,,,,,,,,no,,0,0,no,no,no,https://www.voeazul.com.br/en/for-your-trip/international-flights/contract-of-carriage,locale;region;baggage_checked_url;baggage_carryon_url;baggage_fees_url;fare_conditions_url;checkin_url;conditions_of_carriage_url;article_selector,
ba-cityflyer,BA Cityflyer,CJ,United Kingdom,Scheduled,no,,,,,,,,,,,,,no,,0,0,no,no,no,,locale;region;baggage_checked_url;baggage_carryon_url;baggage_fees_url;fare_conditions_url;checkin_url;conditions_of_carriage_url;article_selector,
ba-euroflyer,BA Euroflyer,A0,United Kingdom,Scheduled,no,,,,,,,,,,,,,no,,0,0,no,no,no,,locale;region;baggage_checked_url;baggage_carryon_url;baggage_fees_url;fare_conditions_url;checkin_url;conditions_of_carriage_url;article_selector,
bb-airways,BB Airways,BO,Nepal,Scheduled,no,,,,,,,,,,,,,no,,0,0,no,no,no,,locale;region;baggage_checked_url;baggage_carryon_url;baggage_fees_url;fare_conditions_url;checkin_url;conditions_of_carriage_url;article_selector,
bbn-airlines,BBN Airlines,B5,Indonesia,Scheduled,no,,,,,,,,,,,,,no,,0,0,no,no,no,,locale;region;baggage_checked_url;baggage_carryon_url;baggage_fees_url;fare_conditions_url;checkin_url;conditions_of_carriage_url;article_selector,
bh-air,BH Air,8H,Bulgaria,Scheduled,no,,,,,,,,,,,,,no,,0,0,no,no,no,,locale;region;baggage_checked_url;baggage_carryon_url;baggage_fees_url;fare_conditions_url;checkin_url;conditions_of_carriage_url;article_selector,
bmi-regional,BMI regional,BM,United Kingdom,Scheduled,no,,,,,,,,,,,,,no,,0,0,no,no,no,,locale;region;baggage_checked_url;baggage_carryon_url;baggage_fees_url;fare_conditions_url;checkin_url;conditions_of_carriage_url;article_selector,
bqb-lineas-aereas,BQB Lineas Aereas,5Q,Uruguay,Scheduled,no,,,,,,,,,,,,,no,,0,0,no,no,no,,locale;region;baggage_checked_url;baggage_carryon_url;baggage_fees_url;fare_conditions_url;checkin_url;conditions_of_carriage_url;article_selector,
bra,BRA,TF,Sweden,Scheduled,no,,,,,,,,,,,,,no,,0,0,no,no,no,,locale;region;baggage_checked_url;baggage_carryon_url;baggage_fees_url;fare_conditions_url;checkin_url;conditions_of_carriage_url;article_selector,
bvi-airways,BVI Airways,XV,British Virgin Islands,Scheduled,no,,,,,,,,,,,,,no,,0,0,no,yes,no,,locale;region;baggage_checked_url;baggage_carryon_url;baggage_fees_url;fare_conditions_url;checkin_url;conditions_of_carriage_url;article_selector,
badr-airlines,Badr Airlines,J4,Sudan,Scheduled,no,,,,,,,,,,,,,no,,0,0,no,no,no,,locale;region;baggage_checked_url;baggage_carryon_url;baggage_fees_url;fare_conditions_url;checkin_url;conditions_of_carriage_url;article_selector,
bahamasair,Bahamasair,UP,Bahamas,Scheduled,no,,,,https://www.bahamasair.com,,,,,,,,,no,,0,0,no,no,no,https://www.bahamasair.com/other-policies-forms/conditions-of-carriage,locale;region;baggage_checked_url;baggage_carryon_url;baggage_fees_url;fare_conditions_url;checkin_url;conditions_of_carriage_url;article_selector,
balkan,Balkan,БА,Bulgaria,Scheduled,no,,,,,,,,,,,,,no,,0,0,no,no,no,,locale;region;baggage_checked_url;baggage_carryon_url;baggage_fees_url;fare_conditions_url;checkin_url;conditions_of_carriage_url;article_selector,
bamboo-airways,Bamboo Airways,QH,Vietnam,Scheduled,no,,,,https://www.bambooairways.com,,,,,,,,,no,,0,0,no,no,no,https://www.bambooairways.com/global-en/terms-and-conditions/conditions-of-carriage/,locale;region;baggage_checked_url;baggage_carryon_url;baggage_fees_url;fare_conditions_url;checkin_url;conditions_of_carriage_url;article_selector,
bangkok-airways,Bangkok Airways,PG,Thailand,Scheduled,yes,en-th,1b,Southeast Asia,https://www.bangkokair.com,,https://www.bangkokair.com/baggage-allowance,https://www.bangkokair.com/carry-on-baggage,https://www.bangkokair.com/excess-baggage,https://www.bangkokair.com/fare-rules,https://www.bangkokair.com/check-in,https://www.bangkokair.com/conditions-of-carriage,,yes,2026-09-03,0,6,no,yes,no,https://www.bangkokair.com/conditions/conditions-of-carriage,article_selector,"parked — 403 on all six paths, blocked rather than a URL problem"
bassaka-air,Bassaka Air,5B,Cambodia,Scheduled,no,,,,,,,,,,,,,no,,0,0,no,no,no,,locale;region;baggage_checked_url;baggage_carryon_url;baggage_fees_url;fare_conditions_url;checkin_url;conditions_of_carriage_url;article_selector,
batik-air,Batik Air,ID,Indonesia,Scheduled,no,,,,,,,,,,,,,no,,0,0,no,yes,no,,locale;region;baggage_checked_url;baggage_carryon_url;baggage_fees_url;fare_conditions_url;checkin_url;conditions_of_carriage_url;article_selector,
batik-air-malaysia,Batik Air Malaysia,OD,Malaysia,Scheduled,no,,,,https://www.malindoair.com,,,,,,,,,no,,0,0,no,no,no,https://www.malindoair.com/terms-and-conditions,locale;region;baggage_checked_url;baggage_carryon_url;baggage_fees_url;fare_conditions_url;checkin_url;conditions_of_carriage_url;article_selector,
beond,BeOnd,B4,Maldives,Scheduled,no,,,,,,,,,,,,,no,,0,0,no,no,no,,locale;region;baggage_checked_url;baggage_carryon_url;baggage_fees_url;fare_conditions_url;checkin_url;conditions_of_carriage_url;article_selector,
bearskin-airlines,Bearskin Airlines,JV,Canada,Scheduled,no,,,,,,,,,,,,,no,,0,0,no,yes,no,,locale;region;baggage_checked_url;baggage_carryon_url;baggage_fees_url;fare_conditions_url;checkin_url;conditions_of_carriage_url;article_selector,
bees-airline,Bees Airline,7B,Ukraine,Low-cost,no,,,,,,,,,,,,,no,,0,0,no,no,no,,locale;region;baggage_checked_url;baggage_carryon_url;baggage_fees_url;fare_conditions_url;checkin_url;conditions_of_carriage_url;article_selector,
beijing-capital-airlines,Beijing Capital Airlines,JD,China,Scheduled,yes,en,manual-priority,Asia,https://intl.jdair.net,,,,,,,https://intl.jdair.net/news/index?id=73&valueMenuaid=75,,yes,2026-09-03,0,1,no,yes,no,https://intl.jdair.net/news/index?id=73&valueMenuaid=75,baggage_checked_url;baggage_carryon_url;baggage_fees_url;fare_conditions_url;checkin_url;article_selector,1/6 urls imported from filled priority CSV
belavia,Belavia,B2,Belarus,Scheduled,no,,,,,,,,,,,,,no,,0,0,no,no,no,,locale;region;baggage_checked_url;baggage_carryon_url;baggage_fees_url;fare_conditions_url;checkin_url;conditions_of_carriage_url;article_selector,
bemidji-airlines,Bemidji Airlines,CH,United States,Scheduled,no,,,,,,,,,,,,,no,,0,0,no,yes,no,,locale;region;baggage_checked_url;baggage_carryon_url;baggage_fees_url;fare_conditions_url;checkin_url;conditions_of_carriage_url;article_selector,
bering-air,Bering Air,8E,United States,Scheduled,yes,en-us,manual-priority,North America,,,https://www.beringair.com/faqs/nome-excess-baggage-rates,https://www.beringair.com/faqs/nome-excess-baggage-rates,https://www.beringair.com/faqs/nome-excess-baggage-rates,,,,,yes,2026-09-03,0,3,no,yes,no,,fare_conditions_url;checkin_url;conditions_of_carriage_url;article_selector,3/6 urls imported from filled priority CSV
berjaya-air,Berjaya Air,J8,Malaysia,Scheduled,no,,,,,,,,,,,,,no,,0,0,no,yes,no,,locale;region;baggage_checked_url;baggage_carryon_url;baggage_fees_url;fare_conditions_url;checkin_url;conditions_of_carriage_url;article_selector,
bermudair,BermudAir,2T,Bermuda,Scheduled,no,,,,,,,,,,,,,no,,0,0,no,no,no,,locale;region;baggage_checked_url;baggage_carryon_url;baggage_fees_url;fare_conditions_url;checkin_url;conditions_of_carriage_url;article_selector,
berniq-airways,Berniq Airways,NB,Libya,Scheduled,no,,,,,,,,,,,,,no,,0,0,no,no,no,,locale;region;baggage_checked_url;baggage_carryon_url;baggage_fees_url;fare_conditions_url;checkin_url;conditions_of_carriage_url;article_selector,
bhutan-airlines,Bhutan Airlines,B3,Bhutan,Scheduled,yes,en,manual-priority,Asia,,,https://www.bhutanairlines.bt/travel-tools/baggage-and-cargo,https://www.bhutanairlines.bt/services/in-flight-services/baggage-baggage,https://www.bhutanairlines.bt/travel-tools/baggage-and-cargo,,,,,yes,2026-09-03,3,0,no,yes,no,,fare_conditions_url;checkin_url;conditions_of_carriage_url;article_selector,3/6 urls imported from filled priority CSV
biman-bangladesh-airlines,Biman Bangladesh Airlines,BG,Bangladesh,Scheduled,no,,,,https://www.biman-airlines.com,,,,,,,,,no,,0,0,no,no,no,https://www.biman-airlines.com/termsConditions#Carriage-for-Passengers-and-Baggage,locale;region;baggage_checked_url;baggage_carryon_url;baggage_fees_url;fare_conditions_url;checkin_url;conditions_of_carriage_url;article_selector,
binter-canarias,Binter Canarias,NT,Spain,Scheduled,yes,en,manual-priority,Europe,https://www.bintercanarias.com,,https://www.bintercanarias.com/en/extra-checked-baggage,https://www.bintercanarias.com/es/informacion/equipaje-de-mano,https://www.bintercanarias.com/en/extra-checked-baggage,,,https://www.bintercanarias.com/eng/information/contract-of-carriage,,yes,2026-09-03,0,4,no,yes,no,https://www.bintercanarias.com/eng/information/contract-of-carriage,fare_conditions_url;checkin_url;article_selector,4/6 urls imported from filled priority CSV
blue-air,Blue Air,0B,Romania,Low-cost,no,,,,,,,,,,,,,no,,0,0,no,yes,no,,locale;region;baggage_checked_url;baggage_carryon_url;baggage_fees_url;fare_conditions_url;checkin_url;conditions_of_carriage_url;article_selector,
blue-bird-airways,Blue Bird Airways,BZ,Kenya,Scheduled,no,,,,,,,,,,,,,no,,0,0,no,no,no,,locale;region;baggage_checked_url;baggage_carryon_url;baggage_fees_url;fare_conditions_url;checkin_url;conditions_of_carriage_url;article_selector,
blue-islands,Blue Islands,SI,United Kingdom,Scheduled,no,,,,,,,,,,,,,no,,0,0,no,yes,no,,locale;region;baggage_checked_url;baggage_carryon_url;baggage_fees_url;fare_conditions_url;checkin_url;conditions_of_carriage_url;article_selector,
blue1,Blue1,KF,Finland,Scheduled,yes,en,manual-priority,Europe,https://www.airbelgium.com,,,,,,,https://www.airbelgium.com/en/legal/general-terms-and-conditions-of-carriage/,,yes,2026-09-03,0,1,no,yes,no,https://www.airbelgium.com/en/legal/general-terms-and-conditions-of-carriage/,baggage_checked_url;baggage_carryon_url;baggage_fees_url;fare_conditions_url;checkin_url;article_selector,1/6 urls imported from filled priority CSV
boliviana-de-aviacion,Boliviana de Aviación,OB,Bolivia,Scheduled,yes,en,manual-priority,South America,https://www.boa.bo,,https://www.boa.bo/Contenido/baggage-cc5xiep3,https://www.boa.bo/Contenido/baggage-cc5xiep3,https://www.boa.bo/Contenido/baggage-cc5xiep3,,,https://www.boa.bo/content/docs/contrato_transporte_en.pdf,,yes,2026-09-03,0,4,no,yes,no,https://www.boa.bo/content/docs/contrato_transporte_en.pdf,fare_conditions_url;checkin_url;article_selector,4/6 urls imported from filled priority CSV
bonza,Bonza,AB,Australia,Low-cost,no,,,,,,,,,,,,,no,,0,0,no,no,no,,locale;region;baggage_checked_url;baggage_carryon_url;baggage_fees_url;fare_conditions_url;checkin_url;conditions_of_carriage_url;article_selector,
breeze-airways,Breeze Airways,MX,United States,Low-cost,no,,,,,,,,,,,,,no,,0,0,no,yes,no,,locale;region;baggage_checked_url;baggage_carryon_url;baggage_fees_url;fare_conditions_url;checkin_url;conditions_of_carriage_url;article_selector,
bringer-air-cargo,Bringer Air Cargo,E6,Brazil,Scheduled,no,,,,,,,,,,,,,no,,0,0,no,no,no,,locale;region;baggage_checked_url;baggage_carryon_url;baggage_fees_url;fare_conditions_url;checkin_url;conditions_of_carriage_url;article_selector,
brit-air,Brit Air,DB,France,Scheduled,no,,,,,,,,,,,,,no,,0,0,no,yes,no,,locale;region;baggage_checked_url;baggage_carryon_url;baggage_fees_url;fare_conditions_url;checkin_url;conditions_of_carriage_url;article_selector,
british-airways,British Airways,BA,United Kingdom,Scheduled,yes,en-gb,1a,Europe,https://www.britishairways.com,,https://www.britishairways.com/content/information/baggage-essentials/checked-baggage-allowances,https://www.britishairways.com/content/information/baggage-essentials/hand-baggage-allowances,https://www.britishairways.com/content/information/baggage-essentials/extra-overweight-baggage,https://www.britishairways.com/content/information/terms-and-conditions/conditions-of-carriage,https://www.britishairways.com/content/information/checking-in-and-boarding,https://www.britishairways.com/content/information/terms-and-conditions/conditions-of-carriage,,yes,2026-09-03,0,6,no,yes,yes,https://www.britishairways.com/en-gb/information/legal/british-airways/general-conditions-of-carriage,article_selector,6/6 urls
brussels-airlines,Brussels Airlines,SN,Belgium,Scheduled,yes,en,manual-priority,Europe,https://www.brusselsairlines.com,,https://www.brusselsairlines.com/ao/en/extra-services/baggage/checked-baggage,https://www.brusselsairlines.com/ao/en/extra-services/baggage/checked-baggage,https://www.brusselsairlines.com/ao/en/extra-services/baggage/checked-baggage,,,https://www.brusselsairlines.com/de/en/legal-notices/terms-and-conditions-conditions-of-carriage,,yes,2026-09-03,0,4,no,yes,yes,https://www.brusselsairlines.com/de/en/legal-notices/terms-and-conditions-conditions-of-carriage,fare_conditions_url;checkin_url;article_selector,4/6 urls imported from filled priority CSV
buddha-air,Buddha Air,U4,Nepal,Scheduled,yes,en,manual-priority,Asia,,,https://www.buddhaair.com/detail/baggage,https://www.buddhaair.com/blog/cabin-or-carry-on-luggage-rules-what-you-need-to-know,https://www.buddhaair.com/detail/baggage,,,,,yes,2026-09-03,0,3,no,yes,yes,,fare_conditions_url;checkin_url;conditions_of_carriage_url;article_selector,3/6 urls imported from filled priority CSV
buffalo-airways-ltd,Buffalo Airways Ltd.,J0,Canada,Scheduled,no,,,,,,,,,,,,,no,,0,0,no,no,no,,locale;region;baggage_checked_url;baggage_carryon_url;baggage_fees_url;fare_conditions_url;checkin_url;conditions_of_carriage_url;article_selector,
bul-air,Bul Air,LB,India,Scheduled,no,,,,,,,,,,,,,no,,0,0,no,no,no,,locale;region;baggage_checked_url;baggage_carryon_url;baggage_fees_url;fare_conditions_url;checkin_url;conditions_of_carriage_url;article_selector,
bulgaria-air,Bulgaria Air,FB,Bulgaria,Scheduled,yes,en,manual-priority,Europe,https://www.air.bg,,,,,,,https://www.air.bg/en/customer-support/general-conditions-of-carriage/,,yes,2026-09-03,0,1,no,no,yes,https://www.air.bg/en/customer-support/general-conditions-of-carriage/,baggage_checked_url;baggage_carryon_url;baggage_fees_url;fare_conditions_url;checkin_url;article_selector,1/6 urls imported from filled priority CSV
buraq-air,Buraq Air,UZ,Libya,Scheduled,no,,,,,,,,,,,,,no,,0,0,no,no,no,,locale;region;baggage_checked_url;baggage_carryon_url;baggage_fees_url;fare_conditions_url;checkin_url;conditions_of_carriage_url;article_selector,
buta-airways,Buta Airways,55,Azerbaijan,Low-cost,no,,,,,,,,,,,,,no,,0,0,no,no,yes,,locale;region;baggage_checked_url;baggage_carryon_url;baggage_fees_url;fare_conditions_url;checkin_url;conditions_of_carriage_url;article_selector,
buzz,Buzz,RR,Poland,Low-cost,no,,,,https://www.buzzair.com,,,,,,,,,no,,0,0,no,no,no,https://www.buzzair.com/en/terms-conditions-of-carriage/,locale;region;baggage_checked_url;baggage_carryon_url;baggage_fees_url;fare_conditions_url;checkin_url;conditions_of_carriage_url;article_selector,
ceiba-intercontinental,CEIBA Intercontinental,C2,Equatorial Guinea,Scheduled,no,,,,,,,,,,,,,no,,0,0,no,yes,no,,locale;region;baggage_checked_url;baggage_carryon_url;baggage_fees_url;fare_conditions_url;checkin_url;conditions_of_carriage_url;article_selector,
cjsc-royal-flight-airlines,CJSC Royal Flight airlines,4R,Russia,Scheduled,no,,,,,,,,,,,,,no,,0,0,no,no,no,,locale;region;baggage_checked_url;baggage_carryon_url;baggage_fees_url;fare_conditions_url;checkin_url;conditions_of_carriage_url;article_selector,
cm-airlines,CM Airlines,H5,Honduras,Scheduled,yes,en,manual-priority,Asia,,,https://www.cmairlines.com/equipaje-en,https://www.cmairlines.com/equipaje-en,https://www.cmairlines.com/equipaje-en,,,,,yes,2026-09-03,3,0,no,no,yes,,fare_conditions_url;checkin_url;conditions_of_carriage_url;article_selector,3/6 urls imported from filled priority CSV
csa-czech-airlines,CSA Czech Airlines,OK,Czech Republic,Scheduled,yes,en,manual-priority,Europe,https://www.csa.cz,,,,,,,https://www.csa.cz/gb-en/travel-information/before-the-flight/conditions-of-carriage/,,yes,2026-09-03,0,1,no,yes,yes,https://www.csa.cz/gb-en/travel-information/before-the-flight/conditions-of-carriage/,baggage_checked_url;baggage_carryon_url;baggage_fees_url;fare_conditions_url;checkin_url;article_selector,1/6 urls imported from filled priority CSV
cabo-verde-airlines,Cabo Verde Airlines,VR,Cape Verde,Scheduled,yes,en,manual-priority,Asia,https://caboverdeairlines.com/en/need-help/offices.html,https://caboverdeairlines.com/en/need-help/offices.html,https://www.caboverdeairlines.com/informacoes-de-viagem/no-aeroporto/bagagem.html,https://caboverdeairlines.com/en/travel-information/at-the-airport/baggage-info,https://www.caboverdeairlines.com/informacoes-de-viagem/no-aeroporto/bagagem.html,,,https://caboverdeairlines.com/general-terms-and-conditions/,,yes,2026-09-03,0,4,no,yes,yes,https://caboverdeairlines.com/general-terms-and-conditions/,fare_conditions_url;checkin_url;article_selector,4/6 urls imported from filled priority CSV
caicos-express-airways,Caicos Express Airways,9Q,Turks and Caicos Islands,Scheduled,no,,,,,,,,,,,,,no,,0,0,no,no,no,,locale;region;baggage_checked_url;baggage_carryon_url;baggage_fees_url;fare_conditions_url;checkin_url;conditions_of_carriage_url;article_selector,
calima-aviacion-sl,Calima Aviacion S.L,3C,Spain,Scheduled,no,,,,https://www.airchathams.co.nz,,,,,,,,,no,,0,0,no,no,no,https://www.airchathams.co.nz/terms-and-conditions,locale;region;baggage_checked_url;baggage_carryon_url;baggage_fees_url;fare_conditions_url;checkin_url;conditions_of_carriage_url;article_selector,
calm-air,Calm Air,MO,Canada,Scheduled,yes,en-ca,manual-priority,North America,https://www.calmair.com,,https://www.calmair.com/before-you-fly/baggage,https://www.calmair.com/before-you-fly/baggage/carry-on,https://www.calmair.com/before-you-fly/baggage,,,https://www.calmair.com/before-you-fly/passenger-rights,,yes,2026-09-03,4,0,no,yes,yes,https://www.calmair.com/before-you-fly/passenger-rights,fare_conditions_url;checkin_url;article_selector,4/6 urls imported from filled priority CSV
camair-co,Camair-Co,QC,Cameroon,Scheduled,no,,,,https://www.camair-co.cm,,,,,,,,,no,,0,0,no,no,no,https://www.camair-co.cm/,locale;region;baggage_checked_url;baggage_carryon_url;baggage_fees_url;fare_conditions_url;checkin_url;conditions_of_carriage_url;article_selector,
cambodia-airways,Cambodia Airways,KR,Cambodia,Scheduled,no,,,,,,,,,,,,,no,,0,0,no,no,no,,locale;region;baggage_checked_url;baggage_carryon_url;baggage_fees_url;fare_conditions_url;checkin_url;conditions_of_carriage_url;article_selector,
canadian-north,Canadian North,5T,Canada,Scheduled,yes,en-ca,manual-priority,North America,https://canadiannorth.com/contact,https://canadiannorth.com/contact,https://canadiannorth.com/advisory/new-our-checked-baggage-policies-have-changed,https://canadiannorth.com/advisory/new-our-checked-baggage-policies-have-changed,https://canadiannorth.com/advisory/new-our-checked-baggage-policies-have-changed,,,,,yes,2026-09-03,3,0,no,yes,no,,fare_conditions_url;checkin_url;conditions_of_carriage_url;article_selector,3/6 urls imported from filled priority CSV
canaryfly,Canaryfly,PM,Spain,Scheduled,no,,,,,,,,,,,,,no,,0,0,no,no,no,,locale;region;baggage_checked_url;baggage_carryon_url;baggage_fees_url;fare_conditions_url;checkin_url;conditions_of_carriage_url;article_selector,
cape-air,Cape Air,9K,United States,Scheduled,no,,,,,,,,,,,,,no,,0,0,no,no,no,,locale;region;baggage_checked_url;baggage_carryon_url;baggage_fees_url;fare_conditions_url;checkin_url;conditions_of_carriage_url;article_selector,
cargojet-airways-ltd,Cargojet Airways Ltd.,W8,Canada,Scheduled,no,,,,,,,,,,,,,no,,0,0,no,no,no,,locale;region;baggage_checked_url;baggage_carryon_url;baggage_fees_url;fare_conditions_url;checkin_url;conditions_of_carriage_url;article_selector,
cargolux,Cargolux,CV,Luxembourg,Scheduled,no,,,,,,,,,,,,,no,,0,0,no,no,no,,locale;region;baggage_checked_url;baggage_carryon_url;baggage_fees_url;fare_conditions_url;checkin_url;conditions_of_carriage_url;article_selector,
caribbean-air-export-import-inc,Caribbean Air Export Import Inc.,CB,United Kingdom,Scheduled,no,,,,,,,,,,,,,no,,0,0,no,no,no,,locale;region;baggage_checked_url;baggage_carryon_url;baggage_fees_url;fare_conditions_url;checkin_url;conditions_of_carriage_url;article_selector,
caribbean-airlines,Caribbean Airlines,BW,Trinidad and Tobago,Scheduled,no,,,,https://www.caribbean-airlines.com,,,,,,,,,no,,0,0,no,no,no,https://www.caribbean-airlines.com/#/legal-and-privacy/general-conditions-of-carriage,locale;region;baggage_checked_url;baggage_carryon_url;baggage_fees_url;fare_conditions_url;checkin_url;conditions_of_carriage_url;article_selector,
carpatair,Carpatair,V3,Romania,Scheduled,yes,en,manual-priority,Europe,https://www.carpatair.com/contact,https://www.carpatair.com/contact,https://www.carpatair.com/baggage-rules,https://www.carpatair.com/baggage-rules,https://www.carpatair.com/baggage-rules,,,,,yes,2026-09-03,3,0,no,yes,no,,fare_conditions_url;checkin_url;conditions_of_carriage_url;article_selector,3/6 urls imported from filled priority CSV
cathay-pacific,Cathay Pacific,CX,Hong Kong,Scheduled,yes,en-hk,1a,East Asia,https://www.cathaypacific.com,,https://www.cathaypacific.com/cx/en_HK/baggage/checked-baggage.html,https://www.cathaypacific.com/cx/en_HK/baggage/cabin-baggage.html,https://www.cathaypacific.com/cx/en_HK/baggage/extra-baggage-charges.html,https://www.cathaypacific.com/cx/en_HK/book-a-trip/fare-types.html,https://www.cathaypacific.com/cx/en_HK/manage-booking/check-in.html,https://www.cathaypacific.com/cx/en_HK/legal-and-privacy/conditions-of-carriage.html,,yes,2026-09-03,0,6,no,yes,no,https://www.cathaypacific.com/content/dam/cx/legal-and-privacy/general-conditions-of-carriage-for-passengers-baggage-en.pdf,article_selector,6/6 urls
cayman-airways,Cayman Airways,KX,Cayman Islands,Scheduled,yes,en,manual-priority,North America,https://www.caymanairways.com,,https://www.caymanairways.com/baggage-policy,https://www.caymanairways.com/baggage-policy,https://www.caymanairways.com/cal-introduces-new-baggage-fee-structure,,,https://www.caymanairways.com/contract-of-carriage,,yes,2026-09-03,4,0,no,yes,no,https://www.caymanairways.com/contract-of-carriage,fare_conditions_url;checkin_url;article_selector,4/6 urls imported from filled priority CSV
cebgo,Cebgo,DG,Philippines,Low-cost,no,,,,,,,,,,,,,no,,0,0,no,no,no,,locale;region;baggage_checked_url;baggage_carryon_url;baggage_fees_url;fare_conditions_url;checkin_url;conditions_of_carriage_url;article_selector,
cebu-pacific,Cebu Pacific,5J,Philippines,Low-cost,yes,en-ph,1b,Southeast Asia,,,https://www.cebupacificair.com/en-PH/pages/travel-info/baggage-information/checked-baggage,https://www.cebupacificair.com/en-PH/pages/travel-info/baggage-information/carry-on-baggage,https://www.cebupacificair.com/en-PH/pages/travel-info/fees-summary,https://www.cebupacificair.com/en-PH/pages/plan-trip/fare-bundles,https://www.cebupacificair.com/en-PH/pages/manage/check-in,https://www.cebupacificair.com/en-PH/pages/about/conditions-of-carriage,,yes,2026-09-03,0,6,no,yes,no,,article_selector,6/6 urls
cemair,CemAir,5Z,South Africa,Scheduled,yes,en-za,manual-priority,Africa,https://www.cemair.co.za/Contact-Us.html,https://www.cemair.co.za/Contact-Us.html,,,,,,https://www.flycemair.co.za/general_r/extras_and_info.php,,yes,2026-09-03,0,1,no,no,yes,https://www.flycemair.co.za/general_r/extras_and_info.php,baggage_checked_url;baggage_carryon_url;baggage_fees_url;fare_conditions_url;checkin_url;article_selector,1/6 urls imported from filled priority CSV
central-airlines,Central Airlines,I9,China,Scheduled,no,,,,,,,,,,,,,no,,0,0,no,no,no,,locale;region;baggage_checked_url;baggage_carryon_url;baggage_fees_url;fare_conditions_url;checkin_url;conditions_of_carriage_url;article_selector,
central-mountain-air,Central Mountain Air,9M,Canada,Scheduled,no,,,,,,,,,,,,,no,,0,0,no,yes,yes,,locale;region;baggage_checked_url;baggage_carryon_url;baggage_fees_url;fare_conditions_url;checkin_url;conditions_of_carriage_url;article_selector,
centrum-air,Centrum Air,C6,Uzbekistan,Low-cost,no,,,,,,,,,,,,,no,,0,0,no,no,no,,locale;region;baggage_checked_url;baggage_carryon_url;baggage_fees_url;fare_conditions_url;checkin_url;conditions_of_carriage_url;article_selector,
chair-airlines,Chair Airlines,GM,Switzerland,Scheduled,no,,,,,,,,,,,,,no,,0,0,no,no,yes,,locale;region;baggage_checked_url;baggage_carryon_url;baggage_fees_url;fare_conditions_url;checkin_url;conditions_of_carriage_url;article_selector,
chalair-aviation,Chalair Aviation,CE,France,Scheduled,no,,,,,,,,,,,,,no,,0,0,no,no,no,,locale;region;baggage_checked_url;baggage_carryon_url;baggage_fees_url;fare_conditions_url;checkin_url;conditions_of_carriage_url;article_selector,
challenge-air-cargo-ltd,Challenge Air Cargo Ltd,X6,Malta,Scheduled,no,,,,,,,,,,,,,no,,0,0,no,no,no,,locale;region;baggage_checked_url;baggage_carryon_url;baggage_fees_url;fare_conditions_url;checkin_url;conditions_of_carriage_url;article_selector,
challenge-airlines-be,Challenge Airlines BE,X7,Belgium,Scheduled,no,,,,,,,,,,,,,no,,0,0,no,no,no,,locale;region;baggage_checked_url;baggage_carryon_url;baggage_fees_url;fare_conditions_url;checkin_url;conditions_of_carriage_url;article_selector,
challenge-airlines-il,Challenge Airlines IL,5C,Israel,Scheduled,no,,,,,,,,,,,,,no,,0,0,no,no,no,,locale;region;baggage_checked_url;baggage_carryon_url;baggage_fees_url;fare_conditions_url;checkin_url;conditions_of_carriage_url;article_selector,
charter-air-transport-inc,"Charter Air Transport, Inc.",VC,United States,Low-cost,no,,,,,,,,,,,,,no,,0,0,no,no,no,,locale;region;baggage_checked_url;baggage_carryon_url;baggage_fees_url;fare_conditions_url;checkin_url;conditions_of_carriage_url;article_selector,
chautauqua-airlines,Chautauqua Airlines,RP,United States,Scheduled,no,,,,,,,,,,,,,no,,0,0,no,yes,no,,locale;region;baggage_checked_url;baggage_carryon_url;baggage_fees_url;fare_conditions_url;checkin_url;conditions_of_carriage_url;article_selector,
chengdu-airlines,Chengdu Airlines,EU,China,Scheduled,no,,,,,,,,,,,,,no,,0,0,no,yes,yes,,locale;region;baggage_checked_url;baggage_carryon_url;baggage_fees_url;fare_conditions_url;checkin_url;conditions_of_carriage_url;article_selector,
china-airlines,China Airlines,CI,Taiwan,Scheduled,yes,en-tw,1b,East Asia,https://www.china-airlines.com,,https://www.china-airlines.com/au/en/fly/prepare-for-the-fly/baggage/checked-baggage,https://www.china-airlines.com/au/en/fly/prepare-for-the-fly/baggage/carry-on-baggage,https://www.china-airlines.com/au/en/fly/prepare-for-the-fly/baggage/excess-baggage,https://www.china-airlines.com/au/en/booking/book-flights/fare-family,https://www.china-airlines.com/au/en/fly/at-the-airport/online-check-in,https://www.china-airlines.com/au/en/terms-and-conditions/conditions-of-carriage,,yes,2026-09-03,0,6,no,yes,no,https://www.china-airlines.com/us/en/terms-and-conditions/transportation-clauses,article_selector,6/6 urls
china-cargo-airlines,China Cargo Airlines,CK,China,Scheduled,no,,,,,,,,,,,,,no,,0,0,no,yes,no,,locale;region;baggage_checked_url;baggage_carryon_url;baggage_fees_url;fare_conditions_url;checkin_url;conditions_of_carriage_url;article_selector,
china-eastern,China Eastern,MU,China,Scheduled,yes,en-cn,1b,East Asia,https://uk.ceair.com,,https://us.ceair.com/newCMS/us/en/content/en_Header/headerBottom/service/baggage/checked-baggage/,https://us.ceair.com/newCMS/us/en/content/en_Header/headerBottom/service/baggage/carry-on-baggage/,https://us.ceair.com/newCMS/us/en/content/en_Header/headerBottom/service/baggage/excess-baggage/,https://us.ceair.com/newCMS/us/en/content/en_Header/headerBottom/service/booking/fare-rules/,https://us.ceair.com/newCMS/us/en/content/en_Header/headerBottom/service/check-in/,https://us.ceair.com/newCMS/us/en/content/en_Header/headerBottom/service/conditions-of-carriage/,,yes,2026-09-03,0,6,no,yes,no,https://uk.ceair.com/newCMS/uk/en/content/en_Footer/AboutUS/201904/t20190404_5758.html,article_selector,6/6 urls
china-express-airlines,China Express Airlines,G5,China,Scheduled,yes,en,manual-priority,Asia,https://www.chinaexpressair.com/help/indexNotice/indexNotice.html,https://www.chinaexpressair.com/help/indexNotice/indexNotice.html,https://www.chinaexpressair.com/b2cweb/luggage,https://www.chinaexpressair.com/b2cweb/luggage,https://www.chinaexpressair.com/b2cweb/luggage,,,,,yes,2026-09-03,0,3,no,yes,yes,,fare_conditions_url;checkin_url;conditions_of_carriage_url;article_selector,3/6 urls imported from filled priority CSV
china-postal-airlines-ltd,China Postal Airlines Ltd.,CF,China,Scheduled,no,,,,,,,,,,,,,no,,0,0,no,no,no,,locale;region;baggage_checked_url;baggage_carryon_url;baggage_fees_url;fare_conditions_url;checkin_url;conditions_of_carriage_url;article_selector,
china-southern-airlines,China Southern Airlines,CZ,China,Scheduled,yes,en,manual-priority,Asia,https://www.csair.com,,https://extra.csair.com/content/extraLuggage/index.html,https://csair.com/sg/en/tourguide/luggage_service/carryon_luggage,https://extra.csair.com/content/extraLuggage/index.html,,,https://www.csair.com/cn/tourguide/booking/orders/order/gjysztj/,,yes,2026-09-03,1,3,no,yes,no,https://www.csair.com/cn/tourguide/booking/orders/order/gjysztj/,fare_conditions_url;checkin_url;article_selector,4/6 urls imported from filled priority CSV
china-united-airlines,China United Airlines,KN,China,Low-cost,no,,,,,,,,,,,,,no,,0,0,no,yes,yes,,locale;region;baggage_checked_url;baggage_carryon_url;baggage_fees_url;fare_conditions_url;checkin_url;conditions_of_carriage_url;article_selector,
chongqing-airlines,Chongqing Airlines,OQ,China,Scheduled,no,,,,,,,,,,,,,no,,0,0,no,yes,yes,,locale;region;baggage_checked_url;baggage_carryon_url;baggage_fees_url;fare_conditions_url;checkin_url;conditions_of_carriage_url;article_selector,
chu-kong-passenger-transport-co-ltd,Chu Kong Passenger Transport Co. Ltd.,3A,China,Scheduled,no,,,,,,,,,,,,,no,,0,0,no,no,no,,locale;region;baggage_checked_url;baggage_carryon_url;baggage_fees_url;fare_conditions_url;checkin_url;conditions_of_carriage_url;article_selector,
cimber,Cimber,QA,Denmark,Scheduled,no,,,,,,,,,,,,,no,,0,0,no,yes,no,,locale;region;baggage_checked_url;baggage_carryon_url;baggage_fees_url;fare_conditions_url;checkin_url;conditions_of_carriage_url;article_selector,
cinnamon-air,Cinnamon Air,C7,Sri Lanka,Scheduled,no,,,,,,,,,,,,,no,,0,0,no,no,no,,locale;region;baggage_checked_url;baggage_carryon_url;baggage_fees_url;fare_conditions_url;checkin_url;conditions_of_carriage_url;article_selector,
citilink,Citilink,QG,Indonesia,Low-cost,no,,,,,,,,,,,,,no,,0,0,no,yes,yes,,locale;region;baggage_checked_url;baggage_carryon_url;baggage_fees_url;fare_conditions_url;checkin_url;conditions_of_carriage_url;article_selector,
cityjet,Cityjet,WX,Ireland,Scheduled,no,,,,https://www.cityjet.com,,,,,,,,,no,,0,0,no,no,no,https://www.cityjet.com/terms-and-conditions/,locale;region;baggage_checked_url;baggage_carryon_url;baggage_fees_url;fare_conditions_url;checkin_url;conditions_of_carriage_url;article_selector,
clic,Clic,VE,Colombia,Low-cost,no,,,,,,,,,,,,,no,,0,0,no,no,no,,locale;region;baggage_checked_url;baggage_carryon_url;baggage_fees_url;fare_conditions_url;checkin_url;conditions_of_carriage_url;article_selector,
coastal-aviation,Coastal Aviation,CQ,United States,Scheduled,no,,,,,,,,,,,,,no,,0,0,no,no,no,,locale;region;baggage_checked_url;baggage_carryon_url;baggage_fees_url;fare_conditions_url;checkin_url;conditions_of_carriage_url;article_selector,
cobalt-air,Cobalt Air,CO,Cyprus,Scheduled,no,,,,,,,,,,,,,no,,0,0,no,no,no,,locale;region;baggage_checked_url;baggage_carryon_url;baggage_fees_url;fare_conditions_url;checkin_url;conditions_of_carriage_url;article_selector,
colorful-guizhou-airlines,Colorful Guizhou Airlines,GY,China,Low-cost,no,,,,,,,,,,,,,no,,0,0,no,no,no,,locale;region;baggage_checked_url;baggage_carryon_url;baggage_fees_url;fare_conditions_url;checkin_url;conditions_of_carriage_url;article_selector,
commutair,CommutAir,C5,United States,Scheduled,no,,,,,,,,,,,,,no,,0,0,no,no,no,,locale;region;baggage_checked_url;baggage_carryon_url;baggage_fees_url;fare_conditions_url;checkin_url;conditions_of_carriage_url;article_selector,
compass-airlines,Compass Airlines,CP,United States,Scheduled,no,,,,,,,,,,,,,no,,0,0,no,no,no,,locale;region;baggage_checked_url;baggage_carryon_url;baggage_fees_url;fare_conditions_url;checkin_url;conditions_of_carriage_url;article_selector,
condor,Condor,DF,Germany,Scheduled,no,,,,,,,,,,,,,no,,0,0,no,no,no,,locale;region;baggage_checked_url;baggage_carryon_url;baggage_fees_url;fare_conditions_url;checkin_url;conditions_of_carriage_url;article_selector,
conquest-air-inc,"Conquest Air, Inc.",C4,Mexico,Scheduled,no,,,,,,,,,,,,,no,,0,0,no,no,no,,locale;region;baggage_checked_url;baggage_carryon_url;baggage_fees_url;fare_conditions_url;checkin_url;conditions_of_carriage_url;article_selector,
contour-airlines,Contour Airlines,LF,United States,Scheduled,no,,,,,,,,,,,,,no,,0,0,no,no,no,,locale;region;baggage_checked_url;baggage_carryon_url;baggage_fees_url;fare_conditions_url;checkin_url;conditions_of_carriage_url;article_selector,
conviasa,Conviasa,V0,Venezuela,Scheduled,yes,en,manual-priority,South America,,,https://conviasa.aero/en/guiapasajero/equipajefacturado,https://www.conviasa.aero/en/guiapasajero/franquiciadeequipaje,https://conviasa.aero/en/guiapasajero/equipajefacturado,,,,,yes,2026-09-03,0,3,no,yes,no,,fare_conditions_url;checkin_url;conditions_of_carriage_url;article_selector,3/6 urls imported from filled priority CSV
copa-airlines,Copa Airlines,CM,Panama,Scheduled,yes,en,manual-priority,North America,https://www.copaair.com,,,,,,,https://www.copaair.com/en/web/us/contract-of-carriage,,yes,2026-09-03,0,1,no,yes,no,https://www.copaair.com/en/web/us/contract-of-carriage,baggage_checked_url;baggage_carryon_url;baggage_fees_url;fare_conditions_url;checkin_url;article_selector,1/6 urls imported from filled priority CSV
corendon-airlines,Corendon Airlines,XC,Turkey,Scheduled,no,,,,,,,,,,,,,no,,0,0,no,yes,yes,,locale;region;baggage_checked_url;baggage_carryon_url;baggage_fees_url;fare_conditions_url;checkin_url;conditions_of_carriage_url;article_selector,
corendon-airlines-europe,Corendon Airlines Europe,XR,Malta,Scheduled,yes,en,manual-priority,Asia,,,https://www.corendonairlines.com/baggage-allowance/for-infants,https://www.corendonairlines.com/baggage-allowance/baggage-seat-charges,https://www.corendonairlines.com/baggage-allowance/baggage-seat-charges,,,,,yes,2026-09-03,0,3,no,yes,no,,fare_conditions_url;checkin_url;conditions_of_carriage_url;article_selector,3/6 urls imported from filled priority CSV
corendon-dutch-airlines,Corendon Dutch Airlines,CD,Netherlands,Scheduled,no,,,,,,,,,,,,,no,,0,0,no,no,no,,locale;region;baggage_checked_url;baggage_carryon_url;baggage_fees_url;fare_conditions_url;checkin_url;conditions_of_carriage_url;article_selector,
corsair-international,Corsair International,SS,France,Scheduled,yes,en,manual-priority,Europe,https://www.flycorsair.com,,,,,,,https://www.flycorsair.com/en/legal/general-sale-and-transport-conditions,,yes,2026-09-03,0,1,no,yes,yes,https://www.flycorsair.com/en/legal/general-sale-and-transport-conditions,baggage_checked_url;baggage_carryon_url;baggage_fees_url;fare_conditions_url;checkin_url;article_selector,1/6 urls imported from filled priority CSV
croatia-airlines,Croatia Airlines,OU,Croatia,Scheduled,yes,en,manual-priority,Europe,https://www.croatiaairlines.com,,https://www.croatiaairlines.com/Baggage/Checked-baggage,https://www.croatiaairlines.com/Baggage/Hand-baggage,https://www.croatiaairlines.com/resources/documents/excess_baggage_charges.pdf,,,https://www.croatiaairlines.com/Legal-information/General-conditions-of-carriage,,yes,2026-09-03,2,2,no,yes,no,https://www.croatiaairlines.com/Legal-information/General-conditions-of-carriage,fare_conditions_url;checkin_url;article_selector,4/6 urls imported from filled priority CSV
cronos-airlines,Cronos Airlines,C8,Equatorial Guinea,Scheduled,no,,,,,,,,,,,,,no,,0,0,no,yes,no,,locale;region;baggage_checked_url;baggage_carryon_url;baggage_fees_url;fare_conditions_url;checkin_url;conditions_of_carriage_url;article_selector,
crown-airlines,Crown Airlines,FQ,United States,Scheduled,no,,,,,,,,,,,,,no,,0,0,no,no,no,,locale;region;baggage_checked_url;baggage_carryon_url;baggage_fees_url;fare_conditions_url;checkin_url;conditions_of_carriage_url;article_selector,
cubana,Cubana,CU,Cuba,Scheduled,no,,,,,,,,,,,,,no,,0,0,no,no,no,,locale;region;baggage_checked_url;baggage_carryon_url;baggage_fees_url;fare_conditions_url;checkin_url;conditions_of_carriage_url;article_selector,
cyprus-airways,Cyprus Airways,CY,Cyprus,Scheduled,yes,en,manual-priority,Europe,,,https://fr.cyprusairways.com/en/baggage,https://fr.cyprusairways.com/en/baggage,https://fr.cyprusairways.com/en/baggage,,,,,yes,2026-09-03,0,3,no,yes,no,,fare_conditions_url;checkin_url;conditions_of_carriage_url;article_selector,3/6 urls imported from filled priority CSV
dhl-aero-expreso-sa,DHL Aero Expreso S.A.,D5,Panama,Scheduled,no,,,,,,,,,,,,,no,,0,0,no,no,no,,locale;region;baggage_checked_url;baggage_carryon_url;baggage_fees_url;fare_conditions_url;checkin_url;conditions_of_carriage_url;article_selector,
dhl-air-limited,DHL Air Limited,D0,United Kingdom,Scheduled,yes,en-gb,manual-priority,Europe,,,https://www.dhl.com/discover/en-us/ship-with-dhl/services/ship-your-luggage-ahead-with-dhl-express,https://www.dhl.com/discover/en-us/ship-with-dhl/services/ship-your-luggage-ahead-with-dhl-express,https://www.dhl.com/discover/en-us/ship-with-dhl/services/ship-your-luggage-ahead-with-dhl-express,,,,,yes,2026-09-03,0,3,no,yes,no,,fare_conditions_url;checkin_url;conditions_of_carriage_url;article_selector,3/6 urls imported from filled priority CSV
dhl-aviation-eemea-bscc,DHL Aviation EEMEA B.S.C.(c),ES,Bahrain,Scheduled,no,,,,,,,,,,,,,no,,0,0,no,no,no,,locale;region;baggage_checked_url;baggage_carryon_url;baggage_fees_url;fare_conditions_url;checkin_url;conditions_of_carriage_url;article_selector,
dhl-de-guatemala,DHL de Guatemala,L3,Guatemala,Scheduled,no,,,,,,,,,,,,,no,,0,0,no,no,no,,locale;region;baggage_checked_url;baggage_carryon_url;baggage_fees_url;fare_conditions_url;checkin_url;conditions_of_carriage_url;article_selector,
dot-lt,DOT LT,R6,Lithuania,Scheduled,no,,,,,,,,,,,,,no,,0,0,no,yes,no,,locale;region;baggage_checked_url;baggage_carryon_url;baggage_fees_url;fare_conditions_url;checkin_url;conditions_of_carriage_url;article_selector,
daallo-airlines,Daallo Airlines,D3,Djibouti,Scheduled,no,,,,,,,,,,,,,no,,0,0,no,yes,yes,,locale;region;baggage_checked_url;baggage_carryon_url;baggage_fees_url;fare_conditions_url;checkin_url;conditions_of_carriage_url;article_selector,
dan-air,Dan Air,DN,India,Low-cost,no,,,,,,,,,,,,,no,,0,0,no,no,no,,locale;region;baggage_checked_url;baggage_carryon_url;baggage_fees_url;fare_conditions_url;checkin_url;conditions_of_carriage_url;article_selector,
dana-air,Dana Air,9J,Nigeria,Scheduled,no,,,,,,,,,,,,,no,,0,0,no,yes,no,,locale;region;baggage_checked_url;baggage_carryon_url;baggage_fees_url;fare_conditions_url;checkin_url;conditions_of_carriage_url;article_selector,
danish-air-transport,Danish Air Transport,DX,Denmark,Scheduled,no,,,,,,,,,,,,,no,,0,0,no,no,yes,,locale;region;baggage_checked_url;baggage_carryon_url;baggage_fees_url;fare_conditions_url;checkin_url;conditions_of_carriage_url;article_selector,
delta-air-lines,Delta Air Lines,DL,United States,Scheduled,yes,en-us,manual-priority,North America,https://www.delta.com,,https://de.delta.com/baggage/landing.action,https://de.delta.com/cn/de/baggage/carry-on-baggage,https://de.delta.com/cn/de/baggage/checked-baggage/previous-baggage-fees,,,https://www.delta.com/gb/en/legal/contract-of-carriage-igr,,yes,2026-09-03,0,4,no,yes,no,https://www.delta.com/gb/en/legal/contract-of-carriage-igr,fare_conditions_url;checkin_url;article_selector,4/6 urls imported from filled priority CSV
denver-air-connection-dac,Denver Air Connection (DAC),KG,United States,Scheduled,no,,,,,,,,,,,,,no,,0,0,no,no,no,,locale;region;baggage_checked_url;baggage_carryon_url;baggage_fees_url;fare_conditions_url;checkin_url;conditions_of_carriage_url;article_selector,
department-of-national-defence,Department of National Defence,YF,Canada,Scheduled,no,,,,,,,,,,,,,no,,0,0,no,no,no,,locale;region;baggage_checked_url;baggage_carryon_url;baggage_fees_url;fare_conditions_url;checkin_url;conditions_of_carriage_url;article_selector,
deutsche-bahn-ag,Deutsche Bahn AG,2A,Germany,Scheduled,no,,,,,,,,,,,,,no,,0,0,no,no,no,,locale;region;baggage_checked_url;baggage_carryon_url;baggage_fees_url;fare_conditions_url;checkin_url;conditions_of_carriage_url;article_selector,
discover-airlines,Discover Airlines,4Y,Germany,Low-cost,no,,,,https://www.discover-airlines.com,,,,,,,,,no,,0,0,no,no,no,https://www.discover-airlines.com/en/general-conditions-of-carriage/,locale;region;baggage_checked_url;baggage_carryon_url;baggage_fees_url;fare_conditions_url;checkin_url;conditions_of_carriage_url;article_selector,
dniproavia,Dniproavia,Z6,Ukraine,Scheduled,no,,,,,,,,,,,,,no,,0,0,no,yes,yes,,locale;region;baggage_checked_url;baggage_carryon_url;baggage_fees_url;fare_conditions_url;checkin_url;conditions_of_carriage_url;article_selector,
dokasch,DoKaSch,3D,North Macedonia,Scheduled,no,,,,,,,,,,,,,no,,0,0,no,no,no,,locale;region;baggage_checked_url;baggage_carryon_url;baggage_fees_url;fare_conditions_url;checkin_url;conditions_of_carriage_url;article_selector,
dobrolet,Dobrolet,QD,Russia,Scheduled,no,,,,https://jcairlines.com,,,,,,,,,no,,0,0,no,no,no,https://jcairlines.com/travel-info/transportation-rule.html,locale;region;baggage_checked_url;baggage_carryon_url;baggage_fees_url;fare_conditions_url;checkin_url;conditions_of_carriage_url;article_selector,
donavia,Donavia,D9,Russia,Scheduled,no,,,,,,,,,,,,,no,,0,0,no,yes,no,,locale;region;baggage_checked_url;baggage_carryon_url;baggage_fees_url;fare_conditions_url;checkin_url;conditions_of_carriage_url;article_selector,
donghai-airlines,Donghai Airlines,DZ,China,Scheduled,no,,,,,,,,,,,,,no,,0,0,no,yes,yes,,locale;region;baggage_checked_url;baggage_carryon_url;baggage_fees_url;fare_conditions_url;checkin_url;conditions_of_carriage_url;article_selector,
drukair,Drukair,KB,Bhutan,Scheduled,no,,,,,,,,,,,,,no,,0,0,no,no,no,,locale;region;baggage_checked_url;baggage_carryon_url;baggage_fees_url;fare_conditions_url;checkin_url;conditions_of_carriage_url;article_selector,
e-savtravel,E-Savtravel,L1,Brazil,Scheduled,no,,,,,,,,,,,,,no,,0,0,no,no,no,,locale;region;baggage_checked_url;baggage_carryon_url;baggage_fees_url;fare_conditions_url;checkin_url;conditions_of_carriage_url;article_selector,
el-al,EL AL,LY,Israel,Scheduled,no,,,,https://www.elal.com,,,,,,,,,no,,0,0,no,no,no,https://www.elal.com/en/About-ELAL/Legal/Pages/Conditions-of-Carriage.aspx,locale;region;baggage_checked_url;baggage_carryon_url;baggage_fees_url;fare_conditions_url;checkin_url;conditions_of_carriage_url;article_selector,
eva-air,EVA Air,BR,Taiwan,Scheduled,yes,en-tw,1b,East Asia,https://www.evaair.com,,https://www.evaair.com/en-global/fly-prepare/baggage/free-baggage/checked-baggage/,https://www.evaair.com/en-global/fly-prepare/baggage/free-baggage/carry-on-baggage/,https://www.evaair.com/en-global/fly-prepare/baggage/extra-baggage/,https://www.evaair.com/en-global/plan-and-book/fare-family/,https://www.evaair.com/en-global/fly-prepare/check-in/online-check-in/,https://www.evaair.com/en-global/customer-services/tariffs-and-conditions/conditions-of-carriage/,,yes,2026-09-03,0,6,no,yes,no,https://www.evaair.com/en-us/website-disclaimer/conditions-of-carriage/,article_selector,6/6 urls
eagle-atlantic-airlines,Eagle Atlantic Airlines,E2,Ghana,Low-cost,no,,,,https://www.eurowings.com,,,,,,,,,no,,0,0,no,no,no,https://www.eurowings.com/en/legal-information/general-conditions-of-carriage.html,locale;region;baggage_checked_url;baggage_carryon_url;baggage_fees_url;fare_conditions_url;checkin_url;conditions_of_carriage_url;article_selector,
eaglexpress-air-charter-sdnbhddbaeaglexpress-air,Eaglexpress Air Charter Sdn.Bhd.dbaEaglexpress Air,9A,Malaysia,Scheduled,no,,,,,,,,,,,,,no,,0,0,no,no,no,,locale;region;baggage_checked_url;baggage_carryon_url;baggage_fees_url;fare_conditions_url;checkin_url;conditions_of_carriage_url;article_selector,
eastar-jet,Eastar Jet,ZE,South Korea,Low-cost,yes,en,manual-priority,Asia,,,,,,,,https://main.eastarjet.com/pdf/domestic_conditions_of_carriage_en.pdf,,yes,2026-09-03,0,1,no,yes,no,,baggage_checked_url;baggage_carryon_url;baggage_fees_url;fare_conditions_url;checkin_url;article_selector,1/6 urls imported from filled priority CSV
eastern-air-lines,Eastern Air Lines,EA,United States,Scheduled,no,,,,,,,,,,,,,no,,0,0,no,no,no,,locale;region;baggage_checked_url;baggage_carryon_url;baggage_fees_url;fare_conditions_url;checkin_url;conditions_of_carriage_url;article_selector,
eastern-airlines-llc,"Eastern Airlines, LLC",2D,United States,Scheduled,no,,,,https://iflyea.com,,,,,,,,,no,,0,0,no,no,no,https://iflyea.com/contract-of-carriage/?v=2069589015,locale;region;baggage_checked_url;baggage_carryon_url;baggage_fees_url;fare_conditions_url;checkin_url;conditions_of_carriage_url;article_selector,
eastern-airways,Eastern Airways,T3,United Kingdom,Low-cost,no,,,,,,,,,,,,,no,,0,0,no,yes,no,,locale;region;baggage_checked_url;baggage_carryon_url;baggage_fees_url;fare_conditions_url;checkin_url;conditions_of_carriage_url;article_selector,
ecojet,EcoJet,8J,Bolivia,Scheduled,no,,,,,,,,,,,,,no,,0,0,no,no,no,,locale;region;baggage_checked_url;baggage_carryon_url;baggage_fees_url;fare_conditions_url;checkin_url;conditions_of_carriage_url;article_selector,
edelweiss-air,Edelweiss Air,WK,Switzerland,Scheduled,yes,en,manual-priority,Europe,https://www.flyedelweiss.com/ch/en/customer-service/faq/travel-with-kids.html,https://www.flyedelweiss.com/ch/en/customer-service/faq/travel-with-kids.html,https://www.flyedelweiss.com/ch/de/prepare/baggage/free-baggage/checked-baggage.html,https://www.flyedelweiss.com/gb/en/prepare/baggage/free-baggage/hand-baggage.html,https://www.flyedelweiss.com/ch/de/prepare/baggage/free-baggage/checked-baggage.html,,,,,yes,2026-09-03,3,0,no,yes,no,,fare_conditions_url;checkin_url;conditions_of_carriage_url;article_selector,3/6 urls imported from filled priority CSV
egyptair,Egyptair,MS,Egypt,Scheduled,yes,en,manual-priority,Africa,https://www.egyptair.com,,,,,,,https://www.egyptair.com/en/Pages/Conditions-of-Carriage.aspx,,yes,2026-09-03,0,1,no,yes,no,https://www.egyptair.com/en/Pages/Conditions-of-Carriage.aspx,baggage_checked_url;baggage_carryon_url;baggage_fees_url;fare_conditions_url;checkin_url;article_selector,1/6 urls imported from filled priority CSV
electra-airways,Electra Airways,3E,Bulgaria,Scheduled,no,,,,,,,,,,,,,no,,0,0,no,no,no,,locale;region;baggage_checked_url;baggage_carryon_url;baggage_fees_url;fare_conditions_url;checkin_url;conditions_of_carriage_url;article_selector,
electronic-data-systems-corporation,Electronic Data Systems Corporation,1Y,United States,Scheduled,no,,,,,,,,,,,,,no,,0,0,no,no,no,,locale;region;baggage_checked_url;baggage_carryon_url;baggage_fees_url;fare_conditions_url;checkin_url;conditions_of_carriage_url;article_selector,
ellinair,Ellinair,EL,Greece,Scheduled,no,,,,,,,,,,,,,no,,0,0,no,no,yes,,locale;region;baggage_checked_url;baggage_carryon_url;baggage_fees_url;fare_conditions_url;checkin_url;conditions_of_carriage_url;article_selector,
emetebe-airlines,Emetebe Airlines,0A,Ecuador,Scheduled,no,,,,,,,,,,,,,no,,0,0,no,no,no,,locale;region;baggage_checked_url;baggage_carryon_url;baggage_fees_url;fare_conditions_url;checkin_url;conditions_of_carriage_url;article_selector,
emirates,Emirates,EK,United Arab Emirates,Scheduled,yes,en-ae,1a,Middle East,https://www.emirates.com,,https://www.emirates.com/ae/english/before-you-fly/baggage/checked-baggage/,https://www.emirates.com/ae/english/before-you-fly/baggage/cabin-baggage-rules/,https://www.emirates.com/ae/english/before-you-fly/baggage/purchase-additional-baggage-allowance/,https://www.emirates.com/ae/english/book/fare-types/,https://www.emirates.com/ae/english/manage-booking/online-check-in/,https://www.emirates.com/ae/english/before-you-fly/rules-and-notices/conditions-of-carriage/,,yes,2026-09-03,0,6,no,yes,yes,https://www.emirates.com/uk/english/before-you-fly/travel/rules-and-notices/,article_selector,6/6 urls
empire-airlines,Empire Airlines,EM,United States,Scheduled,no,,,,,,,,,,,,,no,,0,0,no,no,no,,locale;region;baggage_checked_url;baggage_carryon_url;baggage_fees_url;fare_conditions_url;checkin_url;conditions_of_carriage_url;article_selector,
endeavor-air,Endeavor Air,9E,United States,Scheduled,no,,,,,,,,,,,,,no,,0,0,no,no,no,,locale;region;baggage_checked_url;baggage_carryon_url;baggage_fees_url;fare_conditions_url;checkin_url;conditions_of_carriage_url;article_selector,
enter-air,Enter Air,E4,Poland,Scheduled,no,,,,,,,,,,,,,no,,0,0,no,no,yes,,locale;region;baggage_checked_url;baggage_carryon_url;baggage_fees_url;fare_conditions_url;checkin_url;conditions_of_carriage_url;article_selector,
envoy-air,Envoy Air,MQ,United States,Scheduled,no,,,,,,,,,,,,,no,,0,0,no,yes,no,,locale;region;baggage_checked_url;baggage_carryon_url;baggage_fees_url;fare_conditions_url;checkin_url;conditions_of_carriage_url;article_selector,
equaflight,Equaflight,E7,Republic of the Congo,Scheduled,no,,,,,,,,,,,,,no,,0,0,no,no,no,,locale;region;baggage_checked_url;baggage_carryon_url;baggage_fees_url;fare_conditions_url;checkin_url;conditions_of_carriage_url;article_selector,
eritrean-airlines,Eritrean Airlines,B8,Eritrea,Scheduled,no,,,,,,,,,,,,,no,,0,0,no,yes,no,,locale;region;baggage_checked_url;baggage_carryon_url;baggage_fees_url;fare_conditions_url;checkin_url;conditions_of_carriage_url;article_selector,
ernest-airlines,Ernest Airlines,EG,Italy,Low-cost,no,,,,,,,,,,,,,no,,0,0,no,no,yes,,locale;region;baggage_checked_url;baggage_carryon_url;baggage_fees_url;fare_conditions_url;checkin_url;conditions_of_carriage_url;article_selector,
eswatini-air,Eswatini Air,RN,Eswatini,Scheduled,no,,,,,,,,,,,,,no,,0,0,no,no,no,,locale;region;baggage_checked_url;baggage_carryon_url;baggage_fees_url;fare_conditions_url;checkin_url;conditions_of_carriage_url;article_selector,
ethiopian-airlines,Ethiopian Airlines,ET,Ethiopia,Scheduled,yes,en,manual-priority,Africa,https://www.ethiopianairlines.com,,https://www.ethiopianairlines.com/ga/en/information/baggage-information/free-baggage-allowance,https://www.ethiopianairlines.com/information/baggage-information/carry-on-baggage,https://www.ethiopianairlines.com/ga/en/information/baggage-information/free-baggage-allowance,,,https://www.ethiopianairlines.com/aa/information/essential-information/conditions-of-carriage,,yes,2026-09-03,3,1,no,yes,no,https://www.ethiopianairlines.com/aa/information/essential-information/conditions-of-carriage,fare_conditions_url;checkin_url;article_selector,4/6 urls imported from filled priority CSV
etihad-airways,Etihad Airways,EY,United Arab Emirates,Scheduled,yes,en,manual-priority,Asia,https://www.etihad.com,,https://www.etihad.com/en/help/faq/baggage,https://www.etihad.com/en/help/faq/baggage,https://www.etihad.com/en/help/faq/baggage,,,https://www.etihad.com/en-gb/legal/conditions-of-carriage,,yes,2026-09-03,0,4,no,yes,no,https://www.etihad.com/en-gb/legal/conditions-of-carriage,fare_conditions_url;checkin_url;article_selector,4/6 urls imported from filled priority CSV
euro-asia-air,Euro-Asia Air,6Z,Kazakhstan,Scheduled,no,,,,,,,,,,,,,no,,0,0,no,no,no,,locale;region;baggage_checked_url;baggage_carryon_url;baggage_fees_url;fare_conditions_url;checkin_url;conditions_of_carriage_url;article_selector,
euroatlantic-airways,EuroAtlantic Airways,YU,Portugal,Scheduled,no,,,,,,,,,,,,,no,,0,0,no,yes,yes,,locale;region;baggage_checked_url;baggage_carryon_url;baggage_fees_url;fare_conditions_url;checkin_url;conditions_of_carriage_url;article_selector,
euroairlines,Euroairlines,Q4,Spain,Scheduled,no,,,,,,,,,,,,,no,,0,0,no,no,no,,locale;region;baggage_checked_url;baggage_carryon_url;baggage_fees_url;fare_conditions_url;checkin_url;conditions_of_carriage_url;article_selector,
eurolot,Eurolot,K2,Poland,Scheduled,no,,,,,,,,,,,,,no,,0,0,no,no,no,,locale;region;baggage_checked_url;baggage_carryon_url;baggage_fees_url;fare_conditions_url;checkin_url;conditions_of_carriage_url;article_selector,
european-air-charter,European Air Charter,H6,United Kingdom,Scheduled,no,,,,,,,,,,,,,no,,0,0,no,yes,no,,locale;region;baggage_checked_url;baggage_carryon_url;baggage_fees_url;fare_conditions_url;checkin_url;conditions_of_carriage_url;article_selector,
european-air-transport,European Air Transport,QY,Belgium,Scheduled,no,,,,,,,,,,,,,no,,0,0,no,no,no,,locale;region;baggage_checked_url;baggage_carryon_url;baggage_fees_url;fare_conditions_url;checkin_url;conditions_of_carriage_url;article_selector,
european-cargo-services-bv,European Cargo Services BV,EJ,Netherlands,Scheduled,no,,,,,,,,,,,,,no,,0,0,no,no,no,,locale;region;baggage_checked_url;baggage_carryon_url;baggage_fees_url;fare_conditions_url;checkin_url;conditions_of_carriage_url;article_selector,
eurostar,Eurostar,9F,United Kingdom,Scheduled,no,,,,,,,,,,,,,no,,0,0,no,no,no,,locale;region;baggage_checked_url;baggage_carryon_url;baggage_fees_url;fare_conditions_url;checkin_url;conditions_of_carriage_url;article_selector,
eurowings,Eurowings,EW,Germany,Low-cost,yes,en-de,1b,Europe,https://www.eurowings.com,,https://www.eurowings.com/en/information/luggage/checked-luggage.html,https://www.eurowings.com/en/information/luggage/hand-luggage.html,https://www.eurowings.com/en/information/luggage/excess-luggage.html,https://www.eurowings.com/en/information/at-the-airport/fares.html,https://www.eurowings.com/en/information/at-the-airport/check-in.html,https://www.eurowings.com/en/information/legal/conditions-of-carriage.html,,yes,2026-09-03,0,6,no,yes,yes,https://www.eurowings.com/en/legal-information/general-conditions-of-carriage.html,article_selector,6/6 urls
everts-air-cargo,Everts Air Cargo,5V,United States,Scheduled,no,,,,,,,,,,,,,no,,0,0,no,yes,no,,locale;region;baggage_checked_url;baggage_carryon_url;baggage_fees_url;fare_conditions_url;checkin_url;conditions_of_carriage_url;article_selector,
express-airline,Express Airline,7A,Tunisia,Scheduled,no,,,,,,,,,,,,,no,,0,0,no,no,no,,locale;region;baggage_checked_url;baggage_carryon_url;baggage_fees_url;fare_conditions_url;checkin_url;conditions_of_carriage_url;article_selector,
expressjet,ExpressJet,EV,United States,Scheduled,no,,,,,,,,,,,,,no,,0,0,no,yes,no,,locale;region;baggage_checked_url;baggage_carryon_url;baggage_fees_url;fare_conditions_url;checkin_url;conditions_of_carriage_url;article_selector,
eznis-airways,Eznis Airways,MG,Mongolia,Scheduled,no,,,,,,,,,,,,,no,,0,0,no,no,no,,locale;region;baggage_checked_url;baggage_carryon_url;baggage_fees_url;fare_conditions_url;checkin_url;conditions_of_carriage_url;article_selector,
fat-far-eastern-air-transport,FAT Far Eastern Air Transport,FE,Taiwan (Republic of China),Scheduled,no,,,,,,,,,,,,,no,,0,0,no,yes,no,,locale;region;baggage_checked_url;baggage_carryon_url;baggage_fees_url;fare_conditions_url;checkin_url;conditions_of_carriage_url;article_selector,
flyone-armenia,FLYONE Armenia,3F,Armenia,Low-cost,no,,,,,,,,,,,,,no,,0,0,no,no,no,,locale;region;baggage_checked_url;baggage_carryon_url;baggage_fees_url;fare_conditions_url;checkin_url;conditions_of_carriage_url;article_selector,
flyyo,FLYYO,4D,Romania,Scheduled,no,,,,,,,,,,,,,no,,0,0,no,no,no,,locale;region;baggage_checked_url;baggage_carryon_url;baggage_fees_url;fare_conditions_url;checkin_url;conditions_of_carriage_url;article_selector,
fastjet-zimbabwe,Fastjet Zimbabwe,FN,Zimbabwe,Scheduled,no,,,,https://www.fastjet.com,,,,,,,,,no,,0,0,no,no,no,https://www.fastjet.com/upload/Documents/Terms%20and%20Conditions/fastjet%20Terms%20and%20Conditions%20-%20Feb%202019%20(1).pdf,locale;region;baggage_checked_url;baggage_carryon_url;baggage_fees_url;fare_conditions_url;checkin_url;conditions_of_carriage_url;article_selector,
fedex,FedEx,FX,United States,Scheduled,no,,,,,,,,,,,,,no,,0,0,no,yes,no,,locale;region;baggage_checked_url;baggage_carryon_url;baggage_fees_url;fare_conditions_url;checkin_url;conditions_of_carriage_url;article_selector,
federal-air,Federal Air,7V,South Africa,Scheduled,no,,,,,,,,,,,,,no,,0,0,no,no,no,,locale;region;baggage_checked_url;baggage_carryon_url;baggage_fees_url;fare_conditions_url;checkin_url;conditions_of_carriage_url;article_selector,
fiji-airways,Fiji Airways,FJ,Fiji,Scheduled,yes,en-fj,1b,Australia/Pacific,https://www.fijiairways.com,,https://www.fijiairways.com/en-fj/manage/baggage/checked-baggage,https://www.fijiairways.com/en-fj/manage/baggage/carry-on-baggage,https://www.fijiairways.com/en-fj/manage/baggage/excess-baggage,https://www.fijiairways.com/en-fj/book/fare-types,https://www.fijiairways.com/en-fj/manage/check-in,https://www.fijiairways.com/en-fj/about-fiji-airways/conditions-of-carriage,,yes,2026-09-03,0,6,no,yes,yes,https://www.fijiairways.com/en-gb/conditions-of-carriage,article_selector,6/6 urls
finistair,Finist'air,0D,France,Scheduled,no,,,,,,,,,,,,,no,,0,0,no,no,no,,locale;region;baggage_checked_url;baggage_carryon_url;baggage_fees_url;fare_conditions_url;checkin_url;conditions_of_carriage_url;article_selector,
finnair,Finnair,AY,Finland,Scheduled,yes,en-fi,1b,Europe,https://www.finnair.com,,https://www.finnair.com/fi-en/baggage-on-finnair-flights/checked-baggage,https://www.finnair.com/fi-en/baggage-on-finnair-flights/carry-on-baggage,https://www.finnair.com/fi-en/baggage-on-finnair-flights/extra-baggage-fees,https://www.finnair.com/fi-en/booking-flights/fare-types,https://www.finnair.com/fi-en/check-in,https://www.finnair.com/fi-en/conditions-of-carriage,main,yes,2026-09-03,3,3,yes,yes,yes,https://www.finnair.com/gb-en/info/conditions-of-carriage-and-notices/general-conditions-of-carriage-for-passengers-and-baggage,,6/6 urls
firefly,Firefly,FY,Malaysia,Scheduled,yes,en-my,manual-priority,Asia,,,https://askfy.fireflyz.com.my/s/topic/0TOJ1000000CahUOAS/checked-baggage-allowance,https://askfy.fireflyz.com.my/s/topic/0TOJ1000000CahUOAS/checked-baggage-allowance,https://askfy.fireflyz.com.my/s/topic/0TOJ1000000CahUOAS/checked-baggage-allowance,,https://booking.fireflyz.com.my/WebCheckIn.aspx,https://www.fireflyz.com.my/flights/general-conditions-carriage,,yes,2026-09-03,0,5,no,yes,yes,,fare_conditions_url;article_selector,5/6 urls imported from filled priority CSV
first-air,First Air,7F,Canada,Scheduled,no,,,,,,,,,,,,,no,,0,0,no,yes,yes,,locale;region;baggage_checked_url;baggage_carryon_url;baggage_fees_url;fare_conditions_url;checkin_url;conditions_of_carriage_url;article_selector,
fitsair,FitsAir,8D,Sri Lanka,Low-cost,no,,,,,,,,,,,,,no,,0,0,no,no,no,,locale;region;baggage_checked_url;baggage_carryon_url;baggage_fees_url;fare_conditions_url;checkin_url;conditions_of_carriage_url;article_selector,
flair-airlines,Flair Airlines,F8,Canada,Low-cost,no,,,,,,,,,,,,,no,,0,0,no,no,yes,,locale;region;baggage_checked_url;baggage_carryon_url;baggage_fees_url;fare_conditions_url;checkin_url;conditions_of_carriage_url;article_selector,
flexflight,FlexFlight,W2,Denmark,Scheduled,no,,,,,,,,,,,,,no,,0,0,no,no,no,,locale;region;baggage_checked_url;baggage_carryon_url;baggage_fees_url;fare_conditions_url;checkin_url;conditions_of_carriage_url;article_selector,
flightlink,Flightlink,YS,Tanzania,Scheduled,no,,,,,,,,,,,,,no,,0,0,no,no,no,,locale;region;baggage_checked_url;baggage_carryon_url;baggage_fees_url;fare_conditions_url;checkin_url;conditions_of_carriage_url;article_selector,
fly-all-ways,Fly All Ways,8W,Suriname,Scheduled,no,,,,,,,,,,,,,no,,0,0,no,no,yes,,locale;region;baggage_checked_url;baggage_carryon_url;baggage_fees_url;fare_conditions_url;checkin_url;conditions_of_carriage_url;article_selector,
fly-arna,Fly Arna,G6,Armenia,Low-cost,no,,,,,,,,,,,,,no,,0,0,no,no,no,,locale;region;baggage_checked_url;baggage_carryon_url;baggage_fees_url;fare_conditions_url;checkin_url;conditions_of_carriage_url;article_selector,
fly-baghdad,Fly Baghdad,IF,Iraq,Scheduled,no,,,,,,,,,,,,,no,,0,0,no,no,yes,,locale;region;baggage_checked_url;baggage_carryon_url;baggage_fees_url;fare_conditions_url;checkin_url;conditions_of_carriage_url;article_selector,
fly-branson-travel-dba-branson-airexpress,Fly Branson Travel dba Branson AirExpress,1X,United States,Scheduled,no,,,,,,,,,,,,,no,,0,0,no,no,no,,locale;region;baggage_checked_url;baggage_carryon_url;baggage_fees_url;fare_conditions_url;checkin_url;conditions_of_carriage_url;article_selector,
fly-caminter,Fly CamInter,EF,Cambodia,Low-cost,no,,,,,,,,,,,,,no,,0,0,no,no,no,,locale;region;baggage_checked_url;baggage_carryon_url;baggage_fees_url;fare_conditions_url;checkin_url;conditions_of_carriage_url;article_selector,
fly-jordan,Fly Jordan,F0,Jordan,Scheduled,no,,,,,,,,,,,,,no,,0,0,no,no,no,,locale;region;baggage_checked_url;baggage_carryon_url;baggage_fees_url;fare_conditions_url;checkin_url;conditions_of_carriage_url;article_selector,
fly-lili,Fly Lili,FL,Romania,Scheduled,no,,,,,,,,,,,,,no,,0,0,no,no,no,,locale;region;baggage_checked_url;baggage_carryon_url;baggage_fees_url;fare_conditions_url;checkin_url;conditions_of_carriage_url;article_selector,
fly-one,Fly One,5F,Moldova,Low-cost,yes,en,manual-priority,Europe,https://flyone.eu,,,,,,,https://flyone.eu/en/About-FLYONE/General-Rules,,yes,2026-09-03,0,1,no,no,yes,https://flyone.eu/en/About-FLYONE/General-Rules,baggage_checked_url;baggage_carryon_url;baggage_fees_url;fare_conditions_url;checkin_url;article_selector,1/6 urls imported from filled priority CSV
fly-one-romania,Fly One (Romania),OE,Moldova,Low-cost,no,,,,,,,,,,,,,no,,0,0,no,no,no,,locale;region;baggage_checked_url;baggage_carryon_url;baggage_fees_url;fare_conditions_url;checkin_url;conditions_of_carriage_url;article_selector,
fly-oya,Fly Oya,YI,Libya,Scheduled,no,,,,,,,,,,,,,no,,0,0,no,no,no,,locale;region;baggage_checked_url;baggage_carryon_url;baggage_fees_url;fare_conditions_url;checkin_url;conditions_of_carriage_url;article_selector,
fly-pro,Fly Pro,FP,United States,Scheduled,no,,,,,,,,,,,,,no,,0,0,no,no,no,,locale;region;baggage_checked_url;baggage_carryon_url;baggage_fees_url;fare_conditions_url;checkin_url;conditions_of_carriage_url;article_selector,
fly-red-sea,Fly Red Sea,Z4,Saudi Arabia,Scheduled,no,,,,,,,,,,,,,no,,0,0,no,no,no,,locale;region;baggage_checked_url;baggage_carryon_url;baggage_fees_url;fare_conditions_url;checkin_url;conditions_of_carriage_url;article_selector,
fly2sky,Fly2Sky,F6,Bulgaria,Scheduled,no,,,,,,,,,,,,,no,,0,0,no,no,no,,locale;region;baggage_checked_url;baggage_carryon_url;baggage_fees_url;fare_conditions_url;checkin_url;conditions_of_carriage_url;article_selector,
flyals,FlyALS,0F,Kenya,Scheduled,no,,,,,,,,,,,,,no,,0,0,no,no,no,,locale;region;baggage_checked_url;baggage_carryon_url;baggage_fees_url;fare_conditions_url;checkin_url;conditions_of_carriage_url;article_selector,
flyaden,FlyAden,DH,Yemen,Scheduled,no,,,,,,,,,,,,,no,,0,0,no,no,no,,locale;region;baggage_checked_url;baggage_carryon_url;baggage_fees_url;fare_conditions_url;checkin_url;conditions_of_carriage_url;article_selector,
flyarystan,FlyArystan,FS,Kazakhstan,Low-cost,no,,,,,,,,,,,,,no,,0,0,no,no,yes,,locale;region;baggage_checked_url;baggage_carryon_url;baggage_fees_url;fare_conditions_url;checkin_url;conditions_of_carriage_url;article_selector,
flybosnia,FlyBosnia,6W,Bosnia and Herzegovina,Scheduled,no,,,,,,,,,,,,,no,,0,0,no,no,yes,,locale;region;baggage_checked_url;baggage_carryon_url;baggage_fees_url;fare_conditions_url;checkin_url;conditions_of_carriage_url;article_selector,
flyegypt,FlyEgypt,FT,Egypt,Scheduled,no,,,,,,,,,,,,,no,,0,0,no,no,yes,,locale;region;baggage_checked_url;baggage_carryon_url;baggage_fees_url;fare_conditions_url;checkin_url;conditions_of_carriage_url;article_selector,
flygabon,FlyGabon,J7,Gabon,Scheduled,no,,,,,,,,,,,,,no,,0,0,no,no,no,,locale;region;baggage_checked_url;baggage_carryon_url;baggage_fees_url;fare_conditions_url;checkin_url;conditions_of_carriage_url;article_selector,
flyjinnah,FlyJinnah,9P,Pakistan,Low-cost,no,,,,,,,,,,,,,no,,0,0,no,no,no,,locale;region;baggage_checked_url;baggage_carryon_url;baggage_fees_url;fare_conditions_url;checkin_url;conditions_of_carriage_url;article_selector,
flykhiva,FlyKhiva,2U,Uzbekistan,Scheduled,no,,,,,,,,,,,,,no,,0,0,no,no,no,,locale;region;baggage_checked_url;baggage_carryon_url;baggage_fees_url;fare_conditions_url;checkin_url;conditions_of_carriage_url;article_selector,
flynamibia,FlyNamibia,WV,Namibia,Scheduled,no,,,,,,,,,,,,,no,,0,0,no,no,no,,locale;region;baggage_checked_url;baggage_carryon_url;baggage_fees_url;fare_conditions_url;checkin_url;conditions_of_carriage_url;article_selector,
flyone-asia,FlyOne Asia,7Q,Thailand,Low-cost,no,,,,,,,,,,,,,no,,0,0,no,no,no,,locale;region;baggage_checked_url;baggage_carryon_url;baggage_fees_url;fare_conditions_url;checkin_url;conditions_of_carriage_url;article_selector,
flysafair,FlySafair,FA,South Africa,Low-cost,no,,,,,,,,,,,,,no,,0,0,no,no,no,,locale;region;baggage_checked_url;baggage_carryon_url;baggage_fees_url;fare_conditions_url;checkin_url;conditions_of_carriage_url;article_selector,
flybe,Flybe,BE,United Kingdom,Low-cost,no,,,,,,,,,,,,,no,,0,0,no,yes,no,,locale;region;baggage_checked_url;baggage_carryon_url;baggage_fees_url;fare_conditions_url;checkin_url;conditions_of_carriage_url;article_selector,
flybondi,Flybondi,FO,Argentina,Low-cost,no,,,,,,,,,,,,,no,,0,0,no,no,no,,locale;region;baggage_checked_url;baggage_carryon_url;baggage_fees_url;fare_conditions_url;checkin_url;conditions_of_carriage_url;article_selector,
flybusteam,Flybusteam,ГЭ,Russia,Scheduled,no,,,,,,,,,,,,,no,,0,0,no,no,no,,locale;region;baggage_checked_url;baggage_carryon_url;baggage_fees_url;fare_conditions_url;checkin_url;conditions_of_carriage_url;article_selector,
flydubai,flydubai,FZ,United Arab Emirates,Low-cost,yes,en-ae,1b,Middle East,https://www.flydubai.com,,https://www.flydubai.com/en/flying-with-us/baggage/checked-baggage,https://www.flydubai.com/en/flying-with-us/baggage/hand-baggage,https://www.flydubai.com/en/flying-with-us/baggage/excess-baggage,https://www.flydubai.com/en/flying-with-us/fare-types,https://www.flydubai.com/en/flying-with-us/check-in,https://www.flydubai.com/en/information/legal/conditions-of-carriage,,yes,2026-09-03,0,6,no,yes,no,https://www.flydubai.com/en/information/policies/conditions-of-carriage,article_selector,6/6 urls
flynas,Flynas,XY,Saudi Arabia,Low-cost,no,,,,https://static.flynas.com,,,,,,,,,no,,0,0,no,no,no,https://static.flynas.com/images/terms_and_conditions/EN-TERMS-AND-CONDITIONS-OF-CARRIAGE-21Jun2022-V26.pdf,locale;region;baggage_checked_url;baggage_carryon_url;baggage_fees_url;fare_conditions_url;checkin_url;conditions_of_carriage_url;article_selector,
freebird-airlines,Freebird Airlines,FH,Turkey,Scheduled,no,,,,,,,,,,,,,no,,0,0,no,no,no,,locale;region;baggage_checked_url;baggage_carryon_url;baggage_fees_url;fare_conditions_url;checkin_url;conditions_of_carriage_url;article_selector,
freedom-airline-express,Freedom Airline Express,4F,United States,Scheduled,no,,,,,,,,,,,,,no,,0,0,no,no,no,,locale;region;baggage_checked_url;baggage_carryon_url;baggage_fees_url;fare_conditions_url;checkin_url;conditions_of_carriage_url;article_selector,
french-armed-forces,French Armed Forces,RD,France,Scheduled,no,,,,,,,,,,,,,no,,0,0,no,no,no,,locale;region;baggage_checked_url;baggage_carryon_url;baggage_fees_url;fare_conditions_url;checkin_url;conditions_of_carriage_url;article_selector,
french-bee,French Bee,BF,France,Low-cost,no,,,,,,,,,,,,,no,,0,0,no,no,no,,locale;region;baggage_checked_url;baggage_carryon_url;baggage_fees_url;fare_conditions_url;checkin_url;conditions_of_carriage_url;article_selector,
frontier-airlines,Frontier Airlines,F9,United States,Low-cost,yes,en-us,manual-priority,North America,https://faq.flyfrontier.com/help/bags-and-seats,https://faq.flyfrontier.com/help/bags-and-seats,https://www.flyfrontier.com/baggage,https://www.flyfrontier.com/DEALS/SALES/PROMO-CODE/CARRYON,https://www.flyfrontier.com/baggage,,,https://www.flyfrontier.com/legal/contract-of-carriage,,yes,2026-09-03,4,0,no,yes,no,https://www.flyfrontier.com/legal/contract-of-carriage,fare_conditions_url;checkin_url;article_selector,4/6 urls imported from filled priority CSV
fuji-dream-airlines,Fuji Dream Airlines,JH,Japan,Scheduled,no,,,,,,,,,,,,,no,,0,0,no,no,yes,,locale;region;baggage_checked_url;baggage_carryon_url;baggage_fees_url;fare_conditions_url;checkin_url;conditions_of_carriage_url;article_selector,
fuzhou-airlines,Fuzhou Airlines,FU,China,Scheduled,yes,en,manual-priority,Asia,https://www.fuzhou-air.cn/micro/main/help/640de5a7b008a77243c6b5d0,https://www.fuzhou-air.cn/micro/main/help/640de5a7b008a77243c6b5d0,,,,,https://www.fuzhou-air.cn/micro/main/checkin,,,yes,2026-09-03,0,1,no,no,yes,,baggage_checked_url;baggage_carryon_url;baggage_fees_url;fare_conditions_url;conditions_of_carriage_url;article_selector,1/6 urls imported from filled priority CSV
gp-aviation,GP Aviation,IV,Bulgaria,Scheduled,no,,,,,,,,,,,,,no,,0,0,no,no,no,,locale;region;baggage_checked_url;baggage_carryon_url;baggage_fees_url;fare_conditions_url;checkin_url;conditions_of_carriage_url;article_selector,
gx-airlines,GX Airlines,GX,China,Scheduled,yes,en,manual-priority,Asia,,,https://www.gxairlines.com/stdair/webckipe/baggagePurchase,https://www.gxairlines.com/stdair/webckipe/baggagePurchase,https://www.gxairlines.com/stdair/webckipe/baggagePurchase,,https://www.gxairlines.com/stdair/webckipe/allChannelCheckIn,,,yes,2026-09-03,0,4,no,no,yes,,fare_conditions_url;conditions_of_carriage_url;article_selector,4/6 urls imported from filled priority CSV
galileo-international,Galileo International,1V,United States,Scheduled,no,,,,,,,,,,,,,no,,0,0,no,no,no,,locale;region;baggage_checked_url;baggage_carryon_url;baggage_fees_url;fare_conditions_url;checkin_url;conditions_of_carriage_url;article_selector,
gambia-bird-airlines,Gambia Bird Airlines,3G,Gambia,Scheduled,no,,,,,,,,,,,,,no,,0,0,no,no,no,,locale;region;baggage_checked_url;baggage_carryon_url;baggage_fees_url;fare_conditions_url;checkin_url;conditions_of_carriage_url;article_selector,
garuda-indonesia,Garuda Indonesia,GA,Indonesia,Scheduled,yes,en-id,1b,Southeast Asia,https://www.garuda-indonesia.com,,https://www.garuda-indonesia.com/id/en/garuda-indonesia-experience/on-ground/baggage/index,https://www.garuda-indonesia.com/id/en/garuda-indonesia-experience/on-ground/baggage/cabin-baggage,https://www.garuda-indonesia.com/id/en/garuda-indonesia-experience/on-ground/baggage/excess-baggage,https://www.garuda-indonesia.com/id/en/booking/fare-rules,https://www.garuda-indonesia.com/id/en/garuda-indonesia-experience/on-ground/check-in/index,https://www.garuda-indonesia.com/id/en/terms-and-conditions/conditions-of-carriage,,yes,2026-09-03,0,6,no,yes,no,https://www.garuda-indonesia.com/uk/en/contact/condition-of-carriage,article_selector,6/6 urls
gazpromavia,Gazpromavia,4G,Russia,Scheduled,no,,,,,,,,,,,,,no,,0,0,no,no,no,,locale;region;baggage_checked_url;baggage_carryon_url;baggage_fees_url;fare_conditions_url;checkin_url;conditions_of_carriage_url;article_selector,
georgian-airways,Georgian Airways,A9,Georgia,Scheduled,yes,en,manual-priority,Asia,https://www.georgian-airways.com,,https://georgian-airways.com/en/information/baggage,https://dev.georgian-airways.com/en/service/baggage-information,https://georgian-airways.com/en/information/baggage,,https://georgian-airways.com/en/checkin,https://www.georgian-airways.com/en/information/conditions,,yes,2026-09-03,4,1,no,yes,no,https://www.georgian-airways.com/en/information/conditions,fare_conditions_url;article_selector,5/6 urls imported from filled priority CSV
georgian-wings,Georgian Wings,D4,Georgia,Low-cost,no,,,,,,,,,,,,,no,,0,0,no,no,no,,locale;region;baggage_checked_url;baggage_carryon_url;baggage_fees_url;fare_conditions_url;checkin_url;conditions_of_carriage_url;article_selector,
german-airways,German Airways,ZQ,Germany,Scheduled,no,,,,,,,,,,,,,no,,0,0,no,no,no,,locale;region;baggage_checked_url;baggage_carryon_url;baggage_fees_url;fare_conditions_url;checkin_url;conditions_of_carriage_url;article_selector,
getjet-airlines,GetJet Airlines,GW,Russia,Scheduled,no,,,,,,,,,,,,,no,,0,0,no,no,no,,locale;region;baggage_checked_url;baggage_carryon_url;baggage_fees_url;fare_conditions_url;checkin_url;conditions_of_carriage_url;article_selector,
ghadames-air,Ghadames Air,NJ,Libya,Scheduled,no,,,,,,,,,,,,,no,,0,0,no,no,no,,locale;region;baggage_checked_url;baggage_carryon_url;baggage_fees_url;fare_conditions_url;checkin_url;conditions_of_carriage_url;article_selector,
global-aviation-gea,Global Aviation (GEA),IG,South Africa,Scheduled,no,,,,,,,,,,,,,no,,0,0,no,no,no,,locale;region;baggage_checked_url;baggage_carryon_url;baggage_fees_url;fare_conditions_url;checkin_url;conditions_of_carriage_url;article_selector,
global-aviation-services-group,Global Aviation Services Group,5S,Libya,Scheduled,no,,,,,,,,,,,,,no,,0,0,no,no,no,,locale;region;baggage_checked_url;baggage_carryon_url;baggage_fees_url;fare_conditions_url;checkin_url;conditions_of_carriage_url;article_selector,
global-feeder-services,Global Feeder Services,GC,United States,Scheduled,no,,,,,,,,,,,,,no,,0,0,no,no,no,,locale;region;baggage_checked_url;baggage_carryon_url;baggage_fees_url;fare_conditions_url;checkin_url;conditions_of_carriage_url;article_selector,
globeair,GlobeAir,0K,Austria,Scheduled,no,,,,,,,,,,,,,no,,0,0,no,no,no,,locale;region;baggage_checked_url;baggage_carryon_url;baggage_fees_url;fare_conditions_url;checkin_url;conditions_of_carriage_url;article_selector,
globus-airlines,Globus Airlines,GH,Russia,Scheduled,no,,,,,,,,,,,,,no,,0,0,no,yes,no,,locale;region;baggage_checked_url;baggage_carryon_url;baggage_fees_url;fare_conditions_url;checkin_url;conditions_of_carriage_url;article_selector,
globus-lls,Globus LLС,XT,Russia,Scheduled,no,,,,,,,,,,,,,no,,0,0,no,no,no,,locale;region;baggage_checked_url;baggage_carryon_url;baggage_fees_url;fare_conditions_url;checkin_url;conditions_of_carriage_url;article_selector,
gojet-airlines,GoJet Airlines,G7,United States,Scheduled,no,,,,,,,,,,,,,no,,0,0,no,yes,no,,locale;region;baggage_checked_url;baggage_carryon_url;baggage_fees_url;fare_conditions_url;checkin_url;conditions_of_carriage_url;article_selector,
gol-transportes-aereos,Gol Transportes Aéreos,G3,Brazil,Low-cost,yes,en,manual-priority,South America,https://www.voegol.com.br,,,,,,,https://www.voegol.com.br/en-us/legal-information/passenger-air-transportation-agreement,,yes,2026-09-03,0,1,no,yes,no,https://www.voegol.com.br/en-us/legal-information/passenger-air-transportation-agreement,baggage_checked_url;baggage_carryon_url;baggage_fees_url;fare_conditions_url;checkin_url;article_selector,1/6 urls imported from filled priority CSV
grand-canyon-scenic-airlines,Grand Canyon Scenic Airlines,YR,United States,Scheduled,yes,en-us,manual-priority,North America,https://www.grandcanyonairlines.com/contact,https://www.grandcanyonairlines.com/contact,,,,,,https://www.grandcanyonairlines.com/contract-of-carriage,,yes,2026-09-03,1,0,no,yes,no,,baggage_checked_url;baggage_carryon_url;baggage_fees_url;fare_conditions_url;checkin_url;article_selector,1/6 urls imported from filled priority CSV
grand-china-air,Grand China Air,CN,China,Scheduled,no,,,,,,,,,,,,,no,,0,0,no,yes,yes,,locale;region;baggage_checked_url;baggage_carryon_url;baggage_fees_url;fare_conditions_url;checkin_url;conditions_of_carriage_url;article_selector,
grant-aviation,Grant Aviation,GV,United States,Scheduled,no,,,,,,,,,,,,,no,,0,0,no,no,no,,locale;region;baggage_checked_url;baggage_carryon_url;baggage_fees_url;fare_conditions_url;checkin_url;conditions_of_carriage_url;article_selector,
great-lakes-airlines,Great Lakes Airlines,ZK,United States,Scheduled,no,,,,,,,,,,,,,no,,0,0,no,yes,no,,locale;region;baggage_checked_url;baggage_carryon_url;baggage_fees_url;fare_conditions_url;checkin_url;conditions_of_carriage_url;article_selector,
greater-bay-airlines,Greater Bay Airlines,HB,Hong Kong,Low-cost,no,,,,,,,,,,,,,no,,0,0,no,no,no,,locale;region;baggage_checked_url;baggage_carryon_url;baggage_fees_url;fare_conditions_url;checkin_url;conditions_of_carriage_url;article_selector,
green-africa-airways,Green Africa Airways,Q9,Nigeria,Scheduled,no,,,,,,,,,,,,,no,,0,0,no,no,no,,locale;region;baggage_checked_url;baggage_carryon_url;baggage_fees_url;fare_conditions_url;checkin_url;conditions_of_carriage_url;article_selector,
grumeti-air,Grumeti Air,0G,Libya,Scheduled,no,,,,,,,,,,,,,no,,0,0,no,no,no,,locale;region;baggage_checked_url;baggage_carryon_url;baggage_fees_url;fare_conditions_url;checkin_url;conditions_of_carriage_url;article_selector,
gulf-air,Gulf Air,GF,Bahrain,Scheduled,yes,en,manual-priority,Asia,https://www.gulfair.com,,https://www.gulfair.com/help/baggage/personal-items,https://www.gulfair.com/help/baggage/personal-items,https://www.gulfair.com/help/baggage/personal-items,,,https://www.gulfair.com/transparency/conditions-of-carriage,,yes,2026-09-03,0,4,no,yes,no,https://www.gulfair.com/transparency/conditions-of-carriage,fare_conditions_url;checkin_url;article_selector,4/6 urls imported from filled priority CSV
gullivair,GullivAir,G2,Bulgaria,Scheduled,no,,,,,,,,,,,,,no,,0,0,no,no,no,,locale;region;baggage_checked_url;baggage_carryon_url;baggage_fees_url;fare_conditions_url;checkin_url;conditions_of_carriage_url;article_selector,
guyane-express-fly,Guyane Express Fly,G8,French Guiana,Low-cost,no,,,,,,,,,,,,,no,,0,0,no,no,no,,locale;region;baggage_checked_url;baggage_carryon_url;baggage_fees_url;fare_conditions_url;checkin_url;conditions_of_carriage_url;article_selector,
hk-express,HK Express,UO,Hong Kong SAR of China,Low-cost,yes,en-hk,1b,East Asia,,,https://www.hkexpress.com/en-hk/plan/travel-information/baggage/checked-baggage/,https://www.hkexpress.com/en-hk/plan/travel-information/baggage/cabin-baggage/,https://www.hkexpress.com/en-hk/plan/travel-information/fees-and-charges/,https://www.hkexpress.com/en-hk/plan/fare-types/,https://www.hkexpress.com/en-hk/plan/travel-information/check-in/,https://www.hkexpress.com/en-hk/about-us/conditions-of-carriage/,,yes,2026-09-03,0,6,no,yes,yes,,article_selector,6/6 urls
hop,HOP!,A5,France,Low-cost,no,,,,,,,,,,,,,no,,0,0,no,no,yes,,locale;region;baggage_checked_url;baggage_carryon_url;baggage_fees_url;fare_conditions_url;checkin_url;conditions_of_carriage_url;article_selector,
hahn-air,Hahn Air,H1,Germany,Scheduled,no,,,,,,,,,,,,,no,,0,0,no,no,no,,locale;region;baggage_checked_url;baggage_carryon_url;baggage_fees_url;fare_conditions_url;checkin_url;conditions_of_carriage_url;article_selector,
hahn-air-technologies,Hahn Air Technologies,X1,Germany,Scheduled,no,,,,,,,,,,,,,no,,0,0,no,no,no,,locale;region;baggage_checked_url;baggage_carryon_url;baggage_fees_url;fare_conditions_url;checkin_url;conditions_of_carriage_url;article_selector,
hainan-airlines,Hainan Airlines,HU,China,Scheduled,yes,en,manual-priority,Asia,https://www.hainanairlines.com,,https://www.hainanairlines.com/go/Baggage/Checked_Baggage_before_25JUL.pdf,https://www.hainanairlines.com/go/Baggage/Checked_Baggage_before_25JUL.pdf,https://www.hainanairlines.com/go/Baggage/Checked_Baggage_before_25JUL.pdf,,,https://www.hainanairlines.com/HUPortal/dyn/portal/DisplayPage?LANGUAGE=GB&COUNTRY_SITE=GB&SITE=CBHZCBHZ&PAGE=TECO,,yes,2026-09-03,0,4,no,yes,yes,https://www.hainanairlines.com/HUPortal/dyn/portal/DisplayPage?LANGUAGE=GB&COUNTRY_SITE=GB&SITE=CBHZCBHZ&PAGE=TECO,fare_conditions_url;checkin_url;article_selector,4/6 urls imported from filled priority CSV
halcyonair,Halcyonair,7Z,Cape Verde,Scheduled,no,,,,,,,,,,,,,no,,0,0,no,yes,no,,locale;region;baggage_checked_url;baggage_carryon_url;baggage_fees_url;fare_conditions_url;checkin_url;conditions_of_carriage_url;article_selector,
harbour-air-seaplanes,Harbour Air Seaplanes,YB,Canada,Scheduled,no,,,,,,,,,,,,,no,,0,0,no,no,no,,locale;region;baggage_checked_url;baggage_carryon_url;baggage_fees_url;fare_conditions_url;checkin_url;conditions_of_carriage_url;article_selector,
hawaiian-airlines,Hawaiian Airlines,HA,United States,Scheduled,yes,en-us,manual-priority,North America,https://www.hawaiianairlines.com/content/ha/about-us/help-contact,https://www.hawaiianairlines.com/content/ha/about-us/help-contact,,https://www.hawaiianairlines.com/content/travel-info/baggage/carry-on-luggage,https://www.hawaiianairlines.com/content/travel-info/baggage/baggage-fee-waivers-exceptions,,,https://www.hawaiianairlines.com/legal/international-contract-of-carriage,,yes,2026-09-03,0,3,no,yes,yes,https://www.hawaiianairlines.com/legal/international-contract-of-carriage,baggage_checked_url;fare_conditions_url;checkin_url;article_selector,3/6 urls imported from filled priority CSV
hawkair,Hawkair,BH,Canada,Scheduled,no,,,,,,,,,,,,,no,,0,0,no,yes,no,,locale;region;baggage_checked_url;baggage_carryon_url;baggage_fees_url;fare_conditions_url;checkin_url;conditions_of_carriage_url;article_selector,
hayways,Hayways,Y5,Armenia,Low-cost,no,,,,,,,,,,,,,no,,0,0,no,no,no,,locale;region;baggage_checked_url;baggage_carryon_url;baggage_fees_url;fare_conditions_url;checkin_url;conditions_of_carriage_url;article_selector,
hebei-airlines,Hebei Airlines,NS,China,Scheduled,no,,,,,,,,,,,,,no,,0,0,no,no,yes,,locale;region;baggage_checked_url;baggage_carryon_url;baggage_fees_url;fare_conditions_url;checkin_url;conditions_of_carriage_url;article_selector,
heli-air-monaco,Heli Air Monaco,YO,Monaco,Scheduled,no,,,,,,,,,,,,,no,,0,0,no,yes,no,,locale;region;baggage_checked_url;baggage_carryon_url;baggage_fees_url;fare_conditions_url;checkin_url;conditions_of_carriage_url;article_selector,
helicopteros-del-sureste,Helicópteros del Sureste,UV,Spain,Scheduled,no,,,,,,,,,,,,,no,,0,0,no,no,no,,locale;region;baggage_checked_url;baggage_carryon_url;baggage_fees_url;fare_conditions_url;checkin_url;conditions_of_carriage_url;article_selector,
helijet,Helijet,JB,Canada,Scheduled,no,,,,,,,,,,,,,no,,0,0,no,yes,no,,locale;region;baggage_checked_url;baggage_carryon_url;baggage_fees_url;fare_conditions_url;checkin_url;conditions_of_carriage_url;article_selector,
helvetic-airways,Helvetic Airways,2L,Switzerland,Scheduled,yes,en,manual-priority,Europe,https://www.helvetic.com/en/help,https://www.helvetic.com/en/help,,,,,,https://www.helvetic.com/en/travelinfo,,yes,2026-09-03,0,1,no,yes,yes,https://www.helvetic.com/en/travelinfo,baggage_checked_url;baggage_carryon_url;baggage_fees_url;fare_conditions_url;checkin_url;article_selector,1/6 urls imported from filled priority CSV
heron-aviation,Heron Aviation,0V,Germany,Scheduled,no,,,,,,,,,,,,,no,,0,0,no,no,no,,locale;region;baggage_checked_url;baggage_carryon_url;baggage_fees_url;fare_conditions_url;checkin_url;conditions_of_carriage_url;article_selector,
heston-airlines,Heston Airlines,HN,Lithuania,Scheduled,no,,,,,,,,,,,,,no,,0,0,no,no,no,,locale;region;baggage_checked_url;baggage_carryon_url;baggage_fees_url;fare_conditions_url;checkin_url;conditions_of_carriage_url;article_selector,
hi-fly-ltd,Hi Fly Ltd,5M,Portugal,Scheduled,no,,,,,,,,,,,,,no,,0,0,no,no,no,,locale;region;baggage_checked_url;baggage_carryon_url;baggage_fees_url;fare_conditions_url;checkin_url;conditions_of_carriage_url;article_selector,
hisky,HiSky,H7,Moldova,Scheduled,no,,,,,,,,,,,,,no,,0,0,no,no,no,,locale;region;baggage_checked_url;baggage_carryon_url;baggage_fees_url;fare_conditions_url;checkin_url;conditions_of_carriage_url;article_selector,
hisky-europe,HiSky Europe,H4,Romania,Low-cost,no,,,,,,,,,,,,,no,,0,0,no,no,no,,locale;region;baggage_checked_url;baggage_carryon_url;baggage_fees_url;fare_conditions_url;checkin_url;conditions_of_carriage_url;article_selector,
himalaya-airlines,Himalaya Airlines,H9,Nepal,Scheduled,yes,en,manual-priority,Asia,https://www.himalaya-airlines.com/contact/faqs,https://www.himalaya-airlines.com/contact/faqs,https://www.himalaya-airlines.com/services/baggage-information/746-checked-baggage,https://www.himalaya-airlines.com/services/baggage-information/747-hand-baggage,https://www.himalaya-airlines.com/services/baggage-information/746-checked-baggage,,https://www.himalaya-airlines.com/services/online-check-in,https://www.himalaya-airlines.com/travel-ha/general-conditions-of-carriage,,yes,2026-09-03,1,4,no,no,yes,https://www.himalaya-airlines.com/travel-ha/general-conditions-of-carriage,fare_conditions_url;article_selector,5/6 urls imported from filled priority CSV
hinterland-aviation,Hinterland Aviation,OI,Australia,Scheduled,no,,,,,,,,,,,,,no,,0,0,no,no,no,,locale;region;baggage_checked_url;baggage_carryon_url;baggage_fees_url;fare_conditions_url;checkin_url;conditions_of_carriage_url;article_selector,
hong-kong-air-cargo-carrier-limited,Hong Kong Air Cargo Carrier Limited,RH,Hong Kong,Scheduled,no,,,,,,,,,,,,,no,,0,0,no,no,no,,locale;region;baggage_checked_url;baggage_carryon_url;baggage_fees_url;fare_conditions_url;checkin_url;conditions_of_carriage_url;article_selector,
hong-kong-airlines,Hong Kong Airlines,HX,Hong Kong SAR of China,Scheduled,yes,en,manual-priority,Asia,https://www.hongkongairlines.com,,https://www.hongkongairlines.com/en_HK/hx/Checked+baggage,https://www.hongkongairlines.com/en_CN/fly-with-us/baggage/checkedbaggage,https://www.hongkongairlines.com/en_HK/hx/Checked+baggage,,,https://www.hongkongairlines.com/en_HK/footer/legal-privacy/home,,yes,2026-09-03,1,3,no,yes,yes,https://www.hongkongairlines.com/en_HK/footer/legal-privacy/home,fare_conditions_url;checkin_url;article_selector,4/6 urls imported from filled priority CSV
horizon-air,Horizon Air,QX,United States,Scheduled,no,,,,,,,,,,,,,no,,0,0,no,yes,no,,locale;region;baggage_checked_url;baggage_carryon_url;baggage_fees_url;fare_conditions_url;checkin_url;conditions_of_carriage_url;article_selector,
humo-air,Humo Air,HJ,Uzbekistan,Low-cost,no,,,,,,,,,,,,,no,,0,0,no,no,no,,locale;region;baggage_checked_url;baggage_carryon_url;baggage_fees_url;fare_conditions_url;checkin_url;conditions_of_carriage_url;article_selector,
hunnu-air,Hunnu Air,MR,Germany,Scheduled,yes,en,manual-priority,Europe,https://www.hunnuair.com/en/contacts,https://www.hunnuair.com/en/contacts,,,https://www.hunnuair.com/cn/baggagefee,,,,,yes,2026-09-03,0,1,no,yes,yes,,baggage_checked_url;baggage_carryon_url;fare_conditions_url;checkin_url;conditions_of_carriage_url;article_selector,1/6 urls imported from filled priority CSV
hydro-quebec,Hydro - Quebec,0Q,Canada,Scheduled,no,,,,,,,,,,,,,no,,0,0,no,no,no,,locale;region;baggage_checked_url;baggage_carryon_url;baggage_fees_url;fare_conditions_url;checkin_url;conditions_of_carriage_url;article_selector,
heli-securite-helicopter-airline,Héli Sécurité Hélicopter Airline,HS,France,Scheduled,no,,,,,,,,,,,,,no,,0,0,no,no,no,,locale;region;baggage_checked_url;baggage_carryon_url;baggage_fees_url;fare_conditions_url;checkin_url;conditions_of_carriage_url;article_selector,
iata-clearing-houseinternational-air-transport-association,IATA - Clearing HouseInternational Air Transport Association,XB,Canada,Scheduled,no,,,,,,,,,,,,,no,,0,0,no,no,no,,locale;region;baggage_checked_url;baggage_carryon_url;baggage_fees_url;fare_conditions_url;checkin_url;conditions_of_carriage_url;article_selector,
ibc-airways,IBC Airways,II,United States,Scheduled,no,,,,,,,,,,,,,no,,0,0,no,no,no,,locale;region;baggage_checked_url;baggage_carryon_url;baggage_fees_url;fare_conditions_url;checkin_url;conditions_of_carriage_url;article_selector,
ihy-izmir-havayollari-as,IHY Izmir Havayollari A.S.,44,Turkey,Scheduled,no,,,,,,,,,,,,,no,,0,0,no,no,no,,locale;region;baggage_checked_url;baggage_carryon_url;baggage_fees_url;fare_conditions_url;checkin_url;conditions_of_carriage_url;article_selector,
infini-travel-information-inc,"INFINI Travel Information, Inc.",1F,Japan,Scheduled,no,,,,,,,,,,,,,no,,0,0,no,no,no,,locale;region;baggage_checked_url;baggage_carryon_url;baggage_fees_url;fare_conditions_url;checkin_url;conditions_of_carriage_url;article_selector,
iryo,IRYO,I6,Spain,Scheduled,no,,,,,,,,,,,,,no,,0,0,no,no,no,,locale;region;baggage_checked_url;baggage_carryon_url;baggage_fees_url;fare_conditions_url;checkin_url;conditions_of_carriage_url;article_selector,
ita-airways,ITA Airways,AZ,Italy,Scheduled,yes,en-it,1b,Europe,https://www.ita-airways.com,,https://www.ita-airways.com/en_en/fly-ita/baggage/checked-baggage.html,https://www.ita-airways.com/en_en/fly-ita/baggage/hand-baggage.html,https://www.ita-airways.com/en_en/fly-ita/baggage/excess-baggage.html,https://www.ita-airways.com/en_en/fly-ita/fare-rules.html,https://www.ita-airways.com/en_en/fly-ita/check-in.html,https://www.ita-airways.com/en_en/footer/terms-and-conditions/conditions-of-carriage.html,,yes,2026-09-03,0,6,no,yes,no,https://www.ita-airways.com/en_il/booking/general-conditions-of-carriage.html,article_selector,6/6 urls
ita-software-inc,ITA Software Inc.,1U,United States,Scheduled,no,,,,,,,,,,,,,no,,0,0,no,no,no,,locale;region;baggage_checked_url;baggage_carryon_url;baggage_fees_url;fare_conditions_url;checkin_url;conditions_of_carriage_url;article_selector,
iberia,Iberia,IB,Spain,Scheduled,yes,en-es,1b,Europe,https://www.iberia.com,,https://www.iberia.com/es/baggage/allowance-in-hold/,https://www.iberia.com/es/baggage/hand-luggage/,https://www.iberia.com/es/baggage/excess-baggage/,https://www.iberia.com/es/fares/,https://www.iberia.com/es/online-checkin/,https://www.iberia.com/es/general-conditions-of-carriage/,,yes,2026-09-03,0,6,no,yes,no,https://www.iberia.com/gb/bills/conditions/,article_selector,6/6 urls
iberia-express,Iberia Express,I2,Spain,Low-cost,yes,en,manual-priority,Europe,https://www.iberiaexpress.com,,https://www.iberiaexpress.com/en/general-info/passenger-information/before-you-go/baggage/checked-baggage,https://www.iberiaexpress.com/en/general-info/passenger-information/before-you-go/baggage/hand-baggage,https://www.iberiaexpress.com/en/general-info/passenger-information/before-you-go/baggage/checked-baggage,,,https://www.iberiaexpress.com/en/general-info/contact/general-terms-and-conditions/general-conditions-of-carriage,,yes,2026-09-03,0,4,no,yes,no,https://www.iberiaexpress.com/en/general-info/contact/general-terms-and-conditions/general-conditions-of-carriage,fare_conditions_url;checkin_url;article_selector,4/6 urls imported from filled priority CSV
iberojet,Iberojet,E9,United States,Scheduled,no,,,,,,,,,,,,,no,,0,0,no,no,no,,locale;region;baggage_checked_url;baggage_carryon_url;baggage_fees_url;fare_conditions_url;checkin_url;conditions_of_carriage_url;article_selector,
ibex-airlines,Ibex Airlines,FW,Japan,Scheduled,no,,,,,,,,,,,,,no,,0,0,no,yes,no,,locale;region;baggage_checked_url;baggage_carryon_url;baggage_fees_url;fare_conditions_url;checkin_url;conditions_of_carriage_url;article_selector,
ibom-air,Ibom Air,QI,Denmark,Scheduled,no,,,,,,,,,,,,,no,,0,0,no,no,no,,locale;region;baggage_checked_url;baggage_carryon_url;baggage_fees_url;fare_conditions_url;checkin_url;conditions_of_carriage_url;article_selector,
icelandair,Icelandair,FI,Iceland,Scheduled,yes,en,manual-priority,Europe,https://www.icelandair.com/support,https://www.icelandair.com/support,https://www.icelandair.com/support/baggage,https://www.icelandair.com/support/baggage,https://www.icelandair.com/support/baggage,,,https://www.icelandair.com/support/terms-and-conditions/conditions-of-carriage/,,yes,2026-09-03,0,4,no,yes,no,https://www.icelandair.com/support/terms-and-conditions/conditions-of-carriage/,fare_conditions_url;checkin_url;article_selector,4/6 urls imported from filled priority CSV
ikar,Ikar,EO,Russia,Low-cost,no,,,,,,,,,,,,,no,,0,0,no,no,no,,locale;region;baggage_checked_url;baggage_carryon_url;baggage_fees_url;fare_conditions_url;checkin_url;conditions_of_carriage_url;article_selector,
indigo,IndiGo,6E,India,Low-cost,yes,en-in,1b,South Asia,,,https://www.goindigo.in/baggage/checked-baggage.html,https://www.goindigo.in/baggage/hand-baggage.html,https://www.goindigo.in/baggage/excess-baggage.html,https://www.goindigo.in/information/fare-rules.html,https://www.goindigo.in/check-in.html,https://www.goindigo.in/information/conditions-of-carriage.html,,yes,2026-09-03,0,6,no,yes,no,,article_selector,6/6 urls
indonesia-airasia,Indonesia AirAsia,QZ,Indonesia,Low-cost,no,,,,,,,,,,,,,no,,0,0,no,no,no,,locale;region;baggage_checked_url;baggage_carryon_url;baggage_fees_url;fare_conditions_url;checkin_url;conditions_of_carriage_url;article_selector,
innoaviation,InnoAviation,I3,Iran,Scheduled,no,,,,,,,,,,,,,no,,0,0,no,no,no,,locale;region;baggage_checked_url;baggage_carryon_url;baggage_fees_url;fare_conditions_url;checkin_url;conditions_of_carriage_url;article_selector,
insel-air-aruba,Insel Air Aruba,8I,Aruba,Scheduled,no,,,,,,,,,,,,,no,,0,0,no,no,no,,locale;region;baggage_checked_url;baggage_carryon_url;baggage_fees_url;fare_conditions_url;checkin_url;conditions_of_carriage_url;article_selector,
intercaribbean-airways,InterCaribbean Airways,JY,Turks and Caicos Islands,Scheduled,no,,,,,,,,,,,,,no,,0,0,no,yes,no,,locale;region;baggage_checked_url;baggage_carryon_url;baggage_fees_url;fare_conditions_url;checkin_url;conditions_of_carriage_url;article_selector,
iraero,IrAero,IO,Russia,Scheduled,no,,,,,,,,,,,,,no,,0,0,no,yes,yes,,locale;region;baggage_checked_url;baggage_carryon_url;baggage_fees_url;fare_conditions_url;checkin_url;conditions_of_carriage_url;article_selector,
iran-air,Iran Air,IR,Iran,Scheduled,no,,,,,,,,,,,,,no,,0,0,no,no,no,,locale;region;baggage_checked_url;baggage_carryon_url;baggage_fees_url;fare_conditions_url;checkin_url;conditions_of_carriage_url;article_selector,
iran-airtour,Iran Airtour,B9,Iran,Scheduled,no,,,,,,,,,,,,,no,,0,0,no,no,no,,locale;region;baggage_checked_url;baggage_carryon_url;baggage_fees_url;fare_conditions_url;checkin_url;conditions_of_carriage_url;article_selector,
iran-aseman-airlines,Iran Aseman Airlines,EP,Iran,Scheduled,no,,,,,,,,,,,,,no,,0,0,no,no,no,,locale;region;baggage_checked_url;baggage_carryon_url;baggage_fees_url;fare_conditions_url;checkin_url;conditions_of_carriage_url;article_selector,
iraqi-airways,Iraqi Airways,IA,Iraq,Scheduled,no,,,,,,,,,,,,,no,,0,0,no,yes,yes,,locale;region;baggage_checked_url;baggage_carryon_url;baggage_fees_url;fare_conditions_url;checkin_url;conditions_of_carriage_url;article_selector,
island-air,Island Air,WP,Mexico,Scheduled,no,,,,,,,,,,,,,no,,0,0,no,no,yes,,locale;region;baggage_checked_url;baggage_carryon_url;baggage_fees_url;fare_conditions_url;checkin_url;conditions_of_carriage_url;article_selector,
island-air-express,Island Air Express,I4,United States,Scheduled,no,,,,,,,,,,,,,no,,0,0,no,no,no,,locale;region;baggage_checked_url;baggage_carryon_url;baggage_fees_url;fare_conditions_url;checkin_url;conditions_of_carriage_url;article_selector,
islena-de-inversiones-sa-de-cvdba-islena-airlines,Islena de Inversiones S.A. de C.V.dba Islena Airlines,WC,Honduras,Scheduled,no,,,,,,,,,,,,,no,,0,0,no,no,no,,locale;region;baggage_checked_url;baggage_carryon_url;baggage_fees_url;fare_conditions_url;checkin_url;conditions_of_carriage_url;article_selector,
israir-airlines,Israir Airlines,6H,Israel,Scheduled,yes,en,manual-priority,Asia,https://www.israirairlines.com,,https://www.israir.co.il/Info/Baggage_Policy.html,https://www.israir.co.il/Passengers_Info/Baggage_Policy_English.html,https://www.israir.co.il/Info/Baggage_Policy.html,,https://www.israir.co.il/Passengers_Info/Online_Check_In_Policy_English,https://www.israirairlines.com/,,yes,2026-09-03,2,3,no,yes,yes,https://www.israirairlines.com/,fare_conditions_url;article_selector,5/6 urls imported from filled priority CSV
itek-air,Itek Air,GI,Kyrgyzstan,Scheduled,no,,,,,,,,,,,,,no,,0,0,no,no,no,,locale;region;baggage_checked_url;baggage_carryon_url;baggage_fees_url;fare_conditions_url;checkin_url;conditions_of_carriage_url;article_selector,
izhavia,Izhavia,I8,Russia,Scheduled,no,,,,,,,,,,,,,no,,0,0,no,yes,yes,,locale;region;baggage_checked_url;baggage_carryon_url;baggage_fees_url;fare_conditions_url;checkin_url;conditions_of_carriage_url;article_selector,
jandm-alaska-air,J&M Alaska Air,JN,United States,Scheduled,no,,,,,,,,,,,,,no,,0,0,no,no,no,,locale;region;baggage_checked_url;baggage_carryon_url;baggage_fees_url;fare_conditions_url;checkin_url;conditions_of_carriage_url;article_selector,
jsc-sirena-travel,"JSC ""Sirena-Travel""",1H,Russia,Scheduled,no,,,,,,,,,,,,,no,,0,0,no,no,no,,locale;region;baggage_checked_url;baggage_carryon_url;baggage_fees_url;fare_conditions_url;checkin_url;conditions_of_carriage_url;article_selector,
jsc-aircompany-atma,JSC Aircompany ATMA,IM,Kazakhstan,Scheduled,no,,,,,,,,,,,,,no,,0,0,no,no,no,,locale;region;baggage_checked_url;baggage_carryon_url;baggage_fees_url;fare_conditions_url;checkin_url;conditions_of_carriage_url;article_selector,
jsc-kazaviaspas,JSC Kazaviaspas,ZS,Kazakhstan,Scheduled,no,,,,,,,,,,,,,no,,0,0,no,no,no,,locale;region;baggage_checked_url;baggage_carryon_url;baggage_fees_url;fare_conditions_url;checkin_url;conditions_of_carriage_url;article_selector,
jsc-transport-automated-informationsystems-tais,JSC Transport Automated InformationSystems - TAIS,1M,Russia,Scheduled,no,,,,,,,,,,,,,no,,0,0,no,no,no,,locale;region;baggage_checked_url;baggage_carryon_url;baggage_fees_url;fare_conditions_url;checkin_url;conditions_of_carriage_url;article_selector,
jambojet,Jambojet,JM,Kenya,Low-cost,no,,,,,,,,,,,,,no,,0,0,no,no,yes,,locale;region;baggage_checked_url;baggage_carryon_url;baggage_fees_url;fare_conditions_url;checkin_url;conditions_of_carriage_url;article_selector,
japan-air-commuter,Japan Air Commuter,JC,Japan,Scheduled,no,,,,,,,,,,,,,no,,0,0,no,yes,no,,locale;region;baggage_checked_url;baggage_carryon_url;baggage_fees_url;fare_conditions_url;checkin_url;conditions_of_carriage_url;article_selector,
japan-airlines,Japan Airlines,JL,Japan,Scheduled,yes,en-jp,1a,East Asia,https://www.jal.co.jp,,https://www.jal.co.jp/jp/en/inter/baggage/checked/,https://www.jal.co.jp/jp/en/inter/baggage/inflight/,https://www.jal.co.jp/jp/en/inter/baggage/over/,https://www.jal.co.jp/jp/en/inter/fare/,https://www.jal.co.jp/jp/en/inter/boarding/online-checkin/,https://www.jal.co.jp/jp/en/inter/carriage/,,yes,2026-09-03,0,6,no,yes,no,https://www.jal.co.jp/jp/en/inter/carriage/220920/,article_selector,6/6 urls
japan-transocean-air,Japan Transocean Air,NU,Japan,Scheduled,no,,,,,,,,,,,,,no,,0,0,no,yes,no,,locale;region;baggage_checked_url;baggage_carryon_url;baggage_fees_url;fare_conditions_url;checkin_url;conditions_of_carriage_url;article_selector,
jazeera-airways,Jazeera Airways,J9,Kuwait,Low-cost,yes,en,manual-priority,Asia,https://www.jazeeraairways.com/en-kw/help/faqs,https://www.jazeeraairways.com/en-kw/help/faqs,https://www.jazeeraairways.com/en-ae/plan/baggage-allowance/checked-baggage,https://www.jazeeraairways.com/en/plan/baggage-allowance/cabin-baggage,https://aem.jazeeraairways.com/en/add-ons/baggage-upgrades/extra-baggage-charges,,,https://www.jazeeraairways.com/en-kw/terms-and-conditions,,yes,2026-09-03,4,0,no,yes,yes,https://www.jazeeraairways.com/en-kw/terms-and-conditions,fare_conditions_url;checkin_url;article_selector,4/6 urls imported from filled priority CSV
jeju-air,Jeju Air,7C,Republic of Korea,Low-cost,yes,en,manual-priority,Asia,https://www.jejuair.net/en/linkService/help/main.do,https://www.jejuair.net/en/linkService/help/main.do,https://www.jejuair.net/en/additionalService/service/preorderedBaggage.do,https://www.jejuair.net/en/linkService/boardingProcessGuide/cabinBaggage.do,https://www.jejuair.net/en/additionalService/service/preorderedBaggage.do,,,https://www.jejuair.net/en/terms/page/carriageTemrs.do,,yes,2026-09-03,0,4,no,yes,yes,https://www.jejuair.net/en/terms/page/carriageTemrs.do,fare_conditions_url;checkin_url;article_selector,4/6 urls imported from filled priority CSV
jet-airways,Jet Airways,9W,India,Scheduled,no,,,,,,,,,,,,,no,,0,0,no,yes,yes,,locale;region;baggage_checked_url;baggage_carryon_url;baggage_fees_url;fare_conditions_url;checkin_url;conditions_of_carriage_url;article_selector,
jet-airways-inc,Jet Airways Inc.,QJ,United States,Scheduled,no,,,,,,,,,,,,,no,,0,0,no,no,no,,locale;region;baggage_checked_url;baggage_carryon_url;baggage_fees_url;fare_conditions_url;checkin_url;conditions_of_carriage_url;article_selector,
jet-asia-airways,Jet Asia Airways,JF,Thailand,Scheduled,no,,,,,,,,,,,,,no,,0,0,no,yes,no,,locale;region;baggage_checked_url;baggage_carryon_url;baggage_fees_url;fare_conditions_url;checkin_url;conditions_of_carriage_url;article_selector,
jet-aviation-business,Jet Aviation Business,PP,Switzerland,Scheduled,no,,,,,,,,,,,,,no,,0,0,no,yes,no,,locale;region;baggage_checked_url;baggage_carryon_url;baggage_fees_url;fare_conditions_url;checkin_url;conditions_of_carriage_url;article_selector,
jet-ops,Jet Ops,J6,United Arab Emirates,Scheduled,no,,,,,,,,,,,,,no,,0,0,no,no,no,,locale;region;baggage_checked_url;baggage_carryon_url;baggage_fees_url;fare_conditions_url;checkin_url;conditions_of_carriage_url;article_selector,
jet2com,Jet2.com,LS,United Kingdom,Low-cost,yes,en-gb,manual-priority,Europe,,,https://app.jet2.com/en/baggage,https://www.jet2.com/en/baggage,https://app.jet2.com/en/baggage,,,,,yes,2026-09-03,2,1,no,yes,yes,,fare_conditions_url;checkin_url;conditions_of_carriage_url;article_selector,3/6 urls imported from filled priority CSV
jetair-caribbean,JetAir Caribbean,4J,Curaçao,Scheduled,no,,,,,,,,,,,,,no,,0,0,no,no,no,,locale;region;baggage_checked_url;baggage_carryon_url;baggage_fees_url;fare_conditions_url;checkin_url;conditions_of_carriage_url;article_selector,
jetlite,JetLite,S2,India,Low-cost,no,,,,,,,,,,,,,no,,0,0,no,no,no,,locale;region;baggage_checked_url;baggage_carryon_url;baggage_fees_url;fare_conditions_url;checkin_url;conditions_of_carriage_url;article_selector,
jetsmart,JetSmart,JA,Chile,Low-cost,no,,,,,,,,,,,,,no,,0,0,no,no,yes,,locale;region;baggage_checked_url;baggage_carryon_url;baggage_fees_url;fare_conditions_url;checkin_url;conditions_of_carriage_url;article_selector,
jetsmart-argentina,JetSmart Argentina,WJ,Argentina,Low-cost,no,,,,,,,,,,,,,no,,0,0,no,no,no,,locale;region;baggage_checked_url;baggage_carryon_url;baggage_fees_url;fare_conditions_url;checkin_url;conditions_of_carriage_url;article_selector,
jetsmart-peru,JetSmart Peru,JZ,Peru,Low-cost,no,,,,,,,,,,,,,no,,0,0,no,no,no,,locale;region;baggage_checked_url;baggage_carryon_url;baggage_fees_url;fare_conditions_url;checkin_url;conditions_of_carriage_url;article_selector,
jetairfly,Jetairfly,TB,Belgium,Low-cost,no,,,,https://www.tuifly.be,,,,,,,,,no,,0,0,no,no,no,https://www.tuifly.be/en/legal/conditions_de_transport,locale;region;baggage_checked_url;baggage_carryon_url;baggage_fees_url;fare_conditions_url;checkin_url;conditions_of_carriage_url;article_selector,
jetstar,Jetstar,JQ,Australia,Low-cost,yes,en-au,1a,Australia/Pacific,https://www.jetstar.com,,https://www.jetstar.com/au/en/help/articles/checked-baggage,https://www.jetstar.com/au/en/help/articles/carry-on-baggage,https://www.jetstar.com/au/en/help/articles/fees-and-charges,https://www.jetstar.com/au/en/help/articles/fares,https://www.jetstar.com/au/en/help/articles/online-check-in,https://www.jetstar.com/au/en/conditions-of-carriage,,yes,2026-09-03,0,6,no,yes,no,https://www.jetstar.com/au/en/conditions-of-carriage-jq,article_selector,6/6 urls
jetstar-asia,Jetstar Asia,3K,Singapore,Low-cost,yes,en-sg,manual-priority,Asia,https://www.jetstar.com,,https://www.jetstar.com/au/en/flights/baggage,https://www.jetstar.com/sg/en/flights/baggage/carry-on-baggage,https://www.jetstar.com/au/en/help/excess-baggage-charges-at-the-airport,,,https://www.jetstar.com/jp/en/conditions-of-carriage-3k,,yes,2026-09-03,0,4,no,yes,no,https://www.jetstar.com/jp/en/conditions-of-carriage-3k,fare_conditions_url;checkin_url;article_selector,4/6 urls imported from filled priority CSV
jetstar-japan,Jetstar Japan,GK,Japan,Low-cost,yes,en,manual-priority,Asia,https://www.jetstar.com,,,,,,,https://www.jetstar.com/jp/en/conditions-of-carriage-gk,,yes,2026-09-03,0,1,no,yes,yes,https://www.jetstar.com/jp/en/conditions-of-carriage-gk,baggage_checked_url;baggage_carryon_url;baggage_fees_url;fare_conditions_url;checkin_url;article_selector,1/6 urls imported from filled priority CSV
jiangxi-air,Jiangxi Air,RY,China,Low-cost,no,,,,,,,,,,,,,no,,0,0,no,no,yes,,locale;region;baggage_checked_url;baggage_carryon_url;baggage_fees_url;fare_conditions_url;checkin_url;conditions_of_carriage_url;article_selector,
jin-air,Jin Air,LJ,South Korea,Low-cost,no,,,,,,,,,,,,,no,,0,0,no,no,yes,,locale;region;baggage_checked_url;baggage_carryon_url;baggage_fees_url;fare_conditions_url;checkin_url;conditions_of_carriage_url;article_selector,
jonair,Jonair,0N,Sweden,Scheduled,no,,,,,,,,,,,,,no,,0,0,no,no,no,,locale;region;baggage_checked_url;baggage_carryon_url;baggage_fees_url;fare_conditions_url;checkin_url;conditions_of_carriage_url;article_selector,
jonika-airlines,Jonika Airlines,JO,Ukraine,Low-cost,no,,,,,,,,,,,,,no,,0,0,no,no,no,,locale;region;baggage_checked_url;baggage_carryon_url;baggage_fees_url;fare_conditions_url;checkin_url;conditions_of_carriage_url;article_selector,
jordan-aviation,Jordan Aviation,R5,Jordan,Scheduled,no,,,,,,,,,,,,,no,,0,0,no,yes,yes,,locale;region;baggage_checked_url;baggage_carryon_url;baggage_fees_url;fare_conditions_url;checkin_url;conditions_of_carriage_url;article_selector,
joy-air,Joy Air,JR,China,Scheduled,no,,,,,,,,,,,,,no,,0,0,no,no,no,,locale;region;baggage_checked_url;baggage_carryon_url;baggage_fees_url;fare_conditions_url;checkin_url;conditions_of_carriage_url;article_selector,
juneyao-airlines,Juneyao Airlines,HO,China,Scheduled,yes,en,manual-priority,Asia,https://global.juneyaoair.com,,https://global.juneyaoair.com/checkedBaggage,https://global.juneyaoair.com/carryOnBaggage,https://global.juneyaoair.com/checkedBaggage,,,https://global.juneyaoair.com/servicehelp/new/General%20Conditions%20of%20Carriage,,yes,2026-09-03,3,1,no,no,yes,https://global.juneyaoair.com/servicehelp/new/General%20Conditions%20of%20Carriage,fare_conditions_url;checkin_url;article_selector,4/6 urls imported from filled priority CSV
k-mile-air-co-ltd,K-Mile Air Co. Ltd,8K,Thailand,Scheduled,no,,,,,,,,,,,,,no,,0,0,no,no,no,,locale;region;baggage_checked_url;baggage_carryon_url;baggage_fees_url;fare_conditions_url;checkin_url;conditions_of_carriage_url;article_selector,
kc-international-airlines,KC International Airlines,3Q,Cambodia,Scheduled,no,,,,,,,,,,,,,no,,0,0,no,no,no,,locale;region;baggage_checked_url;baggage_carryon_url;baggage_fees_url;fare_conditions_url;checkin_url;conditions_of_carriage_url;article_selector,
klm-cityhopper,KLM Cityhopper,WA,Netherlands,Scheduled,no,,,,,,,,,,,,,no,,0,0,no,yes,no,,locale;region;baggage_checked_url;baggage_carryon_url;baggage_fees_url;fare_conditions_url;checkin_url;conditions_of_carriage_url;article_selector,
klm-royal-dutch-airlines,KLM Royal Dutch Airlines,KL,Netherlands,Scheduled,yes,en,manual-priority,Europe,https://www.klm.com,,https://www.klm.com/information/baggage/checked-baggage-allowance,https://saudi.klm.com/information/baggage/checked-baggage-allowance,https://www.klm.com/information/baggage/checked-baggage-allowance,,,https://www.klm.com/information/legal/conditions-carriage,,yes,2026-09-03,0,4,no,yes,yes,https://www.klm.com/information/legal/conditions-carriage,fare_conditions_url;checkin_url;article_selector,4/6 urls imported from filled priority CSV
km-malta-airlines,KM Malta Airlines,KM,Malta,Low-cost,no,,,,https://airmalta.com,,,,,,,,,no,,0,0,no,no,no,https://airmalta.com/en-gb/legal-and-policies/general-conditions-of-carriage,locale;region;baggage_checked_url;baggage_carryon_url;baggage_fees_url;fare_conditions_url;checkin_url;conditions_of_carriage_url;article_selector,
kalitta-air,Kalitta Air,K4,United States,Scheduled,no,,,,,,,,,,,,,no,,0,0,no,yes,no,,locale;region;baggage_checked_url;baggage_carryon_url;baggage_fees_url;fare_conditions_url;checkin_url;conditions_of_carriage_url;article_selector,
kalstar-aviation,Kalstar Aviation,KD,Indonesia,Scheduled,no,,,,,,,,,,,,,no,,0,0,no,no,yes,,locale;region;baggage_checked_url;baggage_carryon_url;baggage_fees_url;fare_conditions_url;checkin_url;conditions_of_carriage_url;article_selector,
kam-air,Kam Air,RQ,Afghanistan,Scheduled,yes,en,manual-priority,Asia,https://www.kamair.com/contact-us,https://www.kamair.com/contact-us,https://www.kamair.com/baggage,https://www.kamair.com/baggage,https://www.kamair.com/baggage,,,https://www.kamair.com/terms-and-conditions#agreement-and-terms,,yes,2026-09-03,4,0,no,yes,yes,https://www.kamair.com/terms-and-conditions#agreement-and-terms,fare_conditions_url;checkin_url;article_selector,4/6 urls imported from filled priority CSV
kamchatka-air,Kamchatka Air,ДЕ,Russia,Scheduled,no,,,,,,,,,,,,,no,,0,0,no,no,no,,locale;region;baggage_checked_url;baggage_carryon_url;baggage_fees_url;fare_conditions_url;checkin_url;conditions_of_carriage_url;article_selector,
kan-air,Kan Air,K8,Thailand,Scheduled,no,,,,,,,,,,,,,no,,0,0,no,yes,no,,locale;region;baggage_checked_url;baggage_carryon_url;baggage_fees_url;fare_conditions_url;checkin_url;conditions_of_carriage_url;article_selector,
kartika-airlines,Kartika Airlines,3Y,Indonesia,Scheduled,no,,,,,,,,,,,,,no,,0,0,no,yes,no,,locale;region;baggage_checked_url;baggage_carryon_url;baggage_fees_url;fare_conditions_url;checkin_url;conditions_of_carriage_url;article_selector,
kenmore-air,Kenmore Air,M5,United States,Scheduled,no,,,,,,,,,,,,,no,,0,0,no,yes,no,,locale;region;baggage_checked_url;baggage_carryon_url;baggage_fees_url;fare_conditions_url;checkin_url;conditions_of_carriage_url;article_selector,
kenn-borek-air,Kenn Borek Air,4K,Canada,Scheduled,yes,en-ca,manual-priority,North America,https://askariaviation.com,,,,,,,https://askariaviation.com/,,yes,2026-09-03,0,1,no,yes,no,https://askariaviation.com/,baggage_checked_url;baggage_carryon_url;baggage_fees_url;fare_conditions_url;checkin_url;article_selector,1/6 urls imported from filled priority CSV
kenya-airways,Kenya Airways,KQ,Kenya,Scheduled,yes,en-ke,manual-priority,Africa,https://www.kenya-airways.com,,https://www.kenya-airways.com/prepare-for-travel/baggage-information/en,https://www.kenya-airways.com/en/plan/baggage-information/hand-baggage,https://www.kenya-airways.com/prepare-for-travel/baggage-information/en,,,https://www.kenya-airways.com/condition-of-carriage/en/,,yes,2026-09-03,1,3,no,yes,no,https://www.kenya-airways.com/condition-of-carriage/en/,fare_conditions_url;checkin_url;article_selector,4/6 urls imported from filled priority CSV
khabarovsk-avia,Khabarovsk Avia,НИ,Russia,Scheduled,no,,,,,,,,,,,,,no,,0,0,no,no,no,,locale;region;baggage_checked_url;baggage_carryon_url;baggage_fees_url;fare_conditions_url;checkin_url;conditions_of_carriage_url;article_selector,
komiaviatrans,Komiaviatrans,ИГ,Russia,Scheduled,no,,,,,,,,,,,,,no,,0,0,no,no,no,,locale;region;baggage_checked_url;baggage_carryon_url;baggage_fees_url;fare_conditions_url;checkin_url;conditions_of_carriage_url;article_selector,
korean-air,Korean Air,KE,Republic of Korea,Scheduled,yes,en-kr,1b,East Asia,https://www.koreanair.com,,https://www.koreanair.com/contents/plan-your-travel/baggage/checked-baggage,https://www.koreanair.com/contents/plan-your-travel/baggage/carry-on-baggage,https://www.koreanair.com/contents/plan-your-travel/baggage/excess-baggage,https://www.koreanair.com/booking/booking-guide/fare-rules,https://www.koreanair.com/contents/plan-your-travel/at-the-airport/check-in,https://www.koreanair.com/contents/footer/conditions-of-carriage,,yes,2026-09-03,0,6,no,yes,no,https://www.koreanair.com/us/en/footer/terms-and-policies/terms-of-carriage,article_selector,6/6 urls
korongo-airlines,Korongo Airlines,ZC,Democratic Republic of the Congo,Scheduled,no,,,,,,,,,,,,,no,,0,0,no,no,no,,locale;region;baggage_checked_url;baggage_carryon_url;baggage_fees_url;fare_conditions_url;checkin_url;conditions_of_carriage_url;article_selector,
kosmos,Kosmos,ГК,Russia,Scheduled,no,,,,,,,,,,,,,no,,0,0,no,no,no,,locale;region;baggage_checked_url;baggage_carryon_url;baggage_fees_url;fare_conditions_url;checkin_url;conditions_of_carriage_url;article_selector,
kostroma-air,Kostroma Air,КБ,Russia,Scheduled,no,,,,,,,,,,,,,no,,0,0,no,no,no,,locale;region;baggage_checked_url;baggage_carryon_url;baggage_fees_url;fare_conditions_url;checkin_url;conditions_of_carriage_url;article_selector,
krasavia,KrasAvia,KV,Russia,Scheduled,no,,,,,,,,,,,,,no,,0,0,no,no,no,,locale;region;baggage_checked_url;baggage_carryon_url;baggage_fees_url;fare_conditions_url;checkin_url;conditions_of_carriage_url;article_selector,
kulula,Kulula,МН,South Africa,Low-cost,no,,,,,,,,,,,,,no,,0,0,no,no,yes,,locale;region;baggage_checked_url;baggage_carryon_url;baggage_fees_url;fare_conditions_url;checkin_url;conditions_of_carriage_url;article_selector,
kunming-airlines,Kunming Airlines,KY,China,Scheduled,no,,,,,,,,,,,,,no,,0,0,no,yes,yes,,locale;region;baggage_checked_url;baggage_carryon_url;baggage_fees_url;fare_conditions_url;checkin_url;conditions_of_carriage_url;article_selector,
kuwait-airways,Kuwait Airways,KU,Kuwait,Scheduled,yes,en,manual-priority,Asia,https://www.kuwaitairways.com,,https://kuwaitairways.com/en/services/baggage,https://kuwaitairways.com/en/is/free-carry-on-baggage,https://kuwaitairways.com/en/services/baggage,,,https://www.kuwaitairways.com/en/terms/conditions-of-carriage,,yes,2026-09-03,1,3,no,yes,no,https://www.kuwaitairways.com/en/terms/conditions-of-carriage,fare_conditions_url;checkin_url;article_selector,4/6 urls imported from filled priority CSV
kyrgyz-air,Kyrgyz Air,KH,Kyrgyzstan,Scheduled,no,,,,,,,,,,,,,no,,0,0,no,no,no,,locale;region;baggage_checked_url;baggage_carryon_url;baggage_fees_url;fare_conditions_url;checkin_url;conditions_of_carriage_url;article_selector,
lam-mozambique-airlines,LAM Mozambique Airlines,TM,Mozambique,Scheduled,yes,en,manual-priority,Africa,,,https://www.lam.co.mz/en/Travel-Information/Baggage,https://www.lam.co.mz/en/Travel-Information/Baggage,https://www.lam.co.mz/en/Travel-Information/Baggage,,,,,yes,2026-09-03,0,3,no,yes,no,,fare_conditions_url;checkin_url;conditions_of_carriage_url;article_selector,3/6 urls imported from filled priority CSV
lan-chile-cargo,LAN Chile Cargo,UC,Chile,Scheduled,no,,,,,,,,,,,,,no,,0,0,no,yes,no,,locale;region;baggage_checked_url;baggage_carryon_url;baggage_fees_url;fare_conditions_url;checkin_url;conditions_of_carriage_url;article_selector,
lanhsa,LANHSA,00,Israel,Scheduled,no,,,,,,,,,,,,,no,,0,0,no,no,no,,locale;region;baggage_checked_url;baggage_carryon_url;baggage_fees_url;fare_conditions_url;checkin_url;conditions_of_carriage_url;article_selector,
laser-airlines,LASER Airlines,QL,Venezuela,Scheduled,no,,,,,,,,,,,,,no,,0,0,no,yes,yes,,locale;region;baggage_checked_url;baggage_carryon_url;baggage_fees_url;fare_conditions_url;checkin_url;conditions_of_carriage_url;article_selector,
latam-airlines,LATAM Airlines,LA,Chile,Scheduled,yes,en,manual-priority,South America,https://www.latamairlines.com,,https://www.latamairlines.com/us/en/experience/prepare-your-trip/baggage/checked-baggage,https://www.latamairlines.com/gb/en/experience/prepare-your-trip/baggage/carry-on,https://www.latamairlines.com/au/en/experience/prepare-your-trip/baggage/excess-fees,,,https://www.latamairlines.com/gb/en/legal/transportation-contract-conditions,,yes,2026-09-03,0,4,no,yes,no,https://www.latamairlines.com/gb/en/legal/transportation-contract-conditions,fare_conditions_url;checkin_url;article_selector,4/6 urls imported from filled priority CSV
latam-airlines-brasil,LATAM Airlines Brasil,JJ,Brazil,Scheduled,no,,,,,,,,,,,,,no,,0,0,no,no,no,,locale;region;baggage_checked_url;baggage_carryon_url;baggage_fees_url;fare_conditions_url;checkin_url;conditions_of_carriage_url;article_selector,
latam-airlines-colombia,LATAM Airlines Colombia,4C,Colombia,Scheduled,no,,,,,,,,,,,,,no,,0,0,no,yes,no,,locale;region;baggage_checked_url;baggage_carryon_url;baggage_fees_url;fare_conditions_url;checkin_url;conditions_of_carriage_url;article_selector,
latam-airlines-ecuador,LATAM Airlines Ecuador,XL,Ecuador,Scheduled,yes,en,manual-priority,South America,https://www.latamairlines.com,,,,,,,https://www.latamairlines.com/gb/en/legal/transportation-contract-conditions,,yes,2026-09-03,0,1,no,yes,no,https://www.latamairlines.com/gb/en/legal/transportation-contract-conditions,baggage_checked_url;baggage_carryon_url;baggage_fees_url;fare_conditions_url;checkin_url;article_selector,1/6 urls imported from filled priority CSV
latam-airlines-paraguay,LATAM Airlines Paraguay,PZ,Paraguay,Scheduled,no,,,,,,,,,,,,,no,,0,0,no,yes,no,,locale;region;baggage_checked_url;baggage_carryon_url;baggage_fees_url;fare_conditions_url;checkin_url;conditions_of_carriage_url;article_selector,
latam-airlines-peru,LATAM Airlines Peru,LP,Peru,Scheduled,no,,,,,,,,,,,,,no,,0,0,no,yes,no,,locale;region;baggage_checked_url;baggage_carryon_url;baggage_fees_url;fare_conditions_url;checkin_url;conditions_of_carriage_url;article_selector,
latam-express,LATAM Express,LU,Chile,Scheduled,no,,,,,,,,,,,,,no,,0,0,no,no,no,,locale;region;baggage_checked_url;baggage_carryon_url;baggage_fees_url;fare_conditions_url;checkin_url;conditions_of_carriage_url;article_selector,
leav,LEAV,KK,Turkey,Scheduled,no,,,,,,,,,,,,,no,,0,0,no,no,no,,locale;region;baggage_checked_url;baggage_carryon_url;baggage_fees_url;fare_conditions_url;checkin_url;conditions_of_carriage_url;article_selector,
lift-airline,LIFT Airline,GE,South Africa,Low-cost,no,,,,,,,,,,,,,no,,0,0,no,no,no,,locale;region;baggage_checked_url;baggage_carryon_url;baggage_fees_url;fare_conditions_url;checkin_url;conditions_of_carriage_url;article_selector,
lot-polish,LOT Polish,LO,Poland,Scheduled,yes,en,manual-priority,Europe,https://www.lot.com/us/en/help-center/contact,https://www.lot.com/us/en/help-center/contact,https://www.lot.com/am/en/journey/baggage,https://www.lot.com/am/en/journey/baggage/long-haul-baggage,https://www.lot.com/am/en/journey/baggage,,,https://www.lot.com/pl/en/regulations/conditions-of-carriage,,yes,2026-09-03,0,4,no,yes,no,https://www.lot.com/pl/en/regulations/conditions-of-carriage,fare_conditions_url;checkin_url;article_selector,4/6 urls imported from filled priority CSV
la-compagnie,La Compagnie,B0,France,Scheduled,no,,,,,,,,,,,,,no,,0,0,no,yes,no,,locale;region;baggage_checked_url;baggage_carryon_url;baggage_fees_url;fare_conditions_url;checkin_url;conditions_of_carriage_url;article_selector,
la-costena,La Costeña,LC,Nicaragua,Scheduled,no,,,,,,,,,,,,,no,,0,0,no,no,yes,,locale;region;baggage_checked_url;baggage_carryon_url;baggage_fees_url;fare_conditions_url;checkin_url;conditions_of_carriage_url;article_selector,
lanexang-airways-international,Lanexang Airways International,5A,Laos,Scheduled,no,,,,,,,,,,,,,no,,0,0,no,no,no,,locale;region;baggage_checked_url;baggage_carryon_url;baggage_fees_url;fare_conditions_url;checkin_url;conditions_of_carriage_url;article_selector,
lanmei-airlines,Lanmei Airlines,LQ,Cambodia,Low-cost,yes,en,manual-priority,Asia,https://lanmeiairlines.com,,,,,,,https://lanmeiairlines.com/lanmeiairlines2.0/default/menus/EN/experience/LMTransport.html,,yes,2026-09-03,0,1,no,no,yes,https://lanmeiairlines.com/lanmeiairlines2.0/default/menus/EN/experience/LMTransport.html,baggage_checked_url;baggage_carryon_url;baggage_fees_url;fare_conditions_url;checkin_url;article_selector,1/6 urls imported from filled priority CSV
lao-airlines,Lao Airlines,QV,Laos,Scheduled,yes,en,manual-priority,Asia,https://laoairlines.com,,https://laoairlines.com/en/baggage-optional-service-charges,https://laoairlines.com/en/baggage-optional-service-charges,https://laoairlines.com/lo/baggage-optional-service-charges,,,https://laoairlines.com/en/term-and-condition/#,,yes,2026-09-03,0,4,no,yes,no,https://laoairlines.com/en/term-and-condition/#,fare_conditions_url;checkin_url;article_selector,4/6 urls imported from filled priority CSV
lao-skyway,Lao Skyway,LK,Laos,Scheduled,no,,,,,,,,,,,,,no,,0,0,no,no,yes,,locale;region;baggage_checked_url;baggage_carryon_url;baggage_fees_url;fare_conditions_url;checkin_url;conditions_of_carriage_url;article_selector,
laparkan-airways-inc,"Laparkan Airways, Inc.",LE,United States,Scheduled,no,,,,https://www.stbarthexecutive.com,,,,,,,,,no,,0,0,no,no,no,https://www.stbarthexecutive.com/booking-and-carriage-terms/,locale;region;baggage_checked_url;baggage_carryon_url;baggage_fees_url;fare_conditions_url;checkin_url;conditions_of_carriage_url;article_selector,
lauda-europe,Lauda Europe,LW,Malta,Scheduled,no,,,,,,,,,,,,,no,,0,0,no,no,no,,locale;region;baggage_checked_url;baggage_carryon_url;baggage_fees_url;fare_conditions_url;checkin_url;conditions_of_carriage_url;article_selector,
level,Level,LL,Spain,Scheduled,no,,,,,,,,,,,,,no,,0,0,no,no,no,,locale;region;baggage_checked_url;baggage_carryon_url;baggage_fees_url;fare_conditions_url;checkin_url;conditions_of_carriage_url;article_selector,
levu,Levu,6V,Brazil,Scheduled,no,,,,,,,,,,,,,no,,0,0,no,no,no,,locale;region;baggage_checked_url;baggage_carryon_url;baggage_fees_url;fare_conditions_url;checkin_url;conditions_of_carriage_url;article_selector,
liat-air,Liat Air,5L,Antigua and Barbuda,Scheduled,no,,,,,,,,,,,,,no,,0,0,no,no,no,,locale;region;baggage_checked_url;baggage_carryon_url;baggage_fees_url;fare_conditions_url;checkin_url;conditions_of_carriage_url;article_selector,
libyan-airlines,Libyan Airlines,LN,Libya,Scheduled,no,,,,,,,,,,,,,no,,0,0,no,yes,yes,,locale;region;baggage_checked_url;baggage_carryon_url;baggage_fees_url;fare_conditions_url;checkin_url;conditions_of_carriage_url;article_selector,
libyan-wings,Libyan Wings,YL,Libya,Scheduled,no,,,,,,,,,,,,,no,,0,0,no,no,no,,locale;region;baggage_checked_url;baggage_carryon_url;baggage_fees_url;fare_conditions_url;checkin_url;conditions_of_carriage_url;article_selector,
linea-aerea-carguera-de-colombia-sa,Linea Aerea Carguera de Colombia S.A.,L7,Colombia,Scheduled,no,,,,,,,,,,,,,no,,0,0,no,no,no,,locale;region;baggage_checked_url;baggage_carryon_url;baggage_fees_url;fare_conditions_url;checkin_url;conditions_of_carriage_url;article_selector,
linear-air,Linear Air,O2,,Scheduled,no,,,,,,,,,,,,,no,,0,0,no,no,no,,locale;region;baggage_checked_url;baggage_carryon_url;baggage_fees_url;fare_conditions_url;checkin_url;conditions_of_carriage_url;article_selector,
link-airways,Link Airways,FC,Australia,Scheduled,yes,en-au,manual-priority,Australia/Pacific,,,https://www.linkairways.com/Plan-Your-Travel/checked-baggage,https://www.linkairways.com/Plan-Your-Travel/Cabin-Baggage,https://www.linkairways.com/Plan-Your-Travel/checked-baggage,,,https://www.linkairways.com/about-us/conditions-of-carriage,,yes,2026-09-03,4,0,no,no,yes,,fare_conditions_url;checkin_url;article_selector,4/6 urls imported from filled priority CSV
lion-air,Lion Air,JT,Indonesia,Low-cost,yes,en-id,1b,Southeast Asia,,,https://www.lionair.co.id/en/prepare-your-trip/baggage/checked-baggage,https://www.lionair.co.id/en/prepare-your-trip/baggage/cabin-baggage,https://www.lionair.co.id/en/prepare-your-trip/baggage/excess-baggage,https://www.lionair.co.id/en/terms-and-conditions,https://www.lionair.co.id/en/prepare-your-trip/web-check-in,https://www.lionair.co.id/en/terms-and-conditions,,yes,2026-09-03,0,6,no,yes,yes,,article_selector,6/6 urls
loganair,Loganair,LM,United Kingdom,Scheduled,yes,en-gb,manual-priority,Europe,https://www.loganair.co.uk/helpcentre/children-infants,https://www.loganair.co.uk/helpcentre/children-infants,https://www.loganair.co.uk/travel-help/luggage,https://www.loganair.co.uk/travel-help/luggage,https://www.loganair.co.uk/travel-help/luggage,,,https://www.loganair.co.uk/travel-help/carriage-conditions/,,yes,2026-09-03,0,4,no,yes,yes,https://www.loganair.co.uk/travel-help/carriage-conditions/,fare_conditions_url;checkin_url;article_selector,4/6 urls imported from filled priority CSV
longtail-aviation,Longtail Aviation,6T,Bermuda,Scheduled,no,,,,,,,,,,,,,no,,0,0,no,no,no,,locale;region;baggage_checked_url;baggage_carryon_url;baggage_fees_url;fare_conditions_url;checkin_url;conditions_of_carriage_url;article_selector,
loong-air,Loong Air,GJ,China,Scheduled,no,,,,,,,,,,,,,no,,0,0,no,no,yes,,locale;region;baggage_checked_url;baggage_carryon_url;baggage_fees_url;fare_conditions_url;checkin_url;conditions_of_carriage_url;article_selector,
lucky-air,Lucky Air,8L,China,Low-cost,yes,en,manual-priority,Asia,https://www.luckyair.net,,,,,,https://www.luckyair.net/micro/main/checkin,https://www.luckyair.net/help.html?id=5d7714de91c6dd531559d9b7,,yes,2026-09-03,0,2,no,yes,yes,https://www.luckyair.net/help.html?id=5d7714de91c6dd531559d9b7,baggage_checked_url;baggage_carryon_url;baggage_fees_url;fare_conditions_url;article_selector,2/6 urls imported from filled priority CSV
lufthansa,Lufthansa,LH,Germany,Scheduled,yes,en-de,1a,Europe,https://www.lufthansa.com,,https://www.lufthansa.com/de/en/checked-baggage,https://www.lufthansa.com/de/en/carry-on-baggage,https://www.lufthansa.com/de/en/excess-baggage,https://www.lufthansa.com/de/en/fares-and-classes,https://www.lufthansa.com/de/en/online-check-in,https://www.lufthansa.com/de/en/conditions-of-carriage,,yes,2026-09-03,0,6,no,yes,yes,https://www.lufthansa.com/gb/en/business-terms-and-conditions-1,article_selector,6/6 urls
lufthansa-city-airlines,Lufthansa City Airlines,VL,Bulgaria,Scheduled,no,,,,,,,,,,,,,no,,0,0,no,no,no,,locale;region;baggage_checked_url;baggage_carryon_url;baggage_fees_url;fare_conditions_url;checkin_url;conditions_of_carriage_url;article_selector,
lufthansa-cityline,Lufthansa CityLine,CL,Germany,Scheduled,no,,,,,,,,,,,,,no,,0,0,no,yes,no,,locale;region;baggage_checked_url;baggage_carryon_url;baggage_fees_url;fare_conditions_url;checkin_url;conditions_of_carriage_url;article_selector,
lufthansa-systems,Lufthansa Systems,S1,Germany,Scheduled,no,,,,,,,,,,,,,no,,0,0,no,no,no,,locale;region;baggage_checked_url;baggage_carryon_url;baggage_fees_url;fare_conditions_url;checkin_url;conditions_of_carriage_url;article_selector,
lulutai-airlines,Lulutai Airlines,L8,Tonga,Scheduled,no,,,,,,,,,,,,,no,,0,0,no,no,no,,locale;region;baggage_checked_url;baggage_carryon_url;baggage_fees_url;fare_conditions_url;checkin_url;conditions_of_carriage_url;article_selector,
lumiwings,Lumiwings,L9,Greece,Scheduled,no,,,,,,,,,,,,,no,,0,0,no,no,no,,locale;region;baggage_checked_url;baggage_carryon_url;baggage_fees_url;fare_conditions_url;checkin_url;conditions_of_carriage_url;article_selector,
luxair,Luxair,LG,Luxembourg,Scheduled,yes,en,manual-priority,Europe,https://www.luxair.lu,,https://www.luxair.lu/sites/default/files/teaser_pdf/2025-03/2025_03_LG%20AIRLINE_PIECE%20CONCEPT_BAGAGES%20INTERNET%20ENG.pdf,https://www.luxair.lu/en/information/cabin-baggage,https://www.luxair.lu/sites/default/files/teaser_pdf/2025-03/2025_03_LG%20AIRLINE_PIECE%20CONCEPT_BAGAGES%20INTERNET%20ENG.pdf,,https://www.luxair.lu/en/checkin,https://www.luxair.lu/en/information/general-conditions-carriage,,yes,2026-09-03,2,3,no,yes,yes,https://www.luxair.lu/en/information/general-conditions-carriage,fare_conditions_url;article_selector,5/6 urls imported from filled priority CSV
luxwing,Luxwing,BN,Malta,Scheduled,no,,,,,,,,,,,,,no,,0,0,no,no,no,,locale;region;baggage_checked_url;baggage_carryon_url;baggage_fees_url;fare_conditions_url;checkin_url;conditions_of_carriage_url;article_selector,
lynden-air-cargo-llc,"Lynden Air Cargo, LLC",L2,United States,Scheduled,no,,,,,,,,,,,,,no,,0,0,no,yes,no,,locale;region;baggage_checked_url;baggage_carryon_url;baggage_fees_url;fare_conditions_url;checkin_url;conditions_of_carriage_url;article_selector,
lynx-air,Lynx Air,Y9,Canada,Low-cost,no,,,,,,,,,,,,,no,,0,0,no,no,no,,locale;region;baggage_checked_url;baggage_carryon_url;baggage_fees_url;fare_conditions_url;checkin_url;conditions_of_carriage_url;article_selector,
mayair,MAYAir,7M,Mexico,Scheduled,no,,,,,,,,,,,,,no,,0,0,no,no,yes,,locale;region;baggage_checked_url;baggage_carryon_url;baggage_fees_url;fare_conditions_url;checkin_url;conditions_of_carriage_url;article_selector,
mhs-aviation,MHS Aviation,M2,Germany,Scheduled,no,,,,,,,,,,,,,no,,0,0,no,no,no,,locale;region;baggage_checked_url;baggage_carryon_url;baggage_fees_url;fare_conditions_url;checkin_url;conditions_of_carriage_url;article_selector,
miat-mongolian-airlines,MIAT Mongolian Airlines,OM,Mongolia,Scheduled,yes,en,manual-priority,Asia,https://www.miat.com,,https://miat.com/en/856/checked-baggage,https://miat.com/en/856/checked-baggage,https://miat.com/en/856/checked-baggage,,,https://www.miat.com/,,yes,2026-09-03,3,1,no,yes,yes,https://www.miat.com/,fare_conditions_url;checkin_url;article_selector,4/6 urls imported from filled priority CSV
mng-airlines,MNG Airlines,MB,Turkey,Scheduled,no,,,,,,,,,,,,,no,,0,0,no,yes,no,,locale;region;baggage_checked_url;baggage_carryon_url;baggage_fees_url;fare_conditions_url;checkin_url;conditions_of_carriage_url;article_selector,
myairline,MYAirline,Z9,Malaysia,Low-cost,no,,,,,,,,,,,,,no,,0,0,no,no,no,,locale;region;baggage_checked_url;baggage_carryon_url;baggage_fees_url;fare_conditions_url;checkin_url;conditions_of_carriage_url;article_selector,
magnicharters,Magnicharters,0Z,Mexico,Scheduled,no,,,,,,,,,,,,,no,,0,0,no,no,yes,,locale;region;baggage_checked_url;baggage_carryon_url;baggage_fees_url;fare_conditions_url;checkin_url;conditions_of_carriage_url;article_selector,
mahan-air,Mahan Air,W5,Iran,Scheduled,no,,,,,,,,,,,,,no,,0,0,no,yes,yes,,locale;region;baggage_checked_url;baggage_carryon_url;baggage_fees_url;fare_conditions_url;checkin_url;conditions_of_carriage_url;article_selector,
malawi-airlines,Malawi Airlines,3W,Malawi,Scheduled,no,,,,,,,,,,,,,no,,0,0,no,no,no,,locale;region;baggage_checked_url;baggage_carryon_url;baggage_fees_url;fare_conditions_url;checkin_url;conditions_of_carriage_url;article_selector,
malaysia-airlines,Malaysia Airlines,MH,Malaysia,Scheduled,yes,en-my,1a,Southeast Asia,https://www.malaysiaairlines.com,,https://www.malaysiaairlines.com/my/en/plan-your-trip/baggage/checked-baggage.html,https://www.malaysiaairlines.com/my/en/plan-your-trip/baggage/cabin-baggage.html,https://www.malaysiaairlines.com/my/en/plan-your-trip/baggage/excess-baggage.html,https://www.malaysiaairlines.com/my/en/plan-your-trip/fare-family.html,https://www.malaysiaairlines.com/my/en/plan-your-trip/check-in.html,https://www.malaysiaairlines.com/my/en/footer/conditions-of-carriage.html,main,yes,2026-09-03,2,4,yes,yes,yes,https://www.malaysiaairlines.com/content/dam/mas/pdf/2021-08-31-General-Conditions-of-Carriage-Malaysia-Airlines.pdf,,6/6 urls
maldivian,Maldivian,Q2,Maldives,Scheduled,yes,en,manual-priority,Asia,,,https://maldivian.aero/flying-with-us/before-you-fly/baggage-policy.html,https://maldivian.aero/flying-with-us/before-you-fly/baggage-policy.html,https://maldivian.aero/flying-with-us/before-you-fly/high-volume-baggage-charges.html,,,,,yes,2026-09-03,0,3,no,yes,yes,,fare_conditions_url;checkin_url;conditions_of_carriage_url;article_selector,3/6 urls imported from filled priority CSV
malta-air,Malta Air,MW,Malta,Low-cost,no,,,,,,,,,,,,,no,,0,0,no,no,no,,locale;region;baggage_checked_url;baggage_carryon_url;baggage_fees_url;fare_conditions_url;checkin_url;conditions_of_carriage_url;article_selector,
maluti-sky,Maluti Sky,7D,Lesotho,Scheduled,no,,,,,,,,,,,,,no,,0,0,no,no,no,,locale;region;baggage_checked_url;baggage_carryon_url;baggage_fees_url;fare_conditions_url;checkin_url;conditions_of_carriage_url;article_selector,
mandarin-airlines,Mandarin Airlines,AE,Taiwan,Scheduled,yes,en,manual-priority,Asia,https://global.csair.com,,https://www.mandarin-airlines.com/english/airport_baggage.htm,https://www.mandarin-airlines.com/english/airport_baggage.htm,https://www.mandarin-airlines.com/english/airport_baggage.htm,,,https://global.csair.com/MO/GB/booking-policy/international-carriage-conditions,,yes,2026-09-03,0,4,no,no,yes,https://global.csair.com/MO/GB/booking-policy/international-carriage-conditions,fare_conditions_url;checkin_url;article_selector,4/6 urls imported from filled priority CSV
mango,Mango,JE,South Africa,Low-cost,no,,,,,,,,,,,,,no,,0,0,no,yes,yes,,locale;region;baggage_checked_url;baggage_carryon_url;baggage_fees_url;fare_conditions_url;checkin_url;conditions_of_carriage_url;article_selector,
mann-yadanarpon-airlines,Mann Yadanarpon Airlines,7Y,Myanmar,Scheduled,no,,,,,,,,,,,,,no,,0,0,no,no,no,,locale;region;baggage_checked_url;baggage_carryon_url;baggage_fees_url;fare_conditions_url;checkin_url;conditions_of_carriage_url;article_selector,
manta-air,Manta Air,NR,Maldives,Scheduled,no,,,,,,,,,,,,,no,,0,0,no,no,no,,locale;region;baggage_checked_url;baggage_carryon_url;baggage_fees_url;fare_conditions_url;checkin_url;conditions_of_carriage_url;article_selector,
marabu,Marabu,DI,Germany,Scheduled,no,,,,https://www.norwegian.com,,,,,,,,,no,,0,0,no,no,no,https://www.norwegian.com/uk/booking/booking-information/legal/general-conditions-of-carriage/,locale;region;baggage_checked_url;baggage_carryon_url;baggage_fees_url;fare_conditions_url;checkin_url;conditions_of_carriage_url;article_selector,
marathon-airlines,Marathon Airlines,O8,Greece,Scheduled,no,,,,,,,,,,,,,no,,0,0,no,no,no,,locale;region;baggage_checked_url;baggage_carryon_url;baggage_fees_url;fare_conditions_url;checkin_url;conditions_of_carriage_url;article_selector,
martinair,Martinair,MP,Netherlands,Scheduled,no,,,,,,,,,,,,,no,,0,0,no,yes,no,,locale;region;baggage_checked_url;baggage_carryon_url;baggage_fees_url;fare_conditions_url;checkin_url;conditions_of_carriage_url;article_selector,
mas-de-carga-sa-de-cv-dba-masair,Mas de Carga S.A. de C.V. dba Masair,M7,Mexico,Scheduled,no,,,,,,,,,,,,,no,,0,0,no,no,no,,locale;region;baggage_checked_url;baggage_carryon_url;baggage_fees_url;fare_conditions_url;checkin_url;conditions_of_carriage_url;article_selector,
mauritania-airlines,Mauritania Airlines,L6,Mauritania,Scheduled,no,,,,,,,,,,,,,no,,0,0,no,no,no,,locale;region;baggage_checked_url;baggage_carryon_url;baggage_fees_url;fare_conditions_url;checkin_url;conditions_of_carriage_url;article_selector,
mavi-gok-airlines,Mavi Gok Airlines,4M,Turkey,Scheduled,no,,,,,,,,,,,,,no,,0,0,no,no,no,,locale;region;baggage_checked_url;baggage_carryon_url;baggage_fees_url;fare_conditions_url;checkin_url;conditions_of_carriage_url;article_selector,
maximus-air,Maximus Air,6M,United Arab Emirates,Scheduled,no,,,,,,,,,,,,,no,,0,0,no,no,no,,locale;region;baggage_checked_url;baggage_carryon_url;baggage_fees_url;fare_conditions_url;checkin_url;conditions_of_carriage_url;article_selector,
maya-island-air,Maya Island Air,2M,Belize,Scheduled,yes,en,manual-priority,Asia,https://www.mayaislandair.com,,https://www.mayaislandair.com/belize-flights-baggage,https://www.mayaislandair.com/belize-flights-baggage,https://www.mayaislandair.com/belize-flights-baggage,,,https://www.mayaislandair.com/Information/Terms-and-Conditions,,yes,2026-09-03,4,0,no,yes,no,https://www.mayaislandair.com/Information/Terms-and-Conditions,fare_conditions_url;checkin_url;article_selector,4/6 urls imported from filled priority CSV
meraj-airlines,Meraj Airlines,0I,Iran,Scheduled,no,,,,,,,,,,,,,no,,0,0,no,no,no,,locale;region;baggage_checked_url;baggage_carryon_url;baggage_fees_url;fare_conditions_url;checkin_url;conditions_of_carriage_url;article_selector,
mesa-airlines,Mesa Airlines,YV,United States,Scheduled,no,,,,,,,,,,,,,no,,0,0,no,no,no,,locale;region;baggage_checked_url;baggage_carryon_url;baggage_fees_url;fare_conditions_url;checkin_url;conditions_of_carriage_url;article_selector,
metrojet,MetroJet,7K,Hong Kong SAR of China,Scheduled,no,,,,,,,,,,,,,no,,0,0,no,no,no,,locale;region;baggage_checked_url;baggage_carryon_url;baggage_fees_url;fare_conditions_url;checkin_url;conditions_of_carriage_url;article_selector,
middle-east-airlines,Middle East Airlines,ME,Lebanon,Low-cost,yes,en,manual-priority,Asia,https://www.mea.com.lb,,,,,,,https://www.mea.com.lb/english/plan-and-book/legal-notices/conditions-of-carriage,,yes,2026-09-03,0,1,no,yes,no,https://www.mea.com.lb/english/plan-and-book/legal-notices/conditions-of-carriage,baggage_checked_url;baggage_carryon_url;baggage_fees_url;fare_conditions_url;checkin_url;article_selector,1/6 urls imported from filled priority CSV
mistral-air,Mistral Air,M4,Italy,Scheduled,no,,,,,,,,,,,,,no,,0,0,no,no,no,,locale;region;baggage_checked_url;baggage_carryon_url;baggage_fees_url;fare_conditions_url;checkin_url;conditions_of_carriage_url;article_selector,
moldavian-airlines,Moldavian Airlines,2М,Moldova,Scheduled,no,,,,,,,,,,,,,no,,0,0,no,no,no,,locale;region;baggage_checked_url;baggage_carryon_url;baggage_fees_url;fare_conditions_url;checkin_url;conditions_of_carriage_url;article_selector,
monacair,Monacair,QM,Monaco,Scheduled,no,,,,,,,,,,,,,no,,0,0,no,no,yes,,locale;region;baggage_checked_url;baggage_carryon_url;baggage_fees_url;fare_conditions_url;checkin_url;conditions_of_carriage_url;article_selector,
montenegro-airlines,Montenegro Airlines,YM,Montenegro,Scheduled,no,,,,,,,,,,,,,no,,0,0,no,yes,no,,locale;region;baggage_checked_url;baggage_carryon_url;baggage_fees_url;fare_conditions_url;checkin_url;conditions_of_carriage_url;article_selector,
motor-sich-airlines,Motor Sich Airlines,M9,Ukraine,Scheduled,yes,en,manual-priority,Europe,https://flymotorsich.com,,,,,,,https://flymotorsich.com/en/pages/conditions,,yes,2026-09-03,0,1,no,yes,no,https://flymotorsich.com/en/pages/conditions,baggage_checked_url;baggage_carryon_url;baggage_fees_url;fare_conditions_url;checkin_url;article_selector,1/6 urls imported from filled priority CSV
myanmar-airways-international,Myanmar Airways International,8M,Myanmar,Scheduled,yes,en,manual-priority,Asia,https://maiair.com,,https://www.maiair.com/plan-your-journey/before-you-fly/checked-baggage,https://www.maiair.com/plan-your-journey/before-you-fly/checked-baggage,https://www.maiair.com/plan-your-journey/before-you-fly/checked-baggage,,,https://maiair.com/plan-your-journey/general-conditions-of-carriage,,yes,2026-09-03,0,4,no,yes,yes,https://maiair.com/plan-your-journey/general-conditions-of-carriage,fare_conditions_url;checkin_url;article_selector,4/6 urls imported from filled priority CSV
myanmar-national-airlines,Myanmar National Airlines,UB,Myanmar,Scheduled,no,,,,,,,,,,,,,no,,0,0,no,no,yes,,locale;region;baggage_checked_url;baggage_carryon_url;baggage_fees_url;fare_conditions_url;checkin_url;conditions_of_carriage_url;article_selector,
myway-airlines,Myway Airlines,MJ,Georgia,Scheduled,yes,en,manual-priority,Asia,https://mywayairlines.com,,,,,,,https://mywayairlines.com/en/381/General-Condition-of-Carriage,,yes,2026-09-03,0,1,no,no,yes,https://mywayairlines.com/en/381/General-Condition-of-Carriage,baggage_checked_url;baggage_carryon_url;baggage_fees_url;fare_conditions_url;checkin_url;article_selector,1/6 urls imported from filled priority CSV
nam-air,NAM Air,IN,Indonesia,Scheduled,no,,,,,,,,,,,,,no,,0,0,no,no,yes,,locale;region;baggage_checked_url;baggage_carryon_url;baggage_fees_url;fare_conditions_url;checkin_url;conditions_of_carriage_url;article_selector,
norra,NORRA,N7,Finland,Scheduled,no,,,,,,,,,,,,,no,,0,0,no,no,no,,locale;region;baggage_checked_url;baggage_carryon_url;baggage_fees_url;fare_conditions_url;checkin_url;conditions_of_carriage_url;article_selector,
nova-airlines,NOVA Airlines,O9,Sudan,Scheduled,no,,,,,,,,,,,,,no,,0,0,no,yes,no,,locale;region;baggage_checked_url;baggage_carryon_url;baggage_fees_url;fare_conditions_url;checkin_url;conditions_of_carriage_url;article_selector,
nakina-air-service,Nakina Air Service,T2,Canada,Scheduled,no,,,,,,,,,,,,,no,,0,0,no,no,no,,locale;region;baggage_checked_url;baggage_carryon_url;baggage_fees_url;fare_conditions_url;checkin_url;conditions_of_carriage_url;article_selector,
naryan-mar-airlines,Naryan-Mar Airlines,НЯ,Russia,Scheduled,no,,,,,,,,,,,,,no,,0,0,no,no,no,,locale;region;baggage_checked_url;baggage_carryon_url;baggage_fees_url;fare_conditions_url;checkin_url;conditions_of_carriage_url;article_selector,
national-airlines,National Airlines,N8,United States,Scheduled,yes,en-us,manual-priority,North America,,,https://www.nationalairlines.com/baggage-info,https://www.nationalairlines.com/baggage-info,https://www.nationalairlines.com/baggage-info,,,,,yes,2026-09-03,0,3,no,yes,no,,fare_conditions_url;checkin_url;conditions_of_carriage_url;article_selector,3/6 urls imported from filled priority CSV
nauru-airlines,Nauru Airlines,ON,Nauru,Scheduled,yes,en,manual-priority,Australia/Pacific,,,https://www.nauruair.com/travel-info/baggage,https://www.nauruair.com/travel-info/baggage,https://www.nauruair.com/travel-info/baggage,,,https://www.nauruair.com/travel-info/conditions-of-carriage,,yes,2026-09-03,4,0,no,yes,yes,,fare_conditions_url;checkin_url;article_selector,4/6 urls imported from filled priority CSV
navios-evolusi-solusindo,Navios Evolusi Solusindo,1J,Indonesia,Scheduled,no,,,,,,,,,,,,,no,,0,0,no,no,no,,locale;region;baggage_checked_url;baggage_carryon_url;baggage_fees_url;fare_conditions_url;checkin_url;conditions_of_carriage_url;article_selector,
navitaire,Navitaire,1N,United States,Scheduled,no,,,,,,,,,,,,,no,,0,0,no,no,no,,locale;region;baggage_checked_url;baggage_carryon_url;baggage_fees_url;fare_conditions_url;checkin_url;conditions_of_carriage_url;article_selector,
neos,Neos,NO,Italy,Scheduled,yes,en,manual-priority,Europe,,,https://www.neosair.com/en/information/checked-baggages,https://www.neosair.com/en/information/carry-on-baggages,https://www.neosair.com/en/information/checked-baggages,,,,,yes,2026-09-03,0,3,no,yes,yes,,fare_conditions_url;checkin_url;conditions_of_carriage_url;article_selector,3/6 urls imported from filled priority CSV
nepal-airlines,Nepal Airlines,RA,Nepal,Scheduled,yes,en,manual-priority,Asia,https://nepalairlines.com.np,,https://www.nepalairlines.com.np/baggage,https://www.nepalairlines.com.np/carry-on-baggage,https://www.nepalairlines.com.np/baggage,,,https://nepalairlines.com.np/instructions,,yes,2026-09-03,0,4,no,no,yes,https://nepalairlines.com.np/instructions,fare_conditions_url;checkin_url;article_selector,4/6 urls imported from filled priority CSV
nesma-airlines,Nesma Airlines,NE,Egypt,Scheduled,no,,,,,,,,,,,,,no,,0,0,no,no,no,,locale;region;baggage_checked_url;baggage_carryon_url;baggage_fees_url;fare_conditions_url;checkin_url;conditions_of_carriage_url;article_selector,
new-pacific-airlines,New Pacific Airlines,7H,United States,Low-cost,no,,,,,,,,,,,,,no,,0,0,no,no,no,,locale;region;baggage_checked_url;baggage_carryon_url;baggage_fees_url;fare_conditions_url;checkin_url;conditions_of_carriage_url;article_selector,
nexus-airlines,Nexus Airlines,GD,Australia,Scheduled,no,,,,,,,,,,,,,no,,0,0,no,no,no,,locale;region;baggage_checked_url;baggage_carryon_url;baggage_fees_url;fare_conditions_url;checkin_url;conditions_of_carriage_url;article_selector,
niger-airlines,Niger Airlines,6N,Niger,Scheduled,no,,,,,,,,,,,,,no,,0,0,no,no,no,,locale;region;baggage_checked_url;baggage_carryon_url;baggage_fees_url;fare_conditions_url;checkin_url;conditions_of_carriage_url;article_selector,
niki,Niki,HG,Austria,Low-cost,no,,,,,,,,,,,,,no,,0,0,no,no,yes,,locale;region;baggage_checked_url;baggage_carryon_url;baggage_fees_url;fare_conditions_url;checkin_url;conditions_of_carriage_url;article_selector,
nile-air,Nile Air,NP,Egypt,Scheduled,yes,en,manual-priority,Africa,https://www.nileair.com,,,,,,,https://www.nileair.com/#/en/home,,yes,2026-09-03,0,1,no,yes,yes,https://www.nileair.com/#/en/home,baggage_checked_url;baggage_carryon_url;baggage_fees_url;fare_conditions_url;checkin_url;article_selector,1/6 urls imported from filled priority CSV
ningxia-cargo-airlines-coltd,"Ningxia Cargo Airlines CO.,LTD",HT,China,Scheduled,no,,,,,,,,,,,,,no,,0,0,no,no,no,,locale;region;baggage_checked_url;baggage_carryon_url;baggage_fees_url;fare_conditions_url;checkin_url;conditions_of_carriage_url;article_selector,
nippon-cargo-airlines,Nippon Cargo Airlines,KZ,Japan,Scheduled,no,,,,,,,,,,,,,no,,0,0,no,yes,no,,locale;region;baggage_checked_url;baggage_carryon_url;baggage_fees_url;fare_conditions_url;checkin_url;conditions_of_carriage_url;article_selector,
nok-air,Nok Air,DD,Thailand,Low-cost,yes,en,manual-priority,Asia,,,https://content.nokair.com/en/Journey-Planning/Baggage.aspx,https://content.nokair.com/en/Journey-Planning/Baggage/Hand-Baggage-allowance.aspx,https://content.nokair.com/en/Journey-Planning/Baggage.aspx,,,,,yes,2026-09-03,2,1,no,yes,yes,,fare_conditions_url;checkin_url;conditions_of_carriage_url;article_selector,3/6 urls imported from filled priority CSV
nokscoot,NokScoot,XW,Thailand,Low-cost,no,,,,,,,,,,,,,no,,0,0,no,no,yes,,locale;region;baggage_checked_url;baggage_carryon_url;baggage_fees_url;fare_conditions_url;checkin_url;conditions_of_carriage_url;article_selector,
nolinor-aviation,Nolinor Aviation,N5,Canada,Scheduled,no,,,,,,,,,,,,,no,,0,0,no,no,no,,locale;region;baggage_checked_url;baggage_carryon_url;baggage_fees_url;fare_conditions_url;checkin_url;conditions_of_carriage_url;article_selector,
nomad-aviation,Nomad Aviation,NA,Namibia,Scheduled,no,,,,,,,,,,,,,no,,0,0,no,no,no,,locale;region;baggage_checked_url;baggage_carryon_url;baggage_fees_url;fare_conditions_url;checkin_url;conditions_of_carriage_url;article_selector,
nomad-aviation-pty-ltd,Nomad Aviation (PTY) Ltd.,N6,South Africa,Scheduled,no,,,,,,,,,,,,,no,,0,0,no,no,no,,locale;region;baggage_checked_url;baggage_carryon_url;baggage_fees_url;fare_conditions_url;checkin_url;conditions_of_carriage_url;article_selector,
nordstar,NordStar,Y7,Russia,Scheduled,no,,,,,,,,,,,,,no,,0,0,no,no,yes,,locale;region;baggage_checked_url;baggage_carryon_url;baggage_fees_url;fare_conditions_url;checkin_url;conditions_of_carriage_url;article_selector,
nordwind-airlines,Nordwind Airlines,N4,Russia,Scheduled,yes,en,manual-priority,Europe,,,https://nordwindairlines.ru/en/faq/baggage,https://nordwindairlines.ru/en/faq/hand-luggage,https://nordwindairlines.ru/en/faq/baggage,,,,,yes,2026-09-03,0,3,no,yes,yes,,fare_conditions_url;checkin_url;conditions_of_carriage_url;article_selector,3/6 urls imported from filled priority CSV
norse-atlantic-airways,Norse Atlantic Airways,N0,Norway,Low-cost,no,,,,https://flynorse.com,,,,,,,,,no,,0,0,no,no,no,https://flynorse.com/en-GB/support/coc,locale;region;baggage_checked_url;baggage_carryon_url;baggage_fees_url;fare_conditions_url;checkin_url;conditions_of_carriage_url;article_selector,
norse-atlantic-uk,Norse Atlantic UK,Z0,United Kingdom,Low-cost,no,,,,,,,,,,,,,no,,0,0,no,yes,no,,locale;region;baggage_checked_url;baggage_carryon_url;baggage_fees_url;fare_conditions_url;checkin_url;conditions_of_carriage_url;article_selector,
north-flying,North Flying,M3,Denmark,Scheduled,no,,,,,,,,,,,,,no,,0,0,no,no,no,,locale;region;baggage_checked_url;baggage_carryon_url;baggage_fees_url;fare_conditions_url;checkin_url;conditions_of_carriage_url;article_selector,
north-wright-airways,North-Wright Airways,HW,Canada,Scheduled,no,,,,,,,,,,,,,no,,0,0,no,no,no,,locale;region;baggage_checked_url;baggage_carryon_url;baggage_fees_url;fare_conditions_url;checkin_url;conditions_of_carriage_url;article_selector,
northern-air-cargo,Northern Air Cargo,NC,United States,Scheduled,no,,,,,,,,,,,,,no,,0,0,no,yes,no,,locale;region;baggage_checked_url;baggage_carryon_url;baggage_fees_url;fare_conditions_url;checkin_url;conditions_of_carriage_url;article_selector,
northwest,Northwest,0E,United States,Scheduled,no,,,,,,,,,,,,,no,,0,0,no,no,no,,locale;region;baggage_checked_url;baggage_carryon_url;baggage_fees_url;fare_conditions_url;checkin_url;conditions_of_carriage_url;article_selector,
northwest-airlines,Northwest Airlines,NW,United States,Scheduled,no,,,,,,,,,,,,,no,,0,0,no,yes,no,,locale;region;baggage_checked_url;baggage_carryon_url;baggage_fees_url;fare_conditions_url;checkin_url;conditions_of_carriage_url;article_selector,
northwestern-air,Northwestern Air,J3,Canada,Scheduled,no,,,,,,,,,,,,,no,,0,0,no,yes,no,,locale;region;baggage_checked_url;baggage_carryon_url;baggage_fees_url;fare_conditions_url;checkin_url;conditions_of_carriage_url;article_selector,
norwegian-air-shuttle,Norwegian Air Shuttle,DY,Norway,Low-cost,no,,,,https://www.norwegian.com,,,,,,,,,no,,0,0,no,no,no,https://www.norwegian.com/uk/booking/booking-information/legal/general-conditions-of-carriage/,locale;region;baggage_checked_url;baggage_carryon_url;baggage_fees_url;fare_conditions_url;checkin_url;conditions_of_carriage_url;article_selector,
norwegian-air-sweden,Norwegian Air Sweden,D8,Sweden,Scheduled,yes,en,manual-priority,Europe,https://www.norwegian.com,,,,,,,https://www.norwegian.com/en/booking/helpful-booking-info/legal/general-conditions-of-carriage/,,yes,2026-09-03,0,1,no,yes,no,https://www.norwegian.com/en/booking/helpful-booking-info/legal/general-conditions-of-carriage/,baggage_checked_url;baggage_carryon_url;baggage_fees_url;fare_conditions_url;checkin_url;article_selector,1/6 urls imported from filled priority CSV
norwegian-long-haul,Norwegian Long Haul,DU,Norway,Scheduled,no,,,,,,,,,,,,,no,,0,0,no,no,no,,locale;region;baggage_checked_url;baggage_carryon_url;baggage_fees_url;fare_conditions_url;checkin_url;conditions_of_carriage_url;article_selector,
nouvelair,Nouvelair,BJ,Tunisia,Scheduled,yes,en,manual-priority,Africa,,,https://www.nouvelair.com/en/bagage,https://www.nouvelair.com/en/bagage,https://www.nouvelair.com/en/bagage,,,,,yes,2026-09-03,0,3,no,yes,no,,fare_conditions_url;checkin_url;conditions_of_carriage_url;article_selector,3/6 urls imported from filled priority CSV
novair,NovAir,NG,Sweden,Scheduled,no,,,,,,,,,,,,,no,,0,0,no,no,no,,locale;region;baggage_checked_url;baggage_carryon_url;baggage_fees_url;fare_conditions_url;checkin_url;conditions_of_carriage_url;article_selector,
novoair,Novoair,VQ,Bangladesh,Scheduled,yes,en,manual-priority,Asia,,,https://www.flynovoair.com/travelinfo/baggage/pets,https://www.flynovoair.com/travelinfo/baggage/pets,https://www.flynovoair.com/travelinfo/baggage/pets,,,,,yes,2026-09-03,0,3,no,no,yes,,fare_conditions_url;checkin_url;conditions_of_carriage_url;article_selector,3/6 urls imported from filled priority CSV
nyxair,NyxAir,OJ,Estonia,Scheduled,no,,,,,,,,,,,,,no,,0,0,no,no,no,,locale;region;baggage_checked_url;baggage_carryon_url;baggage_fees_url;fare_conditions_url;checkin_url;conditions_of_carriage_url;article_selector,
okay-airways,Okay Airways,BK,China,Scheduled,no,,,,,,,,,,,,,no,,0,0,no,yes,yes,,locale;region;baggage_checked_url;baggage_carryon_url;baggage_fees_url;fare_conditions_url;checkin_url;conditions_of_carriage_url;article_selector,
olympic-air,Olympic Air,OA,Greece,Scheduled,yes,en,manual-priority,Europe,https://www.olympicair.com,,https://www.olympicair.com/en/travel-information/travelling-with-olympic-air/baggage,https://www.olympicair.com/en/travel-information/travelling-with-olympic-air/baggage/baggage-info,https://www.olympicair.com/en/travel-information/travelling-with-olympic-air/baggage,,,https://www.olympicair.com/en/conditions-and-notices/,,yes,2026-09-03,0,4,no,yes,no,https://www.olympicair.com/en/conditions-and-notices/,fare_conditions_url;checkin_url;article_selector,4/6 urls imported from filled priority CSV
oman-air,Oman Air,WY,Oman,Scheduled,yes,en,manual-priority,Asia,https://www.omanair.com,,https://www.omanair.com/en/faqs-baggage,https://www.omanair.com/en/extra-bags-weight,https://www.omanair.com/en/faqs-baggage,,,https://www.omanair.com/au/en/conditions-carriage,,yes,2026-09-03,0,4,no,yes,yes,https://www.omanair.com/au/en/conditions-carriage,fare_conditions_url;checkin_url;article_selector,4/6 urls imported from filled priority CSV
omni-air-international,Omni Air International,OY,United States,Scheduled,no,,,,,,,,,,,,,no,,0,0,no,no,no,,locale;region;baggage_checked_url;baggage_carryon_url;baggage_fees_url;fare_conditions_url;checkin_url;conditions_of_carriage_url;article_selector,
oneclick,OneClick,4L,Georgia,Scheduled,no,,,,,,,,,,,,,no,,0,0,no,no,no,,locale;region;baggage_checked_url;baggage_carryon_url;baggage_fees_url;fare_conditions_url;checkin_url;conditions_of_carriage_url;article_selector,
onejet,OneJet,J1,United States,Scheduled,no,,,,,,,,,,,,,no,,0,0,no,no,no,,locale;region;baggage_checked_url;baggage_carryon_url;baggage_fees_url;fare_conditions_url;checkin_url;conditions_of_carriage_url;article_selector,
onur-air,Onur Air,8Q,Turkey,Low-cost,yes,en,manual-priority,Europe,https://www.onurair.com,,,,,,,https://www.onurair.com/en/faq/detail/General-Terms/859/1332/0,,yes,2026-09-03,0,1,no,yes,yes,https://www.onurair.com/en/faq/detail/General-Terms/859/1332/0,baggage_checked_url;baggage_carryon_url;baggage_fees_url;fare_conditions_url;checkin_url;article_selector,1/6 urls imported from filled priority CSV
orient-thai-airlines,Orient Thai Airlines,OX,Thailand,Low-cost,no,,,,,,,,,,,,,no,,0,0,no,yes,no,,locale;region;baggage_checked_url;baggage_carryon_url;baggage_fees_url;fare_conditions_url;checkin_url;conditions_of_carriage_url;article_selector,
oriental-air-bridge,Oriental Air Bridge,OC,Japan,Scheduled,no,,,,,,,,,,,,,no,,0,0,no,no,no,,locale;region;baggage_checked_url;baggage_carryon_url;baggage_fees_url;fare_conditions_url;checkin_url;conditions_of_carriage_url;article_selector,
pal-airlines,PAL Airlines,PB,Canada,Scheduled,no,,,,,,,,,,,,,no,,0,0,no,no,no,,locale;region;baggage_checked_url;baggage_carryon_url;baggage_fees_url;fare_conditions_url;checkin_url;conditions_of_carriage_url;article_selector,
pal-express,PAL Express,2P,Philippines,Low-cost,no,,,,,,,,,,,,,no,,0,0,no,yes,no,,locale;region;baggage_checked_url;baggage_carryon_url;baggage_fees_url;fare_conditions_url;checkin_url;conditions_of_carriage_url;article_selector,
pawa-dominicana,PAWA Dominicana,7N,Dominican Republic,Scheduled,no,,,,,,,,,,,,,no,,0,0,no,no,yes,,locale;region;baggage_checked_url;baggage_carryon_url;baggage_fees_url;fare_conditions_url;checkin_url;conditions_of_carriage_url;article_selector,
pia,PIA,PK,Pakistan,Scheduled,no,,,,https://www.piac.com.pk,,,,,,,,,no,,0,0,no,no,no,https://www.piac.com.pk/conditions-of-carriage,locale;region;baggage_checked_url;baggage_carryon_url;baggage_fees_url;fare_conditions_url;checkin_url;conditions_of_carriage_url;article_selector,
play,PLAY,OG,Thailand,Low-cost,no,,,,,,,,,,,,,no,,0,0,no,no,no,,locale;region;baggage_checked_url;baggage_carryon_url;baggage_fees_url;fare_conditions_url;checkin_url;conditions_of_carriage_url;article_selector,
pm-air-llc,PM Air LLC,Z3,United States,Scheduled,no,,,,,,,,,,,,,no,,0,0,no,no,no,,locale;region;baggage_checked_url;baggage_carryon_url;baggage_fees_url;fare_conditions_url;checkin_url;conditions_of_carriage_url;article_selector,
png-air,PNG Air,CG,Papua New Guinea,Scheduled,yes,en,manual-priority,Australia/Pacific,http://cargo.pngair.com.pg,,,,,,,http://cargo.pngair.com.pg/staticpages/office_other_details.aspx?details_type=T&carrier_code=CG&airport_code=UNG,,yes,2026-09-03,0,1,no,yes,no,http://cargo.pngair.com.pg/staticpages/office_other_details.aspx?details_type=T&carrier_code=CG&airport_code=UNG,baggage_checked_url;baggage_carryon_url;baggage_fees_url;fare_conditions_url;checkin_url;article_selector,1/6 urls imported from filled priority CSV
pt-my-indo-airlines,PT. My Indo Airlines,2Y,Indonesia,Scheduled,no,,,,,,,,,,,,,no,,0,0,no,no,no,,locale;region;baggage_checked_url;baggage_carryon_url;baggage_fees_url;fare_conditions_url;checkin_url;conditions_of_carriage_url;article_selector,
pacific-airlines,Pacific Airlines,BL,Vietnam,Scheduled,no,,,,,,,,,,,,,no,,0,0,no,yes,no,,locale;region;baggage_checked_url;baggage_carryon_url;baggage_fees_url;fare_conditions_url;checkin_url;conditions_of_carriage_url;article_selector,
pacific-coastal-airlines,Pacific Coastal Airlines,8P,Canada,Scheduled,yes,en-ca,manual-priority,North America,https://www.pacificcoastal.com,,https://www.pacificcoastal.com/checked-baggage-qa,https://www.pacificcoastal.com/baggage,https://www.pacificcoastal.com/checked-baggage-qa,,,https://www.pacificcoastal.com/fare-terms-conditions/,,yes,2026-09-03,4,0,no,yes,no,https://www.pacificcoastal.com/fare-terms-conditions/,fare_conditions_url;checkin_url;article_selector,4/6 urls imported from filled priority CSV
panama-airways,Panama Airways,8A,Panama,Scheduled,no,,,,,,,,,,,,,no,,0,0,no,no,no,,locale;region;baggage_checked_url;baggage_carryon_url;baggage_fees_url;fare_conditions_url;checkin_url;conditions_of_carriage_url;article_selector,
panorama-airways,Panorama Airways,5P,Spain,Scheduled,no,,,,,,,,,,,,,no,,0,0,no,no,no,,locale;region;baggage_checked_url;baggage_carryon_url;baggage_fees_url;fare_conditions_url;checkin_url;conditions_of_carriage_url;article_selector,
papillon-airways,Papillon Airways,HI,United States,Scheduled,no,,,,,,,,,,,,,no,,0,0,no,no,no,,locale;region;baggage_checked_url;baggage_carryon_url;baggage_fees_url;fare_conditions_url;checkin_url;conditions_of_carriage_url;article_selector,
paranair,Paranair,ZP,Azerbaijan,Scheduled,no,,,,https://www.paranair.com,,,,,,,,,no,,0,0,no,no,no,https://www.paranair.com/en-us/contract-of-carriage/,locale;region;baggage_checked_url;baggage_carryon_url;baggage_fees_url;fare_conditions_url;checkin_url;conditions_of_carriage_url;article_selector,
pascan-aviation,Pascan Aviation,P6,Canada,Scheduled,no,,,,,,,,,,,,,no,,0,0,no,yes,yes,,locale;region;baggage_checked_url;baggage_carryon_url;baggage_fees_url;fare_conditions_url;checkin_url;conditions_of_carriage_url;article_selector,
passionair,PassionAir,OP,United States,Scheduled,no,,,,,,,,,,,,,no,,0,0,no,no,no,,locale;region;baggage_checked_url;baggage_carryon_url;baggage_fees_url;fare_conditions_url;checkin_url;conditions_of_carriage_url;article_selector,
pattaya-airways,Pattaya Airways,VV,Thailand,Scheduled,no,,,,,,,,,,,,,no,,0,0,no,no,no,,locale;region;baggage_checked_url;baggage_carryon_url;baggage_fees_url;fare_conditions_url;checkin_url;conditions_of_carriage_url;article_selector,
peach,Peach,MM,Japan,Low-cost,no,,,,,,,,,,,,,no,,0,0,no,no,no,,locale;region;baggage_checked_url;baggage_carryon_url;baggage_fees_url;fare_conditions_url;checkin_url;conditions_of_carriage_url;article_selector,
pegasus-airlines,Pegasus Airlines,PC,Turkey,Low-cost,yes,en,manual-priority,Europe,https://www.flypgs.com,,,,,,,https://www.flypgs.com/en/useful-info/info-about-flights/general-rules,,yes,2026-09-03,0,1,no,yes,no,https://www.flypgs.com/en/useful-info/info-about-flights/general-rules,baggage_checked_url;baggage_carryon_url;baggage_fees_url;fare_conditions_url;checkin_url;article_selector,1/6 urls imported from filled priority CSV
pelita-air,Pelita Air,IP,Indonesia,Scheduled,no,,,,,,,,,,,,,no,,0,0,no,no,no,,locale;region;baggage_checked_url;baggage_carryon_url;baggage_fees_url;fare_conditions_url;checkin_url;conditions_of_carriage_url;article_selector,
peoples,People's,PE,Italy,Scheduled,no,,,,,,,,,,,,,no,,0,0,no,no,no,,locale;region;baggage_checked_url;baggage_carryon_url;baggage_fees_url;fare_conditions_url;checkin_url;conditions_of_carriage_url;article_selector,
petroleum-air-services,Petroleum Air Services,UF,Egypt,Scheduled,no,,,,,,,,,,,,,no,,0,0,no,no,no,,locale;region;baggage_checked_url;baggage_carryon_url;baggage_fees_url;fare_conditions_url;checkin_url;conditions_of_carriage_url;article_selector,
philippine-airlines,Philippine Airlines,PR,Philippines,Scheduled,yes,en-ph,1b,Southeast Asia,https://www.philippineairlines.com,,https://www.philippineairlines.com/before-you-fly/baggage-information/checked-baggage,https://www.philippineairlines.com/before-you-fly/baggage-information/carry-on-baggage,https://www.philippineairlines.com/before-you-fly/baggage-information/excess-baggage,https://www.philippineairlines.com/en/fares-and-promos/fare-families,https://www.philippineairlines.com/before-you-fly/at-the-airport/check-in-online,https://www.philippineairlines.com/about-us/legal-notices/general-conditions-of-carriage,,yes,2026-09-03,0,6,no,yes,no,https://www.philippineairlines.com/about-us/legal-notices/general-conditions-of-carriage,article_selector,6/6 urls
philippines-airasia,Philippines AirAsia,Z2,Philippines,Low-cost,no,,,,,,,,,,,,,no,,0,0,no,no,no,,locale;region;baggage_checked_url;baggage_carryon_url;baggage_fees_url;fare_conditions_url;checkin_url;conditions_of_carriage_url;article_selector,
phoenix-air,Phoenix Air,PH,United States,Scheduled,no,,,,,,,,,,,,,no,,0,0,no,no,no,,locale;region;baggage_checked_url;baggage_carryon_url;baggage_fees_url;fare_conditions_url;checkin_url;conditions_of_carriage_url;article_selector,
piedmont-airlines,Piedmont Airlines,PT,Sweden,Scheduled,no,,,,,,,,,,,,,no,,0,0,no,no,no,,locale;region;baggage_checked_url;baggage_carryon_url;baggage_fees_url;fare_conditions_url;checkin_url;conditions_of_carriage_url;article_selector,
pobeda,Pobeda,DP,Russia,Low-cost,no,,,,,,,,,,,,,no,,0,0,no,no,no,,locale;region;baggage_checked_url;baggage_carryon_url;baggage_fees_url;fare_conditions_url;checkin_url;conditions_of_carriage_url;article_selector,
polar-air-cargo-worldwide-inc,"Polar Air Cargo Worldwide, Inc.",PO,United States,Scheduled,no,,,,,,,,,,,,,no,,0,0,no,yes,no,,locale;region;baggage_checked_url;baggage_carryon_url;baggage_fees_url;fare_conditions_url;checkin_url;conditions_of_carriage_url;article_selector,
polar-airlines,Polar Airlines,PI,Russia,Scheduled,no,,,,,,,,,,,,,no,,0,0,no,no,no,,locale;region;baggage_checked_url;baggage_carryon_url;baggage_fees_url;fare_conditions_url;checkin_url;conditions_of_carriage_url;article_selector,
populair,PopulAir,HP,Sweden,Low-cost,no,,,,,,,,,,,,,no,,0,0,no,no,no,,locale;region;baggage_checked_url;baggage_carryon_url;baggage_fees_url;fare_conditions_url;checkin_url;conditions_of_carriage_url;article_selector,
porter-airlines,Porter Airlines,P3,Canada,Scheduled,yes,en-ca,manual-priority,North America,https://www.flyporter.com,,,,,,,https://www.flyporter.com/en/travel-terms-and-conditions,,yes,2026-09-03,0,1,no,no,yes,https://www.flyporter.com/en/travel-terms-and-conditions,baggage_checked_url;baggage_carryon_url;baggage_fees_url;fare_conditions_url;checkin_url;article_selector,1/6 urls imported from filled priority CSV
porter-airlines-canada,Porter Airlines Canada,PD,Canada,Low-cost,no,,,,https://www.flyporter.com,,,,,,,,,no,,0,0,no,no,no,https://www.flyporter.com/en/travel-terms-and-conditions,locale;region;baggage_checked_url;baggage_carryon_url;baggage_fees_url;fare_conditions_url;checkin_url;conditions_of_carriage_url;article_selector,
portugalia-airlines,Portugalia Airlines,NI,Portugal,Scheduled,no,,,,,,,,,,,,,no,,0,0,no,no,no,,locale;region;baggage_checked_url;baggage_carryon_url;baggage_fees_url;fare_conditions_url;checkin_url;conditions_of_carriage_url;article_selector,
precision-air,Precision Air,PW,Tanzania,Scheduled,yes,en-tz,manual-priority,Africa,https://www.precisionairtz.com,,https://www.precisionairtz.com/helpdesk/ExcessBaggagePolicy,https://www.precisionairtz.com/helpdesk/ExcessBaggagePolicy,https://www.precisionairtz.com/helpdesk/ExcessBaggagePolicy,,,https://www.precisionairtz.com/en/about-us/10-travel-planner/14-conditions-of-carriage,,yes,2026-09-03,3,1,no,no,yes,https://www.precisionairtz.com/en/about-us/10-travel-planner/14-conditions-of-carriage,fare_conditions_url;checkin_url;article_selector,4/6 urls imported from filled priority CSV
premier-trans-aire-inc,Premier Trans Aire Inc.,3X,United States,Scheduled,no,,,,,,,,,,,,,no,,0,0,no,no,no,,locale;region;baggage_checked_url;baggage_carryon_url;baggage_fees_url;fare_conditions_url;checkin_url;conditions_of_carriage_url;article_selector,
premium-jet-ag,Premium Jet AG,0J,Switzerland,Scheduled,no,,,,,,,,,,,,,no,,0,0,no,no,no,,locale;region;baggage_checked_url;baggage_carryon_url;baggage_fees_url;fare_conditions_url;checkin_url;conditions_of_carriage_url;article_selector,
primera-air,Primera Air,PF,Iceland,Scheduled,no,,,,,,,,,,,,,no,,0,0,no,yes,yes,,locale;region;baggage_checked_url;baggage_carryon_url;baggage_fees_url;fare_conditions_url;checkin_url;conditions_of_carriage_url;article_selector,
proflight-zambia,Proflight Zambia,P0,Zambia,Scheduled,yes,en,manual-priority,Africa,https://proflight-zambia.com,,,,,,,https://proflight-zambia.com/img/cms/documents/Terms&Conditions%20v30apr21.pdf,,yes,2026-09-03,0,1,no,yes,yes,https://proflight-zambia.com/img/cms/documents/Terms&Conditions%20v30apr21.pdf,baggage_checked_url;baggage_carryon_url;baggage_fees_url;fare_conditions_url;checkin_url;article_selector,1/6 urls imported from filled priority CSV
punta-europa,Punta Europa,PU,Uruguay,Scheduled,no,,,,,,,,,,,,,no,,0,0,no,no,no,,locale;region;baggage_checked_url;baggage_carryon_url;baggage_fees_url;fare_conditions_url;checkin_url;conditions_of_carriage_url;article_selector,
qanot-sharq,Qanot Sharq,HH,Uzbekistan,Low-cost,no,,,,,,,,,,,,,no,,0,0,no,no,no,,locale;region;baggage_checked_url;baggage_carryon_url;baggage_fees_url;fare_conditions_url;checkin_url;conditions_of_carriage_url;article_selector,
qantas,Qantas,QF,Australia,Scheduled,yes,en-au,1a,Australia/Pacific,https://www.qantas.com,,https://www.qantas.com/en-au/baggage/checked,https://www.qantas.com/en-au/baggage/carry-on,https://www.qantas.com/en-au/baggage/pre-purchase-additional,https://www.qantas.com/en-au/book/flights/fare-types,https://www.qantas.com/en-au/manage-booking/check-in,https://www.qantas.com/gb/en/book-a-trip/flights/conditions-of-carriage.html,#main-content,yes,manual,6,0,yes,yes,yes,https://www.qantas.com/gb/en/book-a-trip/flights/conditions-of-carriage.html,,6/6 urls
qatar-airways,Qatar Airways,QR,Qatar,Scheduled,yes,en-qa,1a,Middle East,https://www.qatarairways.com,,https://www.qatarairways.com/en/baggage/allowance.html,https://www.qatarairways.com/en/baggage/allowance.html,https://www.qatarairways.com/en/baggage/excess.html,https://www.qatarairways.com/en/fare-families.html,https://www.qatarairways.com/en/services-checking-in.html,https://www.qatarairways.com/en/legal/conditions-of-carriage.html,,yes,2026-09-03,0,6,no,yes,yes,https://www.qatarairways.com/en-gb/legal/conditions-of-carriage.html,article_selector,6/6 urls
qazaq-air,Qazaq Air,IQ,Kazakhstan,Low-cost,no,,,,,,,,,,,,,no,,0,0,no,no,no,,locale;region;baggage_checked_url;baggage_carryon_url;baggage_fees_url;fare_conditions_url;checkin_url;conditions_of_carriage_url;article_selector,
qeshm-air,Qeshm Air,QB,Iran,Scheduled,no,,,,,,,,,,,,,no,,0,0,no,no,no,,locale;region;baggage_checked_url;baggage_carryon_url;baggage_fees_url;fare_conditions_url;checkin_url;conditions_of_carriage_url;article_selector,
qingdao-airlines,Qingdao Airlines,QW,China,Scheduled,no,,,,,,,,,,,,,no,,0,0,no,no,yes,,locale;region;baggage_checked_url;baggage_carryon_url;baggage_fees_url;fare_conditions_url;checkin_url;conditions_of_carriage_url;article_selector,
quikjet-cargo-airlines-pvt-ltd,Quikjet Cargo Airlines Pvt. Ltd,QO,India,Scheduled,no,,,,,,,,,,,,,no,,0,0,no,no,no,,locale;region;baggage_checked_url;baggage_carryon_url;baggage_fees_url;fare_conditions_url;checkin_url;conditions_of_carriage_url;article_selector,
radixx-solutions-international-inc,"Radixx Solutions International, Inc.",1D,United States,Scheduled,no,,,,,,,,,,,,,no,,0,0,no,no,no,,locale;region;baggage_checked_url;baggage_carryon_url;baggage_fees_url;fare_conditions_url;checkin_url;conditions_of_carriage_url;article_selector,
rano-air,Rano Air,R4,Nigeria,Scheduled,no,,,,,,,,,,,,,no,,0,0,no,no,no,,locale;region;baggage_checked_url;baggage_carryon_url;baggage_fees_url;fare_conditions_url;checkin_url;conditions_of_carriage_url;article_selector,
raya-airways-sdn-bhddba-raya-airways,Raya Airways Sdn. Bhd.dba Raya Airways,TH,Malaysia,Scheduled,no,,,,,,,,,,,,,no,,0,0,no,no,no,,locale;region;baggage_checked_url;baggage_carryon_url;baggage_fees_url;fare_conditions_url;checkin_url;conditions_of_carriage_url;article_selector,
red-sea-airlines,Red Sea Airlines,4S,Egypt,Low-cost,no,,,,,,,,,,,,,no,,0,0,no,no,no,,locale;region;baggage_checked_url;baggage_carryon_url;baggage_fees_url;fare_conditions_url;checkin_url;conditions_of_carriage_url;article_selector,
red-wings,Red Wings,WZ,Russia,Scheduled,no,,,,,,,,,,,,,no,,0,0,no,no,yes,,locale;region;baggage_checked_url;baggage_carryon_url;baggage_fees_url;fare_conditions_url;checkin_url;conditions_of_carriage_url;article_selector,
regional-air,Regional Air,8N,Mauritania,Scheduled,yes,en,manual-priority,Asia,,,https://regionaltanzania.com/wp-content/uploads/sites/6/2026/02/Baggage-policy-new.pdf,https://regionaltanzania.com/wp-content/uploads/sites/6/2026/02/Baggage-policy-new.pdf,https://regionaltanzania.com/wp-content/uploads/sites/6/2026/02/Baggage-policy-new.pdf,,,,,yes,2026-09-03,0,3,no,yes,yes,,fare_conditions_url;checkin_url;conditions_of_carriage_url;article_selector,3/6 urls imported from filled priority CSV
regional-jet-ou,Regional Jet OÜ,EE,Estonia,Scheduled,no,,,,,,,,,,,,,no,,0,0,no,no,no,,locale;region;baggage_checked_url;baggage_carryon_url;baggage_fees_url;fare_conditions_url;checkin_url;conditions_of_carriage_url;article_selector,
regional-sky,Regional Sky,4P,Democratic Republic of the Congo,Scheduled,no,,,,,,,,,,,,,no,,0,0,no,no,no,,locale;region;baggage_checked_url;baggage_carryon_url;baggage_fees_url;fare_conditions_url;checkin_url;conditions_of_carriage_url;article_selector,
renegade-air,Renegade Air,0R,,Scheduled,no,,,,,,,,,,,,,no,,0,0,no,no,no,,locale;region;baggage_checked_url;baggage_carryon_url;baggage_fees_url;fare_conditions_url;checkin_url;conditions_of_carriage_url;article_selector,
republic-airways,Republic Airways,YX,United States,Scheduled,no,,,,,,,,,,,,,no,,0,0,no,no,no,,locale;region;baggage_checked_url;baggage_carryon_url;baggage_fees_url;fare_conditions_url;checkin_url;conditions_of_carriage_url;article_selector,
rex-regional-express,Rex - Regional Express,ZL,Australia,Scheduled,yes,en-au,manual-priority,Australia/Pacific,https://www.rex.com.au,,https://rex.com.au/FlightInfo/BaggageAllowance.aspx,https://rex.com.au/FlightInfo/BaggageAllowance.aspx,https://rex.com.au/FlightInfo/BaggageAllowance.aspx,,,https://www.rex.com.au/flightinfo/COC.aspx,,yes,2026-09-03,4,0,no,yes,no,https://www.rex.com.au/flightinfo/COC.aspx,fare_conditions_url;checkin_url;article_selector,4/6 urls imported from filled priority CSV
rise-air,Rise Air,4T,Canada,Scheduled,no,,,,,,,,,,,,,no,,0,0,no,no,no,,locale;region;baggage_checked_url;baggage_carryon_url;baggage_fees_url;fare_conditions_url;checkin_url;conditions_of_carriage_url;article_selector,
riyadh-air,Riyadh Air,RX,United States,Scheduled,no,,,,,,,,,,,,,no,,0,0,no,no,no,,locale;region;baggage_checked_url;baggage_carryon_url;baggage_fees_url;fare_conditions_url;checkin_url;conditions_of_carriage_url;article_selector,
rossiya-airlines,Rossiya Airlines,FV,Russia,Scheduled,yes,en,manual-priority,Europe,,,https://www.rossiya-airlines.com/en/flight-with-us/category_passenger/your_baggage,https://www.rossiya-airlines.com/en/flight-with-us/category_passenger/your_baggage,https://www.rossiya-airlines.com/en/flight-with-us/category_passenger/your_baggage,,,,,yes,2026-09-03,0,3,no,yes,no,,fare_conditions_url;checkin_url;conditions_of_carriage_url;article_selector,3/6 urls imported from filled priority CSV
rotana-jet,Rotana Jet,RG,United Arab Emirates,Scheduled,no,,,,,,,,,,,,,no,,0,0,no,no,no,,locale;region;baggage_checked_url;baggage_carryon_url;baggage_fees_url;fare_conditions_url;checkin_url;conditions_of_carriage_url;article_selector,
royal-air-maroc,Royal Air Maroc,AT,Morocco,Scheduled,yes,en,manual-priority,Africa,https://www.royalairmaroc.com,,,,,,,https://www.royalairmaroc.com/uk-en/general-terms-and-conditions,,yes,2026-09-03,1,0,no,yes,yes,https://www.royalairmaroc.com/uk-en/general-terms-and-conditions,baggage_checked_url;baggage_carryon_url;baggage_fees_url;fare_conditions_url;checkin_url;article_selector,1/6 urls imported from filled priority CSV
royal-air-philippines,Royal Air Philippines,RW,Philippines,Low-cost,no,,,,,,,,,,,,,no,,0,0,no,no,yes,,locale;region;baggage_checked_url;baggage_carryon_url;baggage_fees_url;fare_conditions_url;checkin_url;conditions_of_carriage_url;article_selector,
royal-brunei-airlines,Royal Brunei Airlines,BI,Brunei,Scheduled,yes,en,manual-priority,Asia,https://www.flyroyalbrunei.com,,https://www.flyroyalbrunei.com/united-kingdom/en/information/checked-baggage,https://www.flyroyalbrunei.com/brunei/en/information/cabin-baggage,https://www.flyroyalbrunei.com/united-kingdom/en/information/checked-baggage,,,https://www.flyroyalbrunei.com/rba/carriage-conditions.php,,yes,2026-09-03,0,4,no,yes,yes,https://www.flyroyalbrunei.com/rba/carriage-conditions.php,fare_conditions_url;checkin_url;article_selector,4/6 urls imported from filled priority CSV
royal-flight,Royal Flight,RL,Russia,Scheduled,no,,,,,,,,,,,,,no,,0,0,no,no,no,,locale;region;baggage_checked_url;baggage_carryon_url;baggage_fees_url;fare_conditions_url;checkin_url;conditions_of_carriage_url;article_selector,
royal-jordanian,Royal Jordanian,RJ,Jordan,Scheduled,yes,en,manual-priority,Asia,https://www.rj.com,,https://www.rj.com/en/info-and-tips/baggage-information/excess-baggage,https://www.rj.com/en/info-and-tips/baggage-information/carry-on-pieces,https://www.rj.com/en/info-and-tips/baggage-information/excess-baggage,,,https://www.rj.com/en/info-and-tips/conditions-of-carriage,,yes,2026-09-03,2,2,no,yes,yes,https://www.rj.com/en/info-and-tips/conditions-of-carriage,fare_conditions_url;checkin_url;article_selector,4/6 urls imported from filled priority CSV
ruili-airlines,Ruili Airlines,DR,China,Low-cost,no,,,,,,,,,,,,,no,,0,0,no,no,yes,,locale;region;baggage_checked_url;baggage_carryon_url;baggage_fees_url;fare_conditions_url;checkin_url;conditions_of_carriage_url;article_selector,
rusline,RusLine,7R,Russia,Scheduled,yes,en,manual-priority,Europe,,,https://www.rusline.aero/en/read/faq/Bagazh_i_ruchnaya_klad,https://www.rusline.aero/en/read/faq/Bagazh_i_ruchnaya_klad,https://www.rusline.aero/en/read/faq/Bagazh_i_ruchnaya_klad,,,,,yes,2026-09-03,3,0,no,yes,yes,,fare_conditions_url;checkin_url;conditions_of_carriage_url;article_selector,3/6 urls imported from filled priority CSV
rutaca-airlines,Rutaca Airlines,5R,Venezuela,Scheduled,no,,,,,,,,,,,,,no,,0,0,no,no,no,,locale;region;baggage_checked_url;baggage_carryon_url;baggage_fees_url;fare_conditions_url;checkin_url;conditions_of_carriage_url;article_selector,
rwandair,RwandAir,WB,Rwanda,Scheduled,yes,en,manual-priority,Africa,https://www.rwandair.com,,https://www.rwandair.com/cn/checked-baggage,https://www.rwandair.com/cn/cabin-baggage,https://www.rwandair.com/cn/checked-baggage,,,https://www.rwandair.com/our-policies/terms-conditions-of-carriage/,,yes,2026-09-03,4,0,no,yes,yes,https://www.rwandair.com/our-policies/terms-conditions-of-carriage/,fare_conditions_url;checkin_url;article_selector,4/6 urls imported from filled priority CSV
ryanair,Ryanair,FR,Ireland,Low-cost,yes,en-gb,1a,Europe,,,https://help.ryanair.com/hc/en-gb/articles/12888036565521-Ryanair-s-Bag-Policy,https://help.ryanair.com/hc/en-gb/articles/12888036565521-Ryanair-s-Bag-Policy,https://help.ryanair.com/hc/en-gb/categories/12503574130961-Fees,https://help.ryanair.com/hc/en-gb/articles/12888555638161-What-are-Ryanair-s-fare-bundle-options,https://help.ryanair.com/hc/en-gb/categories/12488813755537,https://help.ryanair.com/hc/en-gb/articles/12890911974289,.article-content,yes,2026-09-03,4,2,yes,yes,yes,,,6/6 urls
ryanair-uk,Ryanair UK,RK,United Kingdom,Low-cost,no,,,,,,,,,,,,,no,,0,0,no,no,no,,locale;region;baggage_checked_url;baggage_carryon_url;baggage_fees_url;fare_conditions_url;checkin_url;conditions_of_carriage_url;article_selector,
s7-airlines,S7 Airlines,S7,Russia,Scheduled,no,,,,,,,,,,,,,no,,0,0,no,no,yes,,locale;region;baggage_checked_url;baggage_carryon_url;baggage_fees_url;fare_conditions_url;checkin_url;conditions_of_carriage_url;article_selector,
sansa,SANSA,RZ,Costa Rica,Scheduled,yes,en,manual-priority,North America,,,https://www.flysansa.com/travelinfo/baggage,https://www.flysansa.com/FAQs/frequent-questions-baggage,https://www.flysansa.com/travelinfo/baggage,,,,,yes,2026-09-03,0,3,no,yes,yes,,fare_conditions_url;checkin_url;conditions_of_carriage_url;article_selector,3/6 urls imported from filled priority CSV
sas-scandinavian,SAS Scandinavian,SK,Sweden,Scheduled,yes,en,manual-priority,Europe,https://www.flysas.com,,https://www.sas.se/reseinfo/bagage,https://www.flysas.com/en/travel-info/baggage/carry-on,https://www.flysas.com/en/legal-info/optional-services-fees/extra-baggage-fees,,,https://www.flysas.com/gb-en/legal-info/conditions-of-carriage/,,yes,2026-09-03,0,4,no,yes,no,https://www.flysas.com/gb-en/legal-info/conditions-of-carriage/,fare_conditions_url;checkin_url;article_selector,4/6 urls imported from filled priority CSV
sata,SATA,S4,Portugal,Scheduled,no,,,,https://www.azoresairlines.pt,,,,,,,,,no,,0,0,no,no,no,https://www.azoresairlines.pt/en/information/customer-commitment/general-conditions-of-carriage,locale;region;baggage_checked_url;baggage_carryon_url;baggage_fees_url;fare_conditions_url;checkin_url;conditions_of_carriage_url;article_selector,
sata-air-acores,SATA Air Acores,SP,Portugal,Scheduled,no,,,,,,,,,,,,,no,,0,0,no,yes,no,,locale;region;baggage_checked_url;baggage_carryon_url;baggage_fees_url;fare_conditions_url;checkin_url;conditions_of_carriage_url;article_selector,
satco,SATCO,S3,Peru,Scheduled,no,,,,,,,,,,,,,no,,0,0,no,no,no,,locale;region;baggage_checked_url;baggage_carryon_url;baggage_fees_url;fare_conditions_url;checkin_url;conditions_of_carriage_url;article_selector,
scat,SCAT,DV,Kazakhstan,Low-cost,yes,en,manual-priority,Asia,,,https://new.sundayairlines.kz/kk/reference/baggage,https://sundayairlines.kz/en/reference/baggage,https://new.sundayairlines.kz/kk/reference/baggage,,,,,yes,2026-09-03,3,0,no,yes,no,,fare_conditions_url;checkin_url;conditions_of_carriage_url;article_selector,3/6 urls imported from filled priority CSV
seair-international,SEAir International,XO,Spain,Low-cost,no,,,,,,,,,,,,,no,,0,0,no,no,no,,locale;region;baggage_checked_url;baggage_carryon_url;baggage_fees_url;fare_conditions_url;checkin_url;conditions_of_carriage_url;article_selector,
sf-airlines-company-ltd,SF Airlines Company Ltd,O3,People's Republic of China,Scheduled,no,,,,,,,,,,,,,no,,0,0,no,no,no,,locale;region;baggage_checked_url;baggage_carryon_url;baggage_fees_url;fare_conditions_url;checkin_url;conditions_of_carriage_url;article_selector,
sita-airlines-worldwidetelecommunications-and-information-sv,SITA - Airlines WorldwideTelecommunications and Information Svcs,XS,Switzerland,Scheduled,no,,,,,,,,,,,,,no,,0,0,no,no,no,,locale;region;baggage_checked_url;baggage_carryon_url;baggage_fees_url;fare_conditions_url;checkin_url;conditions_of_carriage_url;article_selector,
skol,SKOL,СД,Russia,Scheduled,no,,,,,,,,,,,,,no,,0,0,no,no,no,,locale;region;baggage_checked_url;baggage_carryon_url;baggage_fees_url;fare_conditions_url;checkin_url;conditions_of_carriage_url;article_selector,
sks-airways,SKS Airways,KI,Indonesia,Scheduled,no,,,,,,,,,,,,,no,,0,0,no,no,no,,locale;region;baggage_checked_url;baggage_carryon_url;baggage_fees_url;fare_conditions_url;checkin_url;conditions_of_carriage_url;article_selector,
sncf,SNCF,2C,France,Scheduled,no,,,,,,,,,,,,,no,,0,0,no,no,no,,locale;region;baggage_checked_url;baggage_carryon_url;baggage_fees_url;fare_conditions_url;checkin_url;conditions_of_carriage_url;article_selector,
starlux-airlines,STARLUX Airlines,JX,Singapore,Scheduled,yes,en-sg,manual-priority,Asia,https://www.starlux-airlines.com,,https://www.starlux-airlines.com/en-ID/support/faq/baggage,https://www.starlux-airlines.com/en-ID/support/faq/baggage,https://www.starlux-airlines.com/en-ID/support/faq/baggage,,,https://www.starlux-airlines.com/en-TW/terms-conditions/conditions-of-carriage,,yes,2026-09-03,0,4,no,yes,no,https://www.starlux-airlines.com/en-TW/terms-conditions/conditions-of-carriage,fare_conditions_url;checkin_url;article_selector,4/6 urls imported from filled priority CSV
stp-airways,STP Airways,8F,Sao Tome and Principe,Scheduled,no,,,,,,,,,,,,,no,,0,0,no,no,no,,locale;region;baggage_checked_url;baggage_carryon_url;baggage_fees_url;fare_conditions_url;checkin_url;conditions_of_carriage_url;article_selector,
sun-air,SUN-AIR,ZU,Denmark,Scheduled,no,,,,,,,,,,,,,no,,0,0,no,yes,no,,locale;region;baggage_checked_url;baggage_carryon_url;baggage_fees_url;fare_conditions_url;checkin_url;conditions_of_carriage_url;article_selector,
swiss,SWISS,LX,Switzerland,Scheduled,yes,en-ch,1b,Europe,https://www.swiss.com,,https://www.swiss.com/ch/en/prepare/baggage/checked-baggage,https://www.swiss.com/ch/en/prepare/baggage/hand-baggage,https://www.swiss.com/ch/en/prepare/baggage/excess-baggage,https://www.swiss.com/ch/en/book-and-manage/fare-conditions,https://www.swiss.com/ch/en/prepare/check-in/online-check-in,https://www.swiss.com/ch/en/terms-conditions/conditions-of-carriage,,yes,2026-09-03,0,6,no,yes,no,https://www.swiss.com/de/en/terms-conditions/conditions-of-carriage,article_selector,6/6 urls
sabre-inc,Sabre Inc.,1S,United States,Scheduled,no,,,,,,,,,,,,,no,,0,0,no,no,no,,locale;region;baggage_checked_url;baggage_carryon_url;baggage_fees_url;fare_conditions_url;checkin_url;conditions_of_carriage_url;article_selector,
safarilink-aviation,Safarilink Aviation,F2,Kenya,Scheduled,no,,,,,,,,,,,,,no,,0,0,no,no,yes,,locale;region;baggage_checked_url;baggage_carryon_url;baggage_fees_url;fare_conditions_url;checkin_url;conditions_of_carriage_url;article_selector,
safi-airways,Safi Airways,4Q,Afghanistan,Scheduled,no,,,,,,,,,,,,,no,,0,0,no,yes,yes,,locale;region;baggage_checked_url;baggage_carryon_url;baggage_fees_url;fare_conditions_url;checkin_url;conditions_of_carriage_url;article_selector,
salamair,SalamAir,OV,Estonia,Low-cost,no,,,,,,,,,,,,,no,,0,0,no,no,no,,locale;region;baggage_checked_url;baggage_carryon_url;baggage_fees_url;fare_conditions_url;checkin_url;conditions_of_carriage_url;article_selector,
samoa-airways,Samoa Airways,OL,Samoa,Scheduled,yes,en,manual-priority,Australia/Pacific,https://www.samoaairways.com,,,,,,,https://www.samoaairways.com/flying-with-us/terms-and-conditions-of-carriage/,,yes,2026-09-03,0,1,no,no,yes,https://www.samoaairways.com/flying-with-us/terms-and-conditions-of-carriage/,baggage_checked_url;baggage_carryon_url;baggage_fees_url;fare_conditions_url;checkin_url;article_selector,1/6 urls imported from filled priority CSV
sapsan,Sapsan,R0,Pakistan,Scheduled,no,,,,,,,,,,,,,no,,0,0,no,no,no,,locale;region;baggage_checked_url;baggage_carryon_url;baggage_fees_url;fare_conditions_url;checkin_url;conditions_of_carriage_url;article_selector,
saudia,Saudia,SV,Saudi Arabia,Scheduled,yes,en-sa,1b,Middle East,,,https://www.saudia.com/pages/before-flying/baggage/checked-baggage,https://www.saudia.com/pages/before-flying/baggage/hand-baggage,https://www.saudia.com/pages/before-flying/baggage/excess-baggage,https://www.saudia.com/pages/before-flying/fare-families,https://www.saudia.com/pages/before-flying/check-in,https://www.saudia.com/pages/legal/conditions-of-carriage,,yes,2026-09-03,0,6,no,yes,no,,article_selector,6/6 urls
scoot,Scoot,TR,Singapore,Low-cost,yes,en-sg,1a,Southeast Asia,,,https://www.flyscoot.com/en/plan/booking-your-flight/baggage,https://www.flyscoot.com/en/plan/booking-your-flight/baggage,https://www.flyscoot.com/en/plan/booking-your-flight/fees-chart,https://www.flyscoot.com/en/plan/booking-your-flight/fare-bundles,https://www.flyscoot.com/en/plan/your-trip/check-in,https://www.flyscoot.com/en/terms-and-conditions/conditions-of-carriage,,yes,2026-09-03,0,6,no,yes,no,,article_selector,6/6 urls
seaport-airlines,SeaPort Airlines,X4,United States,Scheduled,no,,,,,,,,,,,,,no,,0,0,no,no,no,,locale;region;baggage_checked_url;baggage_carryon_url;baggage_fees_url;fare_conditions_url;checkin_url;conditions_of_carriage_url;article_selector,
seaborne-airlines,Seaborne Airlines,BB,United States,Scheduled,no,,,,https://www.seaborneairlines.com,,,,,,,,,no,,0,0,no,no,no,https://www.seaborneairlines.com/contract-of-carriage/,locale;region;baggage_checked_url;baggage_carryon_url;baggage_fees_url;fare_conditions_url;checkin_url;conditions_of_carriage_url;article_selector,
sepehran-airlines,Sepehran Airlines,IS,Iran,Low-cost,no,,,,,,,,,,,,,no,,0,0,no,yes,no,,locale;region;baggage_checked_url;baggage_carryon_url;baggage_fees_url;fare_conditions_url;checkin_url;conditions_of_carriage_url;article_selector,
serene-air,Serene Air,ER,Pakistan,Scheduled,no,,,,,,,,,,,,,no,,0,0,no,no,yes,,locale;region;baggage_checked_url;baggage_carryon_url;baggage_fees_url;fare_conditions_url;checkin_url;conditions_of_carriage_url;article_selector,
serve-air,Serve Air,V6,Ukraine,Scheduled,no,,,,,,,,,,,,,no,,0,0,no,no,no,,locale;region;baggage_checked_url;baggage_carryon_url;baggage_fees_url;fare_conditions_url;checkin_url;conditions_of_carriage_url;article_selector,
severstal-air-company,Severstal Air Company,D2,Russia,Scheduled,no,,,,,,,,,,,,,no,,0,0,no,yes,yes,,locale;region;baggage_checked_url;baggage_carryon_url;baggage_fees_url;fare_conditions_url;checkin_url;conditions_of_carriage_url;article_selector,
shaheen-air,Shaheen Air,NL,Pakistan,Scheduled,no,,,,,,,,,,,,,no,,0,0,no,yes,no,,locale;region;baggage_checked_url;baggage_carryon_url;baggage_fees_url;fare_conditions_url;checkin_url;conditions_of_carriage_url;article_selector,
shandong-airlines,Shandong Airlines,SC,China,Scheduled,yes,en,manual-priority,Asia,https://www.sda.cn,,,,,,,https://www.sda.cn/en/about/news/show/3195.html,,yes,2026-09-03,1,0,no,yes,no,https://www.sda.cn/en/about/news/show/3195.html,baggage_checked_url;baggage_carryon_url;baggage_fees_url;fare_conditions_url;checkin_url;article_selector,1/6 urls imported from filled priority CSV
shanghai-airlines,Shanghai Airlines,FM,China,Scheduled,yes,en,manual-priority,Asia,https://www.ceair.com,,,,,,,https://www.ceair.com/global/en_static/Announcement/TravelTips/dsGeneralCondition/shanghaiAirlinesLuggageRules/shdomesticRules/,,yes,2026-09-03,0,1,no,yes,no,https://www.ceair.com/global/en_static/Announcement/TravelTips/dsGeneralCondition/shanghaiAirlinesLuggageRules/shdomesticRules/,baggage_checked_url;baggage_carryon_url;baggage_fees_url;fare_conditions_url;checkin_url;article_selector,1/6 urls imported from filled priority CSV
sharp-airlines,Sharp Airlines,SH,Australia,Scheduled,no,,,,,,,,,,,,,no,,0,0,no,no,no,,locale;region;baggage_checked_url;baggage_carryon_url;baggage_fees_url;fare_conditions_url;checkin_url;conditions_of_carriage_url;article_selector,
shenzhen-airlines,Shenzhen Airlines,ZH,China,Scheduled,yes,en,manual-priority,Asia,https://www.shenzhenair.com,,https://globalpage.shenzhenair.com/zhair/cms/static/resources/images/doc/DomesticCarriageforPassengerAndBaggage_en.pdf,https://globalpage.shenzhenair.com/zhair/cms/static/resources/images/doc/DomesticCarriageforPassengerAndBaggage_en.pdf,https://globalpage.shenzhenair.com/zhair/cms/static/resources/images/doc/DomesticCarriageforPassengerAndBaggage_en.pdf,,,https://www.shenzhenair.com/szair_B2C/getStaticHtml.action?htmlName=termService,,yes,2026-09-03,0,4,no,yes,no,https://www.shenzhenair.com/szair_B2C/getStaticHtml.action?htmlName=termService,fare_conditions_url;checkin_url;article_selector,4/6 urls imported from filled priority CSV
shirak-avia,Shirak Avia,5G,Canada,Scheduled,no,,,,,,,,,,,,,no,,0,0,no,no,no,,locale;region;baggage_checked_url;baggage_carryon_url;baggage_fees_url;fare_conditions_url;checkin_url;conditions_of_carriage_url;article_selector,
shree-airlines,Shree Airlines,N9,Nigeria,Scheduled,no,,,,,,,,,,,,,no,,0,0,no,no,no,,locale;region;baggage_checked_url;baggage_carryon_url;baggage_fees_url;fare_conditions_url;checkin_url;conditions_of_carriage_url;article_selector,
shun-tak-china-travel-ship,Shun Tak-China Travel Ship,8S,China,Scheduled,no,,,,,,,,,,,,,no,,0,0,no,no,no,,locale;region;baggage_checked_url;baggage_carryon_url;baggage_fees_url;fare_conditions_url;checkin_url;conditions_of_carriage_url;article_selector,
sila,SiLA,СЛ,Russia,Scheduled,no,,,,,,,,,,,,,no,,0,0,no,no,no,,locale;region;baggage_checked_url;baggage_carryon_url;baggage_fees_url;fare_conditions_url;checkin_url;conditions_of_carriage_url;article_selector,
sichuan-airlines,Sichuan Airlines,3U,China,Scheduled,yes,en,manual-priority,Asia,,,,,https://www.sichuanair.com/3uair/static/excel/EXCESSBAGGAGECHARGE_.xlsx,,,,,yes,2026-09-03,0,1,no,yes,no,www.scal.com.cn,baggage_checked_url;baggage_carryon_url;fare_conditions_url;checkin_url;conditions_of_carriage_url;article_selector,1/6 urls imported from filled priority CSV
silk-avia,Silk Avia,US,Uzbekistan,Scheduled,no,,,,,,,,,,,,,no,,0,0,no,no,no,,locale;region;baggage_checked_url;baggage_carryon_url;baggage_fees_url;fare_conditions_url;checkin_url;conditions_of_carriage_url;article_selector,
silk-way-west-airlines,Silk Way West Airlines,7L,Cuba,Scheduled,no,,,,,,,,,,,,,no,,0,0,no,no,no,,locale;region;baggage_checked_url;baggage_carryon_url;baggage_fees_url;fare_conditions_url;checkin_url;conditions_of_carriage_url;article_selector,
silkair,SilkAir,MI,Singapore,Scheduled,no,,,,,,,,,,,,,no,,0,0,no,yes,no,,locale;region;baggage_checked_url;baggage_carryon_url;baggage_fees_url;fare_conditions_url;checkin_url;conditions_of_carriage_url;article_selector,
silver-air,Silver Air,0P,Djibouti,Scheduled,no,,,,,,,,,,,,,no,,0,0,no,no,no,,locale;region;baggage_checked_url;baggage_carryon_url;baggage_fees_url;fare_conditions_url;checkin_url;conditions_of_carriage_url;article_selector,
silver-airways,Silver Airways,3M,United States,Scheduled,yes,en-us,manual-priority,North America,https://www.silverairways.com,,,,,,,https://www.silverairways.com/docs/default-source/legal-documents/silver-airways-contract-of-carriage-05oct2021.pdf?sfvrsn=b273701b_1,,yes,2026-09-03,0,1,no,yes,no,https://www.silverairways.com/docs/default-source/legal-documents/silver-airways-contract-of-carriage-05oct2021.pdf?sfvrsn=b273701b_1,baggage_checked_url;baggage_carryon_url;baggage_fees_url;fare_conditions_url;checkin_url;article_selector,1/6 urls imported from filled priority CSV
singapore-airlines,Singapore Airlines,SQ,Singapore,Scheduled,yes,en-sg,1a,Southeast Asia,https://www.singaporeair.com,,https://www.singaporeair.com/en_UK/sg/travel-info/baggage/checked-baggage/,https://www.singaporeair.com/en_UK/sg/travel-info/baggage/cabin-baggage/,https://www.singaporeair.com/en_UK/sg/travel-info/baggage/additional-baggage-charges/,https://www.singaporeair.com/en_UK/sg/plan-travel/local-promotions/fare-types/,https://www.singaporeair.com/en_UK/sg/travel-info/check-in/,https://www.singaporeair.com/en_UK/sg/travel-info/conditions-carriage/,,yes,2026-09-03,0,6,no,yes,yes,https://www.singaporeair.com/en_UK/global_footer/conditions-carriage/,article_selector,6/6 urls
skippers-aviation,Skippers Aviation,HK,Germany,Scheduled,no,,,,,,,,,,,,,no,,0,0,no,no,no,,locale;region;baggage_checked_url;baggage_carryon_url;baggage_fees_url;fare_conditions_url;checkin_url;conditions_of_carriage_url;article_selector,
sky-airline,Sky Airline,H2,Chile,Low-cost,yes,en,manual-priority,South America,https://www.skyairline.com/support,https://www.skyairline.com/support,https://www.skyairline.com/en/unitedstates/equipaje,https://www.skyairline.com/en/unitedstates/equipaje,https://www.skyairline.com/en/unitedstates/equipaje,,,https://www.skyairline.com/upload/Documents/Air_transport_contract.pdf,,yes,2026-09-03,0,4,no,yes,yes,https://www.skyairline.com/upload/Documents/Air_transport_contract.pdf,fare_conditions_url;checkin_url;article_selector,4/6 urls imported from filled priority CSV
sky-airline-peru,Sky Airline Peru,H8,Peru,Low-cost,no,,,,,,,,,,,,,no,,0,0,no,no,no,,locale;region;baggage_checked_url;baggage_carryon_url;baggage_fees_url;fare_conditions_url;checkin_url;conditions_of_carriage_url;article_selector,
sky-airlines,Sky Airlines,ZY,Turkey,Scheduled,yes,en,manual-priority,Europe,https://www.skyairline.com/support,https://www.skyairline.com/support,https://www.skyairline.com/en/unitedstates/equipaje,https://www.skyairline.com/en/unitedstates/equipaje,https://www.skyairline.com/en/unitedstates/equipaje,,,,,yes,2026-09-03,0,3,no,yes,no,,fare_conditions_url;checkin_url;conditions_of_carriage_url;article_selector,3/6 urls imported from filled priority CSV
sky-angkor-airlines,Sky Angkor Airlines,ZA,Cambodia,Scheduled,no,,,,,,,,,,,,,no,,0,0,no,yes,yes,,locale;region;baggage_checked_url;baggage_carryon_url;baggage_fees_url;fare_conditions_url;checkin_url;conditions_of_carriage_url;article_selector,
sky-express-greece,Sky Express Greece,GQ,Greece,Scheduled,no,,,,https://bookings.skyexpress.gr,,,,,,,,,no,,0,0,no,no,no,https://bookings.skyexpress.gr/en/need-help/conditions-of-carriage,locale;region;baggage_checked_url;baggage_carryon_url;baggage_fees_url;fare_conditions_url;checkin_url;conditions_of_carriage_url;article_selector,
sky-fru,Sky Fru,R8,Kyrgyzstan,Scheduled,no,,,,,,,,,,,,,no,,0,0,no,no,no,,locale;region;baggage_checked_url;baggage_carryon_url;baggage_fees_url;fare_conditions_url;checkin_url;conditions_of_carriage_url;article_selector,
sky-gates-airlines,Sky Gates Airlines,U3,Russia,Scheduled,no,,,,,,,,,,,,,no,,0,0,no,no,no,,locale;region;baggage_checked_url;baggage_carryon_url;baggage_fees_url;fare_conditions_url;checkin_url;conditions_of_carriage_url;article_selector,
sky-high,Sky High,DO,Italy,Scheduled,no,,,,,,,,,,,,,no,,0,0,no,no,no,,locale;region;baggage_checked_url;baggage_carryon_url;baggage_fees_url;fare_conditions_url;checkin_url;conditions_of_carriage_url;article_selector,
sky-lease-i-inc,"Sky Lease I, Inc.",GG,United States,Scheduled,no,,,,,,,,,,,,,no,,0,0,no,no,no,,locale;region;baggage_checked_url;baggage_carryon_url;baggage_fees_url;fare_conditions_url;checkin_url;conditions_of_carriage_url;article_selector,
sky-mali,Sky Mali,ML,Mali,Scheduled,no,,,,,,,,,,,,,no,,0,0,no,no,no,,locale;region;baggage_checked_url;baggage_carryon_url;baggage_fees_url;fare_conditions_url;checkin_url;conditions_of_carriage_url;article_selector,
sky-vision-airlines,Sky Vision Airlines,SE,France,Scheduled,no,,,,,,,,,,,,,no,,0,0,no,no,no,,locale;region;baggage_checked_url;baggage_carryon_url;baggage_fees_url;fare_conditions_url;checkin_url;conditions_of_carriage_url;article_selector,
sky-wings-airlines,Sky Wings Airlines,ND,Greece,Scheduled,no,,,,,,,,,,,,,no,,0,0,no,no,no,,locale;region;baggage_checked_url;baggage_carryon_url;baggage_fees_url;fare_conditions_url;checkin_url;conditions_of_carriage_url;article_selector,
skyalps,SkyAlps,BQ,Italy,Scheduled,no,,,,,,,,,,,,,no,,0,0,no,no,no,,locale;region;baggage_checked_url;baggage_carryon_url;baggage_fees_url;fare_conditions_url;checkin_url;conditions_of_carriage_url;article_selector,
skybahamas,SkyBahamas,Q7,Bahamas,Scheduled,no,,,,,,,,,,,,,no,,0,0,no,yes,no,,locale;region;baggage_checked_url;baggage_carryon_url;baggage_fees_url;fare_conditions_url;checkin_url;conditions_of_carriage_url;article_selector,
skyjet-airlines,SkyJet Airlines,M8,Uganda,Scheduled,no,,,,,,,,,,,,,no,,0,0,no,no,yes,,locale;region;baggage_checked_url;baggage_carryon_url;baggage_fees_url;fare_conditions_url;checkin_url;conditions_of_carriage_url;article_selector,
skytaxi,SkyTaxi,TE,Romania,Scheduled,no,,,,,,,,,,,,,no,,0,0,no,no,no,,locale;region;baggage_checked_url;baggage_carryon_url;baggage_fees_url;fare_conditions_url;checkin_url;conditions_of_carriage_url;article_selector,
skyup-airlines,SkyUp Airlines,PQ,Puerto Rico,Low-cost,no,,,,,,,,,,,,,no,,0,0,no,no,yes,,locale;region;baggage_checked_url;baggage_carryon_url;baggage_fees_url;fare_conditions_url;checkin_url;conditions_of_carriage_url;article_selector,
skyup-mt,SkyUp MT,U5,United States,Low-cost,no,,,,,,,,,,,,,no,,0,0,no,no,no,,locale;region;baggage_checked_url;baggage_carryon_url;baggage_fees_url;fare_conditions_url;checkin_url;conditions_of_carriage_url;article_selector,
skywest-airlines,SkyWest Airlines,OO,Australia,Scheduled,yes,en-au,manual-priority,Australia/Pacific,https://www.skywest.com,,,,,,,https://www.skywest.com/fly-skywest-airlines/customer-information#!contract-of-carriage,,yes,2026-09-03,0,1,no,yes,no,https://www.skywest.com/fly-skywest-airlines/customer-information#!contract-of-carriage,baggage_checked_url;baggage_carryon_url;baggage_fees_url;fare_conditions_url;checkin_url;article_selector,1/6 urls imported from filled priority CSV
skywork-airlines,SkyWork Airlines,SX,Switzerland,Scheduled,no,,,,,,,,,,,,,no,,0,0,no,no,yes,,locale;region;baggage_checked_url;baggage_carryon_url;baggage_fees_url;fare_conditions_url;checkin_url;conditions_of_carriage_url;article_selector,
skyline-express-airline,Skyline Express Airline,QU,China,Scheduled,no,,,,,,,,,,,,,no,,0,0,no,no,no,,locale;region;baggage_checked_url;baggage_carryon_url;baggage_fees_url;fare_conditions_url;checkin_url;conditions_of_carriage_url;article_selector,
skymark-airlines,Skymark Airlines,BC,Japan,Low-cost,no,,,,,,,,,,,,,no,,0,0,no,yes,yes,,locale;region;baggage_checked_url;baggage_carryon_url;baggage_fees_url;fare_conditions_url;checkin_url;conditions_of_carriage_url;article_selector,
skytrans-australia,Skytrans Australia,QN,Australia,Scheduled,no,,,,,,,,,,,,,no,,0,0,no,no,no,,locale;region;baggage_checked_url;baggage_carryon_url;baggage_fees_url;fare_conditions_url;checkin_url;conditions_of_carriage_url;article_selector,
skyward-airlines,Skyward Airlines,OW,Canada,Scheduled,yes,en-ca,manual-priority,North America,,,https://www.skywardairlines.co.ke/baggage-policy,https://www.skywardairlines.co.ke/baggage-policy,https://www.skywardairlines.co.ke/baggage-policy,,,,,yes,2026-09-03,3,0,no,yes,no,,fare_conditions_url;checkin_url;conditions_of_carriage_url;article_selector,3/6 urls imported from filled priority CSV
small-planet-airlines-poland,Small Planet Airlines Poland,P7,Poland,Scheduled,no,,,,,,,,,,,,,no,,0,0,no,no,no,,locale;region;baggage_checked_url;baggage_carryon_url;baggage_fees_url;fare_conditions_url;checkin_url;conditions_of_carriage_url;article_selector,
smartavia,SmartAvia,5N,Russia,Scheduled,no,,,,,,,,,,,,,no,,0,0,no,no,yes,,locale;region;baggage_checked_url;baggage_carryon_url;baggage_fees_url;fare_conditions_url;checkin_url;conditions_of_carriage_url;article_selector,
smartlynx-airlines-estonia,SmartLynx Airlines Estonia,6Y,Latvia,Scheduled,no,,,,https://www.smartlynx.aero,,,,,,,,,no,,0,0,no,no,no,https://www.smartlynx.aero/en/passengers/before-the-flight/conditions-of-carriage,locale;region;baggage_checked_url;baggage_carryon_url;baggage_fees_url;fare_conditions_url;checkin_url;conditions_of_carriage_url;article_selector,
smartlynx-malta,SmartLynx Malta,2N,Malta,Scheduled,no,,,,,,,,,,,,,no,,0,0,no,no,no,,locale;region;baggage_checked_url;baggage_carryon_url;baggage_fees_url;fare_conditions_url;checkin_url;conditions_of_carriage_url;article_selector,
smartwings-czechia,SmartWings Czechia,QS,Czechia,Low-cost,no,,,,,,,,,,,,,no,,0,0,no,no,no,,locale;region;baggage_checked_url;baggage_carryon_url;baggage_fees_url;fare_conditions_url;checkin_url;conditions_of_carriage_url;article_selector,
smartwings-hungary,SmartWings Hungary,7O,Hungary,Low-cost,no,,,,,,,,,,,,,no,,0,0,no,no,no,,locale;region;baggage_checked_url;baggage_carryon_url;baggage_fees_url;fare_conditions_url;checkin_url;conditions_of_carriage_url;article_selector,
smartwings-poland,SmartWings Poland,3Z,Poland,Low-cost,no,,,,,,,,,,,,,no,,0,0,no,no,no,,locale;region;baggage_checked_url;baggage_carryon_url;baggage_fees_url;fare_conditions_url;checkin_url;conditions_of_carriage_url;article_selector,
smokey-bay-air-inc,"Smokey Bay Air, Inc.",2E,Sri Lanka,Scheduled,no,,,,,,,,,,,,,no,,0,0,no,no,no,,locale;region;baggage_checked_url;baggage_carryon_url;baggage_fees_url;fare_conditions_url;checkin_url;conditions_of_carriage_url;article_selector,
solaseed-air,Solaseed Air,6J,Japan,Low-cost,no,,,,,,,,,,,,,no,,0,0,no,yes,no,,locale;region;baggage_checked_url;baggage_carryon_url;baggage_fees_url;fare_conditions_url;checkin_url;conditions_of_carriage_url;article_selector,
solomon-airlines,Solomon Airlines,IE,Solomon Islands,Scheduled,yes,en,manual-priority,Australia/Pacific,https://www.flysolomons.com,,https://www.flysolomons.com/experience/baggage-information,https://www.flysolomons.com/experience/baggage-information,https://www.flysolomons.com/experience/baggage-information,,,https://www.flysolomons.com/bookings/conditions-of-carriage,,yes,2026-09-03,2,2,no,yes,no,https://www.flysolomons.com/bookings/conditions-of-carriage,fare_conditions_url;checkin_url;article_selector,4/6 urls imported from filled priority CSV
somon-air,Somon Air,SZ,Tajikistan,Scheduled,yes,en,manual-priority,Asia,,,https://somonair.com/en/baggage,https://somonair.com/en/baggage,https://somonair.com/en/baggage,,,,,yes,2026-09-03,0,3,no,yes,yes,,fare_conditions_url;checkin_url;conditions_of_carriage_url;article_selector,3/6 urls imported from filled priority CSV
sounds-air,Sounds Air,S8,South Africa,Scheduled,no,,,,,,,,,,,,,no,,0,0,no,no,yes,,locale;region;baggage_checked_url;baggage_carryon_url;baggage_fees_url;fare_conditions_url;checkin_url;conditions_of_carriage_url;article_selector,
south-african-airways,South African Airways,SA,South Africa,Scheduled,yes,en-za,manual-priority,Africa,https://www.flysaa.com,,https://www.flysaa.com/manage-fly/baggage/checked-baggage,https://www.flysaa.com/manage-fly/baggage/hand-baggage,https://www.flysaa.com/manage-fly/baggage/optional-service-fees,,,https://www.flysaa.com/documents/51855150/126723733/Conditions+of+Carriage,,yes,2026-09-03,3,1,no,yes,no,https://www.flysaa.com/documents/51855150/126723733/Conditions+of+Carriage,fare_conditions_url;checkin_url;article_selector,4/6 urls imported from filled priority CSV
southern-air,Southern Air,9R,United States,Scheduled,no,,,,,,,,,,,,,no,,0,0,no,yes,no,,locale;region;baggage_checked_url;baggage_carryon_url;baggage_fees_url;fare_conditions_url;checkin_url;conditions_of_carriage_url;article_selector,
southern-air-charter,Southern Air Charter,PL,Bahamas,Scheduled,no,,,,,,,,,,,,,no,,0,0,no,no,no,,locale;region;baggage_checked_url;baggage_carryon_url;baggage_fees_url;fare_conditions_url;checkin_url;conditions_of_carriage_url;article_selector,
southern-airways-express,Southern Airways Express,9X,United States,Scheduled,yes,en-us,manual-priority,North America,https://iflysouthern.com,,,,,,,https://iflysouthern.com/contract-of-carriage/,,yes,2026-09-03,0,1,no,yes,no,https://iflysouthern.com/contract-of-carriage/,baggage_checked_url;baggage_carryon_url;baggage_fees_url;fare_conditions_url;checkin_url;article_selector,1/6 urls imported from filled priority CSV
southern-sky-airlines,Southern Sky Airlines,IH,Italy,Scheduled,no,,,,,,,,,,,,,no,,0,0,no,no,no,,locale;region;baggage_checked_url;baggage_carryon_url;baggage_fees_url;fare_conditions_url;checkin_url;conditions_of_carriage_url;article_selector,
southwest-airlines,Southwest Airlines,WN,United States,Low-cost,yes,en-us,manual-priority,North America,https://support.southwest.com/helpcenter/s,https://support.southwest.com/helpcenter/s,https://support.southwest.com/helpcenter/s/article/checked-baggage-policy,https://espanol-support.southwest.com/helpcenter/s/article/carryon-baggage-policy,https://support.southwest.com/helpcenter/s/article/checked-baggage-policy,,,https://www.southwest.com/html/about-southwest/index.html?clk=GFOOTER-CONTRACT-OF-CARRIAGE#_tab_5,,yes,2026-09-03,0,4,no,yes,no,https://www.southwest.com/html/about-southwest/index.html?clk=GFOOTER-CONTRACT-OF-CARRIAGE#_tab_5,fare_conditions_url;checkin_url;article_selector,4/6 urls imported from filled priority CSV
southwind-airlines,Southwind airlines,2S,Liberia,Low-cost,no,,,,,,,,,,,,,no,,0,0,no,no,no,,locale;region;baggage_checked_url;baggage_carryon_url;baggage_fees_url;fare_conditions_url;checkin_url;conditions_of_carriage_url;article_selector,
special-ground-handling-service-xh,Special Ground Handling Service -XH,XH,United Kingdom,Scheduled,no,,,,,,,,,,,,,no,,0,0,no,no,no,,locale;region;baggage_checked_url;baggage_carryon_url;baggage_fees_url;fare_conditions_url;checkin_url;conditions_of_carriage_url;article_selector,
spicejet,SpiceJet,SG,India,Low-cost,yes,en-in,manual-priority,Asia,,,https://www.spicejet.com/baggage,https://corporate.spicejet.com/ExcessBaggage.aspx,https://www.spicejet.com/baggage,,,,,yes,2026-09-03,1,2,no,yes,no,,fare_conditions_url;checkin_url;conditions_of_carriage_url;article_selector,3/6 urls imported from filled priority CSV
spirit-airlines,Spirit Airlines,NK,United States,Low-cost,yes,en-us,manual-priority,North America,https://content.spirit.com,,,,,,,https://content.spirit.com/Shared/en-us/Documents/Contract_of_Carriage.pdf,,yes,2026-09-03,0,1,no,yes,no,https://content.spirit.com/Shared/en-us/Documents/Contract_of_Carriage.pdf,baggage_checked_url;baggage_carryon_url;baggage_fees_url;fare_conditions_url;checkin_url;article_selector,1/6 urls imported from filled priority CSV
spring-airlines,Spring Airlines,9C,China,Low-cost,no,,,,,,,,,,,,,no,,0,0,no,no,no,,locale;region;baggage_checked_url;baggage_carryon_url;baggage_fees_url;fare_conditions_url;checkin_url;conditions_of_carriage_url;article_selector,
spring-japan,Spring Japan,IJ,Japan,Low-cost,no,,,,,,,,,,,,,no,,0,0,no,yes,yes,,locale;region;baggage_checked_url;baggage_carryon_url;baggage_fees_url;fare_conditions_url;checkin_url;conditions_of_carriage_url;article_selector,
springjet,Springjet,5K,Portugal,Low-cost,no,,,,,,,,,,,,,no,,0,0,no,no,no,,locale;region;baggage_checked_url;baggage_carryon_url;baggage_fees_url;fare_conditions_url;checkin_url;conditions_of_carriage_url;article_selector,
srilankan-airlines,SriLankan Airlines,UL,Sri Lanka,Scheduled,yes,en,manual-priority,Asia,https://www.srilankan.com,,https://www.srilankan.com/en_uk/plan-and-book/luggage,https://www.srilankan.com/en_uk/plan-and-book/luggage,https://www.srilankan.com/en_uk/plan-and-book/luggage,,,https://www.srilankan.com/Zh_cn/Corporate/conditions-of-carriage-for-passengers-and-baggage,,yes,2026-09-03,4,0,no,yes,no,https://www.srilankan.com/Zh_cn/Corporate/conditions-of-carriage-for-passengers-and-baggage,fare_conditions_url;checkin_url;article_selector,4/6 urls imported from filled priority CSV
sriwijaya-air,Sriwijaya Air,SJ,Indonesia,Scheduled,no,,,,,,,,,,,,,no,,0,0,no,yes,no,,locale;region;baggage_checked_url;baggage_carryon_url;baggage_fees_url;fare_conditions_url;checkin_url;conditions_of_carriage_url;article_selector,
st-barth-commuter,St Barth Commuter,PV,France,Scheduled,no,,,,,,,,,,,,,no,,0,0,no,no,yes,,locale;region;baggage_checked_url;baggage_carryon_url;baggage_fees_url;fare_conditions_url;checkin_url;conditions_of_carriage_url;article_selector,
stabo-air-limited,Stabo Air Limited,4E,,Scheduled,no,,,,,,,,,,,,,no,,0,0,no,no,no,,locale;region;baggage_checked_url;baggage_carryon_url;baggage_fees_url;fare_conditions_url;checkin_url;conditions_of_carriage_url;article_selector,
star-air,Star Air,S5,India,Scheduled,no,,,,,,,,,,,,,no,,0,0,no,no,no,,locale;region;baggage_checked_url;baggage_carryon_url;baggage_fees_url;fare_conditions_url;checkin_url;conditions_of_carriage_url;article_selector,
star-peru,Star Peru,2I,Peru,Scheduled,no,,,,,,,,,,,,,no,,0,0,no,no,no,,locale;region;baggage_checked_url;baggage_carryon_url;baggage_fees_url;fare_conditions_url;checkin_url;conditions_of_carriage_url;article_selector,
starflyer,StarFlyer,7G,Japan,Scheduled,no,,,,,,,,,,,,,no,,0,0,no,no,no,,locale;region;baggage_checked_url;baggage_carryon_url;baggage_fees_url;fare_conditions_url;checkin_url;conditions_of_carriage_url;article_selector,
starbow,Starbow,S9,Ghana,Scheduled,no,,,,,,,,,,,,,no,,0,0,no,no,yes,,locale;region;baggage_checked_url;baggage_carryon_url;baggage_fees_url;fare_conditions_url;checkin_url;conditions_of_carriage_url;article_selector,
sudan-airways,Sudan Airways,SD,Sudan,Scheduled,no,,,,,,,,,,,,,no,,0,0,no,yes,yes,,locale;region;baggage_checked_url;baggage_carryon_url;baggage_fees_url;fare_conditions_url;checkin_url;conditions_of_carriage_url;article_selector,
sun-air-express,Sun Air Express,6G,United States,Scheduled,no,,,,,,,,,,,,,no,,0,0,no,no,no,,locale;region;baggage_checked_url;baggage_carryon_url;baggage_fees_url;fare_conditions_url;checkin_url;conditions_of_carriage_url;article_selector,
sun-country-airlines,Sun Country Airlines,SY,United States,Low-cost,yes,en-us,manual-priority,North America,https://www.suncountry.com/help-center/bags-and-seats,https://www.suncountry.com/help-center/bags-and-seats,,,,,,https://assets.ctfassets.net/2aov1ouggrmn/1oeBYihGf7m9y7W0WFcdfo/89f1754fcef67eb7da26286f019604d0/Contract_of_Carriage_Update_-_06182021.pdf,,yes,2026-09-03,0,1,no,no,yes,https://assets.ctfassets.net/2aov1ouggrmn/1oeBYihGf7m9y7W0WFcdfo/89f1754fcef67eb7da26286f019604d0/Contract_of_Carriage_Update_-_06182021.pdf,baggage_checked_url;baggage_carryon_url;baggage_fees_url;fare_conditions_url;checkin_url;article_selector,1/6 urls imported from filled priority CSV
sun-phuquoc-airways,Sun PhuQuoc Airways,9G,Vietnam,Scheduled,no,,,,,,,,,,,,,no,,0,0,no,no,no,,locale;region;baggage_checked_url;baggage_carryon_url;baggage_fees_url;fare_conditions_url;checkin_url;conditions_of_carriage_url;article_selector,
sunexpress,SunExpress,XQ,Turkey,Low-cost,yes,en,manual-priority,Europe,https://www.sunexpress.com,,https://www.sunexpress.com/en-gb/information/luggage-info/checked-baggage,https://www.sunexpress.com/en-gb/information/luggage-info/hand-baggage,https://www.sunexpress.com/en-gb/information/luggage-info/checked-baggage,,,https://www.sunexpress.com/en/terms-conditions-sunexpress/,,yes,2026-09-03,0,4,no,yes,yes,https://www.sunexpress.com/en/terms-conditions-sunexpress/,fare_conditions_url;checkin_url;article_selector,4/6 urls imported from filled priority CSV
sunexpress-deutschland,SunExpress Deutschland,XG,Germany,Low-cost,no,,,,,,,,,,,,,no,,0,0,no,yes,no,,locale;region;baggage_checked_url;baggage_carryon_url;baggage_fees_url;fare_conditions_url;checkin_url;conditions_of_carriage_url;article_selector,
sunclass-airlines,Sunclass Airlines,DK,Denmark,Scheduled,no,,,,,,,,,,,,,no,,0,0,no,yes,yes,,locale;region;baggage_checked_url;baggage_carryon_url;baggage_fees_url;fare_conditions_url;checkin_url;conditions_of_carriage_url;article_selector,
sundair,SundAir,SR,Germany,Scheduled,yes,en,manual-priority,Europe,,,https://www.sundair.com/infos-luggage,https://www.sundair.com/infos-luggage,https://www.sundair.com/infos-luggage,,,,,yes,2026-09-03,0,3,no,yes,yes,,fare_conditions_url;checkin_url;conditions_of_carriage_url;article_selector,3/6 urls imported from filled priority CSV
sunday-airlines,Sunday Airlines,0S,Kazakhstan,Scheduled,no,,,,,,,,,,,,,no,,0,0,no,no,no,,locale;region;baggage_checked_url;baggage_carryon_url;baggage_fees_url;fare_conditions_url;checkin_url;conditions_of_carriage_url;article_selector,
sunlight-air,Sunlight Air,2R,Canada,Scheduled,no,,,,,,,,,,,,,no,,0,0,no,no,no,,locale;region;baggage_checked_url;baggage_carryon_url;baggage_fees_url;fare_conditions_url;checkin_url;conditions_of_carriage_url;article_selector,
sunrise-airways,Sunrise Airways,S6,Haiti,Scheduled,yes,en,manual-priority,Asia,,,https://www.sunriseairways.net/kre/checked-baggage,https://www.sunriseairways.net/kre/carry-on-baggage,https://www.sunriseairways.net/kre/checked-baggage,,,,,yes,2026-09-03,3,0,no,yes,yes,,fare_conditions_url;checkin_url;conditions_of_carriage_url;article_selector,3/6 urls imported from filled priority CSV
sunrise-dominicana,Sunrise Dominicana,D6,South Africa,Scheduled,no,,,,,,,,,,,,,no,,0,0,no,no,no,,locale;region;baggage_checked_url;baggage_carryon_url;baggage_fees_url;fare_conditions_url;checkin_url;conditions_of_carriage_url;article_selector,
sunsplash-aviation-llc,"Sunsplash Aviation, LLC.",YH,Colombia,Scheduled,no,,,,,,,,,,,,,no,,0,0,no,no,no,,locale;region;baggage_checked_url;baggage_carryon_url;baggage_fees_url;fare_conditions_url;checkin_url;conditions_of_carriage_url;article_selector,
sunwing-airlines,Sunwing Airlines,WG,Canada,Low-cost,yes,en-ca,manual-priority,North America,https://www.sunwing.ca,,,,,,,https://www.sunwing.ca/en/sunwing-airlines/conditions-of-contract,,yes,2026-09-03,0,1,no,yes,yes,https://www.sunwing.ca/en/sunwing-airlines/conditions-of-contract,baggage_checked_url;baggage_carryon_url;baggage_fees_url;fare_conditions_url;checkin_url;article_selector,1/6 urls imported from filled priority CSV
suparna-airlines,Suparna Airlines,Y8,People's Republic of China,Scheduled,no,,,,,,,,,,,,,no,,0,0,no,yes,yes,,locale;region;baggage_checked_url;baggage_carryon_url;baggage_fees_url;fare_conditions_url;checkin_url;conditions_of_carriage_url;article_selector,
super-air-jet,Super Air Jet,IU,Indonesia,Low-cost,no,,,,,,,,,,,,,no,,0,0,no,no,no,,locale;region;baggage_checked_url;baggage_carryon_url;baggage_fees_url;fare_conditions_url;checkin_url;conditions_of_carriage_url;article_selector,
surinam-airways,Surinam Airways,PY,Suriname,Scheduled,no,,,,,,,,,,,,,no,,0,0,no,yes,yes,,locale;region;baggage_checked_url;baggage_carryon_url;baggage_fees_url;fare_conditions_url;checkin_url;conditions_of_carriage_url;article_selector,
swiftair,Swiftair,WT,Spain,Scheduled,no,,,,,,,,,,,,,no,,0,0,no,no,no,,locale;region;baggage_checked_url;baggage_carryon_url;baggage_fees_url;fare_conditions_url;checkin_url;conditions_of_carriage_url;article_selector,
swoop,Swoop,WO,Canada,Low-cost,no,,,,,,,,,,,,,no,,0,0,no,yes,yes,,locale;region;baggage_checked_url;baggage_carryon_url;baggage_fees_url;fare_conditions_url;checkin_url;conditions_of_carriage_url;article_selector,
sylt-air-gmbh,Sylt Air GmbH,7E,Germany,Scheduled,no,,,,,,,,,,,,,no,,0,0,no,yes,no,,locale;region;baggage_checked_url;baggage_carryon_url;baggage_fees_url;fare_conditions_url;checkin_url;conditions_of_carriage_url;article_selector,
syrianair,SyrianAir,RB,Syria,Scheduled,no,,,,,,,,,,,,,no,,0,0,no,no,yes,,locale;region;baggage_checked_url;baggage_carryon_url;baggage_fees_url;fare_conditions_url;checkin_url;conditions_of_carriage_url;article_selector,
tway-air,T'way Air,TW,South Korea,Low-cost,no,,,,,,,,,,,,,no,,0,0,no,yes,no,,locale;region;baggage_checked_url;baggage_carryon_url;baggage_fees_url;fare_conditions_url;checkin_url;conditions_of_carriage_url;article_selector,
taag-angola,TAAG Angola,DT,Angola,Scheduled,yes,en,manual-priority,Africa,http://www.taag.com,,,,,,,http://www.taag.com/en/Taag/Conditions-of-Carriage,,yes,2026-09-03,0,1,no,yes,yes,http://www.taag.com/en/Taag/Conditions-of-Carriage,baggage_checked_url;baggage_carryon_url;baggage_fees_url;fare_conditions_url;checkin_url;article_selector,1/6 urls imported from filled priority CSV
tab-transportes-aereos-bolivianos,TAB - Transportes Aéreos Bolivianos,B1,Bolivia,Scheduled,no,,,,,,,,,,,,,no,,0,0,no,no,no,,locale;region;baggage_checked_url;baggage_carryon_url;baggage_fees_url;fare_conditions_url;checkin_url;conditions_of_carriage_url;article_selector,
tag-airlines,TAG Airlines,5U,Switzerland,Scheduled,no,,,,,,,,,,,,,no,,0,0,no,no,yes,,locale;region;baggage_checked_url;baggage_carryon_url;baggage_fees_url;fare_conditions_url;checkin_url;conditions_of_carriage_url;article_selector,
tame,TAME,EQ,Ecuador,Scheduled,no,,,,,,,,,,,,,no,,0,0,no,yes,no,,locale;region;baggage_checked_url;baggage_carryon_url;baggage_fees_url;fare_conditions_url;checkin_url;conditions_of_carriage_url;article_selector,
tap-air-portugal,TAP Air Portugal,TP,Portugal,Scheduled,yes,en,manual-priority,Europe,https://www.flytap.com,,https://www.flytap.com/en-at/information/baggage/hold-baggage,https://www.flytap.com/en-cv/baggage/hand-baggage,https://www.flytap.com/en-at/information/baggage/hold-baggage,,,https://www.flytap.com/en-gb/transport-conditions?accordionid=1,,yes,2026-09-03,3,1,no,yes,yes,https://www.flytap.com/en-gb/transport-conditions?accordionid=1,fare_conditions_url;checkin_url;article_selector,4/6 urls imported from filled priority CSV
tar-aerolineas,TAR Aerolíneas,YQ,Mexico,Scheduled,no,,,,,,,,,,,,,no,,0,0,no,no,yes,,locale;region;baggage_checked_url;baggage_carryon_url;baggage_fees_url;fare_conditions_url;checkin_url;conditions_of_carriage_url;article_selector,
thai-airways,Thai Airways,TG,Thailand,Scheduled,yes,en-th,1a,Southeast Asia,https://www.thaiairways.com,,https://www.thaiairways.com/en_TH/plan/travel_information/baggage.page,https://www.thaiairways.com/en_TH/plan/travel_information/carry_on_baggage.page,https://www.thaiairways.com/en_TH/plan/travel_information/excess_baggage.page,https://www.thaiairways.com/en_TH/plan/travel_information/fare_rules.page,https://www.thaiairways.com/en_TH/plan/travel_information/check_in.page,https://www.thaiairways.com/en_TH/terms_condition/conditions_of_carriage.page,,yes,2026-09-03,0,6,no,yes,yes,https://www.thaiairways.com/en_GB/Terms_condition/contract_of_carriage.page?,article_selector,6/6 urls
thai-smile,THAI Smile,WE,Thailand,Low-cost,yes,en,manual-priority,Asia,https://www.thaismileair.com,,,,,,,https://www.thaismileair.com/en/Terms-and-Conditions,,yes,2026-09-03,0,1,no,yes,yes,https://www.thaismileair.com/en/Terms-and-Conditions,baggage_checked_url;baggage_carryon_url;baggage_fees_url;fare_conditions_url;checkin_url;article_selector,1/6 urls imported from filled priority CSV
tik-systems,TIK Systems,T1,Turkey,Scheduled,no,,,,,,,,,,,,,no,,0,0,no,no,no,,locale;region;baggage_checked_url;baggage_carryon_url;baggage_fees_url;fare_conditions_url;checkin_url;conditions_of_carriage_url;article_selector,
trip-linhas-aereas,TRIP Linhas Aéreas,T4,Brazil,Scheduled,no,,,,,,,,,,,,,no,,0,0,no,yes,no,,locale;region;baggage_checked_url;baggage_carryon_url;baggage_fees_url;fare_conditions_url;checkin_url;conditions_of_carriage_url;article_selector,
tui-airways,TUI Airways,BY,United Kingdom,Scheduled,yes,en-gb,1b,Europe,,,https://www.tui.co.uk/flight/information/baggage-allowance,https://www.tui.co.uk/flight/information/baggage-allowance,https://www.tui.co.uk/flight/information/excess-baggage,https://www.tui.co.uk/destinations/info/booking-conditions,https://www.tui.co.uk/flight/information/check-in,https://www.tui.co.uk/destinations/info/conditions-of-carriage,,yes,2026-09-03,0,6,no,yes,no,,article_selector,6/6 urls
tui-fly-deutschland,TUI fly Deutschland,X3,Germany,Scheduled,no,,,,,,,,,,,,,no,,0,0,no,yes,no,,locale;region;baggage_checked_url;baggage_carryon_url;baggage_fees_url;fare_conditions_url;checkin_url;conditions_of_carriage_url;article_selector,
tuifly-netherlands,TUIfly Netherlands,OR,Netherlands,Scheduled,no,,,,,,,,,,,,,no,,0,0,no,no,no,,locale;region;baggage_checked_url;baggage_carryon_url;baggage_fees_url;fare_conditions_url;checkin_url;conditions_of_carriage_url;article_selector,
tuifly-nordis,TUIfly Nordiс,6B,Sweden,Scheduled,no,,,,,,,,,,,,,no,,0,0,no,no,no,,locale;region;baggage_checked_url;baggage_carryon_url;baggage_fees_url;fare_conditions_url;checkin_url;conditions_of_carriage_url;article_selector,
tailwind-airlines,Tailwind Airlines,TI,Turkey,Scheduled,no,,,,,,,,,,,,,no,,0,0,no,yes,yes,,locale;region;baggage_checked_url;baggage_carryon_url;baggage_fees_url;fare_conditions_url;checkin_url;conditions_of_carriage_url;article_selector,
tajik-air,Tajik Air,7J,Tajikistan,Scheduled,yes,en,manual-priority,Asia,,,https://www.tajikair.tj/baggage.html,https://www.tajikair.tj/baggage.html,https://www.tajikair.tj/baggage.html,,,,,yes,2026-09-03,0,3,no,yes,yes,,fare_conditions_url;checkin_url;conditions_of_carriage_url;article_selector,3/6 urls imported from filled priority CSV
tampa-cargo,Tampa Cargo,QT,Colombia,Scheduled,no,,,,,,,,,,,,,no,,0,0,no,no,no,,locale;region;baggage_checked_url;baggage_carryon_url;baggage_fees_url;fare_conditions_url;checkin_url;conditions_of_carriage_url;article_selector,
tandem-aero,Tandem Aero,TQ,Moldova,Scheduled,no,,,,,,,,,,,,,no,,0,0,no,yes,no,,locale;region;baggage_checked_url;baggage_carryon_url;baggage_fees_url;fare_conditions_url;checkin_url;conditions_of_carriage_url;article_selector,
taquan-air,Taquan Air,K3,United States,Scheduled,no,,,,,,,,,,,,,no,,0,0,no,yes,no,,locale;region;baggage_checked_url;baggage_carryon_url;baggage_fees_url;fare_conditions_url;checkin_url;conditions_of_carriage_url;article_selector,
tarco-aviation,Tarco Aviation,3T,Sudan,Scheduled,no,,,,,,,,,,,,,no,,0,0,no,yes,no,,locale;region;baggage_checked_url;baggage_carryon_url;baggage_fees_url;fare_conditions_url;checkin_url;conditions_of_carriage_url;article_selector,
tarom,Tarom,RO,Romania,Scheduled,yes,en,manual-priority,Europe,https://www.tarom.ro,,https://www.tarom.ro/en/passenger-information/baggage/checked-baggage,https://www.tarom.ro/en/passenger-information/baggage/hand-baggage,https://www.tarom.ro/en/passenger-information/baggage/checked-baggage,,,https://www.tarom.ro/en/travelling-terms-and-conditions,,yes,2026-09-03,2,2,no,no,yes,https://www.tarom.ro/en/travelling-terms-and-conditions,fare_conditions_url;checkin_url;article_selector,4/6 urls imported from filled priority CSV
tashkent-air,Tashkent Air,U7,Uzbekistan,Scheduled,no,,,,,,,,,,,,,no,,0,0,no,no,no,,locale;region;baggage_checked_url;baggage_carryon_url;baggage_fees_url;fare_conditions_url;checkin_url;conditions_of_carriage_url;article_selector,
tassili-airlines,Tassili Airlines,SF,Algeria,Scheduled,no,,,,,,,,,,,,,no,,0,0,no,no,no,,locale;region;baggage_checked_url;baggage_carryon_url;baggage_fees_url;fare_conditions_url;checkin_url;conditions_of_carriage_url;article_selector,
tatarstan-airlines,Tatarstan Airlines,U9,Russia,Scheduled,no,,,,,,,,,,,,,no,,0,0,no,yes,no,,locale;region;baggage_checked_url;baggage_carryon_url;baggage_fees_url;fare_conditions_url;checkin_url;conditions_of_carriage_url;article_selector,
tayaran-jet,Tayaran Jet,E8,Jordan,Low-cost,no,,,,,,,,,,,,,no,,0,0,no,no,no,,locale;region;baggage_checked_url;baggage_carryon_url;baggage_fees_url;fare_conditions_url;checkin_url;conditions_of_carriage_url;article_selector,
tbilisi-airways,Tbilisi Airways,TD,,Scheduled,no,,,,,,,,,,,,,no,,0,0,no,no,no,,locale;region;baggage_checked_url;baggage_carryon_url;baggage_fees_url;fare_conditions_url;checkin_url;conditions_of_carriage_url;article_selector,
terra-avia,Terra Avia,T8,Ireland,Scheduled,no,,,,,,,,,,,,,no,,0,0,no,no,no,,locale;region;baggage_checked_url;baggage_carryon_url;baggage_fees_url;fare_conditions_url;checkin_url;conditions_of_carriage_url;article_selector,
texel-air-ltd,Texel Air Ltd,TT,Lithuania,Low-cost,no,,,,,,,,,,,,,no,,0,0,no,no,no,,locale;region;baggage_checked_url;baggage_carryon_url;baggage_fees_url;fare_conditions_url;checkin_url;conditions_of_carriage_url;article_selector,
tezjet,TezJet,K9,Cambodia,Scheduled,no,,,,,,,,,,,,,no,,0,0,no,no,no,,locale;region;baggage_checked_url;baggage_carryon_url;baggage_fees_url;fare_conditions_url;checkin_url;conditions_of_carriage_url;article_selector,
thai-airasia,Thai AirAsia,FD,Thailand,Low-cost,yes,en-th,1b,Southeast Asia,,,https://support.airasia.com/s/article/Checked-baggage-en,https://support.airasia.com/s/article/Cabin-baggage-en,https://www.airasia.com/aa/about-us/en/gb/fees-and-charges.html,https://support.airasia.com/s/article/Fares-and-fare-rules-en,https://support.airasia.com/s/article/Check-in-en,https://www.airasia.com/aa/about-us/en/gb/terms-and-conditions-carriage.html,,yes,2026-09-03,0,6,no,yes,yes,,article_selector,6/6 urls
thai-airasia-x,Thai AirAsia X,XJ,Thailand,Low-cost,no,,,,,,,,,,,,,no,,0,0,no,yes,yes,,locale;region;baggage_checked_url;baggage_carryon_url;baggage_fees_url;fare_conditions_url;checkin_url;conditions_of_carriage_url;article_selector,
thai-lion-air,Thai Lion Air,SL,Thailand,Low-cost,yes,en,manual-priority,Asia,,,https://www.lionairthai.com/cn/en/Extra-Services/Lion-Baggage,https://www.lionairthai.com/cn/en/Extra-Services/Lion-Baggage,https://www.lionairthai.com/cn/en/Extra-Services/Lion-Baggage,,,,,yes,2026-09-03,0,3,no,yes,yes,,fare_conditions_url;checkin_url;conditions_of_carriage_url;article_selector,3/6 urls imported from filled priority CSV
thai-vietjet-air,Thai Vietjet Air,VZ,Thailand,Low-cost,yes,en,manual-priority,Asia,,,https://www.vietjetair.com/en/FAQ/baggage-1599453547698,https://seo.vietjetair.com/en/pages/to-have-a-good-flight-1599448842652/baggage-service-1608369253127,https://www.vietjetair.com/en/FAQ/baggage-1599453547698,,,,,yes,2026-09-03,1,2,no,yes,no,,fare_conditions_url;checkin_url;conditions_of_carriage_url;article_selector,3/6 urls imported from filled priority CSV
the-landline-company,The Landline Company,L4,Italy,Scheduled,no,,,,,,,,,,,,,no,,0,0,no,no,no,,locale;region;baggage_checked_url;baggage_carryon_url;baggage_fees_url;fare_conditions_url;checkin_url;conditions_of_carriage_url;article_selector,
thomas-cook-airlines,Thomas Cook Airlines,MT,Belgium,Scheduled,yes,en,manual-priority,Europe,https://maltamedair.com,,,,,,,https://maltamedair.com/general-conditions-of-carriage/,,yes,2026-09-03,1,0,no,yes,no,https://maltamedair.com/general-conditions-of-carriage/,baggage_checked_url;baggage_carryon_url;baggage_fees_url;fare_conditions_url;checkin_url;article_selector,1/6 urls imported from filled priority CSV
thomas-cook-airlines-belgium,Thomas Cook Airlines Belgium,HQ,Belgium,Scheduled,no,,,,,,,,,,,,,no,,0,0,no,yes,no,,locale;region;baggage_checked_url;baggage_carryon_url;baggage_fees_url;fare_conditions_url;checkin_url;conditions_of_carriage_url;article_selector,
tianjin-airlines,Tianjin Airlines,GS,China,Scheduled,no,,,,,,,,,,,,,no,,0,0,no,yes,no,,locale;region;baggage_checked_url;baggage_carryon_url;baggage_fees_url;fare_conditions_url;checkin_url;conditions_of_carriage_url;article_selector,
tibet-airlines,Tibet Airlines,TV,China,Scheduled,no,,,,,,,,,,,,,no,,0,0,no,no,no,,locale;region;baggage_checked_url;baggage_carryon_url;baggage_fees_url;fare_conditions_url;checkin_url;conditions_of_carriage_url;article_selector,
tigerair-mandala,Tigerair Mandala,RI,Indonesia,Scheduled,no,,,,,,,,,,,,,no,,0,0,no,yes,no,,locale;region;baggage_checked_url;baggage_carryon_url;baggage_fees_url;fare_conditions_url;checkin_url;conditions_of_carriage_url;article_selector,
tigerair-taiwan,Tigerair Taiwan,IT,Taiwan,Low-cost,no,,,,,,,,,,,,,no,,0,0,no,no,no,,locale;region;baggage_checked_url;baggage_carryon_url;baggage_fees_url;fare_conditions_url;checkin_url;conditions_of_carriage_url;article_selector,
titan-airways-limited,Titan Airways Limited,ZT,United Kingdom,Scheduled,yes,en-gb,manual-priority,Europe,,,https://www.titan-airways.com/passenger/travel-information/baggage/hold-baggage,https://www.titan-airways.com/passenger/travel-information/baggage/hold-baggage,https://www.titan-airways.com/passenger/travel-information/baggage/hold-baggage,,,https://www.titan-airways.com/passenger/conditions-of-carriage,,yes,2026-09-03,1,3,no,yes,no,,fare_conditions_url;checkin_url;article_selector,4/6 urls imported from filled priority CSV
toki-air,Toki Air,BV,Italy,Low-cost,no,,,,,,,,,,,,,no,,0,0,no,no,no,,locale;region;baggage_checked_url;baggage_carryon_url;baggage_fees_url;fare_conditions_url;checkin_url;conditions_of_carriage_url;article_selector,
total-linhas-aereas,Total Linhas Aereas,0T,Brazil,Scheduled,no,,,,,,,,,,,,,no,,0,0,no,no,no,,locale;region;baggage_checked_url;baggage_carryon_url;baggage_fees_url;fare_conditions_url;checkin_url;conditions_of_carriage_url;article_selector,
trade-air,Trade Air,C3,Croatia,Scheduled,yes,en,manual-priority,Europe,,,https://www.trade-air.com/passengers/luggage-information,https://www.trade-air.com/passengers/luggage-information,https://www.trade-air.com/passengers/luggage-information,,,,,yes,2026-09-03,0,3,no,yes,no,,fare_conditions_url;checkin_url;conditions_of_carriage_url;article_selector,3/6 urls imported from filled priority CSV
tradewind-aviation,Tradewind Aviation,TJ,United States,Scheduled,yes,en-us,manual-priority,North America,https://s3.amazonaws.com,,https://www.flytradewind.com/luggage-policy,https://www.flytradewind.com/luggage-policy,https://www.flytradewind.com/luggage-policy,,,https://s3.amazonaws.com/uploads.flytradewind.com/app/uploads/2021/08/08145706/Tradewind-Aviation-Contract-of-Carriage.pdf,,yes,2026-09-03,0,4,no,no,yes,https://s3.amazonaws.com/uploads.flytradewind.com/app/uploads/2021/08/08145706/Tradewind-Aviation-Contract-of-Carriage.pdf,fare_conditions_url;checkin_url;article_selector,4/6 urls imported from filled priority CSV
trans-air-congo,Trans Air Congo,Q8,Republic of the Congo,Scheduled,no,,,,,,,,,,,,,no,,0,0,no,no,no,,locale;region;baggage_checked_url;baggage_carryon_url;baggage_fees_url;fare_conditions_url;checkin_url;conditions_of_carriage_url;article_selector,
transair-senegal,Transair Senegal,R2,Senegal,Scheduled,no,,,,,,,,,,,,,no,,0,0,no,no,no,,locale;region;baggage_checked_url;baggage_carryon_url;baggage_fees_url;fare_conditions_url;checkin_url;conditions_of_carriage_url;article_selector,
transavia,Transavia,HV,Netherlands,Low-cost,yes,en-nl,1b,Europe,https://www.transavia.com,,https://www.transavia.com/help/en-eu/luggage/hold-luggage,https://www.transavia.com/help/en-eu/luggage/hand-luggage,https://www.transavia.com/help/en-eu/luggage/hold-luggage,https://www.transavia.com/help/en-eu/booking/fares,https://www.transavia.com/help/en-eu/check-in,https://www.transavia.com/en-EU/terms-and-conditions/conditions-of-carriage/,,yes,2026-09-03,0,6,no,yes,yes,https://www.transavia.com/en-UK/conditions/conditions-of-carriage/,article_selector,6/6 urls
transavia-france,Transavia France,TO,France,Low-cost,yes,en,manual-priority,Europe,https://www.transavia.com,,,,,,,https://www.transavia.com/en-UK/conditions/conditions-of-carriage/,,yes,2026-09-03,0,1,no,yes,no,https://www.transavia.com/en-UK/conditions/conditions-of-carriage/,baggage_checked_url;baggage_carryon_url;baggage_fees_url;fare_conditions_url;checkin_url;article_selector,1/6 urls imported from filled priority CSV
transnusa,Transnusa,8B,Indonesia,Scheduled,no,,,,,,,,,,,,,no,,0,0,no,no,yes,,locale;region;baggage_checked_url;baggage_carryon_url;baggage_fees_url;fare_conditions_url;checkin_url;conditions_of_carriage_url;article_selector,
travel-service-slovensko,Travel Service Slovensko,6D,Slovakia,Scheduled,no,,,,,,,,,,,,,no,,0,0,no,no,no,,locale;region;baggage_checked_url;baggage_carryon_url;baggage_fees_url;fare_conditions_url;checkin_url;conditions_of_carriage_url;article_selector,
travel-technology-interactive-sa,Travel Technology Interactive SA,Y1,France,Scheduled,no,,,,,,,,,,,,,no,,0,0,no,no,no,,locale;region;baggage_checked_url;baggage_carryon_url;baggage_fees_url;fare_conditions_url;checkin_url;conditions_of_carriage_url;article_selector,
travelsky-technology-limited,Travelsky Technology Limited,1E,China,Scheduled,no,,,,,,,,,,,,,no,,0,0,no,no,no,,locale;region;baggage_checked_url;baggage_carryon_url;baggage_fees_url;fare_conditions_url;checkin_url;conditions_of_carriage_url;article_selector,
trenitalia,Trenitalia,7T,Switzerland,Scheduled,no,,,,,,,,,,,,,no,,0,0,no,no,no,,locale;region;baggage_checked_url;baggage_carryon_url;baggage_fees_url;fare_conditions_url;checkin_url;conditions_of_carriage_url;article_selector,
trigana-air-service,Trigana Air Service,IL,Indonesia,Scheduled,no,,,,,,,,,,,,,no,,0,0,no,yes,no,,locale;region;baggage_checked_url;baggage_carryon_url;baggage_fees_url;fare_conditions_url;checkin_url;conditions_of_carriage_url;article_selector,
tropic-air,Tropic Air,9N,Belize,Scheduled,no,,,,https://www.tropicair.com,,,,,,,,,no,,0,0,no,no,no,https://www.tropicair.com/travel-info/conditions-of-carriage/,locale;region;baggage_checked_url;baggage_carryon_url;baggage_fees_url;fare_conditions_url;checkin_url;conditions_of_carriage_url;article_selector,
tunisair,Tunisair,TU,Tunisia,Scheduled,yes,en,manual-priority,Africa,http://www.tunisair.com,,https://www.tunisair.com/en/guide-utilisateur/prepare-your-luggage,https://www.tunisair.com/en/guide-utilisateur/prepare-your-luggage,https://www.tunisair.com/en/guide-utilisateur/prepare-your-luggage,,,http://www.tunisair.com/site/publish/module/cgt/cgt.asp,,yes,2026-09-03,3,1,no,yes,no,http://www.tunisair.com/site/publish/module/cgt/cgt.asp,fare_conditions_url;checkin_url;article_selector,4/6 urls imported from filled priority CSV
tunisair-express,Tunisair Express,UG,Tunisia,Scheduled,yes,en,manual-priority,Africa,,,https://www.tunisairexpress.net/en/checked-baggage,https://www.tunisairexpress.net/en/checked-baggage,https://www.tunisairexpress.net/en/checked-baggage,,,,,yes,2026-09-03,3,0,no,yes,no,,fare_conditions_url;checkin_url;conditions_of_carriage_url;article_selector,3/6 urls imported from filled priority CSV
turkish-airlines,Turkish Airlines,TK,Turkey,Scheduled,yes,en-tr,1b,Middle East,https://www.turkishairlines.com,,https://www.turkishairlines.com/en-int/any-questions/free-baggage/,https://www.turkishairlines.com/en-int/any-questions/carry-on-baggage/,https://www.turkishairlines.com/en-int/any-questions/excess-baggage/,https://www.turkishairlines.com/en-int/any-questions/fare-rules/,https://www.turkishairlines.com/en-int/flights/manage-booking/online-check-in/,https://www.turkishairlines.com/en-int/legal-notice/general-conditions-of-carriage/,,yes,2026-09-03,0,6,no,yes,no,https://www.turkishairlines.com/en-gb/legal-notice/general-conditions-of-carriage/,article_selector,6/6 urls
turkmenistan-airlines,Turkmenistan Airlines,T5,Turkmenistan,Scheduled,no,,,,,,,,,,,,,no,,0,0,no,yes,no,,locale;region;baggage_checked_url;baggage_carryon_url;baggage_fees_url;fare_conditions_url;checkin_url;conditions_of_carriage_url;article_selector,
tus-airways,Tus Airways,U8,Armenia,Low-cost,no,,,,,,,,,,,,,no,,0,0,no,no,no,,locale;region;baggage_checked_url;baggage_carryon_url;baggage_fees_url;fare_conditions_url;checkin_url;conditions_of_carriage_url;article_selector,
twin-jet,Twin Jet,T7,France,Scheduled,no,,,,,,,,,,,,,no,,0,0,no,no,no,,locale;region;baggage_checked_url;baggage_carryon_url;baggage_fees_url;fare_conditions_url;checkin_url;conditions_of_carriage_url;article_selector,
ubm-aviation-oag,UBM Aviation - OAG,CR,United Kingdom,Scheduled,no,,,,,,,,,,,,,no,,0,0,no,no,no,,locale;region;baggage_checked_url;baggage_carryon_url;baggage_fees_url;fare_conditions_url;checkin_url;conditions_of_carriage_url;article_selector,
uia,UIA,PS,Ukraine,Scheduled,no,,,,https://www.flyuia.com,,,,,,,,,no,,0,0,no,no,no,https://www.flyuia.com/ua/en/information/rules-and-regulations/carriage-rules,locale;region;baggage_checked_url;baggage_carryon_url;baggage_fees_url;fare_conditions_url;checkin_url;conditions_of_carriage_url;article_selector,
uls-airlines-cargo,ULS Airlines Cargo,GO,Turkey,Scheduled,no,,,,,,,,,,,,,no,,0,0,no,yes,no,,locale;region;baggage_checked_url;baggage_carryon_url;baggage_fees_url;fare_conditions_url;checkin_url;conditions_of_carriage_url;article_selector,
ups,UPS,5X,United States,Scheduled,no,,,,,,,,,,,,,no,,0,0,no,no,no,,locale;region;baggage_checked_url;baggage_carryon_url;baggage_fees_url;fare_conditions_url;checkin_url;conditions_of_carriage_url;article_selector,
ur-airlines,UR Airlines,UD,Armenia,Scheduled,no,,,,,,,,,,,,,no,,0,0,no,no,no,,locale;region;baggage_checked_url;baggage_carryon_url;baggage_fees_url;fare_conditions_url;checkin_url;conditions_of_carriage_url;article_selector,
us-bangla-airlines,US-Bangla Airlines,BS,Bangladesh,Scheduled,yes,en,manual-priority,Asia,,,https://us-bangla.com/your-baggage-info,https://us-bangla.com/your-baggage-info,https://us-bangla.com/your-baggage-info,,,,,yes,2026-09-03,0,3,no,yes,no,,fare_conditions_url;checkin_url;conditions_of_carriage_url;article_selector,3/6 urls imported from filled priority CSV
utair,UTair,ЮЭ,Russia,Scheduled,no,,,,,,,,,,,,,no,,0,0,no,no,no,,locale;region;baggage_checked_url;baggage_carryon_url;baggage_fees_url;fare_conditions_url;checkin_url;conditions_of_carriage_url;article_selector,
uvt-aero,UVT Aero,RT,Russia,Scheduled,no,,,,,,,,,,,,,no,,0,0,no,no,no,,locale;region;baggage_checked_url;baggage_carryon_url;baggage_fees_url;fare_conditions_url;checkin_url;conditions_of_carriage_url;article_selector,
uganda-airlines,Uganda Airlines,UR,Uganda,Scheduled,no,,,,https://ugandairlines.com,,,,,,,,,no,,0,0,no,no,no,https://ugandairlines.com/conditions-of-carriage,locale;region;baggage_checked_url;baggage_carryon_url;baggage_fees_url;fare_conditions_url;checkin_url;conditions_of_carriage_url;article_selector,
ultimate-jetcharters,Ultimate Jetcharters,UE,Russia,Scheduled,no,,,,,,,,,,,,,no,,0,0,no,no,no,,locale;region;baggage_checked_url;baggage_carryon_url;baggage_fees_url;fare_conditions_url;checkin_url;conditions_of_carriage_url;article_selector,
umza-air,Umza Air,UY,Cameroon,Scheduled,no,,,,,,,,,,,,,no,,0,0,no,no,no,,locale;region;baggage_checked_url;baggage_carryon_url;baggage_fees_url;fare_conditions_url;checkin_url;conditions_of_carriage_url;article_selector,
uni-air,Uni Air,B7,Taiwan,Scheduled,yes,en,manual-priority,Asia,https://www.uniair.com.tw,,,,,,,https://www.uniair.com.tw/rwd/download/UNI%20%20Conditions%20of%20Carriage_en-US.pdf,,yes,2026-09-03,0,1,no,yes,yes,https://www.uniair.com.tw/rwd/download/UNI%20%20Conditions%20of%20Carriage_en-US.pdf,baggage_checked_url;baggage_carryon_url;baggage_fees_url;fare_conditions_url;checkin_url;article_selector,1/6 urls imported from filled priority CSV
uni-top-airlines,Uni-Top Airlines,UW,,Scheduled,no,,,,,,,,,,,,,no,,0,0,no,yes,no,,locale;region;baggage_checked_url;baggage_carryon_url;baggage_fees_url;fare_conditions_url;checkin_url;conditions_of_carriage_url;article_selector,
united-airlines,United Airlines,UA,United States,Scheduled,yes,en-us,manual-priority,North America,https://www.united.com,,https://www.united.com/de/de/fly/baggage/checked-bags.html,https://www.united.com/de/de/fly/baggage/checked-bags.html,https://www.united.com/de/de/fly/baggage/checked-bags.html,,,https://www.united.com/ual/en/GB/fly/contract.html,,yes,2026-09-03,0,4,no,yes,yes,https://www.united.com/ual/en/GB/fly/contract.html,fare_conditions_url;checkin_url;article_selector,4/6 urls imported from filled priority CSV
united-nigeria-airlines,United Nigeria Airlines,UN,Nigeria,Scheduled,no,,,,,,,,,,,,,no,,0,0,no,no,no,,locale;region;baggage_checked_url;baggage_carryon_url;baggage_fees_url;fare_conditions_url;checkin_url;conditions_of_carriage_url;article_selector,
universal-air,Universal Air,VO,Malta,Scheduled,no,,,,,,,,,,,,,no,,0,0,no,no,no,,locale;region;baggage_checked_url;baggage_carryon_url;baggage_fees_url;fare_conditions_url;checkin_url;conditions_of_carriage_url;article_selector,
up-israel,Up Israel,86,Israel,Scheduled,no,,,,,,,,,,,,,no,,0,0,no,no,no,,locale;region;baggage_checked_url;baggage_carryon_url;baggage_fees_url;fare_conditions_url;checkin_url;conditions_of_carriage_url;article_selector,
ural-airlines,Ural Airlines,U6,Russia,Scheduled,yes,en,manual-priority,Europe,https://www.uralairlines.ru,,https://www.uralairlines.ru/en/rules/sverkhnormativnyy-bagazh,https://www.uralairlines.ru/en/rules/sverkhnormativnyy-bagazh,https://www.uralairlines.ru/en/rules/sverkhnormativnyy-bagazh,,,https://www.uralairlines.ru/en/rules/dogovor-perevozki/,,yes,2026-09-03,4,0,no,yes,yes,https://www.uralairlines.ru/en/rules/dogovor-perevozki/,fare_conditions_url;checkin_url;article_selector,4/6 urls imported from filled priority CSV
urumqi-air,Urumqi Air,UQ,Uganda,Scheduled,yes,en,manual-priority,Asia,http://www.urumqi-air.com,,,,,,,"http://www.urumqi-air.com/air-pc/doc/Urumqi%20Airlines%20Co.,%20Ltd.%20General%20Conditions%20of%20International%20Carriage%20for%20Passengers%20and%20Baggage.pdf",,yes,2026-09-03,0,1,no,yes,no,"http://www.urumqi-air.com/air-pc/doc/Urumqi%20Airlines%20Co.,%20Ltd.%20General%20Conditions%20of%20International%20Carriage%20for%20Passengers%20and%20Baggage.pdf",baggage_checked_url;baggage_carryon_url;baggage_fees_url;fare_conditions_url;checkin_url;article_selector,1/6 urls imported from filled priority CSV
uzbekistan-airways,Uzbekistan Airways,HY,Uzbekistan,Scheduled,yes,en,manual-priority,Asia,http://uzbekistan-airlines.de,,https://www.uzairways.com/en/baggage,https://www.uzairways.com/en/baggage,https://www.uzairways.com/en/baggage,,,http://uzbekistan-airlines.de/en/?page_id=89,,yes,2026-09-03,3,1,no,yes,yes,http://uzbekistan-airlines.de/en/?page_id=89,fare_conditions_url;checkin_url;article_selector,4/6 urls imported from filled priority CSV
uzbekistan-express,Uzbekistan Express,0H,Uzbekistan,Low-cost,no,,,,,,,,,,,,,no,,0,0,no,no,no,,locale;region;baggage_checked_url;baggage_carryon_url;baggage_fees_url;fare_conditions_url;checkin_url;conditions_of_carriage_url;article_selector,
vim-airlines,VIM Airlines,NN,Russia,Scheduled,no,,,,,,,,,,,,,no,,0,0,no,yes,yes,,locale;region;baggage_checked_url;baggage_carryon_url;baggage_fees_url;fare_conditions_url;checkin_url;conditions_of_carriage_url;article_selector,
vlm-airlines,VLM Airlines,VG,Belgium,Scheduled,no,,,,,,,,,,,,,no,,0,0,no,yes,no,,locale;region;baggage_checked_url;baggage_carryon_url;baggage_fees_url;fare_conditions_url;checkin_url;conditions_of_carriage_url;article_selector,
voepass-linhas-aereas,VOEPASS Linhas Aéreas,2Z,Brazil,Scheduled,no,,,,,,,,,,,,,no,,0,0,no,yes,no,,locale;region;baggage_checked_url;baggage_carryon_url;baggage_fees_url;fare_conditions_url;checkin_url;conditions_of_carriage_url;article_selector,
valuejet,ValueJet,VK,Nigeria,Low-cost,no,,,,,,,,,,,,,no,,0,0,no,yes,no,,locale;region;baggage_checked_url;baggage_carryon_url;baggage_fees_url;fare_conditions_url;checkin_url;conditions_of_carriage_url;article_selector,
vanilla-air,Vanilla Air,JW,Japan,Low-cost,no,,,,,,,,,,,,,no,,0,0,no,no,no,,locale;region;baggage_checked_url;baggage_carryon_url;baggage_fees_url;fare_conditions_url;checkin_url;conditions_of_carriage_url;article_selector,
videcom-international-limited,Videcom International Limited,U1,United Kingdom,Scheduled,no,,,,,,,,,,,,,no,,0,0,no,no,no,,locale;region;baggage_checked_url;baggage_carryon_url;baggage_fees_url;fare_conditions_url;checkin_url;conditions_of_carriage_url;article_selector,
vieques-air-link,Vieques Air Link,V4,United States,Scheduled,yes,en-us,manual-priority,North America,,,https://viequesairlink.com/baggage-policy,https://viequesairlink.com/baggage-policy,https://viequesairlink.com/baggage-policy,,,,,yes,2026-09-03,3,0,no,yes,no,,fare_conditions_url;checkin_url;conditions_of_carriage_url;article_selector,3/6 urls imported from filled priority CSV
vietjet,VietJet Air,VJ,Vietnam,Low-cost,yes,en-vn,1b,Southeast Asia,https://www.vietjetair.com,,https://www.vietjetair.com/en/pages/baggage-1608369253776,https://www.vietjetair.com/en/pages/baggage-1608369253776,https://www.vietjetair.com/en/pages/fees-and-charges-1608369255494,https://www.vietjetair.com/en/pages/fare-rules-1608369253589,https://www.vietjetair.com/en/checkin,https://www.vietjetair.com/en/pages/conditions-of-carriage-1608369252148,,yes,2026-09-03,0,6,no,yes,no,https://www.vietjetair.com/en/pages/terms-and-conditions-vietjet-1608015385508,article_selector,6/6 urls
vietnam-airlines,Vietnam Airlines,VN,Vietnam,Scheduled,yes,en-vn,1b,Southeast Asia,https://www.vietnamairlines.com,,https://www.vietnamairlines.com/vn/en/travel-information/baggage/checked-baggage,https://www.vietnamairlines.com/vn/en/travel-information/baggage/carry-on-baggage,https://www.vietnamairlines.com/vn/en/travel-information/baggage/excess-baggage,https://www.vietnamairlines.com/vn/en/plan-book/fares/fare-conditions,https://www.vietnamairlines.com/vn/en/travel-information/check-in,https://www.vietnamairlines.com/vn/en/legal/conditions-of-carriage,,yes,2026-09-03,0,6,no,yes,yes,https://www.vietnamairlines.com/gb/en/legal/conditions-of-carriage,article_selector,6/6 urls
vietravel-airlines,Vietravel Airlines,VU,Vietnam,Scheduled,no,,,,,,,,,,,,,no,,0,0,no,no,no,,locale;region;baggage_checked_url;baggage_carryon_url;baggage_fees_url;fare_conditions_url;checkin_url;conditions_of_carriage_url;article_selector,
villa-air,Villa Air,VP,Vietnam,Scheduled,no,,,,,,,,,,,,,no,,0,0,no,no,no,,locale;region;baggage_checked_url;baggage_carryon_url;baggage_fees_url;fare_conditions_url;checkin_url;conditions_of_carriage_url;article_selector,
virgin-america,Virgin America,VX,United States,Low-cost,no,,,,,,,,,,,,,no,,0,0,no,yes,yes,,locale;region;baggage_checked_url;baggage_carryon_url;baggage_fees_url;fare_conditions_url;checkin_url;conditions_of_carriage_url;article_selector,
virgin-atlantic,Virgin Atlantic,VS,United Kingdom,Scheduled,yes,en-gb,1b,Europe,https://help.virginatlantic.com,,https://help.virginatlantic.com/gb/en/baggage/checked-baggage.html,https://help.virginatlantic.com/gb/en/baggage/hand-baggage.html,https://help.virginatlantic.com/gb/en/baggage/excess-baggage.html,https://help.virginatlantic.com/gb/en/policies/conditions-of-carriage.html,https://help.virginatlantic.com/gb/en/at-the-airport/check-in.html,https://help.virginatlantic.com/gb/en/policies/conditions-of-carriage.html,,yes,2026-09-03,0,6,no,yes,yes,https://help.virginatlantic.com/gb/en/policies/conditions-of-carriage.html,article_selector,6/6 urls
virgin-australia,Virgin Australia,VA,Australia,Scheduled,yes,en-au,1a,Australia/Pacific,https://www.virginaustralia.com,,https://www.virginaustralia.com/au/en/travel-info/baggage/checked-baggage/,https://www.virginaustralia.com/au/en/travel-info/baggage/carry-on-baggage/,https://www.virginaustralia.com/au/en/travel-info/baggage/additional-baggage/,https://www.virginaustralia.com/au/en/travel-info/flying-with-us/fare-types/,https://www.virginaustralia.com/au/en/travel-info/check-in/,https://www.virginaustralia.com/au/en/about-us/policies/legal/conditions-of-carriage/,,yes,2026-09-03,0,6,no,yes,yes,https://www.virginaustralia.com/eu/en/about-us/policies/legal/conditions-of-carriage/,article_selector,6/6 urls
vision-air-moldova,Vision Air (Moldova),4V,Moldova,Scheduled,no,,,,,,,,,,,,,no,,0,0,no,no,no,,locale;region;baggage_checked_url;baggage_carryon_url;baggage_fees_url;fare_conditions_url;checkin_url;conditions_of_carriage_url;article_selector,
vistara,Vistara,UK,India,Scheduled,yes,en-in,manual-priority,Asia,https://www.airvistara.com,,,,,,,https://www.airvistara.com/gb/en/terms-and-conditions,,yes,2026-09-03,0,1,no,yes,no,https://www.airvistara.com/gb/en/terms-and-conditions,baggage_checked_url;baggage_carryon_url;baggage_fees_url;fare_conditions_url;checkin_url;article_selector,1/6 urls imported from filled priority CSV
viva-aerobus,Viva Aerobus,VB,Mexico,Low-cost,yes,en,manual-priority,North America,,,https://blog.vivaaerobus.com/medidas-equipaje-articulos,https://blog.vivaaerobus.com/medidas-equipaje-articulos,https://blog.vivaaerobus.com/medidas-equipaje-articulos,,,,,yes,2026-09-03,0,3,no,yes,yes,,fare_conditions_url;checkin_url;conditions_of_carriage_url;article_selector,3/6 urls imported from filled priority CSV
viva-air-colombia,Viva Air Colombia,VH,Colombia,Low-cost,yes,en,manual-priority,South America,https://www.vivaair.com,,,,,,,https://www.vivaair.com/co/en/legal-information_terms-and-conditions,,yes,2026-09-03,0,1,no,no,yes,https://www.vivaair.com/co/en/legal-information_terms-and-conditions,baggage_checked_url;baggage_carryon_url;baggage_fees_url;fare_conditions_url;checkin_url;article_selector,1/6 urls imported from filled priority CSV
vladivostok-air,Vladivostok Air,XF,Russia,Scheduled,no,,,,,,,,,,,,,no,,0,0,no,yes,no,,locale;region;baggage_checked_url;baggage_carryon_url;baggage_fees_url;fare_conditions_url;checkin_url;conditions_of_carriage_url;article_selector,
volaris,Volaris,Y4,Mexico,Low-cost,yes,en,manual-priority,North America,https://cms.volaris.com,,https://cms.volaris.com/en/useful-information/baggage/checked-baggage/checked-baggage,https://cms.volaris.com/en/cabin-baggage,https://cms.volaris.com/en/useful-information/baggage/checked-baggage/checked-baggage,,,https://cms.volaris.com/globalassets/pdfs/eng/contract-carriage-domestic-int-q6.pdf,,yes,2026-09-03,3,1,no,yes,yes,https://cms.volaris.com/globalassets/pdfs/eng/contract-carriage-domestic-int-q6.pdf,fare_conditions_url;checkin_url;article_selector,4/6 urls imported from filled priority CSV
volaris-costa-rica,Volaris Costa Rica,Q6,Costa Rica,Low-cost,no,,,,,,,,,,,,,no,,0,0,no,no,no,,locale;region;baggage_checked_url;baggage_carryon_url;baggage_fees_url;fare_conditions_url;checkin_url;conditions_of_carriage_url;article_selector,
volaris-el-salvador,Volaris El Salvador,N3,El Salvador,Low-cost,no,,,,,,,,,,,,,no,,0,0,no,no,no,,locale;region;baggage_checked_url;baggage_carryon_url;baggage_fees_url;fare_conditions_url;checkin_url;conditions_of_carriage_url;article_selector,
volga-dnepr-airlines,Volga-Dnepr Airlines,VI,Russia,Scheduled,no,,,,,,,,,,,,,no,,0,0,no,yes,no,,locale;region;baggage_checked_url;baggage_carryon_url;baggage_fees_url;fare_conditions_url;checkin_url;conditions_of_carriage_url;article_selector,
volo,Volo,DC,Sweden,Scheduled,no,,,,,,,,,,,,,no,,0,0,no,no,no,,locale;region;baggage_checked_url;baggage_carryon_url;baggage_fees_url;fare_conditions_url;checkin_url;conditions_of_carriage_url;article_selector,
volotea,Volotea,V7,Spain,Low-cost,yes,en,manual-priority,Europe,https://www.volotea.com,,https://www.volotea.com/en/baggage,https://partners.volotea.com/en/tags_agencies/hand-baggage,https://www.volotea.com/en/flights-faq/before-flying/luggage/which-luggage-is-included-in-the-price-of-the-ticket--106,,,https://www.volotea.com/en/legal-conditions/conditions-of-carriage/,,yes,2026-09-03,0,4,no,no,yes,https://www.volotea.com/en/legal-conditions/conditions-of-carriage/,fare_conditions_url;checkin_url;article_selector,4/6 urls imported from filled priority CSV
vueling,Vueling,VY,Spain,Low-cost,yes,en-es,1b,Europe,https://www.vueling.com,,https://www.vueling.com/en/vueling-services/prepare-your-trip/luggage/checked-baggage,https://www.vueling.com/en/vueling-services/prepare-your-trip/luggage/hand-luggage,https://www.vueling.com/en/vueling-services/prepare-your-trip/luggage/excess-baggage,https://www.vueling.com/en/vueling-services/choose-your-fare,https://www.vueling.com/en/vueling-services/check-in-online,https://www.vueling.com/en/vueling-services/more-vueling-services/conditions-of-carriage,,yes,2026-09-03,0,6,no,yes,yes,https://www.vueling.com/en/customer-services/conditions-of-carriage,article_selector,6/6 urls
wow-air,WOW Air,WW,Iceland,Low-cost,no,,,,,,,,,,,,,no,,0,0,no,yes,no,,locale;region;baggage_checked_url;baggage_carryon_url;baggage_fees_url;fare_conditions_url;checkin_url;conditions_of_carriage_url;article_selector,
wamos-air,Wamos Air,EB,Spain,Scheduled,no,,,,,,,,,,,,,no,,0,0,no,yes,no,,locale;region;baggage_checked_url;baggage_carryon_url;baggage_fees_url;fare_conditions_url;checkin_url;conditions_of_carriage_url;article_selector,
warbelows-air,Warbelows Air,4W,Nigeria,Scheduled,no,,,,,,,,,,,,,no,,0,0,no,yes,no,,locale;region;baggage_checked_url;baggage_carryon_url;baggage_fees_url;fare_conditions_url;checkin_url;conditions_of_carriage_url;article_selector,
webjet-linhas-aereas,Webjet Linhas Aereas,WH,Germany,Scheduled,no,,,,,,,,,,,,,no,,0,0,no,no,no,,locale;region;baggage_checked_url;baggage_carryon_url;baggage_fees_url;fare_conditions_url;checkin_url;conditions_of_carriage_url;article_selector,
west-air,West Air,PN,China,Low-cost,no,,,,,,,,,,,,,no,,0,0,no,yes,yes,,locale;region;baggage_checked_url;baggage_carryon_url;baggage_fees_url;fare_conditions_url;checkin_url;conditions_of_carriage_url;article_selector,
west-link-airlines,West Link Airlines,9L,United States,Scheduled,no,,,,,,,,,,,,,no,,0,0,no,no,no,,locale;region;baggage_checked_url;baggage_carryon_url;baggage_fees_url;fare_conditions_url;checkin_url;conditions_of_carriage_url;article_selector,
westjet,WestJet,WS,Canada,Low-cost,yes,en-ca,1b,North America,https://www.westjet.com,,https://www.westjet.com/en-ca/baggage/checked-bags,https://www.westjet.com/en-ca/baggage/carry-on,https://www.westjet.com/en-ca/baggage/checked-bags,https://www.westjet.com/en-ca/flights/fares,https://www.westjet.com/en-ca/manage/check-in,https://www.westjet.com/en-ca/legal/tariffs,main,yes,2026-09-03,1,5,yes,yes,yes,https://www.westjet.com/en-ca/legal/travel-terms-conditions/westjet-flights,,6/6 urls
westjet-encore,WestJet Encore,WR,Canada,Low-cost,no,,,,,,,,,,,,,no,,0,0,no,yes,no,,locale;region;baggage_checked_url;baggage_carryon_url;baggage_fees_url;fare_conditions_url;checkin_url;conditions_of_carriage_url;article_selector,
western-air,Western Air,WU,Bahamas,Scheduled,no,,,,,,,,,,,,,no,,0,0,no,no,no,,locale;region;baggage_checked_url;baggage_carryon_url;baggage_fees_url;fare_conditions_url;checkin_url;conditions_of_carriage_url;article_selector,
white-airways,White Airways,WI,Portugal,Scheduled,no,,,,,,,,,,,,,no,,0,0,no,yes,no,,locale;region;baggage_checked_url;baggage_carryon_url;baggage_fees_url;fare_conditions_url;checkin_url;conditions_of_carriage_url;article_selector,
wideroe,Widerøe,WF,Norway,Scheduled,no,,,,,,,,,,,,,no,,0,0,no,yes,yes,,locale;region;baggage_checked_url;baggage_carryon_url;baggage_fees_url;fare_conditions_url;checkin_url;conditions_of_carriage_url;article_selector,
winair,Winair,WM,United States,Scheduled,no,,,,,,,,,,,,,no,,0,0,no,yes,yes,,locale;region;baggage_checked_url;baggage_carryon_url;baggage_fees_url;fare_conditions_url;checkin_url;conditions_of_carriage_url;article_selector,
windrose-airlines,Windrose Airlines,7W,Ukraine,Scheduled,yes,en,manual-priority,Europe,https://windrose.aero,,https://windrose.aero/en/prepare_for_flight/baggage/checked_baggage,https://windrose.aero/en/prepare_for_flight/baggage/hand_luggage,https://windrose.aero/en/prepare_for_flight/baggage/checked_baggage,,,https://windrose.aero/en/prepare_for_flight/prepare/rules/,,yes,2026-09-03,0,4,no,yes,no,https://windrose.aero/en/prepare_for_flight/prepare/rules/,fare_conditions_url;checkin_url;article_selector,4/6 urls imported from filled priority CSV
wingo,Wingo,P5,Colombia,Scheduled,no,,,,,,,,,,,,,no,,0,0,no,no,no,,locale;region;baggage_checked_url;baggage_carryon_url;baggage_fees_url;fare_conditions_url;checkin_url;conditions_of_carriage_url;article_selector,
wings-air,Wings Air,IW,Indonesia,Low-cost,no,,,,,,,,,,,,,no,,0,0,no,no,no,,locale;region;baggage_checked_url;baggage_carryon_url;baggage_fees_url;fare_conditions_url;checkin_url;conditions_of_carriage_url;article_selector,
wings-of-lebanon,Wings of Lebanon,W7,Lebanon,Scheduled,no,,,,,,,,,,,,,no,,0,0,no,no,no,,locale;region;baggage_checked_url;baggage_carryon_url;baggage_fees_url;fare_conditions_url;checkin_url;conditions_of_carriage_url;article_selector,
wizz-air,Wizz Air,W6,Hungary,Low-cost,yes,en-gb,1a,Europe,,,https://wizzair.com/en-gb/information-and-services/travel-information/baggage,https://wizzair.com/en-gb/information-and-services/travel-information/baggage,https://wizzair.com/en-gb/information-and-services/prices-discounts/all-services-fees,https://wizzair.com/en-gb/information-and-services/booking-information/fare-lock,https://wizzair.com/en-gb/information-and-services/booking-information/check-in-and-boarding,https://wizzair.com/en-gb/information-and-services/conditions-of-carriage,,yes,2026-09-03,0,6,no,yes,yes,,article_selector,6/6 urls
wizz-air-abu-dhabi,Wizz Air Abu Dhabi,5W,United Arab Emirates,Low-cost,no,,,,,,,,,,,,,no,,0,0,no,no,no,,locale;region;baggage_checked_url;baggage_carryon_url;baggage_fees_url;fare_conditions_url;checkin_url;conditions_of_carriage_url;article_selector,
wizz-air-malta,Wizz Air Malta,W4,Malta,Low-cost,no,,,,,,,,,,,,,no,,0,0,no,no,no,,locale;region;baggage_checked_url;baggage_carryon_url;baggage_fees_url;fare_conditions_url;checkin_url;conditions_of_carriage_url;article_selector,
wizz-air-uk,Wizz Air UK,W9,United Kingdom,Scheduled,no,,,,,,,,,,,,,no,,0,0,no,no,no,,locale;region;baggage_checked_url;baggage_carryon_url;baggage_fees_url;fare_conditions_url;checkin_url;conditions_of_carriage_url;article_selector,
world-atlantic-airlines,World Atlantic Airlines,WL,United States,Scheduled,no,,,,,,,,,,,,,no,,0,0,no,no,no,,locale;region;baggage_checked_url;baggage_carryon_url;baggage_fees_url;fare_conditions_url;checkin_url;conditions_of_carriage_url;article_selector,
world-ticket-ltd,World Ticket Ltd,W1,Canada,Scheduled,no,,,,,,,,,,,,,no,,0,0,no,no,no,,locale;region;baggage_checked_url;baggage_carryon_url;baggage_fees_url;fare_conditions_url;checkin_url;conditions_of_carriage_url;article_selector,
world2fly,World2Fly,2W,Austria,Scheduled,no,,,,,,,,,,,,,no,,0,0,no,no,no,,locale;region;baggage_checked_url;baggage_carryon_url;baggage_fees_url;fare_conditions_url;checkin_url;conditions_of_carriage_url;article_selector,
world2fly-portugal,World2Fly (Portugal),3P,Portugal,Scheduled,no,,,,,,,,,,,,,no,,0,0,no,no,no,,locale;region;baggage_checked_url;baggage_carryon_url;baggage_fees_url;fare_conditions_url;checkin_url;conditions_of_carriage_url;article_selector,
worldspan,Worldspan,1P,United States,Scheduled,no,,,,,,,,,,,,,no,,0,0,no,no,no,,locale;region;baggage_checked_url;baggage_carryon_url;baggage_fees_url;fare_conditions_url;checkin_url;conditions_of_carriage_url;article_selector,
wright-air-service,Wright Air Service,8V,United States,Scheduled,no,,,,,,,,,,,,,no,,0,0,no,no,no,,locale;region;baggage_checked_url;baggage_carryon_url;baggage_fees_url;fare_conditions_url;checkin_url;conditions_of_carriage_url;article_selector,
xejet,XEJet,4U,Germany,Scheduled,no,,,,,,,,,,,,,no,,0,0,no,no,no,,locale;region;baggage_checked_url;baggage_carryon_url;baggage_fees_url;fare_conditions_url;checkin_url;conditions_of_carriage_url;article_selector,
xiamen-airlines,Xiamen Airlines,MF,China,Scheduled,yes,en,manual-priority,Asia,https://www.xiamenair.com,,https://www.xiamenair.com/brandnew_EN/travel-ground-baggage.html,https://www.xiamenair.com/brandnew_EN/travel-ground-baggage.html,https://www.xiamenair.com/brandnew_EN/travel-ground-baggage.html,,,https://www.xiamenair.com/brandnew_EN/travel-transport-condition.html,,yes,2026-09-03,4,0,no,yes,yes,https://www.xiamenair.com/brandnew_EN/travel-transport-condition.html,fare_conditions_url;checkin_url;article_selector,4/6 urls imported from filled priority CSV
xpressair,XpressAir,XN,Indonesia,Scheduled,no,,,,,,,,,,,,,no,,0,0,no,no,no,,locale;region;baggage_checked_url;baggage_carryon_url;baggage_fees_url;fare_conditions_url;checkin_url;conditions_of_carriage_url;article_selector,
yanair,YANAIR,YE,Iran,Scheduled,no,,,,,,,,,,,,,no,,0,0,no,no,no,,locale;region;baggage_checked_url;baggage_carryon_url;baggage_fees_url;fare_conditions_url;checkin_url;conditions_of_carriage_url;article_selector,
yto-cargo-airlines,YTO Cargo Airlines,YG,Ukraine,Scheduled,no,,,,,,,,,,,,,no,,0,0,no,no,no,,locale;region;baggage_checked_url;baggage_carryon_url;baggage_fees_url;fare_conditions_url;checkin_url;conditions_of_carriage_url;article_selector,
yakutia-airlines,Yakutia Airlines,R3,Russia,Scheduled,no,,,,,,,,,,,,,no,,0,0,no,yes,no,,locale;region;baggage_checked_url;baggage_carryon_url;baggage_fees_url;fare_conditions_url;checkin_url;conditions_of_carriage_url;article_selector,
yamal-airlines,Yamal Airlines,YC,Russia,Scheduled,yes,en,manual-priority,Europe,https://yamal.aero,,,,,,,https://yamal.aero/passengers/,,yes,2026-09-03,0,1,no,yes,yes,https://yamal.aero/passengers/,baggage_checked_url;baggage_carryon_url;baggage_fees_url;fare_conditions_url;checkin_url;article_selector,1/6 urls imported from filled priority CSV
yemenia,Yemenia,IY,Yemen,Scheduled,no,,,,,,,,,,,,,no,,0,0,no,yes,yes,,locale;region;baggage_checked_url;baggage_carryon_url;baggage_fees_url;fare_conditions_url;checkin_url;conditions_of_carriage_url;article_selector,
yeti-airlines,Yeti Airlines,YT,Nepal,Scheduled,yes,en,manual-priority,Asia,,,,,https://yetiairlines.com/content/extra-baggage-charges,,,,,yes,2026-09-03,0,1,no,yes,yes,,baggage_checked_url;baggage_carryon_url;fare_conditions_url;checkin_url;conditions_of_carriage_url;article_selector,1/6 urls imported from filled priority CSV
zipair,ZIPAIR,ZG,Japan,Low-cost,no,,,,,,,,,,,,,no,,0,0,no,no,no,,locale;region;baggage_checked_url;baggage_carryon_url;baggage_fees_url;fare_conditions_url;checkin_url;conditions_of_carriage_url;article_selector,
zagros-airlines,Zagros Airlines,ZO,Iran,Scheduled,no,,,,,,,,,,,,,no,,0,0,no,no,no,,locale;region;baggage_checked_url;baggage_carryon_url;baggage_fees_url;fare_conditions_url;checkin_url;conditions_of_carriage_url;article_selector,
zambezi-airlines,Zambezi Airlines,ZJ,Zambia,Scheduled,no,,,,,,,,,,,,,no,,0,0,no,no,no,,locale;region;baggage_checked_url;baggage_carryon_url;baggage_fees_url;fare_conditions_url;checkin_url;conditions_of_carriage_url;article_selector,
zambia-airways,Zambia Airways,ZN,Zambia,Scheduled,no,,,,,,,,,,,,,no,,0,0,no,no,no,,locale;region;baggage_checked_url;baggage_carryon_url;baggage_fees_url;fare_conditions_url;checkin_url;conditions_of_carriage_url;article_selector,
zapways-inc,"Zapways, Inc.",R1,Philippines,Scheduled,no,,,,,,,,,,,,,no,,0,0,no,no,no,,locale;region;baggage_checked_url;baggage_carryon_url;baggage_fees_url;fare_conditions_url;checkin_url;conditions_of_carriage_url;article_selector,
zimex-aviation,Zimex Aviation,XM,Switzerland,Scheduled,no,,,,,,,,,,,,,no,,0,0,no,yes,no,,locale;region;baggage_checked_url;baggage_carryon_url;baggage_fees_url;fare_conditions_url;checkin_url;conditions_of_carriage_url;article_selector,
aero,aero,N2,Estonia,Scheduled,no,,,,,,,,,,,,,no,,0,0,no,no,no,,locale;region;baggage_checked_url;baggage_carryon_url;baggage_fees_url;fare_conditions_url;checkin_url;conditions_of_carriage_url;article_selector,
airbaltic,airBaltic,BT,Latvia,Low-cost,yes,en,manual-priority,Europe,https://www.airbaltic.com,,,,,,,https://www.airbaltic.com/en-GB/general-conditions-of-carriage,,yes,2026-09-03,0,1,no,yes,yes,https://www.airbaltic.com/en-GB/general-conditions-of-carriage,baggage_checked_url;baggage_carryon_url;baggage_fees_url;fare_conditions_url;checkin_url;article_selector,1/6 urls imported from filled priority CSV
airblue,airblue,PA,Pakistan,Low-cost,yes,en,manual-priority,Asia,https://www.airblue.com,,https://www.airblue.com/services/extra-baggage,https://www.airblue.com/services/extra-baggage,https://www.airblue.com/services/extra-baggage,,,https://www.airblue.com/corp/terms,,yes,2026-09-03,0,4,no,yes,no,https://www.airblue.com/corp/terms,fare_conditions_url;checkin_url;article_selector,4/6 urls imported from filled priority CSV
avianca-express,avianca express,EX,Colombia,Scheduled,no,,,,https://www.avianca.com,,,,,,,,,no,,0,0,no,no,no,https://www.avianca.com/uk/en/sobre-nosotros/informacion-legal/contrato-transporte/,locale;region;baggage_checked_url;baggage_carryon_url;baggage_fees_url;fare_conditions_url;checkin_url;conditions_of_carriage_url;article_selector,
easyjet,easyJet,U2,United Kingdom,Low-cost,yes,en-gb,1a,Europe,,,https://www.easyjet.com/en/help/baggage/hold-luggage,https://www.easyjet.com/en/help/baggage/cabin-bag-and-hold-luggage,https://www.easyjet.com/en/help/booking-and-check-in/fees-and-charges,https://www.easyjet.com/en/terms-and-conditions,https://www.easyjet.com/en/help/booking-and-check-in/check-in,https://www.easyjet.com/en/terms-and-conditions,,yes,2026-09-03,0,6,no,yes,no,,article_selector,6/6 urls
flycaa,flyCAA,BU,Democratic Republic of the Congo,Scheduled,no,,,,,,,,,,,,,no,,0,0,no,no,no,,locale;region;baggage_checked_url;baggage_carryon_url;baggage_fees_url;fare_conditions_url;checkin_url;conditions_of_carriage_url;article_selector,
flyadeal,flyadeal,F3,Saudi Arabia,Low-cost,no,,,,,,,,,,,,,no,,0,0,no,no,no,,locale;region;baggage_checked_url;baggage_carryon_url;baggage_fees_url;fare_conditions_url;checkin_url;conditions_of_carriage_url;article_selector,
ifly,iFly,F7,Switzerland,Scheduled,no,,,,,,,,,,,,,no,,0,0,no,no,no,,locale;region;baggage_checked_url;baggage_carryon_url;baggage_fees_url;fare_conditions_url;checkin_url;conditions_of_carriage_url;article_selector,
jetblue,JetBlue,B6,United States,Low-cost,yes,en-us,1b,North America,https://www.jetblue.com,,https://www.jetblue.com/help/checked-bags,https://www.jetblue.com/help/carry-on-bags,https://www.jetblue.com/at-the-airport/baggage-information,https://www.jetblue.com/flying-with-us/our-fares,https://www.jetblue.com/help/checking-in,https://www.jetblue.com/legal/contract-of-carriage,main,yes,2026-09-03,5,1,yes,yes,yes,https://www.jetblue.com/magnoliapublic/dam/ui-assets/p/contract_of_carriage.pdf,,6/6 urls
