carrier_key,name,iata,country,type,locale,band,region,official_website,help_root,baggage_checked_url,baggage_carryon_url,baggage_fees_url,fare_conditions_url,checkin_url,conditions_of_carriage_url,article_selector,notes,has_fact_file,has_review_file
40-mile-air,40-Mile Air,Q5,United States,Scheduled,,,,,,,,,,,,,,no,no
9-air,9 Air,AQ,China,Low-cost,,,,,,,,,,,,,,no,no
abacus-international-pte-ltd,Abacus International Pte. Ltd.,1B,Singapore,Scheduled,,,,,,,,,,,,,,no,no
abx-air-inc,"ABX Air, Inc.",GB,United States,Scheduled,,,,,,,,,,,,,,yes,no
accesrail,AccesRail,9B,Canada,Scheduled,,,,,,,,,,,,,,no,no
act-havayollari-as,ACT Havayollari A.S.,9T,Turkey,Scheduled,,,,,,,,,,,,,,no,no
adria-airways,Adria Airways,JP,Slovenia,Scheduled,,,,,,,,,,,,,,yes,no
advanced-air,Advanced Air,AN,United States,Scheduled,,,,,,,,,,,,,,no,no
aegean-airlines,Aegean Airlines,A3,Greece,Scheduled,,,,https://en.aegeanair.com,,,,,,,https://en.aegeanair.com/conditions-notices/conditions-notices/,,conditions_of_carriage_url prefilled from Duffel refs; please verify.,yes,no
aero,aero,N2,Estonia,Scheduled,,,,,,,,,,,,,,no,no
aero-charter-ukraine,Aero-Charter Ukraine,DW,Ukraine,Scheduled,,,,,,,,,,,,,,yes,no
aero-dili,Aero Dili,8G,Timor-Leste,Scheduled,,,,,,,,,,,,,,no,no
aero-k,Aero K,RF,South Korea,Low-cost,,,,,,,,,,,,,,no,no
aero-mongolia,Aero Mongolia,M0,Mongolia,Scheduled,,,,,,,,,,,,,,yes,no
aero-nomad-airlines,Aero Nomad Airlines,KA,Kyrgyzstan,Scheduled,,,,,,,,,,,,,,no,no
aero-tropics-air-services,Aero-Tropics Air Services,HC,Australia,Scheduled,,,,https://flyairsenegal.com,,,,,,,https://flyairsenegal.com/en/legal-notice/conditions-of-carriage/,,conditions_of_carriage_url prefilled from Duffel refs; please verify.,yes,no
aeroflot,Aeroflot,SU,Russia,Scheduled,,,,https://www.aeroflot.ru,,,,,,,https://www.aeroflot.ru/gb-en/information/legal/contract,,conditions_of_carriage_url prefilled from Duffel refs; please verify.,yes,no
aeroitalia,AeroItalia,XZ,Italy,Low-cost,,,,,,,,,,,,,,no,no
aerolineas-argentinas,Aerolineas Argentinas,AR,Argentina,Scheduled,,,,https://www.aerolineas.com.ar,,,,,,,https://www.aerolineas.com.ar/legales?tab=condicionestransporte,,conditions_of_carriage_url prefilled from Duffel refs; please verify.,no,no
aerolineas-sosa,Aerolineas Sosa,S0,Honduras,Scheduled,,,,,,,,,,,,,,no,no
aerolink,AeroLink,A8,Uganda,Scheduled,,,,,,,,,,,,,,no,no
aeromar,Aeromar,VW,Mexico,Scheduled,,,,,,,,,,,,,,yes,no
aeromexico,Aeroméxico,AM,Mexico,Scheduled,,,,https://aeromexico.com,,,,,,,https://aeromexico.com/en-us/legal-information,,conditions_of_carriage_url prefilled from Duffel refs; please verify.,yes,no
aeromexico-connect,Aeromexico Connect,5D,Mexico,Scheduled,,,,https://aeromexico.com,,,,,,,https://aeromexico.com/en-us/legal-information,,conditions_of_carriage_url prefilled from Duffel refs; please verify.,no,no
aeronautical-telecommunications-ltdaerotel,Aeronautical Telecommunications Ltd.(AEROTEL),XI,Jamaica,Scheduled,,,,,,,,,,,,,,no,no
aeropelican-air-services,Aeropelican Air Services,OT,Australia,Scheduled,,,,,,,,,,,,,,no,no
aeroservis,Aeroservis,АЯ,Russia,Scheduled,,,,,,,,,,,,,,no,no
aerostan,AeroStan,KW,Kyrgyzstan,Scheduled,,,,,,,,,,,,,,no,no
aerotranscargo,Aerotranscargo,F5,Moldova (Republic of Moldova),Scheduled,,,,,,,,,,,,,,no,no
aerovias-dap,Aerovias DAP,V5,Chile,Scheduled,,,,,,,,,,,,,,no,no
africa-world-airlines,Africa World Airlines,AW,Ghana,Scheduled,,,,,,,,,,,,,,no,no
african-express-airways,African Express Airways,XU,Kenya,Scheduled,,,,,,,,,,,,,,yes,no
afrinat-international-airlines,Afrinat International Airlines,2F,Gambia,Scheduled,,,,,,,,,,,,,,no,no
afriqiyah-airways,Afriqiyah Airways,8U,Libya,Scheduled,,,,https://afriqiyah.aero,,,,,,,https://afriqiyah.aero/en/,,conditions_of_carriage_url prefilled from Duffel refs; please verify.,no,no
ahk-air-hong-kong-limited,AHK Air Hong Kong Limited,LD,Hong Kong,Scheduled,,,,,,,,,,,,,,yes,no
aigle-azur,Aigle Azur,ZI,France,Scheduled,,,,,,,,,,,,,,yes,no
air-albania,Air Albania,ZB,Reunion,Scheduled,,,,,,,,,,,,,,yes,no
air-algerie,Air Algerie,AH,Algeria,Scheduled,,,,https://airalgerie.dz,,,,,,,https://airalgerie.dz/en/legal-notice/general-conditions-of-carriage-2/,,conditions_of_carriage_url prefilled from Duffel refs; please verify.,no,no
air-alsie,Air Alsie,6I,Denmark,Scheduled,,,,,,,,,,,,,,yes,no
air-anka,Air Anka,6K,Turkey,Scheduled,,,,,,,,,,,,,,no,no
air-antilles,Air Antilles,4I,France,Low-cost,,,,,,,,,,,,,,no,no
air-arabia,Air Arabia,G9,United Arab Emirates,Low-cost,,,,,,,,,,,,,,yes,no
air-arabia-abu-dhabi,Air Arabia Abu Dhabi,3L,United Arab Emirates,Low-cost,,,,,,,,,,,,,,no,no
air-arabia-egypt,Air Arabia Egypt,E5,Egypt,Low-cost,,,,,,,,,,,,,,yes,no
air-arabia-maroc,Air Arabia Maroc,3O,Morocco,Low-cost,,,,,,,,,,,,,,yes,no
air-astana,Air Astana,KC,Kazakhstan,Scheduled,,,,,,,,,,,,,,yes,no
air-atlanta,Air Atlanta,CC,Iceland,Scheduled,,,,https://www.cmairlines.com,,,,,,,https://www.cmairlines.com/wp-content/uploads/2019/12/C-2-2019-11-Package-policies-EN.pdf,,conditions_of_carriage_url prefilled from Duffel refs; please verify.,no,no
air-atlanta-europe,Air Atlanta Europe,CT,United Kingdom,Scheduled,,,,,,,,,,,,,,no,no
air-austral,Air Austral,UU,France,Scheduled,,,,https://www.air-austral.com,,,,,,,https://www.air-austral.com/en/general-conditions-of-carriage.html,,conditions_of_carriage_url prefilled from Duffel refs; please verify.,yes,no
air-berlin,Air Berlin,HE,Germany,Scheduled,,,,,,,,,,,,,,no,no
air-botswana,Air Botswana,BP,Botswana,Scheduled,,,,https://www.airbotswana.co.bw,,,,,,,https://www.airbotswana.co.bw/general-conditions-carriage,,conditions_of_carriage_url prefilled from Duffel refs; please verify.,yes,no
air-burkina,Air Burkina,2J,Burkina Faso,Scheduled,,,,https://air-burkina.com,,,,,,,"https://air-burkina.com/en/general-conditions-of-carriage#:~:text=The%20passenger%20is%20required%20to,departure%20formalities%20to%20be%20completed.",,conditions_of_carriage_url prefilled from Duffel refs; please verify.,yes,no
air-busan,Air Busan,BX,South Korea,Low-cost,,,,,,,,,,,,,,yes,no
air-cairo,Air Cairo,SM,Egypt,Scheduled,,,,,,,,,,,,,,no,no
air-caledonie,Air Caledonie,TY,New Caledonia,Scheduled,,,,,,,,,,,,,,no,no
air-cambodia,Air Cambodia,K6,Cambodia,Scheduled,,,,https://www.cambodiaangkorair.com,,,,,,,https://www.cambodiaangkorair.com/post-category/34/terms-and-conditions,,conditions_of_carriage_url prefilled from Duffel refs; please verify.,yes,no
air-canada-express,Air Canada Express,QK,Canada,Scheduled,,,,,,,,,,,,,,no,no
air-canada-rouge,Air Canada Rouge,RV,Canada,Low-cost,,,,,,,,,,,,,,no,no
air-caraibes,Air Caraibes,TX,"France (Guadeloupe, overseas territory)",Scheduled,,,,https://en.aircaraibes.com,,,,,,,https://en.aircaraibes.com/en/general-conditions-sale-and-carriage,,conditions_of_carriage_url prefilled from Duffel refs; please verify.,no,no
air-cargo-carriers-llc,"Air Cargo Carriers, LLC.",2Q,United States,Scheduled,,,,,,,,,,,,,,yes,no
air-cargo-germany,Air Cargo Germany,6U,Germany,Scheduled,,,,,,,,,,,,,,no,no
air-century,Air Century,Y2,Dominican Republic,Scheduled,,,,,,,,,,,,,,no,no
air-changan,Air Changan,9H,China,Scheduled,,,,,,,,,,,,,,yes,no
air-congo,Air Congo,4H,Democratic Republic of the Congo,Scheduled,,,,,,,,,,,,,,no,no
air-corsica,Air Corsica,XK,France,Scheduled,,,,https://www.aircorsica.com,,,,,,,https://www.aircorsica.com/flights/conditions-carriage-passengers.html,,conditions_of_carriage_url prefilled from Duffel refs; please verify.,yes,no
air-cote-divoire,Air Cote D'Ivoire,HF,Côte d'Ivoire (Ivory Coast),Scheduled,,,,,,,,,,,,,,yes,no
air-creebec,Air Creebec,YN,Canada,Scheduled,,,,,,,,,,,,,,no,no
air-dilijans,Air Dilijans,RM,Armenia,Scheduled,,,,https://armeniafly.com,,,,,,,https://armeniafly.com/conditions-of-carriage-en,,conditions_of_carriage_url prefilled from Duffel refs; please verify.,yes,no
air-djibouti,Air Djibouti,DJ,Djibouti,Scheduled,,,,,,,,,,,,,,yes,no
air-do,Air Do,HD,Japan,Scheduled,,,,,,,,,,,,,,no,no
air-europa,Air Europa,UX,Spain,Scheduled,,,,https://www.aireuropa.com,,,,,,,https://www.aireuropa.com/uk/en/aea/travel-information/terms-and-conditions/conditions-of-carriage.html,,conditions_of_carriage_url prefilled from Duffel refs; please verify.,yes,no
air-europa-express,Air Europa Express,X5,Spain,Scheduled,,,,https://www.aireuropa.com,,,,,,,https://www.aireuropa.com/uk/en/aea/travel-information/terms-and-conditions/conditions-of-carriage.html,,conditions_of_carriage_url prefilled from Duffel refs; please verify.,no,no
air-excel,Air Excel,0X,Tanzania,Scheduled,,,,,,,,,,,,,,no,no
air-flamenco,Air Flamenco,F4,United States,Scheduled,,,,,,,,,,,,,,no,no
air-greenland,Air Greenland,GL,Greenland,Scheduled,,,,https://as-agl-web-prod.azurewebsites.net,,,,,,,https://as-agl-web-prod.azurewebsites.net/media/5hkdqc4p/provisions-of-carriage-air-greenland.pdf,,conditions_of_carriage_url prefilled from Duffel refs; please verify.,yes,no
air-guilin,Air Guilin,GT,China,Scheduled,,,,,,,,,,,,,,no,no
air-iceland-connect,Air Iceland Connect,NY,Iceland,Scheduled,,,,,,,,,,,,,,yes,no
air-incheon,Air Incheon,KJ,South Korea,Scheduled,,,,,,,,,,,,,,no,no
air-india-express,Air India Express,IX,India,Low-cost,,,,,,,,,,,,,,yes,no
air-inuit,Air Inuit,3H,Canada,Scheduled,,,,,,,,,,,,,,no,no
air-japan,Air Japan,NQ,Japan,Scheduled,,,,https://www.air-japan.co.jp,,,,,,,https://www.air-japan.co.jp/,,conditions_of_carriage_url prefilled from Duffel refs; please verify.,yes,no
air-kbz,Air KBZ,K7,Myanmar,Scheduled,,,,,,,,,,,,,,no,no
air-kiribati,Air Kiribati,IK,Kiribati,Scheduled,,,,,,,,,,,,,,yes,no
air-koryo,Air Koryo,JS,North Korea,Scheduled,,,,,,,,,,,,,,yes,no
air-libya,Air Libya,7I,Libya,Scheduled,,,,,,,,,,,,,,yes,no
air-link,Air Link,LZ,Australia,Scheduled,,,,,,,,,,,,,,no,no
air-lituanica,Air Lituanica,LT,Lithuania,Scheduled,,,,,,,,,,,,,,no,no
air-macau,Air Macau,NX,Macao,Scheduled,,,,http://www.airmacau.com.mo,,,,,,,http://www.airmacau.com.mo/,,conditions_of_carriage_url prefilled from Duffel refs; please verify.,yes,no
air-madagascar,Air Madagascar,MD,Madagascar,Scheduled,,,,https://madagascarairlines.com,,,,,,,https://madagascarairlines.com/en/informations/general-conditions-of-sale-and-carriage.html,,conditions_of_carriage_url prefilled from Duffel refs; please verify.,yes,no
air-manas,Air Manas,ZM,Kyrgyzstan,Low-cost,,,,,,,,,,,,,,no,no
air-mauritius,Air Mauritius,MK,Mauritius,Scheduled,,,,https://www.airmauritius.com,,,,,,,https://www.airmauritius.com/conditions-of-carriage,,conditions_of_carriage_url prefilled from Duffel refs; please verify.,yes,no
air-mekong,Air Mekong,P8,Vietnam,Scheduled,,,,,,,,,,,,,,yes,no
air-moana,Air Moana,NM,French Polynesia,Scheduled,,,,,,,,,,,,,,yes,no
air-mobility-command,Air Mobility Command,MC,United States,Scheduled,,,,,,,,,,,,,,no,no
air-moldova,Air Moldova,9U,Moldova,Scheduled,,,,https://www.airmoldova.md,,,,,,,https://www.airmoldova.md/terms-of-carriage-en/,,conditions_of_carriage_url prefilled from Duffel refs; please verify.,yes,no
air-montenegro,Air Montenegro,4O,Montenegro,Scheduled,,,,,,,,,,,,,,no,no
air-namibia,Air Namibia,SW,Namibia,Scheduled,,,,,,,,,,,,,,yes,no
air-niamey,Air Niamey,A7,Niger,Low-cost,,,,,,,,,,,,,,yes,no
air-niugini,Air Niugini,PX,Papua New Guinea,Scheduled,,,,https://www.airniugini.com.pg,,,,,,,https://www.airniugini.com.pg/conditions-of-carriage/,,conditions_of_carriage_url prefilled from Duffel refs; please verify.,yes,no
air-north,Air North,4N,Canada,Scheduled,,,,https://www.flyairnorth.com,,,,,,,https://www.flyairnorth.com/support,,conditions_of_carriage_url prefilled from Duffel refs; please verify.,yes,no
air-nostrum,Air Nostrum,YW,Spain,Scheduled,,,,,,,,,,,,,,yes,no
air-ocean-airlines,Air Ocean Airlines,0O,Ukraine,Scheduled,,,,,,,,,,,,,,no,no
air-panama,Air Panama,7P,Panama,Scheduled,,,,,,,,,,,,,,no,no
air-peace,Air Peace,P4,Honduras,Low-cost,,,,,,,,,,,,,,no,no
air-premia,Air Premia,YP,South Korea,Scheduled,,,,,,,,,,,,,,no,no
air-rarotonga,Air Rarotonga,GZ,Cook Islands,Scheduled,,,,,,,,,,,,,,yes,no
air-saint-pierre,Air Saint Pierre,PJ,France,Scheduled,,,,,,,,,,,,,,yes,no
air-samarkand,Air Samarkand,9S,Uzbekistan,Scheduled,,,,,,,,,,,,,,no,no
air-seoul,Air Seoul,RS,South Korea,Low-cost,,,,,,,,,,,,,,no,no
air-serbia,Air Serbia,JU,Serbia,Scheduled,,,,https://www.airserbia.com,,,,,,,https://www.airserbia.com/en/footer_copy_menu/legal/general-conditions-of-carriage,,conditions_of_carriage_url prefilled from Duffel refs; please verify.,yes,no
air-seychelles,Air Seychelles,HM,Seychelles,Scheduled,,,,https://www.airseychelles.com,,,,,,,https://www.airseychelles.com/en/conditions-of-carriage,,conditions_of_carriage_url prefilled from Duffel refs; please verify.,yes,no
air-tahiti,Air Tahiti,VT,French Polynesia,Scheduled,,,,https://www.airtahitinui.com,,,,,,,https://www.airtahitinui.com/uk-en/conditions-carriage,,conditions_of_carriage_url prefilled from Duffel refs; please verify.,yes,no
air-tahiti-nui,Air Tahiti Nui,TN,France,Scheduled,,,,https://www.airtahitinui.com,,,,,,,https://www.airtahitinui.com/uk-en/conditions-carriage,,conditions_of_carriage_url prefilled from Duffel refs; please verify.,yes,no
air-tanzania,Air Tanzania,TC,Tanzania,Scheduled,,,,https://www.airtanzania.co.tz,,,,,,,https://www.airtanzania.co.tz/,,conditions_of_carriage_url prefilled from Duffel refs; please verify.,yes,no
air-thanlwin,Air Thanlwin,ST,Myanmar,Scheduled,,,,,,,,,,,,,,yes,no
air-timor,Air Timor,6C,Timor-Leste,Scheduled,,,,,,,,,,,,,,no,no
air-tindi,Air Tindi,8T,Canada,Scheduled,,,,,,,,,,,,,,yes,no
air-transat,Air Transat,TS,Canada,Scheduled,,,,https://www.airtransat.com,,,,,,,https://www.airtransat.com/en-GB/legal-notice-uk/general-terms-and-conditions,,conditions_of_carriage_url prefilled from Duffel refs; please verify.,yes,no
air-transport-association-of-americadba-airlines-for-america,Air Transport Association of Americad\b\a Airlines for America,XD,United States,Scheduled,,,,,,,,,,,,,,no,no
air-transport-international-llc,Air Transport International L.L.C.,8C,United States,Scheduled,,,,,,,,,,,,,,yes,no
air-travel,Air Travel,A6,China,Scheduled,,,,,,,,,,,,,,no,no
air-vanuatu,Air Vanuatu,NF,Vanuatu,Scheduled,,,,https://www.airvanuatu.com,,,,,,,https://www.airvanuatu.com/travel-info/conditions-of-carriage,,conditions_of_carriage_url prefilled from Duffel refs; please verify.,yes,no
air-wisconsin,Air Wisconsin,ZW,United States,Scheduled,,,,,,,,,,,,,,no,no
air-x-charter,Air X Charter,AX,Malta,Scheduled,,,,,,,,,,,,,,no,no
air-zimbabwe,Air Zimbabwe,UM,Zimbabwe,Scheduled,,,,,,,,,,,,,,yes,no
airasia-cambodia,AirAsia Cambodia,KT,Cambodia,Low-cost,,,,,,,,,,,,,,no,no
airbaltic,airBaltic,BT,Latvia,Low-cost,,,,https://www.airbaltic.com,,,,,,,https://www.airbaltic.com/en-GB/general-conditions-of-carriage,,conditions_of_carriage_url prefilled from Duffel refs; please verify.,yes,yes
airblue,airblue,PA,Pakistan,Low-cost,,,,https://www.airblue.com,,,,,,,https://www.airblue.com/corp/terms,,conditions_of_carriage_url prefilled from Duffel refs; please verify.,yes,no
airborneo,AirBorneo,MY,Malaysia,Scheduled,,,,,,,,,,,,,,no,no
airbridgecargo,AirBridgeCargo,RU,Russia,Scheduled,,,,,,,,,,,,,,yes,no
aircalin,Aircalin,SB,New Caledonia,Scheduled,,,,,,,,,,,,,,yes,no
airconnect,AirConnect,KS,Romania,Scheduled,,,,,,,,,,,,,,no,no
airdolomiti,AirDolomiti,EN,Italy,Scheduled,,,,https://www.airdolomiti.eu,,,,,,,https://www.airdolomiti.eu/legal-info/air-carrier-liability,,conditions_of_carriage_url prefilled from Duffel refs; please verify.,no,no
airexplore,AirExplore,ED,Slovakia,Scheduled,,,,,,,,,,,,,,no,no
airfast-indonesia,Airfast Indonesia,1T,Indonesia,Scheduled,,,,,,,,,,,,,,no,no
airhub-airlines,Airhub Airlines,RE,Malta,Scheduled,,,,,,,,,,,,,,no,no
airkenya,AirKenya,P2,Kenya,Scheduled,,,,,,,,,,,,,,yes,no
airline-urga,Airline Urga,3N,Ukraine,Scheduled,,,,,,,,,,,,,,yes,no
airlink,Airlink,4Z,Austria,Scheduled,,,,https://www.flyairlink.com,,,,,,,https://www.flyairlink.com/en/za/conditions-of-carriage,,conditions_of_carriage_url prefilled from Duffel refs; please verify.,yes,no
airmax-sa,Airmax S.A.,X8,Peru,Scheduled,,,,,,,,,,,,,,no,no
airnorth,Airnorth,TL,Australia,Scheduled,,,,https://www.airnorth.com.au,,,,,,,https://www.airnorth.com.au/plan/fare-information/conditions-of-carriage/,,conditions_of_carriage_url prefilled from Duffel refs; please verify.,yes,no
airshop-bv,Airshop B.V.,FF,Netherlands,Scheduled,,,,,,,,,,,,,,no,no
airswift,AirSWIFT,T6,Philippines,Scheduled,,,,,,,,,,,,,,no,no
airzena,Airzena,LV,Georgia,Scheduled,,,,,,,,,,,,,,no,no
ais-airlines,AIS Airlines,0C,Netherlands,Scheduled,,,,,,,,,,,,,,no,no
aix-connect,AIX Connect,I5,India,Low-cost,,,,,,,,,,,,,,no,no
ajet,Ajet,VF,Cyprus,Low-cost,,,,,,,,,,,,,,yes,no
ak-bars-aero,Ak Bars Aero,2B,Russia,Low-cost,,,,,,,,,,,,,,no,no
akasa-air,Akasa Air,QP,India,Low-cost,,,,,,,,,,,,,,no,no
aklak-air,Aklak Air,6L,Canada,Scheduled,,,,,,,,,,,,,,yes,no
alaska-seaplanes,Alaska Seaplanes,J5,United States,Scheduled,,,,,,,,,,,,,,no,no
albastar,AlbaStar,AP,Spain,Scheduled,,,,,,,,,,,,,,no,no
alexandria-airlines,Alexandria Airlines,DQ,Egypt,Scheduled,,,,,,,,,,,,,,no,no
all-nippon-airways,All Nippon Airways,NH,Japan,Scheduled,,,,https://www.ana.co.jp,,,,,,,https://www.ana.co.jp/en/gb/siteinfo/international/conditions-of-carriage/,,conditions_of_carriage_url prefilled from Duffel refs; please verify.,yes,no
allegiant-air,Allegiant Air,G4,United States,Low-cost,,,,https://www.allegiantair.com,,,,,,,https://www.allegiantair.com/contract-carriage,,conditions_of_carriage_url prefilled from Duffel refs; please verify.,yes,no
alliance-air,Alliance Air,9I,India,Scheduled,,,,,,,,,,,,,,no,no
alliance-airlines,Alliance Airlines,QQ,Australia,Scheduled,,,,https://www.allianceairlines.com.au,,,,,,,https://www.allianceairlines.com.au/terms-conditions,,conditions_of_carriage_url prefilled from Duffel refs; please verify.,no,no
almasria-universal-airlines,AlMasria Universal Airlines,UJ,Egypt,Scheduled,,,,,,,,,,,,,,yes,no
alpavia,ALPAVIA,AL,United States,Low-cost,,,,,,,,,,,,,,no,no
alpha-air-transport,Alpha Air Transport,7U,Canada,Scheduled,,,,,,,,,,,,,,no,no
alrosa,ALROSA,6R,Russia,Scheduled,,,,,,,,,,,,,,no,no
alsa-grupo-slu,Alsa Grupo SLU,5I,Spain,Scheduled,,,,,,,,,,,,,,no,no
amadeus-it-group-sa,Amadeus IT Group SA,1A,Spain,Scheduled,,,,,,,,,,,,,,no,no
amakusa-airlines,Amakusa Airlines,MZ,Japan,Scheduled,,,,,,,,,,,,,,yes,no
amaszonas,Amaszonas,Z8,Bolivia,Scheduled,,,,,,,,,,,,,,no,no
amaszonas-uruguay,Amaszonas Uruguay,Z7,Uruguay,Scheduled,,,,,,,,,,,,,,no,no
amelia,Amelia,8R,France,Scheduled,,,,,,,,,,,,,,no,no
american-eagle,American Eagle,ZZ,United States,Scheduled,,,,https://duffelairways.com,,,,,,,https://duffelairways.com/dummy-url/conditions-of-carriage,,conditions_of_carriage_url prefilled from Duffel refs; please verify.,no,no
amerijet-international-inc,Amerijet International Inc.,M6,United States,Scheduled,,,,,,,,,,,,,,yes,no
amtrak,Amtrak,2V,United States,Scheduled,,,,,,,,,,,,,,no,no
ana-wings,ANA Wings,EH,Japan,Scheduled,,,,https://www.ana.co.jp,,,,,,,https://www.ana.co.jp/en/gb/siteinfo/international/conditions-of-carriage/,,conditions_of_carriage_url prefilled from Duffel refs; please verify.,yes,no
andes-lineas-aereas,Andes Lineas Aereas,O4,Argentina,Scheduled,,,,,,,,,,,,,,no,no
angara-airlines,Angara Airlines,2G,Russia,Scheduled,,,,,,,,,,,,,,no,no
anguilla-air-services,Anguilla Air Services,Q3,Russia,Scheduled,,,,,,,,,,,,,,no,no
animawings,Animawings,A2,Romania,Scheduled,,,,,,,,,,,,,,no,no
apa-guam,APA Guam,P9,Guam,Scheduled,,,,,,,,,,,,,,no,no
apg-airlines,APG Airlines,GP,France,Scheduled,,,,https://back-apgairlines.orchestra-platform.com,,,,,,,https://back-apgairlines.orchestra-platform.com/admin/TS/fckUserFiles/Content_File/carriage_conditions_APGAirlines_EN.pdf,,conditions_of_carriage_url prefilled from Duffel refs; please verify.,no,no
arajet,Arajet,DM,Dominican Republic,Low-cost,,,,,,,,,,,,,,no,no
arctic-transportation-services-inc-ryan-air,"Arctic Transportation Services, Inc Ryan Air",7S,United States,Scheduled,,,,,,,,,,,,,,no,no
ariana-afghan-airlines,Ariana Afghan Airlines,FG,Afghanistan,Scheduled,,,,https://www.flyariana.com,,,,,,,https://www.flyariana.com/FooterLinks/Legal,,conditions_of_carriage_url prefilled from Duffel refs; please verify.,yes,no
arik-air,Arik Air,W3,Nigeria,Scheduled,,,,,,,,,,,,,,yes,no
arincaeronautical-radio-inc,"ARINC(Aeronautical Radio, Inc.)",XA,United States,Scheduled,,,,,,,,,,,,,,no,no
arkhangelsk-2,Arkhangelsk-2,АЧ,Russia,Scheduled,,,,,,,,,,,,,,no,no
arkia,Arkia,IZ,Israel,Scheduled,,,,https://www.arkia.co.il,,,,,,,https://www.arkia.co.il/content/movil-domestic,,conditions_of_carriage_url prefilled from Duffel refs; please verify.,yes,no
arktika,Arktika,СИ,Russia,Scheduled,,,,,,,,,,,,,,no,no
armenia-airways,Armenia Airways,6A,Armenia,Scheduled,,,,,,,,,,,,,,no,no
armenian-airlines,Armenian Airlines,JI,Armenia,Scheduled,,,,,,,,,,,,,,no,no
aruba-airlines,Aruba Airlines,AG,Aruba,Scheduled,,,,,,,,,,,,,,no,no
as-salaam-air,AS SALAAM AIR,0W,Tanzania,Scheduled,,,,,,,,,,,,,,no,no
ascend-airways,Ascend Airways,YD,Belarus,Scheduled,,,,,,,,,,,,,,no,no
aserca-airlines,Aserca Airlines,R7,Venezuela,Scheduled,,,,,,,,,,,,,,yes,no
asian-wings-airways,Asian Wings Airways,YJ,Burma,Scheduled,,,,,,,,,,,,,,no,no
asiana-airlines,Asiana Airlines,OZ,South Korea,Scheduled,,,,https://flyasiana.com,,,,,,,https://flyasiana.com/C/GB/EN/contents/terms-of-transportation-and-notification,,conditions_of_carriage_url prefilled from Duffel refs; please verify.,yes,no
asky-airlines,ASKY Airlines,KP,Togo,Scheduled,,,,https://www.flyasky.com,,,,,,,https://www.flyasky.com/aa/en/plan,,conditions_of_carriage_url prefilled from Duffel refs; please verify.,no,no
asl-airlines-france,ASL Airlines France,5O,France,Scheduled,,,,https://www.aslairlines.fr,,,,,,,https://www.aslairlines.fr/wp-content/uploads/2013/04/190219-GAL-CONDITIONS-OF-CARRIAGE-2019-1.pdf,,conditions_of_carriage_url prefilled from Duffel refs; please verify.,yes,no
asl-airlines-ireland,ASL Airlines Ireland,5H,Ireland,Low-cost,,,,,,,,,,,,,,no,no
asl-airways,ASL Airways,3V,Belgium,Scheduled,,,,,,,,,,,,,,no,no
asman-airlines,Asman Airlines,MN,Kyrgyzstan,Low-cost,,,,,,,,,,,,,,no,no
atlantic-airways,Atlantic Airways,RC,Faroe Islands,Low-cost,,,,https://www.atlanticairways.com,,,,,,,https://www.atlanticairways.com/media/1523/iata_conditions-of-contract_en.pdf,,conditions_of_carriage_url prefilled from Duffel refs; please verify.,yes,no
atlas-air,Atlas Air,5Y,United States,Scheduled,,,,,,,,,,,,,,yes,no
atran,Atran,V8,Russia,Scheduled,,,,,,,,,,,,,,yes,no
atsa-airlines,ATSA Airlines,4A,Peru,Low-cost,,,,,,,,,,,,,,no,no
auric-air,Auric Air,UI,Tanzania,Scheduled,,,,,,,,,,,,,,no,no
aurigny,Aurigny,GR,Guernsey,Scheduled,,,,https://www.aurigny.com,,,,,,,https://www.aurigny.com/legal/conditions-carriage,,conditions_of_carriage_url prefilled from Duffel refs; please verify.,no,no
aurora,Aurora,HZ,Russia,Scheduled,,,,,,,,,,,,,,no,no
austral-lineas-aereas,Austral Lineas Aereas,AU,Argentina,Scheduled,,,,,,,,,,,,,,no,no
australian-airlines,Australian Airlines,AO,Australia,Scheduled,,,,,,,,,,,,,,no,no
austrian-airlines,Austrian Airlines,OS,Austria,Scheduled,,,,https://www.austrian.com,,,,,,,https://www.austrian.com/es/en/legal/conditions-of-carriage,,conditions_of_carriage_url prefilled from Duffel refs; please verify.,yes,no
avelo-airlines,Avelo Airlines,XP,United States,Low-cost,,,,,,,,,,,,,,no,no
avia-traffic-company,Avia Traffic Company,ТФ,Kyrgyzstan,Scheduled,,,,,,,,,,,,,,no,no
aviacon-zitotrans-air-company-jsc,Aviacon Zitotrans Air Company JSC,ZR,Russia,Scheduled,,,,,,,,,,,,,,no,no
avialeasing-aviation-company,Avialeasing Aviation Company,V2,Uzbekistan,Scheduled,,,,,,,,,,,,,,no,no
avianca,Avianca,AV,Colombia,Scheduled,,,,https://www.avianca.com,,,,,,,https://www.avianca.com/uk/en/sobre-nosotros/informacion-legal/contrato-transporte/,,conditions_of_carriage_url prefilled from Duffel refs; please verify.,yes,no
avianca-brazil,Avianca Brazil,O6,Brazil,Scheduled,,,,,,,,,,,,,,no,no
avianca-costa-rica,Avianca Costa Rica,LR,Costa Rica,Scheduled,,,,https://www.avianca.com,,,,,,,https://www.avianca.com/uk/en/sobre-nosotros/informacion-legal/contrato-transporte/,,conditions_of_carriage_url prefilled from Duffel refs; please verify.,yes,no
avianca-ecuador,Avianca Ecuador,2K,Ecuador,Scheduled,,,,,,,,,,,avianca.com/otr/en/about-us/legal-documentation/contract-of-carriage/,,conditions_of_carriage_url prefilled from Duffel refs; please verify.,yes,no
avianca-el-salvador,Avianca El Salvador,TA,El Salvador,Scheduled,,,,https://www.avianca.com,,,,,,,https://www.avianca.com/uk/en/sobre-nosotros/informacion-legal/contrato-transporte/,,conditions_of_carriage_url prefilled from Duffel refs; please verify.,no,no
avianca-express,avianca express,EX,Colombia,Scheduled,,,,https://www.avianca.com,,,,,,,https://www.avianca.com/uk/en/sobre-nosotros/informacion-legal/contrato-transporte/,,conditions_of_carriage_url prefilled from Duffel refs; please verify.,no,no
avianca-guatemala,Avianca Guatemala,GU,Guatemala,Scheduled,,,,,,,,,,,,,,no,no
avianca-peru,Avianca Peru,T0,Peru,Scheduled,,,,,,,,,,,,,,no,no
aviastar-tu,Aviastar-TU,4B,Russia,Scheduled,,,,https://www.boutiqueair.com,,,,,,,https://www.boutiqueair.com/pages/terms,,conditions_of_carriage_url prefilled from Duffel refs; please verify.,yes,no
avion-express-lithuania,Avion Express Lithuania,X9,Lithuania,Scheduled,,,,,,,,,,,,,,yes,no
avion-express-malta,Avion Express Malta,4X,Malta,Scheduled,,,,,,,,,,,,,,yes,no
avior-airlines,Avior Airlines,3R,Venezuela,Scheduled,,,,,,,,,,,,,,no,no
azerbaijan-airlines,Azerbaijan Airlines,J2,Azerbaijan,Scheduled,,,,https://www.azal.az,,,,,,,https://www.azal.az/en/information/rules-and-conditions,,conditions_of_carriage_url prefilled from Duffel refs; please verify.,yes,no
azimuth,Azimuth,A4,Russia,Scheduled,,,,,,,,,,,,,,no,no
aztec-airways,Aztec Airways,AJ,United States,Scheduled,,,,,,,,,,,,,,no,no
azul-airlines,Azul Airlines,AD,Brazil,Low-cost,,,,https://www.voeazul.com.br,,,,,,,https://www.voeazul.com.br/en/for-your-trip/international-flights/contract-of-carriage,,conditions_of_carriage_url prefilled from Duffel refs; please verify.,no,no
azur-air,AZUR Air,ZF,Russia,Scheduled,,,,,,,,,,,,,,no,no
ba-cityflyer,BA Cityflyer,CJ,United Kingdom,Scheduled,,,,,,,,,,,,,,no,no
ba-euroflyer,BA Euroflyer,A0,United Kingdom,Scheduled,,,,,,,,,,,,,,no,no
badr-airlines,Badr Airlines,J4,Sudan,Scheduled,,,,,,,,,,,,,,no,no
bahamasair,Bahamasair,UP,Bahamas,Scheduled,,,,https://www.bahamasair.com,,,,,,,https://www.bahamasair.com/other-policies-forms/conditions-of-carriage,,conditions_of_carriage_url prefilled from Duffel refs; please verify.,no,no
balkan,Balkan,БА,Bulgaria,Scheduled,,,,,,,,,,,,,,no,no
bamboo-airways,Bamboo Airways,QH,Vietnam,Scheduled,,,,https://www.bambooairways.com,,,,,,,https://www.bambooairways.com/global-en/terms-and-conditions/conditions-of-carriage/,,conditions_of_carriage_url prefilled from Duffel refs; please verify.,no,no
bassaka-air,Bassaka Air,5B,Cambodia,Scheduled,,,,,,,,,,,,,,no,no
batik-air,Batik Air,ID,Indonesia,Scheduled,,,,,,,,,,,,,,yes,no
batik-air-malaysia,Batik Air Malaysia,OD,Malaysia,Scheduled,,,,https://www.malindoair.com,,,,,,,https://www.malindoair.com/terms-and-conditions,,conditions_of_carriage_url prefilled from Duffel refs; please verify.,no,no
bb-airways,BB Airways,BO,Nepal,Scheduled,,,,,,,,,,,,,,no,no
bbn-airlines,BBN Airlines,B5,Indonesia,Scheduled,,,,,,,,,,,,,,no,no
bearskin-airlines,Bearskin Airlines,JV,Canada,Scheduled,,,,,,,,,,,,,,yes,no
bees-airline,Bees Airline,7B,Ukraine,Low-cost,,,,,,,,,,,,,,no,no
beijing-capital-airlines,Beijing Capital Airlines,JD,China,Scheduled,,,,https://intl.jdair.net,,,,,,,https://intl.jdair.net/news/index?id=73&valueMenuaid=75,,conditions_of_carriage_url prefilled from Duffel refs; please verify.,yes,no
belavia,Belavia,B2,Belarus,Scheduled,,,,,,,,,,,,,,no,no
bemidji-airlines,Bemidji Airlines,CH,United States,Scheduled,,,,,,,,,,,,,,yes,no
beond,BeOnd,B4,Maldives,Scheduled,,,,,,,,,,,,,,no,no
bering-air,Bering Air,8E,United States,Scheduled,,,,,,,,,,,,,,yes,no
berjaya-air,Berjaya Air,J8,Malaysia,Scheduled,,,,,,,,,,,,,,yes,no
bermudair,BermudAir,2T,Bermuda,Scheduled,,,,,,,,,,,,,,no,no
berniq-airways,Berniq Airways,NB,Libya,Scheduled,,,,,,,,,,,,,,no,no
bh-air,BH Air,8H,Bulgaria,Scheduled,,,,,,,,,,,,,,no,no
bhutan-airlines,Bhutan Airlines,B3,Bhutan,Scheduled,,,,,,,,,,,,,,yes,no
biman-bangladesh-airlines,Biman Bangladesh Airlines,BG,Bangladesh,Scheduled,,,,https://www.biman-airlines.com,,,,,,,https://www.biman-airlines.com/termsConditions#Carriage-for-Passengers-and-Baggage,,conditions_of_carriage_url prefilled from Duffel refs; please verify.,no,no
binter-canarias,Binter Canarias,NT,Spain,Scheduled,,,,https://www.bintercanarias.com,,,,,,,https://www.bintercanarias.com/eng/information/contract-of-carriage,,conditions_of_carriage_url prefilled from Duffel refs; please verify.,yes,no
blue-air,Blue Air,0B,Romania,Low-cost,,,,,,,,,,,,,,yes,no
blue-bird-airways,Blue Bird Airways,BZ,Kenya,Scheduled,,,,,,,,,,,,,,no,no
blue-islands,Blue Islands,SI,United Kingdom,Scheduled,,,,,,,,,,,,,,yes,no
blue1,Blue1,KF,Finland,Scheduled,,,,https://www.airbelgium.com,,,,,,,https://www.airbelgium.com/en/legal/general-terms-and-conditions-of-carriage/,,conditions_of_carriage_url prefilled from Duffel refs; please verify.,yes,no
bmi-regional,BMI regional,BM,United Kingdom,Scheduled,,,,,,,,,,,,,,no,no
boliviana-de-aviacion,Boliviana de Aviación,OB,Bolivia,Scheduled,,,,https://www.boa.bo,,,,,,,https://www.boa.bo/content/docs/contrato_transporte_en.pdf,,conditions_of_carriage_url prefilled from Duffel refs; please verify.,yes,no
bonza,Bonza,AB,Australia,Low-cost,,,,,,,,,,,,,,no,no
bqb-lineas-aereas,BQB Lineas Aereas,5Q,Uruguay,Scheduled,,,,,,,,,,,,,,no,no
bra,BRA,TF,Sweden,Scheduled,,,,,,,,,,,,,,no,no
breeze-airways,Breeze Airways,MX,United States,Low-cost,,,,,,,,,,,,,,yes,no
bringer-air-cargo,Bringer Air Cargo,E6,Brazil,Scheduled,,,,,,,,,,,,,,no,no
brit-air,Brit Air,DB,France,Scheduled,,,,,,,,,,,,,,yes,no
brussels-airlines,Brussels Airlines,SN,Belgium,Scheduled,,,,https://www.brusselsairlines.com,,,,,,,https://www.brusselsairlines.com/de/en/legal-notices/terms-and-conditions-conditions-of-carriage,,conditions_of_carriage_url prefilled from Duffel refs; please verify.,yes,yes
buddha-air,Buddha Air,U4,Nepal,Scheduled,,,,,,,,,,,,,,yes,yes
buffalo-airways-ltd,Buffalo Airways Ltd.,J0,Canada,Scheduled,,,,,,,,,,,,,,no,no
bul-air,Bul Air,LB,India,Scheduled,,,,,,,,,,,,,,no,no
bulgaria-air,Bulgaria Air,FB,Bulgaria,Scheduled,,,,https://www.air.bg,,,,,,,https://www.air.bg/en/customer-support/general-conditions-of-carriage/,,conditions_of_carriage_url prefilled from Duffel refs; please verify.,no,yes
buraq-air,Buraq Air,UZ,Libya,Scheduled,,,,,,,,,,,,,,no,no
buta-airways,Buta Airways,55,Azerbaijan,Low-cost,,,,,,,,,,,,,,no,yes
buzz,Buzz,RR,Poland,Low-cost,,,,https://www.buzzair.com,,,,,,,https://www.buzzair.com/en/terms-conditions-of-carriage/,,conditions_of_carriage_url prefilled from Duffel refs; please verify.,no,no
bvi-airways,BVI Airways,XV,British Virgin Islands,Scheduled,,,,,,,,,,,,,,yes,no
cabo-verde-airlines,Cabo Verde Airlines,VR,Cape Verde,Scheduled,,,,https://caboverdeairlines.com,,,,,,,https://caboverdeairlines.com/general-terms-and-conditions/,,conditions_of_carriage_url prefilled from Duffel refs; please verify.,yes,yes
caicos-express-airways,Caicos Express Airways,9Q,Turks and Caicos Islands,Scheduled,,,,,,,,,,,,,,no,no
calima-aviacion-sl,Calima Aviacion S.L,3C,Spain,Scheduled,,,,https://www.airchathams.co.nz,,,,,,,https://www.airchathams.co.nz/terms-and-conditions,,conditions_of_carriage_url prefilled from Duffel refs; please verify.,no,no
calm-air,Calm Air,MO,Canada,Scheduled,,,,https://www.calmair.com,,,,,,,https://www.calmair.com/before-you-fly/passenger-rights,,conditions_of_carriage_url prefilled from Duffel refs; please verify.,yes,yes
camair-co,Camair-Co,QC,Cameroon,Scheduled,,,,https://www.camair-co.cm,,,,,,,https://www.camair-co.cm/,,conditions_of_carriage_url prefilled from Duffel refs; please verify.,no,no
cambodia-airways,Cambodia Airways,KR,Cambodia,Scheduled,,,,,,,,,,,,,,no,no
canadian-north,Canadian North,5T,Canada,Scheduled,,,,,,,,,,,,,,yes,no
canaryfly,Canaryfly,PM,Spain,Scheduled,,,,,,,,,,,,,,no,no
cape-air,Cape Air,9K,United States,Scheduled,,,,,,,,,,,,,,no,no
cargojet-airways-ltd,Cargojet Airways Ltd.,W8,Canada,Scheduled,,,,,,,,,,,,,,no,no
cargolux,Cargolux,CV,Luxembourg,Scheduled,,,,,,,,,,,,,,no,no
caribbean-air-export-import-inc,Caribbean Air Export Import Inc.,CB,United Kingdom,Scheduled,,,,,,,,,,,,,,no,no
caribbean-airlines,Caribbean Airlines,BW,Trinidad and Tobago,Scheduled,,,,https://www.caribbean-airlines.com,,,,,,,https://www.caribbean-airlines.com/#/legal-and-privacy/general-conditions-of-carriage,,conditions_of_carriage_url prefilled from Duffel refs; please verify.,no,no
carpatair,Carpatair,V3,Romania,Scheduled,,,,,,,,,,,,,,yes,no
cayman-airways,Cayman Airways,KX,Cayman Islands,Scheduled,,,,https://www.caymanairways.com,,,,,,,https://www.caymanairways.com/contract-of-carriage,,conditions_of_carriage_url prefilled from Duffel refs; please verify.,yes,no
cebgo,Cebgo,DG,Philippines,Low-cost,,,,,,,,,,,,,,no,no
ceiba-intercontinental,CEIBA Intercontinental,C2,Equatorial Guinea,Scheduled,,,,,,,,,,,,,,yes,no
cemair,CemAir,5Z,South Africa,Scheduled,,,,https://www.flycemair.co.za,,,,,,,https://www.flycemair.co.za/general_r/extras_and_info.php,,conditions_of_carriage_url prefilled from Duffel refs; please verify.,no,yes
central-airlines,Central Airlines,I9,China,Scheduled,,,,,,,,,,,,,,no,no
central-mountain-air,Central Mountain Air,9M,Canada,Scheduled,,,,,,,,,,,,,,yes,yes
centrum-air,Centrum Air,C6,Uzbekistan,Low-cost,,,,,,,,,,,,,,no,no
chair-airlines,Chair Airlines,GM,Switzerland,Scheduled,,,,,,,,,,,,,,no,yes
chalair-aviation,Chalair Aviation,CE,France,Scheduled,,,,,,,,,,,,,,no,no
challenge-air-cargo-ltd,Challenge Air Cargo Ltd,X6,Malta,Scheduled,,,,,,,,,,,,,,no,no
challenge-airlines-be,Challenge Airlines BE,X7,Belgium,Scheduled,,,,,,,,,,,,,,no,no
challenge-airlines-il,Challenge Airlines IL,5C,Israel,Scheduled,,,,,,,,,,,,,,no,no
charter-air-transport-inc,"Charter Air Transport, Inc.",VC,United States,Low-cost,,,,,,,,,,,,,,no,no
chautauqua-airlines,Chautauqua Airlines,RP,United States,Scheduled,,,,,,,,,,,,,,yes,no
chengdu-airlines,Chengdu Airlines,EU,China,Scheduled,,,,,,,,,,,,,,yes,yes
china-cargo-airlines,China Cargo Airlines,CK,China,Scheduled,,,,,,,,,,,,,,yes,no
china-express-airlines,China Express Airlines,G5,China,Scheduled,,,,,,,,,,,,,,yes,yes
china-postal-airlines-ltd,China Postal Airlines Ltd.,CF,China,Scheduled,,,,,,,,,,,,,,no,no
china-southern-airlines,China Southern Airlines,CZ,China,Scheduled,,,,https://www.csair.com,,,,,,,https://www.csair.com/cn/tourguide/booking/orders/order/gjysztj/,,conditions_of_carriage_url prefilled from Duffel refs; please verify.,yes,no
china-united-airlines,China United Airlines,KN,China,Low-cost,,,,,,,,,,,,,,yes,yes
chongqing-airlines,Chongqing Airlines,OQ,China,Scheduled,,,,,,,,,,,,,,yes,yes
chu-kong-passenger-transport-co-ltd,Chu Kong Passenger Transport Co. Ltd.,3A,China,Scheduled,,,,,,,,,,,,,,no,no
cimber,Cimber,QA,Denmark,Scheduled,,,,,,,,,,,,,,yes,no
cinnamon-air,Cinnamon Air,C7,Sri Lanka,Scheduled,,,,,,,,,,,,,,no,no
citilink,Citilink,QG,Indonesia,Low-cost,,,,,,,,,,,,,,yes,yes
cityjet,Cityjet,WX,Ireland,Scheduled,,,,https://www.cityjet.com,,,,,,,https://www.cityjet.com/terms-and-conditions/,,conditions_of_carriage_url prefilled from Duffel refs; please verify.,no,no
cjsc-royal-flight-airlines,CJSC Royal Flight airlines,4R,Russia,Scheduled,,,,,,,,,,,,,,no,no
clic,Clic,VE,Colombia,Low-cost,,,,,,,,,,,,,,no,no
cm-airlines,CM Airlines,H5,Honduras,Scheduled,,,,,,,,,,,,,,no,yes
coastal-aviation,Coastal Aviation,CQ,United States,Scheduled,,,,,,,,,,,,,,no,no
cobalt-air,Cobalt Air,CO,Cyprus,Scheduled,,,,,,,,,,,,,,no,no
colorful-guizhou-airlines,Colorful Guizhou Airlines,GY,China,Low-cost,,,,,,,,,,,,,,no,no
commutair,CommutAir,C5,United States,Scheduled,,,,,,,,,,,,,,no,no
compass-airlines,Compass Airlines,CP,United States,Scheduled,,,,,,,,,,,,,,no,no
condor,Condor,DF,Germany,Scheduled,,,,,,,,,,,,,,no,no
conquest-air-inc,"Conquest Air, Inc.",C4,Mexico,Scheduled,,,,,,,,,,,,,,no,no
contour-airlines,Contour Airlines,LF,United States,Scheduled,,,,,,,,,,,,,,no,no
conviasa,Conviasa,V0,Venezuela,Scheduled,,,,,,,,,,,,,,yes,no
copa-airlines,Copa Airlines,CM,Panama,Scheduled,,,,https://www.copaair.com,,,,,,,https://www.copaair.com/en/web/us/contract-of-carriage,,conditions_of_carriage_url prefilled from Duffel refs; please verify.,yes,no
corendon-airlines,Corendon Airlines,XC,Turkey,Scheduled,,,,,,,,,,,,,,yes,yes
corendon-airlines-europe,Corendon Airlines Europe,XR,Malta,Scheduled,,,,,,,,,,,,,,yes,no
corendon-dutch-airlines,Corendon Dutch Airlines,CD,Netherlands,Scheduled,,,,,,,,,,,,,,no,no
corsair-international,Corsair International,SS,France,Scheduled,,,,https://www.flycorsair.com,,,,,,,https://www.flycorsair.com/en/legal/general-sale-and-transport-conditions,,conditions_of_carriage_url prefilled from Duffel refs; please verify.,yes,yes
croatia-airlines,Croatia Airlines,OU,Croatia,Scheduled,,,,https://www.croatiaairlines.com,,,,,,,https://www.croatiaairlines.com/Legal-information/General-conditions-of-carriage,,conditions_of_carriage_url prefilled from Duffel refs; please verify.,yes,no
cronos-airlines,Cronos Airlines,C8,Equatorial Guinea,Scheduled,,,,,,,,,,,,,,yes,no
crown-airlines,Crown Airlines,FQ,United States,Scheduled,,,,,,,,,,,,,,no,no
csa-czech-airlines,CSA Czech Airlines,OK,Czech Republic,Scheduled,,,,https://www.csa.cz,,,,,,,https://www.csa.cz/gb-en/travel-information/before-the-flight/conditions-of-carriage/,,conditions_of_carriage_url prefilled from Duffel refs; please verify.,yes,yes
cubana,Cubana,CU,Cuba,Scheduled,,,,,,,,,,,,,,no,no
cyprus-airways,Cyprus Airways,CY,Cyprus,Scheduled,,,,,,,,,,,,,,yes,no
daallo-airlines,Daallo Airlines,D3,Djibouti,Scheduled,,,,,,,,,,,,,,yes,yes
dan-air,Dan Air,DN,India,Low-cost,,,,,,,,,,,,,,no,no
dana-air,Dana Air,9J,Nigeria,Scheduled,,,,,,,,,,,,,,yes,no
danish-air-transport,Danish Air Transport,DX,Denmark,Scheduled,,,,,,,,,,,,,,no,yes
delta-air-lines,Delta Air Lines,DL,United States,Scheduled,,,,https://www.delta.com,,,,,,,https://www.delta.com/gb/en/legal/contract-of-carriage-igr,,conditions_of_carriage_url prefilled from Duffel refs; please verify.,yes,no
denver-air-connection-dac,Denver Air Connection (DAC),KG,United States,Scheduled,,,,,,,,,,,,,,no,no
department-of-national-defence,Department of National Defence,YF,Canada,Scheduled,,,,,,,,,,,,,,no,no
deutsche-bahn-ag,Deutsche Bahn AG,2A,Germany,Scheduled,,,,,,,,,,,,,,no,no
dhl-aero-expreso-sa,DHL Aero Expreso S.A.,D5,Panama,Scheduled,,,,,,,,,,,,,,no,no
dhl-air-limited,DHL Air Limited,D0,United Kingdom,Scheduled,,,,,,,,,,,,,,yes,no
dhl-aviation-eemea-bscc,DHL Aviation EEMEA B.S.C.(c),ES,Bahrain,Scheduled,,,,,,,,,,,,,,no,no
dhl-de-guatemala,DHL de Guatemala,L3,Guatemala,Scheduled,,,,,,,,,,,,,,no,no
discover-airlines,Discover Airlines,4Y,Germany,Low-cost,,,,https://www.discover-airlines.com,,,,,,,https://www.discover-airlines.com/en/general-conditions-of-carriage/,,conditions_of_carriage_url prefilled from Duffel refs; please verify.,no,no
dniproavia,Dniproavia,Z6,Ukraine,Scheduled,,,,,,,,,,,,,,yes,yes
dobrolet,Dobrolet,QD,Russia,Scheduled,,,,https://jcairlines.com,,,,,,,https://jcairlines.com/travel-info/transportation-rule.html,,conditions_of_carriage_url prefilled from Duffel refs; please verify.,no,no
dokasch,DoKaSch,3D,North Macedonia,Scheduled,,,,,,,,,,,,,,no,no
donavia,Donavia,D9,Russia,Scheduled,,,,,,,,,,,,,,yes,no
donghai-airlines,Donghai Airlines,DZ,China,Scheduled,,,,,,,,,,,,,,yes,yes
dot-lt,DOT LT,R6,Lithuania,Scheduled,,,,,,,,,,,,,,yes,no
drukair,Drukair,KB,Bhutan,Scheduled,,,,,,,,,,,,,,no,no
e-savtravel,E-Savtravel,L1,Brazil,Scheduled,,,,,,,,,,,,,,no,no
eagle-atlantic-airlines,Eagle Atlantic Airlines,E2,Ghana,Low-cost,,,,https://www.eurowings.com,,,,,,,https://www.eurowings.com/en/legal-information/general-conditions-of-carriage.html,,conditions_of_carriage_url prefilled from Duffel refs; please verify.,no,no
eaglexpress-air-charter-sdnbhddbaeaglexpress-air,Eaglexpress Air Charter Sdn.Bhd.dbaEaglexpress Air,9A,Malaysia,Scheduled,,,,,,,,,,,,,,no,no
eastar-jet,Eastar Jet,ZE,South Korea,Low-cost,,,,,,,,,,,,,,yes,no
eastern-air-lines,Eastern Air Lines,EA,United States,Scheduled,,,,,,,,,,,,,,no,no
eastern-airlines-llc,"Eastern Airlines, LLC",2D,United States,Scheduled,,,,https://iflyea.com,,,,,,,https://iflyea.com/contract-of-carriage/?v=2069589015,,conditions_of_carriage_url prefilled from Duffel refs; please verify.,no,no
eastern-airways,Eastern Airways,T3,United Kingdom,Low-cost,,,,,,,,,,,,,,yes,no
ecojet,EcoJet,8J,Bolivia,Scheduled,,,,,,,,,,,,,,no,no
edelweiss-air,Edelweiss Air,WK,Switzerland,Scheduled,,,,,,,,,,,,,,yes,no
egyptair,Egyptair,MS,Egypt,Scheduled,,,,https://www.egyptair.com,,,,,,,https://www.egyptair.com/en/Pages/Conditions-of-Carriage.aspx,,conditions_of_carriage_url prefilled from Duffel refs; please verify.,yes,no
el-al,EL AL,LY,Israel,Scheduled,,,,https://www.elal.com,,,,,,,https://www.elal.com/en/About-ELAL/Legal/Pages/Conditions-of-Carriage.aspx,,conditions_of_carriage_url prefilled from Duffel refs; please verify.,no,no
electra-airways,Electra Airways,3E,Bulgaria,Scheduled,,,,,,,,,,,,,,no,no
electronic-data-systems-corporation,Electronic Data Systems Corporation,1Y,United States,Scheduled,,,,,,,,,,,,,,no,no
ellinair,Ellinair,EL,Greece,Scheduled,,,,,,,,,,,,,,no,yes
emetebe-airlines,Emetebe Airlines,0A,Ecuador,Scheduled,,,,,,,,,,,,,,no,no
empire-airlines,Empire Airlines,EM,United States,Scheduled,,,,,,,,,,,,,,no,no
endeavor-air,Endeavor Air,9E,United States,Scheduled,,,,,,,,,,,,,,no,no
enter-air,Enter Air,E4,Poland,Scheduled,,,,,,,,,,,,,,no,yes
envoy-air,Envoy Air,MQ,United States,Scheduled,,,,,,,,,,,,,,yes,no
equaflight,Equaflight,E7,Republic of the Congo,Scheduled,,,,,,,,,,,,,,no,no
eritrean-airlines,Eritrean Airlines,B8,Eritrea,Scheduled,,,,,,,,,,,,,,yes,no
ernest-airlines,Ernest Airlines,EG,Italy,Low-cost,,,,,,,,,,,,,,no,yes
eswatini-air,Eswatini Air,RN,Eswatini,Scheduled,,,,,,,,,,,,,,no,no
ethiopian-airlines,Ethiopian Airlines,ET,Ethiopia,Scheduled,,,,https://www.ethiopianairlines.com,,,,,,,https://www.ethiopianairlines.com/aa/information/essential-information/conditions-of-carriage,,conditions_of_carriage_url prefilled from Duffel refs; please verify.,yes,no
etihad-airways,Etihad Airways,EY,United Arab Emirates,Scheduled,,,,https://www.etihad.com,,,,,,,https://www.etihad.com/en-gb/legal/conditions-of-carriage,,conditions_of_carriage_url prefilled from Duffel refs; please verify.,yes,no
euro-asia-air,Euro-Asia Air,6Z,Kazakhstan,Scheduled,,,,,,,,,,,,,,no,no
euroairlines,Euroairlines,Q4,Spain,Scheduled,,,,,,,,,,,,,,no,no
euroatlantic-airways,EuroAtlantic Airways,YU,Portugal,Scheduled,,,,,,,,,,,,,,yes,yes
eurolot,Eurolot,K2,Poland,Scheduled,,,,,,,,,,,,,,no,no
european-air-charter,European Air Charter,H6,United Kingdom,Scheduled,,,,,,,,,,,,,,yes,no
european-air-transport,European Air Transport,QY,Belgium,Scheduled,,,,,,,,,,,,,,no,no
european-cargo-services-bv,European Cargo Services BV,EJ,Netherlands,Scheduled,,,,,,,,,,,,,,no,no
eurostar,Eurostar,9F,United Kingdom,Scheduled,,,,,,,,,,,,,,no,no
everts-air-cargo,Everts Air Cargo,5V,United States,Scheduled,,,,,,,,,,,,,,yes,no
express-airline,Express Airline,7A,Tunisia,Scheduled,,,,,,,,,,,,,,no,no
expressjet,ExpressJet,EV,United States,Scheduled,,,,,,,,,,,,,,yes,no
eznis-airways,Eznis Airways,MG,Mongolia,Scheduled,,,,,,,,,,,,,,no,no
fastjet-zimbabwe,Fastjet Zimbabwe,FN,Zimbabwe,Scheduled,,,,https://www.fastjet.com,,,,,,,https://www.fastjet.com/upload/Documents/Terms%20and%20Conditions/fastjet%20Terms%20and%20Conditions%20-%20Feb%202019%20(1).pdf,,conditions_of_carriage_url prefilled from Duffel refs; please verify.,no,no
fat-far-eastern-air-transport,FAT Far Eastern Air Transport,FE,Taiwan (Republic of China),Scheduled,,,,,,,,,,,,,,yes,no
federal-air,Federal Air,7V,South Africa,Scheduled,,,,,,,,,,,,,,no,no
fedex,FedEx,FX,United States,Scheduled,,,,,,,,,,,,,,yes,no
finistair,Finist'air,0D,France,Scheduled,,,,,,,,,,,,,,no,no
firefly,Firefly,FY,Malaysia,Scheduled,,,,,,,,,,,,,,yes,yes
first-air,First Air,7F,Canada,Scheduled,,,,,,,,,,,,,,yes,yes
fitsair,FitsAir,8D,Sri Lanka,Low-cost,,,,,,,,,,,,,,no,no
flair-airlines,Flair Airlines,F8,Canada,Low-cost,,,,,,,,,,,,,,no,yes
flexflight,FlexFlight,W2,Denmark,Scheduled,,,,,,,,,,,,,,no,no
flightlink,Flightlink,YS,Tanzania,Scheduled,,,,,,,,,,,,,,no,no
fly-all-ways,Fly All Ways,8W,Suriname,Scheduled,,,,,,,,,,,,,,no,yes
fly-arna,Fly Arna,G6,Armenia,Low-cost,,,,,,,,,,,,,,no,no
fly-baghdad,Fly Baghdad,IF,Iraq,Scheduled,,,,,,,,,,,,,,no,yes
fly-branson-travel-dba-branson-airexpress,Fly Branson Travel dba Branson AirExpress,1X,United States,Scheduled,,,,,,,,,,,,,,no,no
fly-caminter,Fly CamInter,EF,Cambodia,Low-cost,,,,,,,,,,,,,,no,no
fly-jordan,Fly Jordan,F0,Jordan,Scheduled,,,,,,,,,,,,,,no,no
fly-lili,Fly Lili,FL,Romania,Scheduled,,,,,,,,,,,,,,no,no
fly-one,Fly One,5F,Moldova,Low-cost,,,,https://flyone.eu,,,,,,,https://flyone.eu/en/About-FLYONE/General-Rules,,conditions_of_carriage_url prefilled from Duffel refs; please verify.,no,yes
fly-one-romania,Fly One (Romania),OE,Moldova,Low-cost,,,,,,,,,,,,,,no,no
fly-oya,Fly Oya,YI,Libya,Scheduled,,,,,,,,,,,,,,no,no
fly-pro,Fly Pro,FP,United States,Scheduled,,,,,,,,,,,,,,no,no
fly-red-sea,Fly Red Sea,Z4,Saudi Arabia,Scheduled,,,,,,,,,,,,,,no,no
fly2sky,Fly2Sky,F6,Bulgaria,Scheduled,,,,,,,,,,,,,,no,no
flyadeal,flyadeal,F3,Saudi Arabia,Low-cost,,,,,,,,,,,,,,no,no
flyaden,FlyAden,DH,Yemen,Scheduled,,,,,,,,,,,,,,no,no
flyals,FlyALS,0F,Kenya,Scheduled,,,,,,,,,,,,,,no,no
flyarystan,FlyArystan,FS,Kazakhstan,Low-cost,,,,,,,,,,,,,,no,yes
flybe,Flybe,BE,United Kingdom,Low-cost,,,,,,,,,,,,,,yes,no
flybondi,Flybondi,FO,Argentina,Low-cost,,,,,,,,,,,,,,no,no
flybosnia,FlyBosnia,6W,Bosnia and Herzegovina,Scheduled,,,,,,,,,,,,,,no,yes
flybusteam,Flybusteam,ГЭ,Russia,Scheduled,,,,,,,,,,,,,,no,no
flycaa,flyCAA,BU,Democratic Republic of the Congo,Scheduled,,,,,,,,,,,,,,no,no
flyegypt,FlyEgypt,FT,Egypt,Scheduled,,,,,,,,,,,,,,no,yes
flygabon,FlyGabon,J7,Gabon,Scheduled,,,,,,,,,,,,,,no,no
flyjinnah,FlyJinnah,9P,Pakistan,Low-cost,,,,,,,,,,,,,,no,no
flykhiva,FlyKhiva,2U,Uzbekistan,Scheduled,,,,,,,,,,,,,,no,no
flynamibia,FlyNamibia,WV,Namibia,Scheduled,,,,,,,,,,,,,,no,no
flynas,Flynas,XY,Saudi Arabia,Low-cost,,,,https://static.flynas.com,,,,,,,https://static.flynas.com/images/terms_and_conditions/EN-TERMS-AND-CONDITIONS-OF-CARRIAGE-21Jun2022-V26.pdf,,conditions_of_carriage_url prefilled from Duffel refs; please verify.,no,no
flyone-armenia,FLYONE Armenia,3F,Armenia,Low-cost,,,,,,,,,,,,,,no,no
flyone-asia,FlyOne Asia,7Q,Thailand,Low-cost,,,,,,,,,,,,,,no,no
flysafair,FlySafair,FA,South Africa,Low-cost,,,,,,,,,,,,,,no,no
flyyo,FLYYO,4D,Romania,Scheduled,,,,,,,,,,,,,,no,no
freebird-airlines,Freebird Airlines,FH,Turkey,Scheduled,,,,,,,,,,,,,,no,no
freedom-airline-express,Freedom Airline Express,4F,United States,Scheduled,,,,,,,,,,,,,,no,no
french-armed-forces,French Armed Forces,RD,France,Scheduled,,,,,,,,,,,,,,no,no
french-bee,French Bee,BF,France,Low-cost,,,,,,,,,,,,,,no,no
frontier-airlines,Frontier Airlines,F9,United States,Low-cost,,,,https://www.flyfrontier.com,,,,,,,https://www.flyfrontier.com/legal/contract-of-carriage,,conditions_of_carriage_url prefilled from Duffel refs; please verify.,yes,no
fuji-dream-airlines,Fuji Dream Airlines,JH,Japan,Scheduled,,,,,,,,,,,,,,no,yes
fuzhou-airlines,Fuzhou Airlines,FU,China,Scheduled,,,,,,,,,,,,,,no,yes
galileo-international,Galileo International,1V,United States,Scheduled,,,,,,,,,,,,,,no,no
gambia-bird-airlines,Gambia Bird Airlines,3G,Gambia,Scheduled,,,,,,,,,,,,,,no,no
gazpromavia,Gazpromavia,4G,Russia,Scheduled,,,,,,,,,,,,,,no,no
georgian-airways,Georgian Airways,A9,Georgia,Scheduled,,,,https://www.georgian-airways.com,,,,,,,https://www.georgian-airways.com/en/information/conditions,,conditions_of_carriage_url prefilled from Duffel refs; please verify.,yes,no
georgian-wings,Georgian Wings,D4,Georgia,Low-cost,,,,,,,,,,,,,,no,no
german-airways,German Airways,ZQ,Germany,Scheduled,,,,,,,,,,,,,,no,no
getjet-airlines,GetJet Airlines,GW,Russia,Scheduled,,,,,,,,,,,,,,no,no
ghadames-air,Ghadames Air,NJ,Libya,Scheduled,,,,,,,,,,,,,,no,no
global-aviation-gea,Global Aviation (GEA),IG,South Africa,Scheduled,,,,,,,,,,,,,,no,no
global-aviation-services-group,Global Aviation Services Group,5S,Libya,Scheduled,,,,,,,,,,,,,,no,no
global-feeder-services,Global Feeder Services,GC,United States,Scheduled,,,,,,,,,,,,,,no,no
globeair,GlobeAir,0K,Austria,Scheduled,,,,,,,,,,,,,,no,no
globus-airlines,Globus Airlines,GH,Russia,Scheduled,,,,,,,,,,,,,,yes,no
globus-lls,Globus LLС,XT,Russia,Scheduled,,,,,,,,,,,,,,no,no
gojet-airlines,GoJet Airlines,G7,United States,Scheduled,,,,,,,,,,,,,,yes,no
gol-transportes-aereos,Gol Transportes Aéreos,G3,Brazil,Low-cost,,,,https://www.voegol.com.br,,,,,,,https://www.voegol.com.br/en-us/legal-information/passenger-air-transportation-agreement,,conditions_of_carriage_url prefilled from Duffel refs; please verify.,yes,no
gp-aviation,GP Aviation,IV,Bulgaria,Scheduled,,,,,,,,,,,,,,no,no
grand-canyon-scenic-airlines,Grand Canyon Scenic Airlines,YR,United States,Scheduled,,,,,,,,,,,,,,yes,no
grand-china-air,Grand China Air,CN,China,Scheduled,,,,,,,,,,,,,,yes,yes
grant-aviation,Grant Aviation,GV,United States,Scheduled,,,,,,,,,,,,,,no,no
great-lakes-airlines,Great Lakes Airlines,ZK,United States,Scheduled,,,,,,,,,,,,,,yes,no
greater-bay-airlines,Greater Bay Airlines,HB,Hong Kong,Low-cost,,,,,,,,,,,,,,no,no
green-africa-airways,Green Africa Airways,Q9,Nigeria,Scheduled,,,,,,,,,,,,,,no,no
grumeti-air,Grumeti Air,0G,Libya,Scheduled,,,,,,,,,,,,,,no,no
gulf-air,Gulf Air,GF,Bahrain,Scheduled,,,,https://www.gulfair.com,,,,,,,https://www.gulfair.com/transparency/conditions-of-carriage,,conditions_of_carriage_url prefilled from Duffel refs; please verify.,yes,no
gullivair,GullivAir,G2,Bulgaria,Scheduled,,,,,,,,,,,,,,no,no
guyane-express-fly,Guyane Express Fly,G8,French Guiana,Low-cost,,,,,,,,,,,,,,no,no
gx-airlines,GX Airlines,GX,China,Scheduled,,,,,,,,,,,,,,no,yes
hahn-air,Hahn Air,H1,Germany,Scheduled,,,,,,,,,,,,,,no,no
hahn-air-technologies,Hahn Air Technologies,X1,Germany,Scheduled,,,,,,,,,,,,,,no,no
hainan-airlines,Hainan Airlines,HU,China,Scheduled,,,,https://www.hainanairlines.com,,,,,,,https://www.hainanairlines.com/HUPortal/dyn/portal/DisplayPage?LANGUAGE=GB&COUNTRY_SITE=GB&SITE=CBHZCBHZ&PAGE=TECO,,conditions_of_carriage_url prefilled from Duffel refs; please verify.,yes,yes
halcyonair,Halcyonair,7Z,Cape Verde,Scheduled,,,,,,,,,,,,,,yes,no
harbour-air-seaplanes,Harbour Air Seaplanes,YB,Canada,Scheduled,,,,,,,,,,,,,,no,no
hawaiian-airlines,Hawaiian Airlines,HA,United States,Scheduled,,,,https://www.hawaiianairlines.com,,,,,,,https://www.hawaiianairlines.com/legal/international-contract-of-carriage,,conditions_of_carriage_url prefilled from Duffel refs; please verify.,yes,yes
hawkair,Hawkair,BH,Canada,Scheduled,,,,,,,,,,,,,,yes,no
hayways,Hayways,Y5,Armenia,Low-cost,,,,,,,,,,,,,,no,no
hebei-airlines,Hebei Airlines,NS,China,Scheduled,,,,,,,,,,,,,,no,yes
heli-air-monaco,Heli Air Monaco,YO,Monaco,Scheduled,,,,,,,,,,,,,,yes,no
heli-securite-helicopter-airline,Héli Sécurité Hélicopter Airline,HS,France,Scheduled,,,,,,,,,,,,,,no,no
helicopteros-del-sureste,Helicópteros del Sureste,UV,Spain,Scheduled,,,,,,,,,,,,,,no,no
helijet,Helijet,JB,Canada,Scheduled,,,,,,,,,,,,,,yes,no
helvetic-airways,Helvetic Airways,2L,Switzerland,Scheduled,,,,https://www.helvetic.com,,,,,,,https://www.helvetic.com/en/travelinfo,,conditions_of_carriage_url prefilled from Duffel refs; please verify.,yes,yes
heron-aviation,Heron Aviation,0V,Germany,Scheduled,,,,,,,,,,,,,,no,no
heston-airlines,Heston Airlines,HN,Lithuania,Scheduled,,,,,,,,,,,,,,no,no
hi-fly-ltd,Hi Fly Ltd,5M,Portugal,Scheduled,,,,,,,,,,,,,,no,no
himalaya-airlines,Himalaya Airlines,H9,Nepal,Scheduled,,,,https://www.himalaya-airlines.com,,,,,,,https://www.himalaya-airlines.com/travel-ha/general-conditions-of-carriage,,conditions_of_carriage_url prefilled from Duffel refs; please verify.,no,yes
hinterland-aviation,Hinterland Aviation,OI,Australia,Scheduled,,,,,,,,,,,,,,no,no
hisky,HiSky,H7,Moldova,Scheduled,,,,,,,,,,,,,,no,no
hisky-europe,HiSky Europe,H4,Romania,Low-cost,,,,,,,,,,,,,,no,no
hong-kong-air-cargo-carrier-limited,Hong Kong Air Cargo Carrier Limited,RH,Hong Kong,Scheduled,,,,,,,,,,,,,,no,no
hong-kong-airlines,Hong Kong Airlines,HX,Hong Kong SAR of China,Scheduled,,,,https://www.hongkongairlines.com,,,,,,,https://www.hongkongairlines.com/en_HK/footer/legal-privacy/home,,conditions_of_carriage_url prefilled from Duffel refs; please verify.,yes,yes
hop,HOP!,A5,France,Low-cost,,,,,,,,,,,,,,no,yes
horizon-air,Horizon Air,QX,United States,Scheduled,,,,,,,,,,,,,,yes,no
humo-air,Humo Air,HJ,Uzbekistan,Low-cost,,,,,,,,,,,,,,no,no
hunnu-air,Hunnu Air,MR,Germany,Scheduled,,,,,,,,,,,,,,yes,yes
hydro-quebec,Hydro - Quebec,0Q,Canada,Scheduled,,,,,,,,,,,,,,no,no
iata-clearing-houseinternational-air-transport-association,IATA - Clearing HouseInternational Air Transport Association,XB,Canada,Scheduled,,,,,,,,,,,,,,no,no
ibc-airways,IBC Airways,II,United States,Scheduled,,,,,,,,,,,,,,no,no
iberia-express,Iberia Express,I2,Spain,Low-cost,,,,https://www.iberiaexpress.com,,,,,,,https://www.iberiaexpress.com/en/general-info/contact/general-terms-and-conditions/general-conditions-of-carriage,,conditions_of_carriage_url prefilled from Duffel refs; please verify.,yes,no
iberojet,Iberojet,E9,United States,Scheduled,,,,,,,,,,,,,,no,no
ibex-airlines,Ibex Airlines,FW,Japan,Scheduled,,,,,,,,,,,,,,yes,no
ibom-air,Ibom Air,QI,Denmark,Scheduled,,,,,,,,,,,,,,no,no
icelandair,Icelandair,FI,Iceland,Scheduled,,,,https://www.icelandair.com,,,,,,,https://www.icelandair.com/support/terms-and-conditions/conditions-of-carriage/,,conditions_of_carriage_url prefilled from Duffel refs; please verify.,yes,no
ifly,iFly,F7,Switzerland,Scheduled,,,,,,,,,,,,,,no,no
ihy-izmir-havayollari-as,IHY Izmir Havayollari A.S.,44,Turkey,Scheduled,,,,,,,,,,,,,,no,no
ikar,Ikar,EO,Russia,Low-cost,,,,,,,,,,,,,,no,no
indonesia-airasia,Indonesia AirAsia,QZ,Indonesia,Low-cost,,,,,,,,,,,,,,no,no
infini-travel-information-inc,"INFINI Travel Information, Inc.",1F,Japan,Scheduled,,,,,,,,,,,,,,no,no
innoaviation,InnoAviation,I3,Iran,Scheduled,,,,,,,,,,,,,,no,no
insel-air-aruba,Insel Air Aruba,8I,Aruba,Scheduled,,,,,,,,,,,,,,no,no
intercaribbean-airways,InterCaribbean Airways,JY,Turks and Caicos Islands,Scheduled,,,,,,,,,,,,,,yes,no
iraero,IrAero,IO,Russia,Scheduled,,,,,,,,,,,,,,yes,yes
iran-air,Iran Air,IR,Iran,Scheduled,,,,,,,,,,,,,,no,no
iran-airtour,Iran Airtour,B9,Iran,Scheduled,,,,,,,,,,,,,,no,no
iran-aseman-airlines,Iran Aseman Airlines,EP,Iran,Scheduled,,,,,,,,,,,,,,no,no
iraqi-airways,Iraqi Airways,IA,Iraq,Scheduled,,,,,,,,,,,,,,yes,yes
iryo,IRYO,I6,Spain,Scheduled,,,,,,,,,,,,,,no,no
island-air,Island Air,WP,Mexico,Scheduled,,,,,,,,,,,,,,no,yes
island-air-express,Island Air Express,I4,United States,Scheduled,,,,,,,,,,,,,,no,no
islena-de-inversiones-sa-de-cvdba-islena-airlines,Islena de Inversiones S.A. de C.V.dba Islena Airlines,WC,Honduras,Scheduled,,,,,,,,,,,,,,no,no
israir-airlines,Israir Airlines,6H,Israel,Scheduled,,,,https://www.israirairlines.com,,,,,,,https://www.israirairlines.com/,,conditions_of_carriage_url prefilled from Duffel refs; please verify.,yes,yes
ita-software-inc,ITA Software Inc.,1U,United States,Scheduled,,,,,,,,,,,,,,no,no
itek-air,Itek Air,GI,Kyrgyzstan,Scheduled,,,,,,,,,,,,,,no,no
izhavia,Izhavia,I8,Russia,Scheduled,,,,,,,,,,,,,,yes,yes
jambojet,Jambojet,JM,Kenya,Low-cost,,,,,,,,,,,,,,no,yes
jandm-alaska-air,J&M Alaska Air,JN,United States,Scheduled,,,,,,,,,,,,,,no,no
japan-air-commuter,Japan Air Commuter,JC,Japan,Scheduled,,,,,,,,,,,,,,yes,no
japan-transocean-air,Japan Transocean Air,NU,Japan,Scheduled,,,,,,,,,,,,,,yes,no
jazeera-airways,Jazeera Airways,J9,Kuwait,Low-cost,,,,https://www.jazeeraairways.com,,,,,,,https://www.jazeeraairways.com/en-kw/terms-and-conditions,,conditions_of_carriage_url prefilled from Duffel refs; please verify.,yes,yes
jeju-air,Jeju Air,7C,Republic of Korea,Low-cost,,,,https://www.jejuair.net,,,,,,,https://www.jejuair.net/en/terms/page/carriageTemrs.do,,conditions_of_carriage_url prefilled from Duffel refs; please verify.,yes,yes
jet-airways,Jet Airways,9W,India,Scheduled,,,,,,,,,,,,,,yes,yes
jet-airways-inc,Jet Airways Inc.,QJ,United States,Scheduled,,,,,,,,,,,,,,no,no
jet-asia-airways,Jet Asia Airways,JF,Thailand,Scheduled,,,,,,,,,,,,,,yes,no
jet-aviation-business,Jet Aviation Business,PP,Switzerland,Scheduled,,,,,,,,,,,,,,yes,no
jet-ops,Jet Ops,J6,United Arab Emirates,Scheduled,,,,,,,,,,,,,,no,no
jet2com,Jet2.com,LS,United Kingdom,Low-cost,,,,,,,,,,,,,,yes,yes
jetair-caribbean,JetAir Caribbean,4J,Curaçao,Scheduled,,,,,,,,,,,,,,no,no
jetairfly,Jetairfly,TB,Belgium,Low-cost,,,,https://www.tuifly.be,,,,,,,https://www.tuifly.be/en/legal/conditions_de_transport,,conditions_of_carriage_url prefilled from Duffel refs; please verify.,no,no
jetlite,JetLite,S2,India,Low-cost,,,,,,,,,,,,,,no,no
jetsmart,JetSmart,JA,Chile,Low-cost,,,,,,,,,,,,,,no,yes
jetsmart-argentina,JetSmart Argentina,WJ,Argentina,Low-cost,,,,,,,,,,,,,,no,no
jetsmart-peru,JetSmart Peru,JZ,Peru,Low-cost,,,,,,,,,,,,,,no,no
jetstar-asia,Jetstar Asia,3K,Singapore,Low-cost,,,,https://www.jetstar.com,,,,,,,https://www.jetstar.com/jp/en/conditions-of-carriage-3k,,conditions_of_carriage_url prefilled from Duffel refs; please verify.,yes,no
jetstar-japan,Jetstar Japan,GK,Japan,Low-cost,,,,https://www.jetstar.com,,,,,,,https://www.jetstar.com/jp/en/conditions-of-carriage-gk,,conditions_of_carriage_url prefilled from Duffel refs; please verify.,yes,yes
jiangxi-air,Jiangxi Air,RY,China,Low-cost,,,,,,,,,,,,,,no,yes
jin-air,Jin Air,LJ,South Korea,Low-cost,,,,,,,,,,,,,,no,yes
jonair,Jonair,0N,Sweden,Scheduled,,,,,,,,,,,,,,no,no
jonika-airlines,Jonika Airlines,JO,Ukraine,Low-cost,,,,,,,,,,,,,,no,no
jordan-aviation,Jordan Aviation,R5,Jordan,Scheduled,,,,,,,,,,,,,,yes,yes
joy-air,Joy Air,JR,China,Scheduled,,,,,,,,,,,,,,no,no
jsc-aircompany-atma,JSC Aircompany ATMA,IM,Kazakhstan,Scheduled,,,,,,,,,,,,,,no,no
jsc-kazaviaspas,JSC Kazaviaspas,ZS,Kazakhstan,Scheduled,,,,,,,,,,,,,,no,no
jsc-sirena-travel,"JSC ""Sirena-Travel""",1H,Russia,Scheduled,,,,,,,,,,,,,,no,no
jsc-transport-automated-informationsystems-tais,JSC Transport Automated InformationSystems - TAIS,1M,Russia,Scheduled,,,,,,,,,,,,,,no,no
juneyao-airlines,Juneyao Airlines,HO,China,Scheduled,,,,https://global.juneyaoair.com,,,,,,,https://global.juneyaoair.com/servicehelp/new/General%20Conditions%20of%20Carriage,,conditions_of_carriage_url prefilled from Duffel refs; please verify.,no,yes
k-mile-air-co-ltd,K-Mile Air Co. Ltd,8K,Thailand,Scheduled,,,,,,,,,,,,,,no,no
kalitta-air,Kalitta Air,K4,United States,Scheduled,,,,,,,,,,,,,,yes,no
kalstar-aviation,Kalstar Aviation,KD,Indonesia,Scheduled,,,,,,,,,,,,,,no,yes
kam-air,Kam Air,RQ,Afghanistan,Scheduled,,,,https://www.kamair.com,,,,,,,https://www.kamair.com/terms-and-conditions#agreement-and-terms,,conditions_of_carriage_url prefilled from Duffel refs; please verify.,yes,yes
kamchatka-air,Kamchatka Air,ДЕ,Russia,Scheduled,,,,,,,,,,,,,,no,no
kan-air,Kan Air,K8,Thailand,Scheduled,,,,,,,,,,,,,,yes,no
kartika-airlines,Kartika Airlines,3Y,Indonesia,Scheduled,,,,,,,,,,,,,,yes,no
kc-international-airlines,KC International Airlines,3Q,Cambodia,Scheduled,,,,,,,,,,,,,,no,no
kenmore-air,Kenmore Air,M5,United States,Scheduled,,,,,,,,,,,,,,yes,no
kenn-borek-air,Kenn Borek Air,4K,Canada,Scheduled,,,,https://askariaviation.com,,,,,,,https://askariaviation.com/,,conditions_of_carriage_url prefilled from Duffel refs; please verify.,yes,no
kenya-airways,Kenya Airways,KQ,Kenya,Scheduled,,,,https://www.kenya-airways.com,,,,,,,https://www.kenya-airways.com/condition-of-carriage/en/,,conditions_of_carriage_url prefilled from Duffel refs; please verify.,yes,no
khabarovsk-avia,Khabarovsk Avia,НИ,Russia,Scheduled,,,,,,,,,,,,,,no,no
klm-cityhopper,KLM Cityhopper,WA,Netherlands,Scheduled,,,,,,,,,,,,,,yes,no
klm-royal-dutch-airlines,KLM Royal Dutch Airlines,KL,Netherlands,Scheduled,,,,https://www.klm.com,,,,,,,https://www.klm.com/information/legal/conditions-carriage,,conditions_of_carriage_url prefilled from Duffel refs; please verify.,yes,yes
km-malta-airlines,KM Malta Airlines,KM,Malta,Low-cost,,,,https://airmalta.com,,,,,,,https://airmalta.com/en-gb/legal-and-policies/general-conditions-of-carriage,,conditions_of_carriage_url prefilled from Duffel refs; please verify.,no,no
komiaviatrans,Komiaviatrans,ИГ,Russia,Scheduled,,,,,,,,,,,,,,no,no
korongo-airlines,Korongo Airlines,ZC,Democratic Republic of the Congo,Scheduled,,,,,,,,,,,,,,no,no
kosmos,Kosmos,ГК,Russia,Scheduled,,,,,,,,,,,,,,no,no
kostroma-air,Kostroma Air,КБ,Russia,Scheduled,,,,,,,,,,,,,,no,no
krasavia,KrasAvia,KV,Russia,Scheduled,,,,,,,,,,,,,,no,no
kulula,Kulula,МН,South Africa,Low-cost,,,,,,,,,,,,,,no,yes
kunming-airlines,Kunming Airlines,KY,China,Scheduled,,,,,,,,,,,,,,yes,yes
kuwait-airways,Kuwait Airways,KU,Kuwait,Scheduled,,,,https://www.kuwaitairways.com,,,,,,,https://www.kuwaitairways.com/en/terms/conditions-of-carriage,,conditions_of_carriage_url prefilled from Duffel refs; please verify.,yes,no
kyrgyz-air,Kyrgyz Air,KH,Kyrgyzstan,Scheduled,,,,,,,,,,,,,,no,no
la-compagnie,La Compagnie,B0,France,Scheduled,,,,,,,,,,,,,,yes,no
la-costena,La Costeña,LC,Nicaragua,Scheduled,,,,,,,,,,,,,,no,yes
lam-mozambique-airlines,LAM Mozambique Airlines,TM,Mozambique,Scheduled,,,,,,,,,,,,,,yes,no
lan-chile-cargo,LAN Chile Cargo,UC,Chile,Scheduled,,,,,,,,,,,,,,yes,no
lanexang-airways-international,Lanexang Airways International,5A,Laos,Scheduled,,,,,,,,,,,,,,no,no
lanhsa,LANHSA,00,Israel,Scheduled,,,,,,,,,,,,,,no,no
lanmei-airlines,Lanmei Airlines,LQ,Cambodia,Low-cost,,,,https://lanmeiairlines.com,,,,,,,https://lanmeiairlines.com/lanmeiairlines2.0/default/menus/EN/experience/LMTransport.html,,conditions_of_carriage_url prefilled from Duffel refs; please verify.,no,yes
lao-airlines,Lao Airlines,QV,Laos,Scheduled,,,,https://laoairlines.com,,,,,,,https://laoairlines.com/en/term-and-condition/#,,conditions_of_carriage_url prefilled from Duffel refs; please verify.,yes,no
lao-skyway,Lao Skyway,LK,Laos,Scheduled,,,,,,,,,,,,,,no,yes
laparkan-airways-inc,"Laparkan Airways, Inc.",LE,United States,Scheduled,,,,https://www.stbarthexecutive.com,,,,,,,https://www.stbarthexecutive.com/booking-and-carriage-terms/,,conditions_of_carriage_url prefilled from Duffel refs; please verify.,no,no
laser-airlines,LASER Airlines,QL,Venezuela,Scheduled,,,,,,,,,,,,,,yes,yes
latam-airlines,LATAM Airlines,LA,Chile,Scheduled,,,,https://www.latamairlines.com,,,,,,,https://www.latamairlines.com/gb/en/legal/transportation-contract-conditions,,conditions_of_carriage_url prefilled from Duffel refs; please verify.,yes,no
latam-airlines-brasil,LATAM Airlines Brasil,JJ,Brazil,Scheduled,,,,,,,,,,,,,,no,no
latam-airlines-colombia,LATAM Airlines Colombia,4C,Colombia,Scheduled,,,,,,,,,,,,,,yes,no
latam-airlines-ecuador,LATAM Airlines Ecuador,XL,Ecuador,Scheduled,,,,https://www.latamairlines.com,,,,,,,https://www.latamairlines.com/gb/en/legal/transportation-contract-conditions,,conditions_of_carriage_url prefilled from Duffel refs; please verify.,yes,no
latam-airlines-paraguay,LATAM Airlines Paraguay,PZ,Paraguay,Scheduled,,,,,,,,,,,,,,yes,no
latam-airlines-peru,LATAM Airlines Peru,LP,Peru,Scheduled,,,,,,,,,,,,,,yes,no
latam-express,LATAM Express,LU,Chile,Scheduled,,,,,,,,,,,,,,no,no
lauda-europe,Lauda Europe,LW,Malta,Scheduled,,,,,,,,,,,,,,no,no
leav,LEAV,KK,Turkey,Scheduled,,,,,,,,,,,,,,no,no
level,Level,LL,Spain,Scheduled,,,,,,,,,,,,,,no,no
levu,Levu,6V,Brazil,Scheduled,,,,,,,,,,,,,,no,no
liat-air,Liat Air,5L,Antigua and Barbuda,Scheduled,,,,,,,,,,,,,,no,no
libyan-airlines,Libyan Airlines,LN,Libya,Scheduled,,,,,,,,,,,,,,yes,yes
libyan-wings,Libyan Wings,YL,Libya,Scheduled,,,,,,,,,,,,,,no,no
lift-airline,LIFT Airline,GE,South Africa,Low-cost,,,,,,,,,,,,,,no,no
linea-aerea-carguera-de-colombia-sa,Linea Aerea Carguera de Colombia S.A.,L7,Colombia,Scheduled,,,,,,,,,,,,,,no,no
linear-air,Linear Air,O2,,Scheduled,,,,,,,,,,,,,,no,no
link-airways,Link Airways,FC,Australia,Scheduled,,,,,,,,,,,,,,no,yes
loganair,Loganair,LM,United Kingdom,Scheduled,,,,https://www.loganair.co.uk,,,,,,,https://www.loganair.co.uk/travel-help/carriage-conditions/,,conditions_of_carriage_url prefilled from Duffel refs; please verify.,yes,yes
longtail-aviation,Longtail Aviation,6T,Bermuda,Scheduled,,,,,,,,,,,,,,no,no
loong-air,Loong Air,GJ,China,Scheduled,,,,,,,,,,,,,,no,yes
lot-polish,LOT Polish,LO,Poland,Scheduled,,,,https://www.lot.com,,,,,,,https://www.lot.com/pl/en/regulations/conditions-of-carriage,,conditions_of_carriage_url prefilled from Duffel refs; please verify.,yes,no
lucky-air,Lucky Air,8L,China,Low-cost,,,,https://www.luckyair.net,,,,,,,https://www.luckyair.net/help.html?id=5d7714de91c6dd531559d9b7,,conditions_of_carriage_url prefilled from Duffel refs; please verify.,yes,yes
lufthansa-city-airlines,Lufthansa City Airlines,VL,Bulgaria,Scheduled,,,,,,,,,,,,,,no,no
lufthansa-cityline,Lufthansa CityLine,CL,Germany,Scheduled,,,,,,,,,,,,,,yes,no
lufthansa-systems,Lufthansa Systems,S1,Germany,Scheduled,,,,,,,,,,,,,,no,no
lulutai-airlines,Lulutai Airlines,L8,Tonga,Scheduled,,,,,,,,,,,,,,no,no
lumiwings,Lumiwings,L9,Greece,Scheduled,,,,,,,,,,,,,,no,no
luxair,Luxair,LG,Luxembourg,Scheduled,,,,https://www.luxair.lu,,,,,,,https://www.luxair.lu/en/information/general-conditions-carriage,,conditions_of_carriage_url prefilled from Duffel refs; please verify.,yes,yes
luxwing,Luxwing,BN,Malta,Scheduled,,,,,,,,,,,,,,no,no
lynden-air-cargo-llc,"Lynden Air Cargo, LLC",L2,United States,Scheduled,,,,,,,,,,,,,,yes,no
lynx-air,Lynx Air,Y9,Canada,Low-cost,,,,,,,,,,,,,,no,no
magnicharters,Magnicharters,0Z,Mexico,Scheduled,,,,,,,,,,,,,,no,yes
mahan-air,Mahan Air,W5,Iran,Scheduled,,,,,,,,,,,,,,yes,yes
malawi-airlines,Malawi Airlines,3W,Malawi,Scheduled,,,,,,,,,,,,,,no,no
maldivian,Maldivian,Q2,Maldives,Scheduled,,,,,,,,,,,,,,yes,yes
malta-air,Malta Air,MW,Malta,Low-cost,,,,,,,,,,,,,,no,no
maluti-sky,Maluti Sky,7D,Lesotho,Scheduled,,,,,,,,,,,,,,no,no
mandarin-airlines,Mandarin Airlines,AE,Taiwan,Scheduled,,,,https://global.csair.com,,,,,,,https://global.csair.com/MO/GB/booking-policy/international-carriage-conditions,,conditions_of_carriage_url prefilled from Duffel refs; please verify.,no,yes
mango,Mango,JE,South Africa,Low-cost,,,,,,,,,,,,,,yes,yes
mann-yadanarpon-airlines,Mann Yadanarpon Airlines,7Y,Myanmar,Scheduled,,,,,,,,,,,,,,no,no
manta-air,Manta Air,NR,Maldives,Scheduled,,,,,,,,,,,,,,no,no
marabu,Marabu,DI,Germany,Scheduled,,,,https://www.norwegian.com,,,,,,,https://www.norwegian.com/uk/booking/booking-information/legal/general-conditions-of-carriage/,,conditions_of_carriage_url prefilled from Duffel refs; please verify.,no,no
marathon-airlines,Marathon Airlines,O8,Greece,Scheduled,,,,,,,,,,,,,,no,no
martinair,Martinair,MP,Netherlands,Scheduled,,,,,,,,,,,,,,yes,no
mas-de-carga-sa-de-cv-dba-masair,Mas de Carga S.A. de C.V. dba Masair,M7,Mexico,Scheduled,,,,,,,,,,,,,,no,no
mauritania-airlines,Mauritania Airlines,L6,Mauritania,Scheduled,,,,,,,,,,,,,,no,no
mavi-gok-airlines,Mavi Gok Airlines,4M,Turkey,Scheduled,,,,,,,,,,,,,,no,no
maximus-air,Maximus Air,6M,United Arab Emirates,Scheduled,,,,,,,,,,,,,,no,no
maya-island-air,Maya Island Air,2M,Belize,Scheduled,,,,https://www.mayaislandair.com,,,,,,,https://www.mayaislandair.com/Information/Terms-and-Conditions,,conditions_of_carriage_url prefilled from Duffel refs; please verify.,yes,no
mayair,MAYAir,7M,Mexico,Scheduled,,,,,,,,,,,,,,no,yes
meraj-airlines,Meraj Airlines,0I,Iran,Scheduled,,,,,,,,,,,,,,no,no
mesa-airlines,Mesa Airlines,YV,United States,Scheduled,,,,,,,,,,,,,,no,no
metrojet,MetroJet,7K,Hong Kong SAR of China,Scheduled,,,,,,,,,,,,,,no,no
mhs-aviation,MHS Aviation,M2,Germany,Scheduled,,,,,,,,,,,,,,no,no
miat-mongolian-airlines,MIAT Mongolian Airlines,OM,Mongolia,Scheduled,,,,https://www.miat.com,,,,,,,https://www.miat.com/,,conditions_of_carriage_url prefilled from Duffel refs; please verify.,yes,yes
middle-east-airlines,Middle East Airlines,ME,Lebanon,Low-cost,,,,https://www.mea.com.lb,,,,,,,https://www.mea.com.lb/english/plan-and-book/legal-notices/conditions-of-carriage,,conditions_of_carriage_url prefilled from Duffel refs; please verify.,yes,no
mistral-air,Mistral Air,M4,Italy,Scheduled,,,,,,,,,,,,,,no,no
mng-airlines,MNG Airlines,MB,Turkey,Scheduled,,,,,,,,,,,,,,yes,no
moldavian-airlines,Moldavian Airlines,2М,Moldova,Scheduled,,,,,,,,,,,,,,no,no
monacair,Monacair,QM,Monaco,Scheduled,,,,,,,,,,,,,,no,yes
montenegro-airlines,Montenegro Airlines,YM,Montenegro,Scheduled,,,,,,,,,,,,,,yes,no
motor-sich-airlines,Motor Sich Airlines,M9,Ukraine,Scheduled,,,,https://flymotorsich.com,,,,,,,https://flymotorsich.com/en/pages/conditions,,conditions_of_carriage_url prefilled from Duffel refs; please verify.,yes,no
myairline,MYAirline,Z9,Malaysia,Low-cost,,,,,,,,,,,,,,no,no
myanmar-airways-international,Myanmar Airways International,8M,Myanmar,Scheduled,,,,https://maiair.com,,,,,,,https://maiair.com/plan-your-journey/general-conditions-of-carriage,,conditions_of_carriage_url prefilled from Duffel refs; please verify.,yes,yes
myanmar-national-airlines,Myanmar National Airlines,UB,Myanmar,Scheduled,,,,,,,,,,,,,,no,yes
myway-airlines,Myway Airlines,MJ,Georgia,Scheduled,,,,https://mywayairlines.com,,,,,,,https://mywayairlines.com/en/381/General-Condition-of-Carriage,,conditions_of_carriage_url prefilled from Duffel refs; please verify.,no,yes
nakina-air-service,Nakina Air Service,T2,Canada,Scheduled,,,,,,,,,,,,,,no,no
nam-air,NAM Air,IN,Indonesia,Scheduled,,,,,,,,,,,,,,no,yes
naryan-mar-airlines,Naryan-Mar Airlines,НЯ,Russia,Scheduled,,,,,,,,,,,,,,no,no
national-airlines,National Airlines,N8,United States,Scheduled,,,,,,,,,,,,,,yes,no
nauru-airlines,Nauru Airlines,ON,Nauru,Scheduled,,,,,,,,,,,,,,yes,yes
navios-evolusi-solusindo,Navios Evolusi Solusindo,1J,Indonesia,Scheduled,,,,,,,,,,,,,,no,no
navitaire,Navitaire,1N,United States,Scheduled,,,,,,,,,,,,,,no,no
neos,Neos,NO,Italy,Scheduled,,,,,,,,,,,,,,yes,yes
nepal-airlines,Nepal Airlines,RA,Nepal,Scheduled,,,,https://nepalairlines.com.np,,,,,,,https://nepalairlines.com.np/instructions,,conditions_of_carriage_url prefilled from Duffel refs; please verify.,no,yes
nesma-airlines,Nesma Airlines,NE,Egypt,Scheduled,,,,,,,,,,,,,,no,no
new-pacific-airlines,New Pacific Airlines,7H,United States,Low-cost,,,,,,,,,,,,,,no,no
nexus-airlines,Nexus Airlines,GD,Australia,Scheduled,,,,,,,,,,,,,,no,no
niger-airlines,Niger Airlines,6N,Niger,Scheduled,,,,,,,,,,,,,,no,no
niki,Niki,HG,Austria,Low-cost,,,,,,,,,,,,,,no,yes
nile-air,Nile Air,NP,Egypt,Scheduled,,,,https://www.nileair.com,,,,,,,https://www.nileair.com/#/en/home,,conditions_of_carriage_url prefilled from Duffel refs; please verify.,yes,yes
ningxia-cargo-airlines-coltd,"Ningxia Cargo Airlines CO.,LTD",HT,China,Scheduled,,,,,,,,,,,,,,no,no
nippon-cargo-airlines,Nippon Cargo Airlines,KZ,Japan,Scheduled,,,,,,,,,,,,,,yes,no
nok-air,Nok Air,DD,Thailand,Low-cost,,,,,,,,,,,,,,yes,yes
nokscoot,NokScoot,XW,Thailand,Low-cost,,,,,,,,,,,,,,no,yes
nolinor-aviation,Nolinor Aviation,N5,Canada,Scheduled,,,,,,,,,,,,,,no,no
nomad-aviation,Nomad Aviation,NA,Namibia,Scheduled,,,,,,,,,,,,,,no,no
nomad-aviation-pty-ltd,Nomad Aviation (PTY) Ltd.,N6,South Africa,Scheduled,,,,,,,,,,,,,,no,no
nordstar,NordStar,Y7,Russia,Scheduled,,,,,,,,,,,,,,no,yes
nordwind-airlines,Nordwind Airlines,N4,Russia,Scheduled,,,,,,,,,,,,,,yes,yes
norra,NORRA,N7,Finland,Scheduled,,,,,,,,,,,,,,no,no
norse-atlantic-airways,Norse Atlantic Airways,N0,Norway,Low-cost,,,,https://flynorse.com,,,,,,,https://flynorse.com/en-GB/support/coc,,conditions_of_carriage_url prefilled from Duffel refs; please verify.,no,no
norse-atlantic-uk,Norse Atlantic UK,Z0,United Kingdom,Low-cost,,,,,,,,,,,,,,yes,no
north-flying,North Flying,M3,Denmark,Scheduled,,,,,,,,,,,,,,no,no
north-wright-airways,North-Wright Airways,HW,Canada,Scheduled,,,,,,,,,,,,,,no,no
northern-air-cargo,Northern Air Cargo,NC,United States,Scheduled,,,,,,,,,,,,,,yes,no
northwest,Northwest,0E,United States,Scheduled,,,,,,,,,,,,,,no,no
northwest-airlines,Northwest Airlines,NW,United States,Scheduled,,,,,,,,,,,,,,yes,no
northwestern-air,Northwestern Air,J3,Canada,Scheduled,,,,,,,,,,,,,,yes,no
norwegian-air-shuttle,Norwegian Air Shuttle,DY,Norway,Low-cost,,,,https://www.norwegian.com,,,,,,,https://www.norwegian.com/uk/booking/booking-information/legal/general-conditions-of-carriage/,,conditions_of_carriage_url prefilled from Duffel refs; please verify.,no,no
norwegian-air-sweden,Norwegian Air Sweden,D8,Sweden,Scheduled,,,,https://www.norwegian.com,,,,,,,https://www.norwegian.com/en/booking/helpful-booking-info/legal/general-conditions-of-carriage/,,conditions_of_carriage_url prefilled from Duffel refs; please verify.,yes,no
norwegian-long-haul,Norwegian Long Haul,DU,Norway,Scheduled,,,,,,,,,,,,,,no,no
nouvelair,Nouvelair,BJ,Tunisia,Scheduled,,,,,,,,,,,,,,yes,no
nova-airlines,NOVA Airlines,O9,Sudan,Scheduled,,,,,,,,,,,,,,yes,no
novair,NovAir,NG,Sweden,Scheduled,,,,,,,,,,,,,,no,no
novoair,Novoair,VQ,Bangladesh,Scheduled,,,,,,,,,,,,,,no,yes
nyxair,NyxAir,OJ,Estonia,Scheduled,,,,,,,,,,,,,,no,no
okay-airways,Okay Airways,BK,China,Scheduled,,,,,,,,,,,,,,yes,yes
olympic-air,Olympic Air,OA,Greece,Scheduled,,,,https://www.olympicair.com,,,,,,,https://www.olympicair.com/en/conditions-and-notices/,,conditions_of_carriage_url prefilled from Duffel refs; please verify.,yes,no
oman-air,Oman Air,WY,Oman,Scheduled,,,,https://www.omanair.com,,,,,,,https://www.omanair.com/au/en/conditions-carriage,,conditions_of_carriage_url prefilled from Duffel refs; please verify.,yes,yes
omni-air-international,Omni Air International,OY,United States,Scheduled,,,,,,,,,,,,,,no,no
oneclick,OneClick,4L,Georgia,Scheduled,,,,,,,,,,,,,,no,no
onejet,OneJet,J1,United States,Scheduled,,,,,,,,,,,,,,no,no
onur-air,Onur Air,8Q,Turkey,Low-cost,,,,https://www.onurair.com,,,,,,,https://www.onurair.com/en/faq/detail/General-Terms/859/1332/0,,conditions_of_carriage_url prefilled from Duffel refs; please verify.,yes,yes
orient-thai-airlines,Orient Thai Airlines,OX,Thailand,Low-cost,,,,,,,,,,,,,,yes,no
oriental-air-bridge,Oriental Air Bridge,OC,Japan,Scheduled,,,,,,,,,,,,,,no,no
pacific-airlines,Pacific Airlines,BL,Vietnam,Scheduled,,,,,,,,,,,,,,yes,no
pacific-coastal-airlines,Pacific Coastal Airlines,8P,Canada,Scheduled,,,,https://www.pacificcoastal.com,,,,,,,https://www.pacificcoastal.com/fare-terms-conditions/,,conditions_of_carriage_url prefilled from Duffel refs; please verify.,yes,no
pal-airlines,PAL Airlines,PB,Canada,Scheduled,,,,,,,,,,,,,,no,no
pal-express,PAL Express,2P,Philippines,Low-cost,,,,,,,,,,,,,,yes,no
panama-airways,Panama Airways,8A,Panama,Scheduled,,,,,,,,,,,,,,no,no
panorama-airways,Panorama Airways,5P,Spain,Scheduled,,,,,,,,,,,,,,no,no
papillon-airways,Papillon Airways,HI,United States,Scheduled,,,,,,,,,,,,,,no,no
paranair,Paranair,ZP,Azerbaijan,Scheduled,,,,https://www.paranair.com,,,,,,,https://www.paranair.com/en-us/contract-of-carriage/,,conditions_of_carriage_url prefilled from Duffel refs; please verify.,no,no
pascan-aviation,Pascan Aviation,P6,Canada,Scheduled,,,,,,,,,,,,,,yes,yes
passionair,PassionAir,OP,United States,Scheduled,,,,,,,,,,,,,,no,no
pattaya-airways,Pattaya Airways,VV,Thailand,Scheduled,,,,,,,,,,,,,,no,no
pawa-dominicana,PAWA Dominicana,7N,Dominican Republic,Scheduled,,,,,,,,,,,,,,no,yes
peach,Peach,MM,Japan,Low-cost,,,,,,,,,,,,,,no,no
pegasus-airlines,Pegasus Airlines,PC,Turkey,Low-cost,,,,https://www.flypgs.com,,,,,,,https://www.flypgs.com/en/useful-info/info-about-flights/general-rules,,conditions_of_carriage_url prefilled from Duffel refs; please verify.,yes,no
pelita-air,Pelita Air,IP,Indonesia,Scheduled,,,,,,,,,,,,,,no,no
peoples,People's,PE,Italy,Scheduled,,,,,,,,,,,,,,no,no
petroleum-air-services,Petroleum Air Services,UF,Egypt,Scheduled,,,,,,,,,,,,,,no,no
philippines-airasia,Philippines AirAsia,Z2,Philippines,Low-cost,,,,,,,,,,,,,,no,no
phoenix-air,Phoenix Air,PH,United States,Scheduled,,,,,,,,,,,,,,no,no
pia,PIA,PK,Pakistan,Scheduled,,,,https://www.piac.com.pk,,,,,,,https://www.piac.com.pk/conditions-of-carriage,,conditions_of_carriage_url prefilled from Duffel refs; please verify.,no,no
piedmont-airlines,Piedmont Airlines,PT,Sweden,Scheduled,,,,,,,,,,,,,,no,no
play,PLAY,OG,Thailand,Low-cost,,,,,,,,,,,,,,no,no
pm-air-llc,PM Air LLC,Z3,United States,Scheduled,,,,,,,,,,,,,,no,no
png-air,PNG Air,CG,Papua New Guinea,Scheduled,,,,http://cargo.pngair.com.pg,,,,,,,http://cargo.pngair.com.pg/staticpages/office_other_details.aspx?details_type=T&carrier_code=CG&airport_code=UNG,,conditions_of_carriage_url prefilled from Duffel refs; please verify.,yes,no
pobeda,Pobeda,DP,Russia,Low-cost,,,,,,,,,,,,,,no,no
polar-air-cargo-worldwide-inc,"Polar Air Cargo Worldwide, Inc.",PO,United States,Scheduled,,,,,,,,,,,,,,yes,no
polar-airlines,Polar Airlines,PI,Russia,Scheduled,,,,,,,,,,,,,,no,no
populair,PopulAir,HP,Sweden,Low-cost,,,,,,,,,,,,,,no,no
porter-airlines,Porter Airlines,P3,Canada,Scheduled,,,,https://www.flyporter.com,,,,,,,https://www.flyporter.com/en/travel-terms-and-conditions,,conditions_of_carriage_url prefilled from Duffel refs; please verify.,no,yes
porter-airlines-canada,Porter Airlines Canada,PD,Canada,Low-cost,,,,https://www.flyporter.com,,,,,,,https://www.flyporter.com/en/travel-terms-and-conditions,,conditions_of_carriage_url prefilled from Duffel refs; please verify.,no,no
portugalia-airlines,Portugalia Airlines,NI,Portugal,Scheduled,,,,,,,,,,,,,,no,no
precision-air,Precision Air,PW,Tanzania,Scheduled,,,,https://www.precisionairtz.com,,,,,,,https://www.precisionairtz.com/en/about-us/10-travel-planner/14-conditions-of-carriage,,conditions_of_carriage_url prefilled from Duffel refs; please verify.,no,yes
premier-trans-aire-inc,Premier Trans Aire Inc.,3X,United States,Scheduled,,,,,,,,,,,,,,no,no
premium-jet-ag,Premium Jet AG,0J,Switzerland,Scheduled,,,,,,,,,,,,,,no,no
primera-air,Primera Air,PF,Iceland,Scheduled,,,,,,,,,,,,,,yes,yes
proflight-zambia,Proflight Zambia,P0,Zambia,Scheduled,,,,https://proflight-zambia.com,,,,,,,https://proflight-zambia.com/img/cms/documents/Terms&Conditions%20v30apr21.pdf,,conditions_of_carriage_url prefilled from Duffel refs; please verify.,yes,yes
pt-my-indo-airlines,PT. My Indo Airlines,2Y,Indonesia,Scheduled,,,,,,,,,,,,,,no,no
punta-europa,Punta Europa,PU,Uruguay,Scheduled,,,,,,,,,,,,,,no,no
qanot-sharq,Qanot Sharq,HH,Uzbekistan,Low-cost,,,,,,,,,,,,,,no,no
qazaq-air,Qazaq Air,IQ,Kazakhstan,Low-cost,,,,,,,,,,,,,,no,no
qeshm-air,Qeshm Air,QB,Iran,Scheduled,,,,,,,,,,,,,,no,no
qingdao-airlines,Qingdao Airlines,QW,China,Scheduled,,,,,,,,,,,,,,no,yes
quikjet-cargo-airlines-pvt-ltd,Quikjet Cargo Airlines Pvt. Ltd,QO,India,Scheduled,,,,,,,,,,,,,,no,no
radixx-solutions-international-inc,"Radixx Solutions International, Inc.",1D,United States,Scheduled,,,,,,,,,,,,,,no,no
rano-air,Rano Air,R4,Nigeria,Scheduled,,,,,,,,,,,,,,no,no
raya-airways-sdn-bhddba-raya-airways,Raya Airways Sdn. Bhd.dba Raya Airways,TH,Malaysia,Scheduled,,,,,,,,,,,,,,no,no
red-sea-airlines,Red Sea Airlines,4S,Egypt,Low-cost,,,,,,,,,,,,,,no,no
red-wings,Red Wings,WZ,Russia,Scheduled,,,,,,,,,,,,,,no,yes
regional-air,Regional Air,8N,Mauritania,Scheduled,,,,,,,,,,,,,,yes,yes
regional-jet-ou,Regional Jet OÜ,EE,Estonia,Scheduled,,,,,,,,,,,,,,no,no
regional-sky,Regional Sky,4P,Democratic Republic of the Congo,Scheduled,,,,,,,,,,,,,,no,no
renegade-air,Renegade Air,0R,,Scheduled,,,,,,,,,,,,,,no,no
republic-airways,Republic Airways,YX,United States,Scheduled,,,,,,,,,,,,,,no,no
rex-regional-express,Rex - Regional Express,ZL,Australia,Scheduled,,,,https://www.rex.com.au,,,,,,,https://www.rex.com.au/flightinfo/COC.aspx,,conditions_of_carriage_url prefilled from Duffel refs; please verify.,yes,no
rise-air,Rise Air,4T,Canada,Scheduled,,,,,,,,,,,,,,no,no
riyadh-air,Riyadh Air,RX,United States,Scheduled,,,,,,,,,,,,,,no,no
rossiya-airlines,Rossiya Airlines,FV,Russia,Scheduled,,,,,,,,,,,,,,yes,no
rotana-jet,Rotana Jet,RG,United Arab Emirates,Scheduled,,,,,,,,,,,,,,no,no
royal-air-maroc,Royal Air Maroc,AT,Morocco,Scheduled,,,,https://www.royalairmaroc.com,,,,,,,https://www.royalairmaroc.com/uk-en/general-terms-and-conditions,,conditions_of_carriage_url prefilled from Duffel refs; please verify.,yes,yes
royal-air-philippines,Royal Air Philippines,RW,Philippines,Low-cost,,,,,,,,,,,,,,no,yes
royal-brunei-airlines,Royal Brunei Airlines,BI,Brunei,Scheduled,,,,https://www.flyroyalbrunei.com,,,,,,,https://www.flyroyalbrunei.com/rba/carriage-conditions.php,,conditions_of_carriage_url prefilled from Duffel refs; please verify.,yes,yes
royal-flight,Royal Flight,RL,Russia,Scheduled,,,,,,,,,,,,,,no,no
royal-jordanian,Royal Jordanian,RJ,Jordan,Scheduled,,,,https://www.rj.com,,,,,,,https://www.rj.com/en/info-and-tips/conditions-of-carriage,,conditions_of_carriage_url prefilled from Duffel refs; please verify.,yes,yes
ruili-airlines,Ruili Airlines,DR,China,Low-cost,,,,,,,,,,,,,,no,yes
rusline,RusLine,7R,Russia,Scheduled,,,,,,,,,,,,,,yes,yes
rutaca-airlines,Rutaca Airlines,5R,Venezuela,Scheduled,,,,,,,,,,,,,,no,no
rwandair,RwandAir,WB,Rwanda,Scheduled,,,,https://www.rwandair.com,,,,,,,https://www.rwandair.com/our-policies/terms-conditions-of-carriage/,,conditions_of_carriage_url prefilled from Duffel refs; please verify.,yes,yes
ryanair-uk,Ryanair UK,RK,United Kingdom,Low-cost,,,,,,,,,,,,,,no,no
s7-airlines,S7 Airlines,S7,Russia,Scheduled,,,,,,,,,,,,,,no,yes
sabre-inc,Sabre Inc.,1S,United States,Scheduled,,,,,,,,,,,,,,no,no
safarilink-aviation,Safarilink Aviation,F2,Kenya,Scheduled,,,,,,,,,,,,,,no,yes
safi-airways,Safi Airways,4Q,Afghanistan,Scheduled,,,,,,,,,,,,,,yes,yes
salamair,SalamAir,OV,Estonia,Low-cost,,,,,,,,,,,,,,no,no
samoa-airways,Samoa Airways,OL,Samoa,Scheduled,,,,https://www.samoaairways.com,,,,,,,https://www.samoaairways.com/flying-with-us/terms-and-conditions-of-carriage/,,conditions_of_carriage_url prefilled from Duffel refs; please verify.,no,yes
sansa,SANSA,RZ,Costa Rica,Scheduled,,,,,,,,,,,,,,yes,yes
sapsan,Sapsan,R0,Pakistan,Scheduled,,,,,,,,,,,,,,no,no
sas-scandinavian,SAS Scandinavian,SK,Sweden,Scheduled,,,,https://www.flysas.com,,,,,,,https://www.flysas.com/gb-en/legal-info/conditions-of-carriage/,,conditions_of_carriage_url prefilled from Duffel refs; please verify.,yes,no
sata,SATA,S4,Portugal,Scheduled,,,,https://www.azoresairlines.pt,,,,,,,https://www.azoresairlines.pt/en/information/customer-commitment/general-conditions-of-carriage,,conditions_of_carriage_url prefilled from Duffel refs; please verify.,no,no
sata-air-acores,SATA Air Acores,SP,Portugal,Scheduled,,,,,,,,,,,,,,yes,no
satco,SATCO,S3,Peru,Scheduled,,,,,,,,,,,,,,no,no
scat,SCAT,DV,Kazakhstan,Low-cost,,,,,,,,,,,,,,yes,no
seaborne-airlines,Seaborne Airlines,BB,United States,Scheduled,,,,https://www.seaborneairlines.com,,,,,,,https://www.seaborneairlines.com/contract-of-carriage/,,conditions_of_carriage_url prefilled from Duffel refs; please verify.,no,no
seair-international,SEAir International,XO,Spain,Low-cost,,,,,,,,,,,,,,no,no
seaport-airlines,SeaPort Airlines,X4,United States,Scheduled,,,,,,,,,,,,,,no,no
sepehran-airlines,Sepehran Airlines,IS,Iran,Low-cost,,,,,,,,,,,,,,yes,no
serene-air,Serene Air,ER,Pakistan,Scheduled,,,,,,,,,,,,,,no,yes
serve-air,Serve Air,V6,Ukraine,Scheduled,,,,,,,,,,,,,,no,no
severstal-air-company,Severstal Air Company,D2,Russia,Scheduled,,,,,,,,,,,,,,yes,yes
sf-airlines-company-ltd,SF Airlines Company Ltd,O3,People's Republic of China,Scheduled,,,,,,,,,,,,,,no,no
shaheen-air,Shaheen Air,NL,Pakistan,Scheduled,,,,,,,,,,,,,,yes,no
shandong-airlines,Shandong Airlines,SC,China,Scheduled,,,,https://www.sda.cn,,,,,,,https://www.sda.cn/en/about/news/show/3195.html,,conditions_of_carriage_url prefilled from Duffel refs; please verify.,yes,no
shanghai-airlines,Shanghai Airlines,FM,China,Scheduled,,,,https://www.ceair.com,,,,,,,https://www.ceair.com/global/en_static/Announcement/TravelTips/dsGeneralCondition/shanghaiAirlinesLuggageRules/shdomesticRules/,,conditions_of_carriage_url prefilled from Duffel refs; please verify.,yes,no
sharp-airlines,Sharp Airlines,SH,Australia,Scheduled,,,,,,,,,,,,,,no,no
shenzhen-airlines,Shenzhen Airlines,ZH,China,Scheduled,,,,https://www.shenzhenair.com,,,,,,,https://www.shenzhenair.com/szair_B2C/getStaticHtml.action?htmlName=termService,,conditions_of_carriage_url prefilled from Duffel refs; please verify.,yes,no
shirak-avia,Shirak Avia,5G,Canada,Scheduled,,,,,,,,,,,,,,no,no
shree-airlines,Shree Airlines,N9,Nigeria,Scheduled,,,,,,,,,,,,,,no,no
shun-tak-china-travel-ship,Shun Tak-China Travel Ship,8S,China,Scheduled,,,,,,,,,,,,,,no,no
sichuan-airlines,Sichuan Airlines,3U,China,Scheduled,,,,,,,,,,,www.scal.com.cn,,conditions_of_carriage_url prefilled from Duffel refs; please verify.,yes,no
sila,SiLA,СЛ,Russia,Scheduled,,,,,,,,,,,,,,no,no
silk-avia,Silk Avia,US,Uzbekistan,Scheduled,,,,,,,,,,,,,,no,no
silk-way-west-airlines,Silk Way West Airlines,7L,Cuba,Scheduled,,,,,,,,,,,,,,no,no
silkair,SilkAir,MI,Singapore,Scheduled,,,,,,,,,,,,,,yes,no
silver-air,Silver Air,0P,Djibouti,Scheduled,,,,,,,,,,,,,,no,no
silver-airways,Silver Airways,3M,United States,Scheduled,,,,https://www.silverairways.com,,,,,,,https://www.silverairways.com/docs/default-source/legal-documents/silver-airways-contract-of-carriage-05oct2021.pdf?sfvrsn=b273701b_1,,conditions_of_carriage_url prefilled from Duffel refs; please verify.,yes,no
sita-airlines-worldwidetelecommunications-and-information-sv,SITA - Airlines WorldwideTelecommunications and Information Svcs,XS,Switzerland,Scheduled,,,,,,,,,,,,,,no,no
skippers-aviation,Skippers Aviation,HK,Germany,Scheduled,,,,,,,,,,,,,,no,no
skol,SKOL,СД,Russia,Scheduled,,,,,,,,,,,,,,no,no
sks-airways,SKS Airways,KI,Indonesia,Scheduled,,,,,,,,,,,,,,no,no
sky-airline,Sky Airline,H2,Chile,Low-cost,,,,https://www.skyairline.com,,,,,,,https://www.skyairline.com/upload/Documents/Air_transport_contract.pdf,,conditions_of_carriage_url prefilled from Duffel refs; please verify.,yes,yes
sky-airline-peru,Sky Airline Peru,H8,Peru,Low-cost,,,,,,,,,,,,,,no,no
sky-airlines,Sky Airlines,ZY,Turkey,Scheduled,,,,,,,,,,,,,,yes,no
sky-angkor-airlines,Sky Angkor Airlines,ZA,Cambodia,Scheduled,,,,,,,,,,,,,,yes,yes
sky-express-greece,Sky Express Greece,GQ,Greece,Scheduled,,,,https://bookings.skyexpress.gr,,,,,,,https://bookings.skyexpress.gr/en/need-help/conditions-of-carriage,,conditions_of_carriage_url prefilled from Duffel refs; please verify.,no,no
sky-fru,Sky Fru,R8,Kyrgyzstan,Scheduled,,,,,,,,,,,,,,no,no
sky-gates-airlines,Sky Gates Airlines,U3,Russia,Scheduled,,,,,,,,,,,,,,no,no
sky-high,Sky High,DO,Italy,Scheduled,,,,,,,,,,,,,,no,no
sky-lease-i-inc,"Sky Lease I, Inc.",GG,United States,Scheduled,,,,,,,,,,,,,,no,no
sky-mali,Sky Mali,ML,Mali,Scheduled,,,,,,,,,,,,,,no,no
sky-vision-airlines,Sky Vision Airlines,SE,France,Scheduled,,,,,,,,,,,,,,no,no
sky-wings-airlines,Sky Wings Airlines,ND,Greece,Scheduled,,,,,,,,,,,,,,no,no
skyalps,SkyAlps,BQ,Italy,Scheduled,,,,,,,,,,,,,,no,no
skybahamas,SkyBahamas,Q7,Bahamas,Scheduled,,,,,,,,,,,,,,yes,no
skyjet-airlines,SkyJet Airlines,M8,Uganda,Scheduled,,,,,,,,,,,,,,no,yes
skyline-express-airline,Skyline Express Airline,QU,China,Scheduled,,,,,,,,,,,,,,no,no
skymark-airlines,Skymark Airlines,BC,Japan,Low-cost,,,,,,,,,,,,,,yes,yes
skytaxi,SkyTaxi,TE,Romania,Scheduled,,,,,,,,,,,,,,no,no
skytrans-australia,Skytrans Australia,QN,Australia,Scheduled,,,,,,,,,,,,,,no,no
skyup-airlines,SkyUp Airlines,PQ,Puerto Rico,Low-cost,,,,,,,,,,,,,,no,yes
skyup-mt,SkyUp MT,U5,United States,Low-cost,,,,,,,,,,,,,,no,no
skyward-airlines,Skyward Airlines,OW,Canada,Scheduled,,,,,,,,,,,,,,yes,no
skywest-airlines,SkyWest Airlines,OO,Australia,Scheduled,,,,https://www.skywest.com,,,,,,,https://www.skywest.com/fly-skywest-airlines/customer-information#!contract-of-carriage,,conditions_of_carriage_url prefilled from Duffel refs; please verify.,yes,no
skywork-airlines,SkyWork Airlines,SX,Switzerland,Scheduled,,,,,,,,,,,,,,no,yes
small-planet-airlines-poland,Small Planet Airlines Poland,P7,Poland,Scheduled,,,,,,,,,,,,,,no,no
smartavia,SmartAvia,5N,Russia,Scheduled,,,,,,,,,,,,,,no,yes
smartlynx-airlines-estonia,SmartLynx Airlines Estonia,6Y,Latvia,Scheduled,,,,https://www.smartlynx.aero,,,,,,,https://www.smartlynx.aero/en/passengers/before-the-flight/conditions-of-carriage,,conditions_of_carriage_url prefilled from Duffel refs; please verify.,no,no
smartlynx-malta,SmartLynx Malta,2N,Malta,Scheduled,,,,,,,,,,,,,,no,no
smartwings-czechia,SmartWings Czechia,QS,Czechia,Low-cost,,,,,,,,,,,,,,no,no
smartwings-hungary,SmartWings Hungary,7O,Hungary,Low-cost,,,,,,,,,,,,,,no,no
smartwings-poland,SmartWings Poland,3Z,Poland,Low-cost,,,,,,,,,,,,,,no,no
smokey-bay-air-inc,"Smokey Bay Air, Inc.",2E,Sri Lanka,Scheduled,,,,,,,,,,,,,,no,no
sncf,SNCF,2C,France,Scheduled,,,,,,,,,,,,,,no,no
solaseed-air,Solaseed Air,6J,Japan,Low-cost,,,,,,,,,,,,,,yes,no
solomon-airlines,Solomon Airlines,IE,Solomon Islands,Scheduled,,,,https://www.flysolomons.com,,,,,,,https://www.flysolomons.com/bookings/conditions-of-carriage,,conditions_of_carriage_url prefilled from Duffel refs; please verify.,yes,no
somon-air,Somon Air,SZ,Tajikistan,Scheduled,,,,,,,,,,,,,,yes,yes
sounds-air,Sounds Air,S8,South Africa,Scheduled,,,,,,,,,,,,,,no,yes
south-african-airways,South African Airways,SA,South Africa,Scheduled,,,,https://www.flysaa.com,,,,,,,https://www.flysaa.com/documents/51855150/126723733/Conditions+of+Carriage,,conditions_of_carriage_url prefilled from Duffel refs; please verify.,yes,no
southern-air,Southern Air,9R,United States,Scheduled,,,,,,,,,,,,,,yes,no
southern-air-charter,Southern Air Charter,PL,Bahamas,Scheduled,,,,,,,,,,,,,,no,no
southern-airways-express,Southern Airways Express,9X,United States,Scheduled,,,,https://iflysouthern.com,,,,,,,https://iflysouthern.com/contract-of-carriage/,,conditions_of_carriage_url prefilled from Duffel refs; please verify.,yes,no
southern-sky-airlines,Southern Sky Airlines,IH,Italy,Scheduled,,,,,,,,,,,,,,no,no
southwest-airlines,Southwest Airlines,WN,United States,Low-cost,,,,https://www.southwest.com,,,,,,,https://www.southwest.com/html/about-southwest/index.html?clk=GFOOTER-CONTRACT-OF-CARRIAGE#_tab_5,,conditions_of_carriage_url prefilled from Duffel refs; please verify.,yes,no
southwind-airlines,Southwind airlines,2S,Liberia,Low-cost,,,,,,,,,,,,,,no,no
special-ground-handling-service-xh,Special Ground Handling Service -XH,XH,United Kingdom,Scheduled,,,,,,,,,,,,,,no,no
spicejet,SpiceJet,SG,India,Low-cost,,,,,,,,,,,,,,yes,no
spirit-airlines,Spirit Airlines,NK,United States,Low-cost,,,,https://content.spirit.com,,,,,,,https://content.spirit.com/Shared/en-us/Documents/Contract_of_Carriage.pdf,,conditions_of_carriage_url prefilled from Duffel refs; please verify.,yes,no
spring-airlines,Spring Airlines,9C,China,Low-cost,,,,,,,,,,,,,,no,no
spring-japan,Spring Japan,IJ,Japan,Low-cost,,,,,,,,,,,,,,yes,yes
springjet,Springjet,5K,Portugal,Low-cost,,,,,,,,,,,,,,no,no
srilankan-airlines,SriLankan Airlines,UL,Sri Lanka,Scheduled,,,,https://www.srilankan.com,,,,,,,https://www.srilankan.com/Zh_cn/Corporate/conditions-of-carriage-for-passengers-and-baggage,,conditions_of_carriage_url prefilled from Duffel refs; please verify.,yes,no
sriwijaya-air,Sriwijaya Air,SJ,Indonesia,Scheduled,,,,,,,,,,,,,,yes,no
st-barth-commuter,St Barth Commuter,PV,France,Scheduled,,,,,,,,,,,,,,no,yes
stabo-air-limited,Stabo Air Limited,4E,,Scheduled,,,,,,,,,,,,,,no,no
star-air,Star Air,S5,India,Scheduled,,,,,,,,,,,,,,no,no
star-peru,Star Peru,2I,Peru,Scheduled,,,,,,,,,,,,,,no,no
starbow,Starbow,S9,Ghana,Scheduled,,,,,,,,,,,,,,no,yes
starflyer,StarFlyer,7G,Japan,Scheduled,,,,,,,,,,,,,,no,no
starlux-airlines,STARLUX Airlines,JX,Singapore,Scheduled,,,,https://www.starlux-airlines.com,,,,,,,https://www.starlux-airlines.com/en-TW/terms-conditions/conditions-of-carriage,,conditions_of_carriage_url prefilled from Duffel refs; please verify.,yes,no
stp-airways,STP Airways,8F,Sao Tome and Principe,Scheduled,,,,,,,,,,,,,,no,no
sudan-airways,Sudan Airways,SD,Sudan,Scheduled,,,,,,,,,,,,,,yes,yes
sun-air,SUN-AIR,ZU,Denmark,Scheduled,,,,,,,,,,,,,,yes,no
sun-air-express,Sun Air Express,6G,United States,Scheduled,,,,,,,,,,,,,,no,no
sun-country-airlines,Sun Country Airlines,SY,United States,Low-cost,,,,https://assets.ctfassets.net,,,,,,,https://assets.ctfassets.net/2aov1ouggrmn/1oeBYihGf7m9y7W0WFcdfo/89f1754fcef67eb7da26286f019604d0/Contract_of_Carriage_Update_-_06182021.pdf,,conditions_of_carriage_url prefilled from Duffel refs; please verify.,no,yes
sun-phuquoc-airways,Sun PhuQuoc Airways,9G,Vietnam,Scheduled,,,,,,,,,,,,,,no,no
sunclass-airlines,Sunclass Airlines,DK,Denmark,Scheduled,,,,,,,,,,,,,,yes,yes
sundair,SundAir,SR,Germany,Scheduled,,,,,,,,,,,,,,yes,yes
sunday-airlines,Sunday Airlines,0S,Kazakhstan,Scheduled,,,,,,,,,,,,,,no,no
sunexpress,SunExpress,XQ,Turkey,Low-cost,,,,https://www.sunexpress.com,,,,,,,https://www.sunexpress.com/en/terms-conditions-sunexpress/,,conditions_of_carriage_url prefilled from Duffel refs; please verify.,yes,yes
sunexpress-deutschland,SunExpress Deutschland,XG,Germany,Low-cost,,,,,,,,,,,,,,yes,no
sunlight-air,Sunlight Air,2R,Canada,Scheduled,,,,,,,,,,,,,,no,no
sunrise-airways,Sunrise Airways,S6,Haiti,Scheduled,,,,,,,,,,,,,,yes,yes
sunrise-dominicana,Sunrise Dominicana,D6,South Africa,Scheduled,,,,,,,,,,,,,,no,no
sunsplash-aviation-llc,"Sunsplash Aviation, LLC.",YH,Colombia,Scheduled,,,,,,,,,,,,,,no,no
sunwing-airlines,Sunwing Airlines,WG,Canada,Low-cost,,,,https://www.sunwing.ca,,,,,,,https://www.sunwing.ca/en/sunwing-airlines/conditions-of-contract,,conditions_of_carriage_url prefilled from Duffel refs; please verify.,yes,yes
suparna-airlines,Suparna Airlines,Y8,People's Republic of China,Scheduled,,,,,,,,,,,,,,yes,yes
super-air-jet,Super Air Jet,IU,Indonesia,Low-cost,,,,,,,,,,,,,,no,no
surinam-airways,Surinam Airways,PY,Suriname,Scheduled,,,,,,,,,,,,,,yes,yes
swiftair,Swiftair,WT,Spain,Scheduled,,,,,,,,,,,,,,no,no
swoop,Swoop,WO,Canada,Low-cost,,,,,,,,,,,,,,yes,yes
sylt-air-gmbh,Sylt Air GmbH,7E,Germany,Scheduled,,,,,,,,,,,,,,yes,no
syrianair,SyrianAir,RB,Syria,Scheduled,,,,,,,,,,,,,,no,yes
taag-angola,TAAG Angola,DT,Angola,Scheduled,,,,http://www.taag.com,,,,,,,http://www.taag.com/en/Taag/Conditions-of-Carriage,,conditions_of_carriage_url prefilled from Duffel refs; please verify.,yes,yes
tab-transportes-aereos-bolivianos,TAB - Transportes Aéreos Bolivianos,B1,Bolivia,Scheduled,,,,,,,,,,,,,,no,no
tag-airlines,TAG Airlines,5U,Switzerland,Scheduled,,,,,,,,,,,,,,no,yes
tailwind-airlines,Tailwind Airlines,TI,Turkey,Scheduled,,,,,,,,,,,,,,yes,yes
tajik-air,Tajik Air,7J,Tajikistan,Scheduled,,,,,,,,,,,,,,yes,yes
tame,TAME,EQ,Ecuador,Scheduled,,,,,,,,,,,,,,yes,no
tampa-cargo,Tampa Cargo,QT,Colombia,Scheduled,,,,,,,,,,,,,,no,no
tandem-aero,Tandem Aero,TQ,Moldova,Scheduled,,,,,,,,,,,,,,yes,no
tap-air-portugal,TAP Air Portugal,TP,Portugal,Scheduled,,,,https://www.flytap.com,,,,,,,https://www.flytap.com/en-gb/transport-conditions?accordionid=1,,conditions_of_carriage_url prefilled from Duffel refs; please verify.,yes,yes
taquan-air,Taquan Air,K3,United States,Scheduled,,,,,,,,,,,,,,yes,no
tar-aerolineas,TAR Aerolíneas,YQ,Mexico,Scheduled,,,,,,,,,,,,,,no,yes
tarco-aviation,Tarco Aviation,3T,Sudan,Scheduled,,,,,,,,,,,,,,yes,no
tarom,Tarom,RO,Romania,Scheduled,,,,https://www.tarom.ro,,,,,,,https://www.tarom.ro/en/travelling-terms-and-conditions,,conditions_of_carriage_url prefilled from Duffel refs; please verify.,no,yes
tashkent-air,Tashkent Air,U7,Uzbekistan,Scheduled,,,,,,,,,,,,,,no,no
tassili-airlines,Tassili Airlines,SF,Algeria,Scheduled,,,,,,,,,,,,,,no,no
tatarstan-airlines,Tatarstan Airlines,U9,Russia,Scheduled,,,,,,,,,,,,,,yes,no
tayaran-jet,Tayaran Jet,E8,Jordan,Low-cost,,,,,,,,,,,,,,no,no
tbilisi-airways,Tbilisi Airways,TD,,Scheduled,,,,,,,,,,,,,,no,no
terra-avia,Terra Avia,T8,Ireland,Scheduled,,,,,,,,,,,,,,no,no
texel-air-ltd,Texel Air Ltd,TT,Lithuania,Low-cost,,,,,,,,,,,,,,no,no
tezjet,TezJet,K9,Cambodia,Scheduled,,,,,,,,,,,,,,no,no
thai-airasia-x,Thai AirAsia X,XJ,Thailand,Low-cost,,,,,,,,,,,,,,yes,yes
thai-lion-air,Thai Lion Air,SL,Thailand,Low-cost,,,,,,,,,,,,,,yes,yes
thai-smile,THAI Smile,WE,Thailand,Low-cost,,,,https://www.thaismileair.com,,,,,,,https://www.thaismileair.com/en/Terms-and-Conditions,,conditions_of_carriage_url prefilled from Duffel refs; please verify.,yes,yes
thai-vietjet-air,Thai Vietjet Air,VZ,Thailand,Low-cost,,,,,,,,,,,,,,yes,no
the-landline-company,The Landline Company,L4,Italy,Scheduled,,,,,,,,,,,,,,no,no
thomas-cook-airlines,Thomas Cook Airlines,MT,Belgium,Scheduled,,,,https://maltamedair.com,,,,,,,https://maltamedair.com/general-conditions-of-carriage/,,conditions_of_carriage_url prefilled from Duffel refs; please verify.,yes,no
thomas-cook-airlines-belgium,Thomas Cook Airlines Belgium,HQ,Belgium,Scheduled,,,,,,,,,,,,,,yes,no
tianjin-airlines,Tianjin Airlines,GS,China,Scheduled,,,,,,,,,,,,,,yes,no
tibet-airlines,Tibet Airlines,TV,China,Scheduled,,,,,,,,,,,,,,no,no
tigerair-mandala,Tigerair Mandala,RI,Indonesia,Scheduled,,,,,,,,,,,,,,yes,no
tigerair-taiwan,Tigerair Taiwan,IT,Taiwan,Low-cost,,,,,,,,,,,,,,no,no
tik-systems,TIK Systems,T1,Turkey,Scheduled,,,,,,,,,,,,,,no,no
titan-airways-limited,Titan Airways Limited,ZT,United Kingdom,Scheduled,,,,,,,,,,,,,,yes,no
toki-air,Toki Air,BV,Italy,Low-cost,,,,,,,,,,,,,,no,no
total-linhas-aereas,Total Linhas Aereas,0T,Brazil,Scheduled,,,,,,,,,,,,,,no,no
trade-air,Trade Air,C3,Croatia,Scheduled,,,,,,,,,,,,,,yes,no
tradewind-aviation,Tradewind Aviation,TJ,United States,Scheduled,,,,https://s3.amazonaws.com,,,,,,,https://s3.amazonaws.com/uploads.flytradewind.com/app/uploads/2021/08/08145706/Tradewind-Aviation-Contract-of-Carriage.pdf,,conditions_of_carriage_url prefilled from Duffel refs; please verify.,no,yes
trans-air-congo,Trans Air Congo,Q8,Republic of the Congo,Scheduled,,,,,,,,,,,,,,no,no
transair-senegal,Transair Senegal,R2,Senegal,Scheduled,,,,,,,,,,,,,,no,no
transavia-france,Transavia France,TO,France,Low-cost,,,,https://www.transavia.com,,,,,,,https://www.transavia.com/en-UK/conditions/conditions-of-carriage/,,conditions_of_carriage_url prefilled from Duffel refs; please verify.,yes,no
transnusa,Transnusa,8B,Indonesia,Scheduled,,,,,,,,,,,,,,no,yes
travel-service-slovensko,Travel Service Slovensko,6D,Slovakia,Scheduled,,,,,,,,,,,,,,no,no
travel-technology-interactive-sa,Travel Technology Interactive SA,Y1,France,Scheduled,,,,,,,,,,,,,,no,no
travelsky-technology-limited,Travelsky Technology Limited,1E,China,Scheduled,,,,,,,,,,,,,,no,no
trenitalia,Trenitalia,7T,Switzerland,Scheduled,,,,,,,,,,,,,,no,no
trigana-air-service,Trigana Air Service,IL,Indonesia,Scheduled,,,,,,,,,,,,,,yes,no
trip-linhas-aereas,TRIP Linhas Aéreas,T4,Brazil,Scheduled,,,,,,,,,,,,,,yes,no
tropic-air,Tropic Air,9N,Belize,Scheduled,,,,https://www.tropicair.com,,,,,,,https://www.tropicair.com/travel-info/conditions-of-carriage/,,conditions_of_carriage_url prefilled from Duffel refs; please verify.,no,no
tui-fly-deutschland,TUI fly Deutschland,X3,Germany,Scheduled,,,,,,,,,,,,,,yes,no
tuifly-netherlands,TUIfly Netherlands,OR,Netherlands,Scheduled,,,,,,,,,,,,,,no,no
tuifly-nordis,TUIfly Nordiс,6B,Sweden,Scheduled,,,,,,,,,,,,,,no,no
tunisair,Tunisair,TU,Tunisia,Scheduled,,,,http://www.tunisair.com,,,,,,,http://www.tunisair.com/site/publish/module/cgt/cgt.asp,,conditions_of_carriage_url prefilled from Duffel refs; please verify.,yes,no
tunisair-express,Tunisair Express,UG,Tunisia,Scheduled,,,,,,,,,,,,,,yes,no
turkmenistan-airlines,Turkmenistan Airlines,T5,Turkmenistan,Scheduled,,,,,,,,,,,,,,yes,no
tus-airways,Tus Airways,U8,Armenia,Low-cost,,,,,,,,,,,,,,no,no
tway-air,T'way Air,TW,South Korea,Low-cost,,,,,,,,,,,,,,yes,no
twin-jet,Twin Jet,T7,France,Scheduled,,,,,,,,,,,,,,no,no
ubm-aviation-oag,UBM Aviation - OAG,CR,United Kingdom,Scheduled,,,,,,,,,,,,,,no,no
uganda-airlines,Uganda Airlines,UR,Uganda,Scheduled,,,,https://ugandairlines.com,,,,,,,https://ugandairlines.com/conditions-of-carriage,,conditions_of_carriage_url prefilled from Duffel refs; please verify.,no,no
uia,UIA,PS,Ukraine,Scheduled,,,,https://www.flyuia.com,,,,,,,https://www.flyuia.com/ua/en/information/rules-and-regulations/carriage-rules,,conditions_of_carriage_url prefilled from Duffel refs; please verify.,no,no
uls-airlines-cargo,ULS Airlines Cargo,GO,Turkey,Scheduled,,,,,,,,,,,,,,yes,no
ultimate-jetcharters,Ultimate Jetcharters,UE,Russia,Scheduled,,,,,,,,,,,,,,no,no
umza-air,Umza Air,UY,Cameroon,Scheduled,,,,,,,,,,,,,,no,no
uni-air,Uni Air,B7,Taiwan,Scheduled,,,,https://www.uniair.com.tw,,,,,,,https://www.uniair.com.tw/rwd/download/UNI%20%20Conditions%20of%20Carriage_en-US.pdf,,conditions_of_carriage_url prefilled from Duffel refs; please verify.,yes,yes
uni-top-airlines,Uni-Top Airlines,UW,,Scheduled,,,,,,,,,,,,,,yes,no
united-airlines,United Airlines,UA,United States,Scheduled,,,,https://www.united.com,,,,,,,https://www.united.com/ual/en/GB/fly/contract.html,,conditions_of_carriage_url prefilled from Duffel refs; please verify.,yes,yes
united-nigeria-airlines,United Nigeria Airlines,UN,Nigeria,Scheduled,,,,,,,,,,,,,,no,no
universal-air,Universal Air,VO,Malta,Scheduled,,,,,,,,,,,,,,no,no
up-israel,Up Israel,86,Israel,Scheduled,,,,,,,,,,,,,,no,no
ups,UPS,5X,United States,Scheduled,,,,,,,,,,,,,,no,no
ur-airlines,UR Airlines,UD,Armenia,Scheduled,,,,,,,,,,,,,,no,no
ural-airlines,Ural Airlines,U6,Russia,Scheduled,,,,https://www.uralairlines.ru,,,,,,,https://www.uralairlines.ru/en/rules/dogovor-perevozki/,,conditions_of_carriage_url prefilled from Duffel refs; please verify.,yes,yes
urumqi-air,Urumqi Air,UQ,Uganda,Scheduled,,,,http://www.urumqi-air.com,,,,,,,"http://www.urumqi-air.com/air-pc/doc/Urumqi%20Airlines%20Co.,%20Ltd.%20General%20Conditions%20of%20International%20Carriage%20for%20Passengers%20and%20Baggage.pdf",,conditions_of_carriage_url prefilled from Duffel refs; please verify.,yes,no
us-bangla-airlines,US-Bangla Airlines,BS,Bangladesh,Scheduled,,,,,,,,,,,,,,yes,no
utair,UTair,ЮЭ,Russia,Scheduled,,,,,,,,,,,,,,no,no
uvt-aero,UVT Aero,RT,Russia,Scheduled,,,,,,,,,,,,,,no,no
uzbekistan-airways,Uzbekistan Airways,HY,Uzbekistan,Scheduled,,,,http://uzbekistan-airlines.de,,,,,,,http://uzbekistan-airlines.de/en/?page_id=89,,conditions_of_carriage_url prefilled from Duffel refs; please verify.,yes,yes
uzbekistan-express,Uzbekistan Express,0H,Uzbekistan,Low-cost,,,,,,,,,,,,,,no,no
valuejet,ValueJet,VK,Nigeria,Low-cost,,,,,,,,,,,,,,yes,no
vanilla-air,Vanilla Air,JW,Japan,Low-cost,,,,,,,,,,,,,,no,no
videcom-international-limited,Videcom International Limited,U1,United Kingdom,Scheduled,,,,,,,,,,,,,,no,no
vieques-air-link,Vieques Air Link,V4,United States,Scheduled,,,,,,,,,,,,,,yes,no
vietravel-airlines,Vietravel Airlines,VU,Vietnam,Scheduled,,,,,,,,,,,,,,no,no
villa-air,Villa Air,VP,Vietnam,Scheduled,,,,,,,,,,,,,,no,no
vim-airlines,VIM Airlines,NN,Russia,Scheduled,,,,,,,,,,,,,,yes,yes
virgin-america,Virgin America,VX,United States,Low-cost,,,,,,,,,,,,,,yes,yes
vision-air-moldova,Vision Air (Moldova),4V,Moldova,Scheduled,,,,,,,,,,,,,,no,no
vistara,Vistara,UK,India,Scheduled,,,,https://www.airvistara.com,,,,,,,https://www.airvistara.com/gb/en/terms-and-conditions,,conditions_of_carriage_url prefilled from Duffel refs; please verify.,yes,no
viva-aerobus,Viva Aerobus,VB,Mexico,Low-cost,,,,,,,,,,,,,,yes,yes
viva-air-colombia,Viva Air Colombia,VH,Colombia,Low-cost,,,,https://www.vivaair.com,,,,,,,https://www.vivaair.com/co/en/legal-information_terms-and-conditions,,conditions_of_carriage_url prefilled from Duffel refs; please verify.,no,yes
vladivostok-air,Vladivostok Air,XF,Russia,Scheduled,,,,,,,,,,,,,,yes,no
vlm-airlines,VLM Airlines,VG,Belgium,Scheduled,,,,,,,,,,,,,,yes,no
voepass-linhas-aereas,VOEPASS Linhas Aéreas,2Z,Brazil,Scheduled,,,,,,,,,,,,,,yes,no
volaris,Volaris,Y4,Mexico,Low-cost,,,,https://cms.volaris.com,,,,,,,https://cms.volaris.com/globalassets/pdfs/eng/contract-carriage-domestic-int-q6.pdf,,conditions_of_carriage_url prefilled from Duffel refs; please verify.,yes,yes
volaris-costa-rica,Volaris Costa Rica,Q6,Costa Rica,Low-cost,,,,,,,,,,,,,,no,no
volaris-el-salvador,Volaris El Salvador,N3,El Salvador,Low-cost,,,,,,,,,,,,,,no,no
volga-dnepr-airlines,Volga-Dnepr Airlines,VI,Russia,Scheduled,,,,,,,,,,,,,,yes,no
volo,Volo,DC,Sweden,Scheduled,,,,,,,,,,,,,,no,no
volotea,Volotea,V7,Spain,Low-cost,,,,https://www.volotea.com,,,,,,,https://www.volotea.com/en/legal-conditions/conditions-of-carriage/,,conditions_of_carriage_url prefilled from Duffel refs; please verify.,no,yes
wamos-air,Wamos Air,EB,Spain,Scheduled,,,,,,,,,,,,,,yes,no
warbelows-air,Warbelows Air,4W,Nigeria,Scheduled,,,,,,,,,,,,,,yes,no
webjet-linhas-aereas,Webjet Linhas Aereas,WH,Germany,Scheduled,,,,,,,,,,,,,,no,no
west-air,West Air,PN,China,Low-cost,,,,,,,,,,,,,,yes,yes
west-link-airlines,West Link Airlines,9L,United States,Scheduled,,,,,,,,,,,,,,no,no
western-air,Western Air,WU,Bahamas,Scheduled,,,,,,,,,,,,,,no,no
westjet-encore,WestJet Encore,WR,Canada,Low-cost,,,,,,,,,,,,,,yes,no
white-airways,White Airways,WI,Portugal,Scheduled,,,,,,,,,,,,,,yes,no
wideroe,Widerøe,WF,Norway,Scheduled,,,,,,,,,,,,,,yes,yes
winair,Winair,WM,United States,Scheduled,,,,,,,,,,,,,,yes,yes
windrose-airlines,Windrose Airlines,7W,Ukraine,Scheduled,,,,https://windrose.aero,,,,,,,https://windrose.aero/en/prepare_for_flight/prepare/rules/,,conditions_of_carriage_url prefilled from Duffel refs; please verify.,yes,no
wingo,Wingo,P5,Colombia,Scheduled,,,,,,,,,,,,,,no,no
wings-air,Wings Air,IW,Indonesia,Low-cost,,,,,,,,,,,,,,no,no
wings-of-lebanon,Wings of Lebanon,W7,Lebanon,Scheduled,,,,,,,,,,,,,,no,no
wizz-air-abu-dhabi,Wizz Air Abu Dhabi,5W,United Arab Emirates,Low-cost,,,,,,,,,,,,,,no,no
wizz-air-malta,Wizz Air Malta,W4,Malta,Low-cost,,,,,,,,,,,,,,no,no
wizz-air-uk,Wizz Air UK,W9,United Kingdom,Scheduled,,,,,,,,,,,,,,no,no
world-atlantic-airlines,World Atlantic Airlines,WL,United States,Scheduled,,,,,,,,,,,,,,no,no
world-ticket-ltd,World Ticket Ltd,W1,Canada,Scheduled,,,,,,,,,,,,,,no,no
world2fly,World2Fly,2W,Austria,Scheduled,,,,,,,,,,,,,,no,no
world2fly-portugal,World2Fly (Portugal),3P,Portugal,Scheduled,,,,,,,,,,,,,,no,no
worldspan,Worldspan,1P,United States,Scheduled,,,,,,,,,,,,,,no,no
wow-air,WOW Air,WW,Iceland,Low-cost,,,,,,,,,,,,,,yes,no
wright-air-service,Wright Air Service,8V,United States,Scheduled,,,,,,,,,,,,,,no,no
xejet,XEJet,4U,Germany,Scheduled,,,,,,,,,,,,,,no,no
xiamen-airlines,Xiamen Airlines,MF,China,Scheduled,,,,https://www.xiamenair.com,,,,,,,https://www.xiamenair.com/brandnew_EN/travel-transport-condition.html,,conditions_of_carriage_url prefilled from Duffel refs; please verify.,yes,yes
xpressair,XpressAir,XN,Indonesia,Scheduled,,,,,,,,,,,,,,no,no
yakutia-airlines,Yakutia Airlines,R3,Russia,Scheduled,,,,,,,,,,,,,,yes,no
yamal-airlines,Yamal Airlines,YC,Russia,Scheduled,,,,https://yamal.aero,,,,,,,https://yamal.aero/passengers/,,conditions_of_carriage_url prefilled from Duffel refs; please verify.,yes,yes
yanair,YANAIR,YE,Iran,Scheduled,,,,,,,,,,,,,,no,no
yemenia,Yemenia,IY,Yemen,Scheduled,,,,,,,,,,,,,,yes,yes
yeti-airlines,Yeti Airlines,YT,Nepal,Scheduled,,,,,,,,,,,,,,yes,yes
yto-cargo-airlines,YTO Cargo Airlines,YG,Ukraine,Scheduled,,,,,,,,,,,,,,no,no
zagros-airlines,Zagros Airlines,ZO,Iran,Scheduled,,,,,,,,,,,,,,no,no
zambezi-airlines,Zambezi Airlines,ZJ,Zambia,Scheduled,,,,,,,,,,,,,,no,no
zambia-airways,Zambia Airways,ZN,Zambia,Scheduled,,,,,,,,,,,,,,no,no
zapways-inc,"Zapways, Inc.",R1,Philippines,Scheduled,,,,,,,,,,,,,,no,no
zimex-aviation,Zimex Aviation,XM,Switzerland,Scheduled,,,,,,,,,,,,,,yes,no
zipair,ZIPAIR,ZG,Japan,Low-cost,,,,,,,,,,,,,,no,no
