carrier_key,name,iata,country,type,in_fetch_manifest,locale,band,region,official_website,help_root,baggage_checked_url,baggage_carryon_url,baggage_fees_url,fare_conditions_url,checkin_url,conditions_of_carriage_url,article_selector,has_capture_folder,latest_capture_set,ok_pages,failed_pages,has_candidates,has_fact_file,has_review_file,prefilled_conditions_url,missing_fields,notes,matched_source_airline_id,enrichment_sources,skip_reason
40-mile-air,40-Mile Air,Q5,United States,Scheduled,no,en,,North America,,,,,,,,,,no,,0,0,no,no,no,,band;official_website;help_root;baggage_checked_url;baggage_carryon_url;baggage_fees_url;fare_conditions_url;checkin_url;conditions_of_carriage_url;article_selector;,,,,no usable filled fields
9-air,9 Air,AQ,China,Low-cost,no,,,Asia,https://9air.com,,,,,,,,,no,,0,0,no,no,no,,locale;band;help_root;baggage_checked_url;baggage_carryon_url;baggage_fees_url;fare_conditions_url;checkin_url;conditions_of_carriage_url;article_selector;,,9-air-557,https://raw.githubusercontent.com/buffertse/airline-data/main/data/airlines.csv; https://raw.githubusercontent.com/buffertse/airline-data/main/data/airline-links.csv,"has official/help only, no page URLs for fetch manifest"
abx-air-inc,"ABX Air, Inc.",GB,United States,Scheduled,no,en,,North America,https://abxair.com,https://www.abxair.com/contact,,,,,,,,no,,0,0,no,yes,no,,band;baggage_checked_url;baggage_carryon_url;baggage_fees_url;fare_conditions_url;checkin_url;conditions_of_carriage_url;article_selector;,"Missing fields filled from buffertse/airline-data, which records official airline domains and deep links sourced from airline websites.",abx-air-354,https://raw.githubusercontent.com/buffertse/airline-data/main/data/airlines.csv; https://raw.githubusercontent.com/buffertse/airline-data/main/data/airline-links.csv,"has official/help only, no page URLs for fetch manifest"
act-havayollari-as,ACT Havayollari A.S.,9T,Turkey,Scheduled,no,,,Europe,https://actairlines.com,https://www.actairlines.com/contact.php,,,,,,,,no,,0,0,no,no,no,,locale;band;baggage_checked_url;baggage_carryon_url;baggage_fees_url;fare_conditions_url;checkin_url;conditions_of_carriage_url;article_selector;,,air-act-912,https://raw.githubusercontent.com/buffertse/airline-data/main/data/airlines.csv; https://raw.githubusercontent.com/buffertse/airline-data/main/data/airline-links.csv,"has official/help only, no page URLs for fetch manifest"
ahk-air-hong-kong-limited,AHK Air Hong Kong Limited,LD,Hong Kong,Scheduled,no,,,Asia,https://airhongkong.com.hk,https://www.airhongkong.com.hk/contactus,,,,,,,,no,,0,0,no,yes,no,,locale;band;baggage_checked_url;baggage_carryon_url;baggage_fees_url;fare_conditions_url;checkin_url;conditions_of_carriage_url;article_selector;,"Missing fields filled from buffertse/airline-data, which records official airline domains and deep links sourced from airline websites.",air-hong-kong-1144,https://raw.githubusercontent.com/buffertse/airline-data/main/data/airlines.csv; https://raw.githubusercontent.com/buffertse/airline-data/main/data/airline-links.csv,"has official/help only, no page URLs for fetch manifest"
ais-airlines,AIS Airlines,0C,Netherlands,Scheduled,no,,,Europe,https://flyirsairlines.com,,,,,,,,,no,,0,0,no,no,no,,locale;band;help_root;baggage_checked_url;baggage_carryon_url;baggage_fees_url;fare_conditions_url;checkin_url;conditions_of_carriage_url;article_selector;,,ais-airlines-779,https://raw.githubusercontent.com/buffertse/airline-data/main/data/airlines.csv; https://raw.githubusercontent.com/buffertse/airline-data/main/data/airline-links.csv,"has official/help only, no page URLs for fetch manifest"
aix-connect,AIX Connect,I5,India,Low-cost,no,,,Asia,,,,,,,,,,no,,0,0,no,no,no,,locale;band;official_website;help_root;baggage_checked_url;baggage_carryon_url;baggage_fees_url;fare_conditions_url;checkin_url;conditions_of_carriage_url;article_selector;,,,,no usable filled fields
alpavia,ALPAVIA,AL,United States,Low-cost,no,en,,North America,https://air-leisure.com,,,,,,,,,no,,0,0,no,no,no,,band;help_root;baggage_checked_url;baggage_carryon_url;baggage_fees_url;fare_conditions_url;checkin_url;conditions_of_carriage_url;article_selector;,,air-leisure-711,https://raw.githubusercontent.com/buffertse/airline-data/main/data/airlines.csv; https://raw.githubusercontent.com/buffertse/airline-data/main/data/airline-links.csv,"has official/help only, no page URLs for fetch manifest"
alrosa,ALROSA,6R,Russia,Scheduled,no,,,Europe,,,,,,,,,,no,,0,0,no,no,no,,locale;band;official_website;help_root;baggage_checked_url;baggage_carryon_url;baggage_fees_url;fare_conditions_url;checkin_url;conditions_of_carriage_url;article_selector;,,,,no usable filled fields
apa-guam,APA Guam,P9,Guam,Scheduled,no,,,Australia/Pacific,,,,,,,,,,no,,0,0,no,no,no,,locale;band;official_website;help_root;baggage_checked_url;baggage_carryon_url;baggage_fees_url;fare_conditions_url;checkin_url;conditions_of_carriage_url;article_selector;,,,,no usable filled fields
arincaeronautical-radio-inc,"ARINC(Aeronautical Radio, Inc.)",XA,United States,Scheduled,no,en,,North America,,,,,,,,,,no,,0,0,no,no,no,,band;official_website;help_root;baggage_checked_url;baggage_carryon_url;baggage_fees_url;fare_conditions_url;checkin_url;conditions_of_carriage_url;article_selector;,,,,no usable filled fields
as-salaam-air,AS SALAAM AIR,0W,Tanzania,Scheduled,no,,,Africa,,,,,,,,,,no,,0,0,no,no,no,,locale;band;official_website;help_root;baggage_checked_url;baggage_carryon_url;baggage_fees_url;fare_conditions_url;checkin_url;conditions_of_carriage_url;article_selector;,,,,no usable filled fields
asl-airlines-ireland,ASL Airlines Ireland,5H,Ireland,Low-cost,no,en,,Europe,https://arubaairlines.com,https://www.aslairlines.ie/contact,,,,,,,,no,,0,0,no,no,no,,band;baggage_checked_url;baggage_carryon_url;baggage_fees_url;fare_conditions_url;checkin_url;conditions_of_carriage_url;article_selector;,,asl-airlines-ireland-1136,https://raw.githubusercontent.com/buffertse/airline-data/main/data/airlines.csv; https://raw.githubusercontent.com/buffertse/airline-data/main/data/airline-links.csv,"has official/help only, no page URLs for fetch manifest"
asl-airways,ASL Airways,3V,Belgium,Scheduled,no,,,Europe,https://aslairlines.be,https://aslairlines.be/contact,,,,,,,,no,,0,0,no,no,no,,locale;band;baggage_checked_url;baggage_carryon_url;baggage_fees_url;fare_conditions_url;checkin_url;conditions_of_carriage_url;article_selector;,,asl-airlines-belgium-67,https://raw.githubusercontent.com/buffertse/airline-data/main/data/airlines.csv; https://raw.githubusercontent.com/buffertse/airline-data/main/data/airline-links.csv,"has official/help only, no page URLs for fetch manifest"
atsa-airlines,ATSA Airlines,4A,Peru,Low-cost,no,,,Latin America,,,,,,,,,,no,,0,0,no,no,no,,locale;band;official_website;help_root;baggage_checked_url;baggage_carryon_url;baggage_fees_url;fare_conditions_url;checkin_url;conditions_of_carriage_url;article_selector;,,,,no usable filled fields
azur-air,AZUR Air,ZF,Russia,Scheduled,no,,,Europe,,,,,,,,,,no,,0,0,no,no,no,,locale;band;official_website;help_root;baggage_checked_url;baggage_carryon_url;baggage_fees_url;fare_conditions_url;checkin_url;conditions_of_carriage_url;article_selector;,,,,no usable filled fields
abacus-international-pte-ltd,Abacus International Pte. Ltd.,1B,Singapore,Scheduled,no,en,,Asia,,,,,,,,,,no,,0,0,no,no,no,,band;official_website;help_root;baggage_checked_url;baggage_carryon_url;baggage_fees_url;fare_conditions_url;checkin_url;conditions_of_carriage_url;article_selector;,,,,no usable filled fields
accesrail,AccesRail,9B,Canada,Scheduled,no,en,,North America,,,,,,,,,,no,,0,0,no,no,no,,band;official_website;help_root;baggage_checked_url;baggage_carryon_url;baggage_fees_url;fare_conditions_url;checkin_url;conditions_of_carriage_url;article_selector;,,,,no usable filled fields
adria-airways,Adria Airways,JP,Slovenia,Scheduled,no,,,Europe,,,,,,,,,,no,,0,0,no,yes,no,,locale;band;official_website;help_root;baggage_checked_url;baggage_carryon_url;baggage_fees_url;fare_conditions_url;checkin_url;conditions_of_carriage_url;article_selector;,,,,no usable filled fields
advanced-air,Advanced Air,AN,United States,Scheduled,no,en,,North America,,,,,,,,,,no,,0,0,no,no,no,,band;official_website;help_root;baggage_checked_url;baggage_carryon_url;baggage_fees_url;fare_conditions_url;checkin_url;conditions_of_carriage_url;article_selector;,,,,no usable filled fields
aero-dili,Aero Dili,8G,Timor-Leste,Scheduled,no,,,,,,,,,,,,,no,,0,0,no,no,no,,locale;band;region;official_website;help_root;baggage_checked_url;baggage_carryon_url;baggage_fees_url;fare_conditions_url;checkin_url;conditions_of_carriage_url;article_selector;,,,,no usable filled fields
aero-k,Aero K,RF,South Korea,Low-cost,no,,,Asia,,,,,,,,,,no,,0,0,no,no,no,,locale;band;official_website;help_root;baggage_checked_url;baggage_carryon_url;baggage_fees_url;fare_conditions_url;checkin_url;conditions_of_carriage_url;article_selector;,,,,no usable filled fields
aero-mongolia,Aero Mongolia,M0,Mongolia,Scheduled,no,,,Asia,https://aeromongolia.mn,,,,,,,,,no,,0,0,no,yes,no,,locale;band;help_root;baggage_checked_url;baggage_carryon_url;baggage_fees_url;fare_conditions_url;checkin_url;conditions_of_carriage_url;article_selector;,"Missing fields filled from buffertse/airline-data, which records official airline domains and deep links sourced from airline websites.",aero-mongolia-1025,https://raw.githubusercontent.com/buffertse/airline-data/main/data/airlines.csv; https://raw.githubusercontent.com/buffertse/airline-data/main/data/airline-links.csv,"has official/help only, no page URLs for fetch manifest"
aero-nomad-airlines,Aero Nomad Airlines,KA,Kyrgyzstan,Scheduled,no,,,Asia,,,,,,,,,,no,,0,0,no,no,no,,locale;band;official_website;help_root;baggage_checked_url;baggage_carryon_url;baggage_fees_url;fare_conditions_url;checkin_url;conditions_of_carriage_url;article_selector;,,,,no usable filled fields
aero-charter-ukraine,Aero-Charter Ukraine,DW,Ukraine,Scheduled,no,,,Europe,,,,,,,,,,no,,0,0,no,yes,no,,locale;band;official_website;help_root;baggage_checked_url;baggage_carryon_url;baggage_fees_url;fare_conditions_url;checkin_url;conditions_of_carriage_url;article_selector;,,,,no usable filled fields
aeroitalia,AeroItalia,XZ,Italy,Low-cost,no,,,Europe,https://aeroitalia.com,,,,,,,,,no,,0,0,no,no,no,,locale;band;help_root;baggage_checked_url;baggage_carryon_url;baggage_fees_url;fare_conditions_url;checkin_url;conditions_of_carriage_url;article_selector;,,aeroitalia-137,https://raw.githubusercontent.com/buffertse/airline-data/main/data/airlines.csv; https://raw.githubusercontent.com/buffertse/airline-data/main/data/airline-links.csv,"has official/help only, no page URLs for fetch manifest"
aerolink,AeroLink,A8,Uganda,Scheduled,no,en,,Africa,,,,,,,,,,no,,0,0,no,no,no,,band;official_website;help_root;baggage_checked_url;baggage_carryon_url;baggage_fees_url;fare_conditions_url;checkin_url;conditions_of_carriage_url;article_selector;,,,,no usable filled fields
aerostan,AeroStan,KW,Kyrgyzstan,Scheduled,no,,,Asia,https://wataniyaairways.com,,,,,,,,,no,,0,0,no,no,no,,locale;band;help_root;baggage_checked_url;baggage_carryon_url;baggage_fees_url;fare_conditions_url;checkin_url;conditions_of_carriage_url;article_selector;,,wataniya-airways-58,https://raw.githubusercontent.com/buffertse/airline-data/main/data/airlines.csv; https://raw.githubusercontent.com/buffertse/airline-data/main/data/airline-links.csv,"has official/help only, no page URLs for fetch manifest"
aerolineas-sosa,Aerolineas Sosa,S0,Honduras,Scheduled,no,,,Latin America,,,,,,,,,,no,,0,0,no,no,no,,locale;band;official_website;help_root;baggage_checked_url;baggage_carryon_url;baggage_fees_url;fare_conditions_url;checkin_url;conditions_of_carriage_url;article_selector;,,,,no usable filled fields
aeromar,Aeromar,VW,Mexico,Scheduled,no,,,Latin America,,,,,,,,,,no,,0,0,no,yes,no,,locale;band;official_website;help_root;baggage_checked_url;baggage_carryon_url;baggage_fees_url;fare_conditions_url;checkin_url;conditions_of_carriage_url;article_selector;,,,,no usable filled fields
aeronautical-telecommunications-ltdaerotel,Aeronautical Telecommunications Ltd.(AEROTEL),XI,Jamaica,Scheduled,no,en,,Caribbean,,,,,,,,,,no,,0,0,no,no,no,,band;official_website;help_root;baggage_checked_url;baggage_carryon_url;baggage_fees_url;fare_conditions_url;checkin_url;conditions_of_carriage_url;article_selector;,,,,no usable filled fields
aeropelican-air-services,Aeropelican Air Services,OT,Australia,Scheduled,no,en,,Australia/Pacific,,,,,,,,,,no,,0,0,no,no,no,,band;official_website;help_root;baggage_checked_url;baggage_carryon_url;baggage_fees_url;fare_conditions_url;checkin_url;conditions_of_carriage_url;article_selector;,,,,no usable filled fields
aeroservis,Aeroservis,АЯ,Russia,Scheduled,no,,,Europe,,,,,,,,,,no,,0,0,no,no,no,,locale;band;official_website;help_root;baggage_checked_url;baggage_carryon_url;baggage_fees_url;fare_conditions_url;checkin_url;conditions_of_carriage_url;article_selector;,,,,no usable filled fields
aerotranscargo,Aerotranscargo,F5,Moldova (Republic of Moldova),Scheduled,no,,,,https://atc-md.aero,,,,,,,,,no,,0,0,no,no,no,,locale;band;region;help_root;baggage_checked_url;baggage_carryon_url;baggage_fees_url;fare_conditions_url;checkin_url;conditions_of_carriage_url;article_selector;,,aerotranscargo-1422,https://raw.githubusercontent.com/buffertse/airline-data/main/data/airlines.csv; https://raw.githubusercontent.com/buffertse/airline-data/main/data/airline-links.csv,"has official/help only, no page URLs for fetch manifest"
aerovias-dap,Aerovias DAP,V5,Chile,Scheduled,no,,,Latin America,,,,,,,,,,no,,0,0,no,no,no,,locale;band;official_website;help_root;baggage_checked_url;baggage_carryon_url;baggage_fees_url;fare_conditions_url;checkin_url;conditions_of_carriage_url;article_selector;,,,,no usable filled fields
africa-world-airlines,Africa World Airlines,AW,Ghana,Scheduled,no,en,,Africa,,,,,,,,,,no,,0,0,no,no,no,,band;official_website;help_root;baggage_checked_url;baggage_carryon_url;baggage_fees_url;fare_conditions_url;checkin_url;conditions_of_carriage_url;article_selector;,,,,no usable filled fields
african-express-airways,African Express Airways,XU,Kenya,Scheduled,no,en,,Africa,https://africanexpress.net,,,,,,,,,no,,0,0,no,yes,no,,band;help_root;baggage_checked_url;baggage_carryon_url;baggage_fees_url;fare_conditions_url;checkin_url;conditions_of_carriage_url;article_selector;,"Missing fields filled from buffertse/airline-data, which records official airline domains and deep links sourced from airline websites.",african-express-airways-1038,https://raw.githubusercontent.com/buffertse/airline-data/main/data/airlines.csv; https://raw.githubusercontent.com/buffertse/airline-data/main/data/airline-links.csv,"has official/help only, no page URLs for fetch manifest"
afrinat-international-airlines,Afrinat International Airlines,2F,Gambia,Scheduled,no,en,,Africa,,,,,,,,,,no,,0,0,no,no,no,,band;official_website;help_root;baggage_checked_url;baggage_carryon_url;baggage_fees_url;fare_conditions_url;checkin_url;conditions_of_carriage_url;article_selector;,,,,no usable filled fields
aigle-azur,Aigle Azur,ZI,France,Scheduled,no,,,Europe,,,,,,,,,,no,,0,0,no,yes,no,,locale;band;official_website;help_root;baggage_checked_url;baggage_carryon_url;baggage_fees_url;fare_conditions_url;checkin_url;conditions_of_carriage_url;article_selector;,,,,no usable filled fields
air-anka,Air Anka,6K,Turkey,Scheduled,no,,,Europe,,,,,,,,,,no,,0,0,no,no,no,,locale;band;official_website;help_root;baggage_checked_url;baggage_carryon_url;baggage_fees_url;fare_conditions_url;checkin_url;conditions_of_carriage_url;article_selector;,,,,no usable filled fields
air-antilles,Air Antilles,4I,France,Low-cost,no,,,Europe,https://izair.com.tr,,,,,,,,,no,,0,0,no,no,no,,locale;band;help_root;baggage_checked_url;baggage_carryon_url;baggage_fees_url;fare_conditions_url;checkin_url;conditions_of_carriage_url;article_selector;,,izair-397,https://raw.githubusercontent.com/buffertse/airline-data/main/data/airlines.csv; https://raw.githubusercontent.com/buffertse/airline-data/main/data/airline-links.csv,"has official/help only, no page URLs for fetch manifest"
air-arabia-abu-dhabi,Air Arabia Abu Dhabi,3L,United Arab Emirates,Low-cost,no,,,Middle East,,,,,,,,,,no,,0,0,no,no,no,,locale;band;official_website;help_root;baggage_checked_url;baggage_carryon_url;baggage_fees_url;fare_conditions_url;checkin_url;conditions_of_carriage_url;article_selector;,,,,no usable filled fields
air-arabia-maroc,Air Arabia Maroc,3O,Morocco,Low-cost,no,,,Africa,,,,,,,,,,no,,0,0,no,yes,no,,locale;band;official_website;help_root;baggage_checked_url;baggage_carryon_url;baggage_fees_url;fare_conditions_url;checkin_url;conditions_of_carriage_url;article_selector;,,,,no usable filled fields
air-atlanta-europe,Air Atlanta Europe,CT,United Kingdom,Scheduled,no,en,,Europe,https://airatlanta.com,,,,,,,,,no,,0,0,no,no,no,,band;help_root;baggage_checked_url;baggage_carryon_url;baggage_fees_url;fare_conditions_url;checkin_url;conditions_of_carriage_url;article_selector;,,air-atlanta-europe-1393,https://raw.githubusercontent.com/buffertse/airline-data/main/data/airlines.csv; https://raw.githubusercontent.com/buffertse/airline-data/main/data/airline-links.csv,"has official/help only, no page URLs for fetch manifest"
air-berlin,Air Berlin,HE,Germany,Scheduled,no,,,Europe,,,,,,,,,,no,,0,0,no,no,no,,locale;band;official_website;help_root;baggage_checked_url;baggage_carryon_url;baggage_fees_url;fare_conditions_url;checkin_url;conditions_of_carriage_url;article_selector;,,,,no usable filled fields
air-busan,Air Busan,BX,South Korea,Low-cost,no,,,Asia,,,,,,,,,,no,,0,0,no,yes,no,,locale;band;official_website;help_root;baggage_checked_url;baggage_carryon_url;baggage_fees_url;fare_conditions_url;checkin_url;conditions_of_carriage_url;article_selector;,,,,no usable filled fields
air-canada-express,Air Canada Express,QK,Canada,Scheduled,no,en,,North America,https://flyjazz.ca,,,,,,,,,no,,0,0,no,no,no,,band;help_root;baggage_checked_url;baggage_carryon_url;baggage_fees_url;fare_conditions_url;checkin_url;conditions_of_carriage_url;article_selector;,,jazz-aviation-413,https://raw.githubusercontent.com/buffertse/airline-data/main/data/airlines.csv; https://raw.githubusercontent.com/buffertse/airline-data/main/data/airline-links.csv,"has official/help only, no page URLs for fetch manifest"
air-cargo-carriers-llc,"Air Cargo Carriers, LLC.",2Q,United States,Scheduled,no,en,,North America,https://aircar.com,,,,,,,,,no,,0,0,no,yes,no,,band;help_root;baggage_checked_url;baggage_carryon_url;baggage_fees_url;fare_conditions_url;checkin_url;conditions_of_carriage_url;article_selector;,"Missing fields filled from buffertse/airline-data, which records official airline domains and deep links sourced from airline websites.",air-cargo-carriers-686,https://raw.githubusercontent.com/buffertse/airline-data/main/data/airlines.csv; https://raw.githubusercontent.com/buffertse/airline-data/main/data/airline-links.csv,"has official/help only, no page URLs for fetch manifest"
air-cargo-germany,Air Cargo Germany,6U,Germany,Scheduled,no,,,Europe,,,,,,,,,,no,,0,0,no,no,no,,locale;band;official_website;help_root;baggage_checked_url;baggage_carryon_url;baggage_fees_url;fare_conditions_url;checkin_url;conditions_of_carriage_url;article_selector;,,,,no usable filled fields
air-djibouti,Air Djibouti,DJ,Djibouti,Scheduled,no,,,,https://air-djibouti.com,https://air-djibouti.com/contact.php,,,,,,,,no,,0,0,no,yes,no,,locale;band;region;baggage_checked_url;baggage_carryon_url;baggage_fees_url;fare_conditions_url;checkin_url;conditions_of_carriage_url;article_selector;,"Missing fields filled from buffertse/airline-data, which records official airline domains and deep links sourced from airline websites.",air-djibouti-1502,https://raw.githubusercontent.com/buffertse/airline-data/main/data/airlines.csv; https://raw.githubusercontent.com/buffertse/airline-data/main/data/airline-links.csv,"has official/help only, no page URLs for fetch manifest"
air-excel,Air Excel,0X,Tanzania,Scheduled,no,,,Africa,,,,,,,,,,no,,0,0,no,no,no,,locale;band;official_website;help_root;baggage_checked_url;baggage_carryon_url;baggage_fees_url;fare_conditions_url;checkin_url;conditions_of_carriage_url;article_selector;,,,,no usable filled fields
air-flamenco,Air Flamenco,F4,United States,Scheduled,no,en,,North America,https://airflamenco.net,,,,,,,,,no,,0,0,no,no,no,,band;help_root;baggage_checked_url;baggage_carryon_url;baggage_fees_url;fare_conditions_url;checkin_url;conditions_of_carriage_url;article_selector;,,air-flamenco-1243,https://raw.githubusercontent.com/buffertse/airline-data/main/data/airlines.csv; https://raw.githubusercontent.com/buffertse/airline-data/main/data/airline-links.csv,"has official/help only, no page URLs for fetch manifest"
air-iceland-connect,Air Iceland Connect,NY,Iceland,Scheduled,no,,,Europe,,,,,,,,,,no,,0,0,no,yes,no,,locale;band;official_website;help_root;baggage_checked_url;baggage_carryon_url;baggage_fees_url;fare_conditions_url;checkin_url;conditions_of_carriage_url;article_selector;,,,,no usable filled fields
air-incheon,Air Incheon,KJ,South Korea,Scheduled,no,,,Asia,,,,,,,,,,no,,0,0,no,no,no,,locale;band;official_website;help_root;baggage_checked_url;baggage_carryon_url;baggage_fees_url;fare_conditions_url;checkin_url;conditions_of_carriage_url;article_selector;,,,,no usable filled fields
air-india-express,Air India Express,IX,India,Low-cost,no,,,Asia,https://airindiaexpress.in,,,,,,,,,no,,0,0,no,yes,no,,locale;band;help_root;baggage_checked_url;baggage_carryon_url;baggage_fees_url;fare_conditions_url;checkin_url;conditions_of_carriage_url;article_selector;,"Missing fields filled from buffertse/airline-data, which records official airline domains and deep links sourced from airline websites.",air-india-express-1146,https://raw.githubusercontent.com/buffertse/airline-data/main/data/airlines.csv; https://raw.githubusercontent.com/buffertse/airline-data/main/data/airline-links.csv,"has official/help only, no page URLs for fetch manifest"
air-inuit,Air Inuit,3H,Canada,Scheduled,no,en,,North America,https://airinuit.com,,,,,,,,,no,,0,0,no,no,no,,band;help_root;baggage_checked_url;baggage_carryon_url;baggage_fees_url;fare_conditions_url;checkin_url;conditions_of_carriage_url;article_selector;,,air-inuit-1148,https://raw.githubusercontent.com/buffertse/airline-data/main/data/airlines.csv; https://raw.githubusercontent.com/buffertse/airline-data/main/data/airline-links.csv,"has official/help only, no page URLs for fetch manifest"
air-kbz,Air KBZ,K7,Myanmar,Scheduled,no,,,Asia,,,,,,,,,,no,,0,0,no,no,no,,locale;band;official_website;help_root;baggage_checked_url;baggage_carryon_url;baggage_fees_url;fare_conditions_url;checkin_url;conditions_of_carriage_url;article_selector;,,,,no usable filled fields
air-koryo,Air Koryo,JS,North Korea,Scheduled,no,,,,https://airkoryo.com.kp,,,,,,,,,no,,0,0,no,yes,no,,locale;band;region;help_root;baggage_checked_url;baggage_carryon_url;baggage_fees_url;fare_conditions_url;checkin_url;conditions_of_carriage_url;article_selector;,"Missing fields filled from buffertse/airline-data, which records official airline domains and deep links sourced from airline websites.",air-koryo-842,https://raw.githubusercontent.com/buffertse/airline-data/main/data/airlines.csv; https://raw.githubusercontent.com/buffertse/airline-data/main/data/airline-links.csv,"has official/help only, no page URLs for fetch manifest"
air-libya,Air Libya,7I,Libya,Scheduled,no,,,Africa,,,,,,,,,,no,,0,0,no,yes,no,,locale;band;official_website;help_root;baggage_checked_url;baggage_carryon_url;baggage_fees_url;fare_conditions_url;checkin_url;conditions_of_carriage_url;article_selector;,,,,no usable filled fields
air-link,Air Link,LZ,Australia,Scheduled,no,en,,Australia/Pacific,https://airlinkcargo.co.za,,,,,,,,,no,,0,0,no,no,no,,band;help_root;baggage_checked_url;baggage_carryon_url;baggage_fees_url;fare_conditions_url;checkin_url;conditions_of_carriage_url;article_selector;,,airlink-cargo-828,https://raw.githubusercontent.com/buffertse/airline-data/main/data/airlines.csv; https://raw.githubusercontent.com/buffertse/airline-data/main/data/airline-links.csv,"has official/help only, no page URLs for fetch manifest"
air-lituanica,Air Lituanica,LT,Lithuania,Scheduled,no,,,Europe,,,,,,,,,,no,,0,0,no,no,no,,locale;band;official_website;help_root;baggage_checked_url;baggage_carryon_url;baggage_fees_url;fare_conditions_url;checkin_url;conditions_of_carriage_url;article_selector;,,,,no usable filled fields
air-manas,Air Manas,ZM,Kyrgyzstan,Low-cost,no,,,Asia,,,,,,,,,,no,,0,0,no,no,no,,locale;band;official_website;help_root;baggage_checked_url;baggage_carryon_url;baggage_fees_url;fare_conditions_url;checkin_url;conditions_of_carriage_url;article_selector;,,,,no usable filled fields
air-mekong,Air Mekong,P8,Vietnam,Scheduled,no,,,Asia,https://sprintair.eu,,,,,,,,,no,,0,0,no,yes,no,,locale;band;help_root;baggage_checked_url;baggage_carryon_url;baggage_fees_url;fare_conditions_url;checkin_url;conditions_of_carriage_url;article_selector;,,sprintair-1383,https://raw.githubusercontent.com/buffertse/airline-data/main/data/airlines.csv; https://raw.githubusercontent.com/buffertse/airline-data/main/data/airline-links.csv,"has official/help only, no page URLs for fetch manifest"
air-moana,Air Moana,NM,French Polynesia,Scheduled,no,,,Australia/Pacific,,,,,,,,,,no,,0,0,no,yes,no,,locale;band;official_website;help_root;baggage_checked_url;baggage_carryon_url;baggage_fees_url;fare_conditions_url;checkin_url;conditions_of_carriage_url;article_selector;,,,,no usable filled fields
air-mobility-command,Air Mobility Command,MC,United States,Scheduled,no,en,,North America,,,,,,,,,,no,,0,0,no,no,no,,band;official_website;help_root;baggage_checked_url;baggage_carryon_url;baggage_fees_url;fare_conditions_url;checkin_url;conditions_of_carriage_url;article_selector;,,,,no usable filled fields
air-namibia,Air Namibia,SW,Namibia,Scheduled,no,,,Africa,,,,,,,,,,no,,0,0,no,yes,no,,locale;band;official_website;help_root;baggage_checked_url;baggage_carryon_url;baggage_fees_url;fare_conditions_url;checkin_url;conditions_of_carriage_url;article_selector;,,,,no usable filled fields
air-nostrum,Air Nostrum,YW,Spain,Scheduled,no,,,Europe,https://airnostrum.es,,,,,,,,,no,,0,0,no,yes,no,,locale;band;help_root;baggage_checked_url;baggage_carryon_url;baggage_fees_url;fare_conditions_url;checkin_url;conditions_of_carriage_url;article_selector;,"Missing fields filled from buffertse/airline-data, which records official airline domains and deep links sourced from airline websites.",air-nostrum-1159,https://raw.githubusercontent.com/buffertse/airline-data/main/data/airlines.csv; https://raw.githubusercontent.com/buffertse/airline-data/main/data/airline-links.csv,"has official/help only, no page URLs for fetch manifest"
air-ocean-airlines,Air Ocean Airlines,0O,Ukraine,Scheduled,no,,,Europe,,,,,,,,,,no,,0,0,no,no,no,,locale;band;official_website;help_root;baggage_checked_url;baggage_carryon_url;baggage_fees_url;fare_conditions_url;checkin_url;conditions_of_carriage_url;article_selector;,,,,no usable filled fields
air-panama,Air Panama,7P,Panama,Scheduled,no,,,Latin America,,,,,,,,,,no,,0,0,no,no,no,,locale;band;official_website;help_root;baggage_checked_url;baggage_carryon_url;baggage_fees_url;fare_conditions_url;checkin_url;conditions_of_carriage_url;article_selector;,,,,no usable filled fields
air-samarkand,Air Samarkand,9S,Uzbekistan,Scheduled,no,,,Asia,,,,,,,,,,no,,0,0,no,no,no,,locale;band;official_website;help_root;baggage_checked_url;baggage_carryon_url;baggage_fees_url;fare_conditions_url;checkin_url;conditions_of_carriage_url;article_selector;,,,,no usable filled fields
air-seoul,Air Seoul,RS,South Korea,Low-cost,no,,,Asia,,,,,,,,,,no,,0,0,no,no,no,,locale;band;official_website;help_root;baggage_checked_url;baggage_carryon_url;baggage_fees_url;fare_conditions_url;checkin_url;conditions_of_carriage_url;article_selector;,,,,no usable filled fields
air-thanlwin,Air Thanlwin,ST,Myanmar,Scheduled,no,,,Asia,https://sitaair.com.np,,,,,,,,,no,,0,0,no,yes,no,,locale;band;help_root;baggage_checked_url;baggage_carryon_url;baggage_fees_url;fare_conditions_url;checkin_url;conditions_of_carriage_url;article_selector;,,sita-air-442,https://raw.githubusercontent.com/buffertse/airline-data/main/data/airlines.csv; https://raw.githubusercontent.com/buffertse/airline-data/main/data/airline-links.csv,"has official/help only, no page URLs for fetch manifest"
air-timor,Air Timor,6C,Timor-Leste,Scheduled,no,,,,https://aerosucre.com.co,https://aerosucre.com.co/contacto,,,,,,,,no,,0,0,no,no,no,,locale;band;region;baggage_checked_url;baggage_carryon_url;baggage_fees_url;fare_conditions_url;checkin_url;conditions_of_carriage_url;article_selector;,,aerosucre-1022,https://raw.githubusercontent.com/buffertse/airline-data/main/data/airlines.csv; https://raw.githubusercontent.com/buffertse/airline-data/main/data/airline-links.csv,"has official/help only, no page URLs for fetch manifest"
air-transport-association-of-americadba-airlines-for-america,Air Transport Association of Americad\b\a Airlines for America,XD,United States,Scheduled,no,en,,North America,,,,,,,,,,no,,0,0,no,no,no,,band;official_website;help_root;baggage_checked_url;baggage_carryon_url;baggage_fees_url;fare_conditions_url;checkin_url;conditions_of_carriage_url;article_selector;,,,,no usable filled fields
air-transport-international-llc,Air Transport International L.L.C.,8C,United States,Scheduled,no,en,,North America,https://airtransport.cc,,,,,,,,,no,,0,0,no,yes,no,,band;help_root;baggage_checked_url;baggage_carryon_url;baggage_fees_url;fare_conditions_url;checkin_url;conditions_of_carriage_url;article_selector;,"Missing fields filled from buffertse/airline-data, which records official airline domains and deep links sourced from airline websites.",air-transport-international-1168,https://raw.githubusercontent.com/buffertse/airline-data/main/data/airlines.csv; https://raw.githubusercontent.com/buffertse/airline-data/main/data/airline-links.csv,"has official/help only, no page URLs for fetch manifest"
air-travel,Air Travel,A6,China,Scheduled,no,,,Asia,,,,,,,,,,no,,0,0,no,no,no,,locale;band;official_website;help_root;baggage_checked_url;baggage_carryon_url;baggage_fees_url;fare_conditions_url;checkin_url;conditions_of_carriage_url;article_selector;,,,,no usable filled fields
air-wisconsin,Air Wisconsin,ZW,United States,Scheduled,no,en,,North America,https://airwis.com,https://www.airwis.com/Contact,,,,,,,,no,,0,0,no,no,no,,band;baggage_checked_url;baggage_carryon_url;baggage_fees_url;fare_conditions_url;checkin_url;conditions_of_carriage_url;article_selector;,,air-wisconsin-1172,https://raw.githubusercontent.com/buffertse/airline-data/main/data/airlines.csv; https://raw.githubusercontent.com/buffertse/airline-data/main/data/airline-links.csv,"has official/help only, no page URLs for fetch manifest"
air-x-charter,Air X Charter,AX,Malta,Scheduled,no,en,,Europe,,,,,,,,,,no,,0,0,no,no,no,,band;official_website;help_root;baggage_checked_url;baggage_carryon_url;baggage_fees_url;fare_conditions_url;checkin_url;conditions_of_carriage_url;article_selector;,,,,no usable filled fields
airasia-cambodia,AirAsia Cambodia,KT,Cambodia,Low-cost,no,,,Asia,https://airasia.com,,,,,,,,,no,,0,0,no,no,no,,locale;band;help_root;baggage_checked_url;baggage_carryon_url;baggage_fees_url;fare_conditions_url;checkin_url;conditions_of_carriage_url;article_selector;,,transaviabaltika-1208,https://raw.githubusercontent.com/buffertse/airline-data/main/data/airlines.csv; https://raw.githubusercontent.com/buffertse/airline-data/main/data/airline-links.csv,"has official/help only, no page URLs for fetch manifest"
airborneo,AirBorneo,MY,Malaysia,Scheduled,no,,,Asia,,,,,,,,,,no,,0,0,no,no,no,,locale;band;official_website;help_root;baggage_checked_url;baggage_carryon_url;baggage_fees_url;fare_conditions_url;checkin_url;conditions_of_carriage_url;article_selector;,,,,no usable filled fields
airexplore,AirExplore,ED,Slovakia,Scheduled,no,,,Europe,,,,,,,,,,no,,0,0,no,no,no,,locale;band;official_website;help_root;baggage_checked_url;baggage_carryon_url;baggage_fees_url;fare_conditions_url;checkin_url;conditions_of_carriage_url;article_selector;,,,,no usable filled fields
airswift,AirSWIFT,T6,Philippines,Scheduled,no,,,Asia,,,,,,,,,,no,,0,0,no,no,no,,locale;band;official_website;help_root;baggage_checked_url;baggage_carryon_url;baggage_fees_url;fare_conditions_url;checkin_url;conditions_of_carriage_url;article_selector;,,,,no usable filled fields
airfast-indonesia,Airfast Indonesia,1T,Indonesia,Scheduled,no,,,Asia,https://freespiritairlines.com.au,,,,,,,,,no,,0,0,no,no,no,,locale;band;help_root;baggage_checked_url;baggage_carryon_url;baggage_fees_url;fare_conditions_url;checkin_url;conditions_of_carriage_url;article_selector;,,airfast-indonesia-1176,https://raw.githubusercontent.com/buffertse/airline-data/main/data/airlines.csv; https://raw.githubusercontent.com/buffertse/airline-data/main/data/airline-links.csv,"has official/help only, no page URLs for fetch manifest"
airhub-airlines,Airhub Airlines,RE,Malta,Scheduled,no,en,,Europe,https://airhubairlines.com,,,,,,,,,no,,0,0,no,no,no,,band;help_root;baggage_checked_url;baggage_carryon_url;baggage_fees_url;fare_conditions_url;checkin_url;conditions_of_carriage_url;article_selector;,,airhub-airlines-144,https://raw.githubusercontent.com/buffertse/airline-data/main/data/airlines.csv; https://raw.githubusercontent.com/buffertse/airline-data/main/data/airline-links.csv,"has official/help only, no page URLs for fetch manifest"
airline-urga,Airline Urga,3N,Ukraine,Scheduled,no,,,Europe,https://urga.com.ua,,,,,,,,,no,,0,0,no,yes,no,,locale;band;help_root;baggage_checked_url;baggage_carryon_url;baggage_fees_url;fare_conditions_url;checkin_url;conditions_of_carriage_url;article_selector;,,air-urga-898,https://raw.githubusercontent.com/buffertse/airline-data/main/data/airlines.csv; https://raw.githubusercontent.com/buffertse/airline-data/main/data/airline-links.csv,"has official/help only, no page URLs for fetch manifest"
airmax-sa,Airmax S.A.,X8,Peru,Scheduled,no,,,Latin America,,,,,,,,,,no,,0,0,no,no,no,,locale;band;official_website;help_root;baggage_checked_url;baggage_carryon_url;baggage_fees_url;fare_conditions_url;checkin_url;conditions_of_carriage_url;article_selector;,,,,no usable filled fields
airshop-bv,Airshop B.V.,FF,Netherlands,Scheduled,no,,,Europe,,,,,,,,,,no,,0,0,no,no,no,,locale;band;official_website;help_root;baggage_checked_url;baggage_carryon_url;baggage_fees_url;fare_conditions_url;checkin_url;conditions_of_carriage_url;article_selector;,,,,no usable filled fields
airzena,Airzena,LV,Georgia,Scheduled,no,,,Europe,,,,,,,,,,no,,0,0,no,no,no,,locale;band;official_website;help_root;baggage_checked_url;baggage_carryon_url;baggage_fees_url;fare_conditions_url;checkin_url;conditions_of_carriage_url;article_selector;,,,,no usable filled fields
ak-bars-aero,Ak Bars Aero,2B,Russia,Low-cost,no,,,Europe,,,,,,,,,,no,,0,0,no,no,no,,locale;band;official_website;help_root;baggage_checked_url;baggage_carryon_url;baggage_fees_url;fare_conditions_url;checkin_url;conditions_of_carriage_url;article_selector;,,,,no usable filled fields
akasa-air,Akasa Air,QP,India,Low-cost,no,,,Asia,,,,,,,,,,no,,0,0,no,no,no,,locale;band;official_website;help_root;baggage_checked_url;baggage_carryon_url;baggage_fees_url;fare_conditions_url;checkin_url;conditions_of_carriage_url;article_selector;,,,,no usable filled fields
almasria-universal-airlines,AlMasria Universal Airlines,UJ,Egypt,Scheduled,no,,,Africa,https://magnicharters.com.mx,https://almasriaairlines.com/contact-us,,,,,,,,no,,0,0,no,yes,no,,locale;band;baggage_checked_url;baggage_carryon_url;baggage_fees_url;fare_conditions_url;checkin_url;conditions_of_carriage_url;article_selector;,"Missing fields filled from buffertse/airline-data, which records official airline domains and deep links sourced from airline websites.",almasria-universal-airlines-1511,https://raw.githubusercontent.com/buffertse/airline-data/main/data/airlines.csv; https://raw.githubusercontent.com/buffertse/airline-data/main/data/airline-links.csv,"has official/help only, no page URLs for fetch manifest"
alaska-seaplanes,Alaska Seaplanes,J5,United States,Scheduled,no,en,,North America,,,,,,,,,,no,,0,0,no,no,no,,band;official_website;help_root;baggage_checked_url;baggage_carryon_url;baggage_fees_url;fare_conditions_url;checkin_url;conditions_of_carriage_url;article_selector;,,,,no usable filled fields
albastar,AlbaStar,AP,Spain,Scheduled,no,,,Europe,,,,,,,,,,no,,0,0,no,no,no,,locale;band;official_website;help_root;baggage_checked_url;baggage_carryon_url;baggage_fees_url;fare_conditions_url;checkin_url;conditions_of_carriage_url;article_selector;,,,,no usable filled fields
alexandria-airlines,Alexandria Airlines,DQ,Egypt,Scheduled,no,,,Africa,https://alexandriaairlines.net,,,,,,,,,no,,0,0,no,no,no,,locale;band;help_root;baggage_checked_url;baggage_carryon_url;baggage_fees_url;fare_conditions_url;checkin_url;conditions_of_carriage_url;article_selector;,,alexandria-airlines-317,https://raw.githubusercontent.com/buffertse/airline-data/main/data/airlines.csv; https://raw.githubusercontent.com/buffertse/airline-data/main/data/airline-links.csv,"has official/help only, no page URLs for fetch manifest"
alpha-air-transport,Alpha Air Transport,7U,Canada,Scheduled,no,en,,North America,,,,,,,,,,no,,0,0,no,no,no,,band;official_website;help_root;baggage_checked_url;baggage_carryon_url;baggage_fees_url;fare_conditions_url;checkin_url;conditions_of_carriage_url;article_selector;,,,,no usable filled fields
alsa-grupo-slu,Alsa Grupo SLU,5I,Spain,Scheduled,no,,,Europe,,,,,,,,,,no,,0,0,no,no,no,,locale;band;official_website;help_root;baggage_checked_url;baggage_carryon_url;baggage_fees_url;fare_conditions_url;checkin_url;conditions_of_carriage_url;article_selector;,,,,no usable filled fields
amadeus-it-group-sa,Amadeus IT Group SA,1A,Spain,Scheduled,no,,,Europe,,,,,,,,,,no,,0,0,no,no,no,,locale;band;official_website;help_root;baggage_checked_url;baggage_carryon_url;baggage_fees_url;fare_conditions_url;checkin_url;conditions_of_carriage_url;article_selector;,,,,no usable filled fields
amakusa-airlines,Amakusa Airlines,MZ,Japan,Scheduled,no,,,Asia,,,,,,,,,,no,,0,0,no,yes,no,,locale;band;official_website;help_root;baggage_checked_url;baggage_carryon_url;baggage_fees_url;fare_conditions_url;checkin_url;conditions_of_carriage_url;article_selector;,,,,no usable filled fields
amaszonas,Amaszonas,Z8,Bolivia,Scheduled,no,,,Latin America,,,,,,,,,,no,,0,0,no,no,no,,locale;band;official_website;help_root;baggage_checked_url;baggage_carryon_url;baggage_fees_url;fare_conditions_url;checkin_url;conditions_of_carriage_url;article_selector;,,,,no usable filled fields
amaszonas-uruguay,Amaszonas Uruguay,Z7,Uruguay,Scheduled,no,,,Latin America,,,,,,,,,,no,,0,0,no,no,no,,locale;band;official_website;help_root;baggage_checked_url;baggage_carryon_url;baggage_fees_url;fare_conditions_url;checkin_url;conditions_of_carriage_url;article_selector;,,,,no usable filled fields
amelia,Amelia,8R,France,Scheduled,no,,,Europe,,,,,,,,,,no,,0,0,no,no,no,,locale;band;official_website;help_root;baggage_checked_url;baggage_carryon_url;baggage_fees_url;fare_conditions_url;checkin_url;conditions_of_carriage_url;article_selector;,,,,no usable filled fields
amerijet-international-inc,Amerijet International Inc.,M6,United States,Scheduled,no,en,,North America,https://amerijet.com,https://amerijet.com/help-and-support-center,,,,,,,,no,,0,0,no,yes,no,,band;baggage_checked_url;baggage_carryon_url;baggage_fees_url;fare_conditions_url;checkin_url;conditions_of_carriage_url;article_selector;,"Missing fields filled from buffertse/airline-data, which records official airline domains and deep links sourced from airline websites.",amerijet-international-1791,https://raw.githubusercontent.com/buffertse/airline-data/main/data/airlines.csv; https://raw.githubusercontent.com/buffertse/airline-data/main/data/airline-links.csv,"has official/help only, no page URLs for fetch manifest"
amtrak,Amtrak,2V,United States,Scheduled,no,en,,North America,,,,,,,,,,no,,0,0,no,no,no,,band;official_website;help_root;baggage_checked_url;baggage_carryon_url;baggage_fees_url;fare_conditions_url;checkin_url;conditions_of_carriage_url;article_selector;,,,,no usable filled fields
andes-lineas-aereas,Andes Lineas Aereas,O4,Argentina,Scheduled,no,,,Latin America,,,,,,,,,,no,,0,0,no,no,no,,locale;band;official_website;help_root;baggage_checked_url;baggage_carryon_url;baggage_fees_url;fare_conditions_url;checkin_url;conditions_of_carriage_url;article_selector;,,,,no usable filled fields
angara-airlines,Angara Airlines,2G,Russia,Scheduled,no,,,Europe,,,,,,,,,,no,,0,0,no,no,no,,locale;band;official_website;help_root;baggage_checked_url;baggage_carryon_url;baggage_fees_url;fare_conditions_url;checkin_url;conditions_of_carriage_url;article_selector;,,,,no usable filled fields
anguilla-air-services,Anguilla Air Services,Q3,Russia,Scheduled,no,,,Europe,,,,,,,,,,no,,0,0,no,no,no,,locale;band;official_website;help_root;baggage_checked_url;baggage_carryon_url;baggage_fees_url;fare_conditions_url;checkin_url;conditions_of_carriage_url;article_selector;,,,,no usable filled fields
animawings,Animawings,A2,Romania,Scheduled,no,,,Europe,,,,,,,,,,no,,0,0,no,no,no,,locale;band;official_website;help_root;baggage_checked_url;baggage_carryon_url;baggage_fees_url;fare_conditions_url;checkin_url;conditions_of_carriage_url;article_selector;,,,,no usable filled fields
arajet,Arajet,DM,Dominican Republic,Low-cost,no,,,Caribbean,,,,,,,,,,no,,0,0,no,no,no,,locale;band;official_website;help_root;baggage_checked_url;baggage_carryon_url;baggage_fees_url;fare_conditions_url;checkin_url;conditions_of_carriage_url;article_selector;,,,,no usable filled fields
arctic-transportation-services-inc-ryan-air,"Arctic Transportation Services, Inc Ryan Air",7S,United States,Scheduled,no,en,,North America,,,,,,,,,,no,,0,0,no,no,no,,band;official_website;help_root;baggage_checked_url;baggage_carryon_url;baggage_fees_url;fare_conditions_url;checkin_url;conditions_of_carriage_url;article_selector;,,,,no usable filled fields
arik-air,Arik Air,W3,Nigeria,Scheduled,no,en,,Africa,https://arikair.com,,,,,,,,,no,,0,0,no,yes,no,,band;help_root;baggage_checked_url;baggage_carryon_url;baggage_fees_url;fare_conditions_url;checkin_url;conditions_of_carriage_url;article_selector;,"Missing fields filled from buffertse/airline-data, which records official airline domains and deep links sourced from airline websites.",arik-air-1531,https://raw.githubusercontent.com/buffertse/airline-data/main/data/airlines.csv; https://raw.githubusercontent.com/buffertse/airline-data/main/data/airline-links.csv,"has official/help only, no page URLs for fetch manifest"
arkhangelsk-2,Arkhangelsk-2,АЧ,Russia,Scheduled,no,,,Europe,,,,,,,,,,no,,0,0,no,no,no,,locale;band;official_website;help_root;baggage_checked_url;baggage_carryon_url;baggage_fees_url;fare_conditions_url;checkin_url;conditions_of_carriage_url;article_selector;,,,,no usable filled fields
arktika,Arktika,СИ,Russia,Scheduled,no,,,Europe,,,,,,,,,,no,,0,0,no,no,no,,locale;band;official_website;help_root;baggage_checked_url;baggage_carryon_url;baggage_fees_url;fare_conditions_url;checkin_url;conditions_of_carriage_url;article_selector;,,,,no usable filled fields
aruba-airlines,Aruba Airlines,AG,Aruba,Scheduled,no,,,Caribbean,https://arubaairlines.com,https://www.aslairlines.ie/contact,,,,,,,,no,,0,0,no,no,no,,locale;band;baggage_checked_url;baggage_carryon_url;baggage_fees_url;fare_conditions_url;checkin_url;conditions_of_carriage_url;article_selector;,,asl-airlines-ireland-1136,https://raw.githubusercontent.com/buffertse/airline-data/main/data/airlines.csv; https://raw.githubusercontent.com/buffertse/airline-data/main/data/airline-links.csv,"has official/help only, no page URLs for fetch manifest"
ascend-airways,Ascend Airways,YD,Belarus,Scheduled,no,,,Europe,,,,,,,,,,no,,0,0,no,no,no,,locale;band;official_website;help_root;baggage_checked_url;baggage_carryon_url;baggage_fees_url;fare_conditions_url;checkin_url;conditions_of_carriage_url;article_selector;,,,,no usable filled fields
aserca-airlines,Aserca Airlines,R7,Venezuela,Scheduled,no,,,Latin America,,,,,,,,,,no,,0,0,no,yes,no,,locale;band;official_website;help_root;baggage_checked_url;baggage_carryon_url;baggage_fees_url;fare_conditions_url;checkin_url;conditions_of_carriage_url;article_selector;,,,,no usable filled fields
asian-wings-airways,Asian Wings Airways,YJ,Burma,Scheduled,no,,,,https://asianwingsair.com,,,,,,,,,no,,0,0,no,no,no,,locale;band;region;help_root;baggage_checked_url;baggage_carryon_url;baggage_fees_url;fare_conditions_url;checkin_url;conditions_of_carriage_url;article_selector;,,amc-airlines-936,https://raw.githubusercontent.com/buffertse/airline-data/main/data/airlines.csv; https://raw.githubusercontent.com/buffertse/airline-data/main/data/airline-links.csv,"has official/help only, no page URLs for fetch manifest"
asman-airlines,Asman Airlines,MN,Kyrgyzstan,Low-cost,no,,,Asia,,,,,,,,,,no,,0,0,no,no,no,,locale;band;official_website;help_root;baggage_checked_url;baggage_carryon_url;baggage_fees_url;fare_conditions_url;checkin_url;conditions_of_carriage_url;article_selector;,,,,no usable filled fields
atran,Atran,V8,Russia,Scheduled,no,,,Europe,https://atran.ru,https://www.atran.ru/ru/contacts,,,,,,,,no,,0,0,no,yes,no,,locale;band;baggage_checked_url;baggage_carryon_url;baggage_fees_url;fare_conditions_url;checkin_url;conditions_of_carriage_url;article_selector;,"Missing fields filled from buffertse/airline-data, which records official airline domains and deep links sourced from airline websites.",atran-169,https://raw.githubusercontent.com/buffertse/airline-data/main/data/airlines.csv; https://raw.githubusercontent.com/buffertse/airline-data/main/data/airline-links.csv,"has official/help only, no page URLs for fetch manifest"
aurora,Aurora,HZ,Russia,Scheduled,no,,,Europe,https://flyaurora.ru,,,,,,,,,no,,0,0,no,no,no,,locale;band;help_root;baggage_checked_url;baggage_carryon_url;baggage_fees_url;fare_conditions_url;checkin_url;conditions_of_carriage_url;article_selector;,,aurora-451,https://raw.githubusercontent.com/buffertse/airline-data/main/data/airlines.csv; https://raw.githubusercontent.com/buffertse/airline-data/main/data/airline-links.csv,"has official/help only, no page URLs for fetch manifest"
austral-lineas-aereas,Austral Lineas Aereas,AU,Argentina,Scheduled,no,,,Latin America,,,,,,,,,,no,,0,0,no,no,no,,locale;band;official_website;help_root;baggage_checked_url;baggage_carryon_url;baggage_fees_url;fare_conditions_url;checkin_url;conditions_of_carriage_url;article_selector;,,,,no usable filled fields
australian-airlines,Australian Airlines,AO,Australia,Scheduled,no,en,,Australia/Pacific,,,,,,,,,,no,,0,0,no,no,no,,band;official_website;help_root;baggage_checked_url;baggage_carryon_url;baggage_fees_url;fare_conditions_url;checkin_url;conditions_of_carriage_url;article_selector;,,,,no usable filled fields
avia-traffic-company,Avia Traffic Company,ТФ,Kyrgyzstan,Scheduled,no,,,Asia,https://aero.kg,https://aero.kg/contacts/address,,,,,,,,no,,0,0,no,no,no,,locale;band;baggage_checked_url;baggage_carryon_url;baggage_fees_url;fare_conditions_url;checkin_url;conditions_of_carriage_url;article_selector;,,avia-traffic-company-1061,https://raw.githubusercontent.com/buffertse/airline-data/main/data/airlines.csv; https://raw.githubusercontent.com/buffertse/airline-data/main/data/airline-links.csv,"has official/help only, no page URLs for fetch manifest"
aviacon-zitotrans-air-company-jsc,Aviacon Zitotrans Air Company JSC,ZR,Russia,Scheduled,no,,,Europe,https://flypuntoazul.gq,,,,,,,,,no,,0,0,no,no,no,,locale;band;help_root;baggage_checked_url;baggage_carryon_url;baggage_fees_url;fare_conditions_url;checkin_url;conditions_of_carriage_url;article_selector;,,aviacon-zitotrans-747,https://raw.githubusercontent.com/buffertse/airline-data/main/data/airlines.csv; https://raw.githubusercontent.com/buffertse/airline-data/main/data/airline-links.csv,"has official/help only, no page URLs for fetch manifest"
avialeasing-aviation-company,Avialeasing Aviation Company,V2,Uzbekistan,Scheduled,no,,,Asia,,,,,,,,,,no,,0,0,no,no,no,,locale;band;official_website;help_root;baggage_checked_url;baggage_carryon_url;baggage_fees_url;fare_conditions_url;checkin_url;conditions_of_carriage_url;article_selector;,,,,no usable filled fields
avianca-brazil,Avianca Brazil,O6,Brazil,Scheduled,no,,,Latin America,,,,,,,,,,no,,0,0,no,no,no,,locale;band;official_website;help_root;baggage_checked_url;baggage_carryon_url;baggage_fees_url;fare_conditions_url;checkin_url;conditions_of_carriage_url;article_selector;,,,,no usable filled fields
avianca-guatemala,Avianca Guatemala,GU,Guatemala,Scheduled,no,,,Latin America,,,,,,,,,,no,,0,0,no,no,no,,locale;band;official_website;help_root;baggage_checked_url;baggage_carryon_url;baggage_fees_url;fare_conditions_url;checkin_url;conditions_of_carriage_url;article_selector;,,,,no usable filled fields
avianca-peru,Avianca Peru,T0,Peru,Scheduled,no,,,Latin America,,,,,,,,,,no,,0,0,no,no,no,,locale;band;official_website;help_root;baggage_checked_url;baggage_carryon_url;baggage_fees_url;fare_conditions_url;checkin_url;conditions_of_carriage_url;article_selector;,,,,no usable filled fields
avion-express-lithuania,Avion Express Lithuania,X9,Lithuania,Scheduled,no,,,Europe,https://avionexpress.aero,https://avionexpress.aero/contacts,,,,,,,,no,,0,0,no,yes,no,,locale;band;baggage_checked_url;baggage_carryon_url;baggage_fees_url;fare_conditions_url;checkin_url;conditions_of_carriage_url;article_selector;,"Missing fields filled from buffertse/airline-data, which records official airline domains and deep links sourced from airline websites.",avion-express-1707,https://raw.githubusercontent.com/buffertse/airline-data/main/data/airlines.csv; https://raw.githubusercontent.com/buffertse/airline-data/main/data/airline-links.csv,"has official/help only, no page URLs for fetch manifest"
avion-express-malta,Avion Express Malta,4X,Malta,Scheduled,no,en,,Europe,https://avionexpressmalta.aero,,,,,,,,,no,,0,0,no,yes,no,,band;help_root;baggage_checked_url;baggage_carryon_url;baggage_fees_url;fare_conditions_url;checkin_url;conditions_of_carriage_url;article_selector;,"Missing fields filled from buffertse/airline-data, which records official airline domains and deep links sourced from airline websites.",avion-express-malta-264,https://raw.githubusercontent.com/buffertse/airline-data/main/data/airlines.csv; https://raw.githubusercontent.com/buffertse/airline-data/main/data/airline-links.csv,"has official/help only, no page URLs for fetch manifest"
aztec-airways,Aztec Airways,AJ,United States,Scheduled,no,en,,North America,https://flyaero.com,https://flyaero.com/support,,,,,,,,no,,0,0,no,no,no,,band;baggage_checked_url;baggage_carryon_url;baggage_fees_url;fare_conditions_url;checkin_url;conditions_of_carriage_url;article_selector;,,aero-contractors-1023,https://raw.githubusercontent.com/buffertse/airline-data/main/data/airlines.csv; https://raw.githubusercontent.com/buffertse/airline-data/main/data/airline-links.csv,"has official/help only, no page URLs for fetch manifest"
ba-cityflyer,BA Cityflyer,CJ,United Kingdom,Scheduled,no,en,,Europe,,,,,,,,,,no,,0,0,no,no,no,,band;official_website;help_root;baggage_checked_url;baggage_carryon_url;baggage_fees_url;fare_conditions_url;checkin_url;conditions_of_carriage_url;article_selector;,,,,no usable filled fields
ba-euroflyer,BA Euroflyer,A0,United Kingdom,Scheduled,no,en,,Europe,,,,,,,,,,no,,0,0,no,no,no,,band;official_website;help_root;baggage_checked_url;baggage_carryon_url;baggage_fees_url;fare_conditions_url;checkin_url;conditions_of_carriage_url;article_selector;,,,,no usable filled fields
bb-airways,BB Airways,BO,Nepal,Scheduled,no,,,Asia,,,,,,,,,,no,,0,0,no,no,no,,locale;band;official_website;help_root;baggage_checked_url;baggage_carryon_url;baggage_fees_url;fare_conditions_url;checkin_url;conditions_of_carriage_url;article_selector;,,,,no usable filled fields
bbn-airlines,BBN Airlines,B5,Indonesia,Scheduled,no,,,Asia,https://bbnairlines.aero,https://bbnairlines.aero/contact-us,,,,,,,,no,,0,0,no,no,no,,locale;band;baggage_checked_url;baggage_carryon_url;baggage_fees_url;fare_conditions_url;checkin_url;conditions_of_carriage_url;article_selector;,,bbn-airlines-t-rkiye-385,https://raw.githubusercontent.com/buffertse/airline-data/main/data/airlines.csv; https://raw.githubusercontent.com/buffertse/airline-data/main/data/airline-links.csv,"has official/help only, no page URLs for fetch manifest"
bh-air,BH Air,8H,Bulgaria,Scheduled,no,,,Europe,,,,,,,,,,no,,0,0,no,no,no,,locale;band;official_website;help_root;baggage_checked_url;baggage_carryon_url;baggage_fees_url;fare_conditions_url;checkin_url;conditions_of_carriage_url;article_selector;,,,,no usable filled fields
bmi-regional,BMI regional,BM,United Kingdom,Scheduled,no,en,,Europe,,,,,,,,,,no,,0,0,no,no,no,,band;official_website;help_root;baggage_checked_url;baggage_carryon_url;baggage_fees_url;fare_conditions_url;checkin_url;conditions_of_carriage_url;article_selector;,,,,no usable filled fields
bqb-lineas-aereas,BQB Lineas Aereas,5Q,Uruguay,Scheduled,no,,,Latin America,,,,,,,,,,no,,0,0,no,no,no,,locale;band;official_website;help_root;baggage_checked_url;baggage_carryon_url;baggage_fees_url;fare_conditions_url;checkin_url;conditions_of_carriage_url;article_selector;,,,,no usable filled fields
bra,BRA,TF,Sweden,Scheduled,no,,,Europe,,,,,,,,,,no,,0,0,no,no,no,,locale;band;official_website;help_root;baggage_checked_url;baggage_carryon_url;baggage_fees_url;fare_conditions_url;checkin_url;conditions_of_carriage_url;article_selector;,,,,no usable filled fields
bvi-airways,BVI Airways,XV,British Virgin Islands,Scheduled,no,,,Caribbean,,,,,,,,,,no,,0,0,no,yes,no,,locale;band;official_website;help_root;baggage_checked_url;baggage_carryon_url;baggage_fees_url;fare_conditions_url;checkin_url;conditions_of_carriage_url;article_selector;,,,,no usable filled fields
badr-airlines,Badr Airlines,J4,Sudan,Scheduled,no,en,,Africa,https://buffaloairways.com,https://badrairlines.com/en/contact.php,,,,,,,,no,,0,0,no,no,no,,band;baggage_checked_url;baggage_carryon_url;baggage_fees_url;fare_conditions_url;checkin_url;conditions_of_carriage_url;article_selector;,,badr-airlines-1722,https://raw.githubusercontent.com/buffertse/airline-data/main/data/airlines.csv; https://raw.githubusercontent.com/buffertse/airline-data/main/data/airline-links.csv,"has official/help only, no page URLs for fetch manifest"
balkan,Balkan,БА,Bulgaria,Scheduled,no,,,Europe,,,,,,,,,,no,,0,0,no,no,no,,locale;band;official_website;help_root;baggage_checked_url;baggage_carryon_url;baggage_fees_url;fare_conditions_url;checkin_url;conditions_of_carriage_url;article_selector;,,,,no usable filled fields
bassaka-air,Bassaka Air,5B,Cambodia,Scheduled,no,,,Asia,https://euroasiaair.kz,,,,,,,,,no,,0,0,no,no,no,,locale;band;help_root;baggage_checked_url;baggage_carryon_url;baggage_fees_url;fare_conditions_url;checkin_url;conditions_of_carriage_url;article_selector;,,chanchangi-airlines-1437,https://raw.githubusercontent.com/buffertse/airline-data/main/data/airlines.csv; https://raw.githubusercontent.com/buffertse/airline-data/main/data/airline-links.csv,"has official/help only, no page URLs for fetch manifest"
batik-air,Batik Air,ID,Indonesia,Scheduled,no,,,Asia,,,,,,,,,,no,,0,0,no,yes,no,,locale;band;official_website;help_root;baggage_checked_url;baggage_carryon_url;baggage_fees_url;fare_conditions_url;checkin_url;conditions_of_carriage_url;article_selector;,,,,no usable filled fields
bearskin-airlines,Bearskin Airlines,JV,Canada,Scheduled,no,en,,North America,https://bearskinairlines.com,,,,,,,,,no,,0,0,no,yes,no,,band;help_root;baggage_checked_url;baggage_carryon_url;baggage_fees_url;fare_conditions_url;checkin_url;conditions_of_carriage_url;article_selector;,"Missing fields filled from buffertse/airline-data, which records official airline domains and deep links sourced from airline websites.",bearskin-airlines-1734,https://raw.githubusercontent.com/buffertse/airline-data/main/data/airlines.csv; https://raw.githubusercontent.com/buffertse/airline-data/main/data/airline-links.csv,"has official/help only, no page URLs for fetch manifest"
bees-airline,Bees Airline,7B,Ukraine,Low-cost,no,,,Europe,,,,,,,,,,no,,0,0,no,no,no,,locale;band;official_website;help_root;baggage_checked_url;baggage_carryon_url;baggage_fees_url;fare_conditions_url;checkin_url;conditions_of_carriage_url;article_selector;,,,,no usable filled fields
belavia,Belavia,B2,Belarus,Scheduled,no,,,Europe,,,,,,,,,,no,,0,0,no,no,no,,locale;band;official_website;help_root;baggage_checked_url;baggage_carryon_url;baggage_fees_url;fare_conditions_url;checkin_url;conditions_of_carriage_url;article_selector;,,,,no usable filled fields
bemidji-airlines,Bemidji Airlines,CH,United States,Scheduled,no,en,,North America,,,,,,,,,,no,,0,0,no,yes,no,,band;official_website;help_root;baggage_checked_url;baggage_carryon_url;baggage_fees_url;fare_conditions_url;checkin_url;conditions_of_carriage_url;article_selector;,,,,no usable filled fields
berjaya-air,Berjaya Air,J8,Malaysia,Scheduled,no,,,Asia,https://berjaya-air.com,https://www.berjaya-air.com/contact,,,,,,,,no,,0,0,no,yes,no,,locale;band;baggage_checked_url;baggage_carryon_url;baggage_fees_url;fare_conditions_url;checkin_url;conditions_of_carriage_url;article_selector;,"Missing fields filled from buffertse/airline-data, which records official airline domains and deep links sourced from airline websites.",berjaya-air-1736,https://raw.githubusercontent.com/buffertse/airline-data/main/data/airlines.csv; https://raw.githubusercontent.com/buffertse/airline-data/main/data/airline-links.csv,"has official/help only, no page URLs for fetch manifest"
bermudair,BermudAir,2T,Bermuda,Scheduled,no,en,,North America,,,,,,,,,,no,,0,0,no,no,no,,band;official_website;help_root;baggage_checked_url;baggage_carryon_url;baggage_fees_url;fare_conditions_url;checkin_url;conditions_of_carriage_url;article_selector;,,,,no usable filled fields
berniq-airways,Berniq Airways,NB,Libya,Scheduled,no,,,Africa,,,,,,,,,,no,,0,0,no,no,no,,locale;band;official_website;help_root;baggage_checked_url;baggage_carryon_url;baggage_fees_url;fare_conditions_url;checkin_url;conditions_of_carriage_url;article_selector;,,,,no usable filled fields
blue-air,Blue Air,0B,Romania,Low-cost,no,,,Europe,,,,,,,,,,no,,0,0,no,yes,no,,locale;band;official_website;help_root;baggage_checked_url;baggage_carryon_url;baggage_fees_url;fare_conditions_url;checkin_url;conditions_of_carriage_url;article_selector;,,,,no usable filled fields
blue-islands,Blue Islands,SI,United Kingdom,Scheduled,no,en,,Europe,https://susiair.com,,,,,,,,,no,,0,0,no,yes,no,,band;help_root;baggage_checked_url;baggage_carryon_url;baggage_fees_url;fare_conditions_url;checkin_url;conditions_of_carriage_url;article_selector;,,susi-air-945,https://raw.githubusercontent.com/buffertse/airline-data/main/data/airlines.csv; https://raw.githubusercontent.com/buffertse/airline-data/main/data/airline-links.csv,"has official/help only, no page URLs for fetch manifest"
bonza,Bonza,AB,Australia,Low-cost,no,en,,Australia/Pacific,,,,,,,,,,no,,0,0,no,no,no,,band;official_website;help_root;baggage_checked_url;baggage_carryon_url;baggage_fees_url;fare_conditions_url;checkin_url;conditions_of_carriage_url;article_selector;,,,,no usable filled fields
breeze-airways,Breeze Airways,MX,United States,Low-cost,no,en,,North America,https://flybreeze.com,https://www.flybreeze.com/support,,,,,,,,no,,0,0,no,yes,no,,band;baggage_checked_url;baggage_carryon_url;baggage_fees_url;fare_conditions_url;checkin_url;conditions_of_carriage_url;article_selector;,"Missing fields filled from buffertse/airline-data, which records official airline domains and deep links sourced from airline websites.",breeze-airways-1406,https://raw.githubusercontent.com/buffertse/airline-data/main/data/airlines.csv; https://raw.githubusercontent.com/buffertse/airline-data/main/data/airline-links.csv,"has official/help only, no page URLs for fetch manifest"
bringer-air-cargo,Bringer Air Cargo,E6,Brazil,Scheduled,no,,,Latin America,,,,,,,,,,no,,0,0,no,no,no,,locale;band;official_website;help_root;baggage_checked_url;baggage_carryon_url;baggage_fees_url;fare_conditions_url;checkin_url;conditions_of_carriage_url;article_selector;,,,,no usable filled fields
brit-air,Brit Air,DB,France,Scheduled,no,,,Europe,,,,,,,,,,no,,0,0,no,yes,no,,locale;band;official_website;help_root;baggage_checked_url;baggage_carryon_url;baggage_fees_url;fare_conditions_url;checkin_url;conditions_of_carriage_url;article_selector;,,,,no usable filled fields
buffalo-airways-ltd,Buffalo Airways Ltd.,J0,Canada,Scheduled,no,en,,North America,,,,,,,,,,no,,0,0,no,no,no,,band;official_website;help_root;baggage_checked_url;baggage_carryon_url;baggage_fees_url;fare_conditions_url;checkin_url;conditions_of_carriage_url;article_selector;,,,,no usable filled fields
bul-air,Bul Air,LB,India,Scheduled,no,,,Asia,https://bulair.bg,,,,,,,,,no,,0,0,no,no,no,,locale;band;help_root;baggage_checked_url;baggage_carryon_url;baggage_fees_url;fare_conditions_url;checkin_url;conditions_of_carriage_url;article_selector;,,bul-air-878,https://raw.githubusercontent.com/buffertse/airline-data/main/data/airlines.csv; https://raw.githubusercontent.com/buffertse/airline-data/main/data/airline-links.csv,"has official/help only, no page URLs for fetch manifest"
buta-airways,Buta Airways,55,Azerbaijan,Low-cost,no,,,Asia,,,,,,,,,,no,,0,0,no,no,yes,,locale;band;official_website;help_root;baggage_checked_url;baggage_carryon_url;baggage_fees_url;fare_conditions_url;checkin_url;conditions_of_carriage_url;article_selector;,,,,no usable filled fields
ceiba-intercontinental,CEIBA Intercontinental,C2,Equatorial Guinea,Scheduled,no,,,Africa,https://airt.net,,,,,,,,,no,,0,0,no,yes,no,,locale;band;help_root;baggage_checked_url;baggage_carryon_url;baggage_fees_url;fare_conditions_url;checkin_url;conditions_of_carriage_url;article_selector;,"Missing fields filled from buffertse/airline-data, which records official airline domains and deep links sourced from airline websites.",ceiba-intercontinental-1613,https://raw.githubusercontent.com/buffertse/airline-data/main/data/airlines.csv; https://raw.githubusercontent.com/buffertse/airline-data/main/data/airline-links.csv,"has official/help only, no page URLs for fetch manifest"
cjsc-royal-flight-airlines,CJSC Royal Flight airlines,4R,Russia,Scheduled,no,,,Europe,,,,,,,,,,no,,0,0,no,no,no,,locale;band;official_website;help_root;baggage_checked_url;baggage_carryon_url;baggage_fees_url;fare_conditions_url;checkin_url;conditions_of_carriage_url;article_selector;,,,,no usable filled fields
caicos-express-airways,Caicos Express Airways,9Q,Turks and Caicos Islands,Scheduled,no,,,,,,,,,,,,,no,,0,0,no,no,no,,locale;band;region;official_website;help_root;baggage_checked_url;baggage_carryon_url;baggage_fees_url;fare_conditions_url;checkin_url;conditions_of_carriage_url;article_selector;,,,,no usable filled fields
cambodia-airways,Cambodia Airways,KR,Cambodia,Scheduled,no,,,Asia,https://cambodia-airways.com,,,,,,,,,no,,0,0,no,no,no,,locale;band;help_root;baggage_checked_url;baggage_carryon_url;baggage_fees_url;fare_conditions_url;checkin_url;conditions_of_carriage_url;article_selector;,,cambodia-airways-1404,https://raw.githubusercontent.com/buffertse/airline-data/main/data/airlines.csv; https://raw.githubusercontent.com/buffertse/airline-data/main/data/airline-links.csv,"has official/help only, no page URLs for fetch manifest"
cargojet-airways-ltd,Cargojet Airways Ltd.,W8,Canada,Scheduled,no,en,,North America,https://cargojet.com,https://cargojet.com/contact,,,,,,,,no,,0,0,no,no,no,,band;baggage_checked_url;baggage_carryon_url;baggage_fees_url;fare_conditions_url;checkin_url;conditions_of_carriage_url;article_selector;,,cargojet-1017,https://raw.githubusercontent.com/buffertse/airline-data/main/data/airlines.csv; https://raw.githubusercontent.com/buffertse/airline-data/main/data/airline-links.csv,"has official/help only, no page URLs for fetch manifest"
caribbean-air-export-import-inc,Caribbean Air Export Import Inc.,CB,United Kingdom,Scheduled,no,en,,Europe,,,,,,,,,,no,,0,0,no,no,no,,band;official_website;help_root;baggage_checked_url;baggage_carryon_url;baggage_fees_url;fare_conditions_url;checkin_url;conditions_of_carriage_url;article_selector;,,,,no usable filled fields
cebgo,Cebgo,DG,Philippines,Low-cost,no,,,Asia,,,,,,,,,,no,,0,0,no,no,no,,locale;band;official_website;help_root;baggage_checked_url;baggage_carryon_url;baggage_fees_url;fare_conditions_url;checkin_url;conditions_of_carriage_url;article_selector;,,,,no usable filled fields
central-airlines,Central Airlines,I9,China,Scheduled,no,,,Asia,,,,,,,,,,no,,0,0,no,no,no,,locale;band;official_website;help_root;baggage_checked_url;baggage_carryon_url;baggage_fees_url;fare_conditions_url;checkin_url;conditions_of_carriage_url;article_selector;,,,,no usable filled fields
central-mountain-air,Central Mountain Air,9M,Canada,Scheduled,no,en,,North America,https://flycma.com,https://www.flycma.com/contact-us,,,,,,,,no,,0,0,no,yes,yes,,band;baggage_checked_url;baggage_carryon_url;baggage_fees_url;fare_conditions_url;checkin_url;conditions_of_carriage_url;article_selector;,"Missing fields filled from buffertse/airline-data, which records official airline domains and deep links sourced from airline websites.",central-mountain-air-1743,https://raw.githubusercontent.com/buffertse/airline-data/main/data/airlines.csv; https://raw.githubusercontent.com/buffertse/airline-data/main/data/airline-links.csv,"has official/help only, no page URLs for fetch manifest"
chair-airlines,Chair Airlines,GM,Switzerland,Scheduled,no,,,Europe,https://asiacargonetworkgroup.com,,,,,,,,,no,,0,0,no,no,yes,,locale;band;help_root;baggage_checked_url;baggage_carryon_url;baggage_fees_url;fare_conditions_url;checkin_url;conditions_of_carriage_url;article_selector;,,asia-cargo-airlines-1479,https://raw.githubusercontent.com/buffertse/airline-data/main/data/airlines.csv; https://raw.githubusercontent.com/buffertse/airline-data/main/data/airline-links.csv,"has official/help only, no page URLs for fetch manifest"
challenge-air-cargo-ltd,Challenge Air Cargo Ltd,X6,Malta,Scheduled,no,en,,Europe,,,,,,,,,,no,,0,0,no,no,no,,band;official_website;help_root;baggage_checked_url;baggage_carryon_url;baggage_fees_url;fare_conditions_url;checkin_url;conditions_of_carriage_url;article_selector;,,,,no usable filled fields
challenge-airlines-be,Challenge Airlines BE,X7,Belgium,Scheduled,no,,,Europe,https://challenge.aero,,,,,,,,,no,,0,0,no,no,no,,locale;band;help_root;baggage_checked_url;baggage_carryon_url;baggage_fees_url;fare_conditions_url;checkin_url;conditions_of_carriage_url;article_selector;,,challenge-aero-859,https://raw.githubusercontent.com/buffertse/airline-data/main/data/airlines.csv; https://raw.githubusercontent.com/buffertse/airline-data/main/data/airline-links.csv,"has official/help only, no page URLs for fetch manifest"
challenge-airlines-il,Challenge Airlines IL,5C,Israel,Scheduled,no,,,Middle East,https://cal-cargo.com,,,,,,,,,no,,0,0,no,no,no,,locale;band;help_root;baggage_checked_url;baggage_carryon_url;baggage_fees_url;fare_conditions_url;checkin_url;conditions_of_carriage_url;article_selector;,,nature-air-1829,https://raw.githubusercontent.com/buffertse/airline-data/main/data/airlines.csv; https://raw.githubusercontent.com/buffertse/airline-data/main/data/airline-links.csv,"has official/help only, no page URLs for fetch manifest"
charter-air-transport-inc,"Charter Air Transport, Inc.",VC,United States,Low-cost,no,en,,North America,https://airways.voyav.com,,,,,,,,,no,,0,0,no,no,no,,band;help_root;baggage_checked_url;baggage_carryon_url;baggage_fees_url;fare_conditions_url;checkin_url;conditions_of_carriage_url;article_selector;,,voyageur-airways-1109,https://raw.githubusercontent.com/buffertse/airline-data/main/data/airlines.csv; https://raw.githubusercontent.com/buffertse/airline-data/main/data/airline-links.csv,"has official/help only, no page URLs for fetch manifest"
chautauqua-airlines,Chautauqua Airlines,RP,United States,Scheduled,no,en,,North America,,,,,,,,,,no,,0,0,no,yes,no,,band;official_website;help_root;baggage_checked_url;baggage_carryon_url;baggage_fees_url;fare_conditions_url;checkin_url;conditions_of_carriage_url;article_selector;,,,,no usable filled fields
chengdu-airlines,Chengdu Airlines,EU,China,Scheduled,no,,,Asia,,,,,,,,,,no,,0,0,no,yes,yes,,locale;band;official_website;help_root;baggage_checked_url;baggage_carryon_url;baggage_fees_url;fare_conditions_url;checkin_url;conditions_of_carriage_url;article_selector;,,,,no usable filled fields
china-cargo-airlines,China Cargo Airlines,CK,China,Scheduled,no,,,Asia,,,,,,,,,,no,,0,0,no,yes,no,,locale;band;official_website;help_root;baggage_checked_url;baggage_carryon_url;baggage_fees_url;fare_conditions_url;checkin_url;conditions_of_carriage_url;article_selector;,,,,no usable filled fields
china-postal-airlines-ltd,China Postal Airlines Ltd.,CF,China,Scheduled,no,,,Asia,,,,,,,,,,no,,0,0,no,no,no,,locale;band;official_website;help_root;baggage_checked_url;baggage_carryon_url;baggage_fees_url;fare_conditions_url;checkin_url;conditions_of_carriage_url;article_selector;,,,,no usable filled fields
china-united-airlines,China United Airlines,KN,China,Low-cost,no,,,Asia,,,,,,,,,,no,,0,0,no,yes,yes,,locale;band;official_website;help_root;baggage_checked_url;baggage_carryon_url;baggage_fees_url;fare_conditions_url;checkin_url;conditions_of_carriage_url;article_selector;,,,,no usable filled fields
chongqing-airlines,Chongqing Airlines,OQ,China,Scheduled,no,,,Asia,,,,,,,,,,no,,0,0,no,yes,yes,,locale;band;official_website;help_root;baggage_checked_url;baggage_carryon_url;baggage_fees_url;fare_conditions_url;checkin_url;conditions_of_carriage_url;article_selector;,,,,no usable filled fields
chu-kong-passenger-transport-co-ltd,Chu Kong Passenger Transport Co. Ltd.,3A,China,Scheduled,no,,,Asia,,,,,,,,,,no,,0,0,no,no,no,,locale;band;official_website;help_root;baggage_checked_url;baggage_carryon_url;baggage_fees_url;fare_conditions_url;checkin_url;conditions_of_carriage_url;article_selector;,,,,no usable filled fields
cimber,Cimber,QA,Denmark,Scheduled,no,,,Europe,,,,,,,,,,no,,0,0,no,yes,no,,locale;band;official_website;help_root;baggage_checked_url;baggage_carryon_url;baggage_fees_url;fare_conditions_url;checkin_url;conditions_of_carriage_url;article_selector;,,,,no usable filled fields
cinnamon-air,Cinnamon Air,C7,Sri Lanka,Scheduled,no,,,Asia,https://c7.aero,,,,,,,,,no,,0,0,no,no,no,,locale;band;help_root;baggage_checked_url;baggage_carryon_url;baggage_fees_url;fare_conditions_url;checkin_url;conditions_of_carriage_url;article_selector;,,cinnamon-air-1321,https://raw.githubusercontent.com/buffertse/airline-data/main/data/airlines.csv; https://raw.githubusercontent.com/buffertse/airline-data/main/data/airline-links.csv,"has official/help only, no page URLs for fetch manifest"
citilink,Citilink,QG,Indonesia,Low-cost,no,,,Asia,https://citilink.co.id,,,,,,,,,no,,0,0,no,yes,yes,,locale;band;help_root;baggage_checked_url;baggage_carryon_url;baggage_fees_url;fare_conditions_url;checkin_url;conditions_of_carriage_url;article_selector;,"Missing fields filled from buffertse/airline-data, which records official airline domains and deep links sourced from airline websites.",citilink-99,https://raw.githubusercontent.com/buffertse/airline-data/main/data/airlines.csv; https://raw.githubusercontent.com/buffertse/airline-data/main/data/airline-links.csv,"has official/help only, no page URLs for fetch manifest"
coastal-aviation,Coastal Aviation,CQ,United States,Scheduled,no,en,,North America,,,,,,,,,,no,,0,0,no,no,no,,band;official_website;help_root;baggage_checked_url;baggage_carryon_url;baggage_fees_url;fare_conditions_url;checkin_url;conditions_of_carriage_url;article_selector;,,,,no usable filled fields
cobalt-air,Cobalt Air,CO,Cyprus,Scheduled,no,,,Europe,,,,,,,,,,no,,0,0,no,no,no,,locale;band;official_website;help_root;baggage_checked_url;baggage_carryon_url;baggage_fees_url;fare_conditions_url;checkin_url;conditions_of_carriage_url;article_selector;,,,,no usable filled fields
colorful-guizhou-airlines,Colorful Guizhou Airlines,GY,China,Low-cost,no,,,Asia,,,,,,,,,,no,,0,0,no,no,no,,locale;band;official_website;help_root;baggage_checked_url;baggage_carryon_url;baggage_fees_url;fare_conditions_url;checkin_url;conditions_of_carriage_url;article_selector;,,,,no usable filled fields
commutair,CommutAir,C5,United States,Scheduled,no,en,,North America,https://commuteair.com,https://www.commuteair.com/contact-us,,,,,,,,no,,0,0,no,no,no,,band;baggage_checked_url;baggage_carryon_url;baggage_fees_url;fare_conditions_url;checkin_url;conditions_of_carriage_url;article_selector;,,commuteair-1346,https://raw.githubusercontent.com/buffertse/airline-data/main/data/airlines.csv; https://raw.githubusercontent.com/buffertse/airline-data/main/data/airline-links.csv,"has official/help only, no page URLs for fetch manifest"
compass-airlines,Compass Airlines,CP,United States,Scheduled,no,en,,North America,https://mscaircargo.com,https://www.mscaircargo.com/en/contact,,,,,,,,no,,0,0,no,no,no,,band;baggage_checked_url;baggage_carryon_url;baggage_fees_url;fare_conditions_url;checkin_url;conditions_of_carriage_url;article_selector;,,msc-air-108,https://raw.githubusercontent.com/buffertse/airline-data/main/data/airlines.csv; https://raw.githubusercontent.com/buffertse/airline-data/main/data/airline-links.csv,"has official/help only, no page URLs for fetch manifest"
conquest-air-inc,"Conquest Air, Inc.",C4,Mexico,Scheduled,no,,,Latin America,,,,,,,,,,no,,0,0,no,no,no,,locale;band;official_website;help_root;baggage_checked_url;baggage_carryon_url;baggage_fees_url;fare_conditions_url;checkin_url;conditions_of_carriage_url;article_selector;,,,,no usable filled fields
corendon-airlines,Corendon Airlines,XC,Turkey,Scheduled,no,,,Europe,https://corendon-airlines.com,,,,,,,,,no,,0,0,no,yes,yes,,locale;band;help_root;baggage_checked_url;baggage_carryon_url;baggage_fees_url;fare_conditions_url;checkin_url;conditions_of_carriage_url;article_selector;,"Missing fields filled from buffertse/airline-data, which records official airline domains and deep links sourced from airline websites.",corendon-airlines-1542,https://raw.githubusercontent.com/buffertse/airline-data/main/data/airlines.csv; https://raw.githubusercontent.com/buffertse/airline-data/main/data/airline-links.csv,"has official/help only, no page URLs for fetch manifest"
corendon-dutch-airlines,Corendon Dutch Airlines,CD,Netherlands,Scheduled,no,,,Europe,,,,,,,,,,no,,0,0,no,no,no,,locale;band;official_website;help_root;baggage_checked_url;baggage_carryon_url;baggage_fees_url;fare_conditions_url;checkin_url;conditions_of_carriage_url;article_selector;,,,,no usable filled fields
cronos-airlines,Cronos Airlines,C8,Equatorial Guinea,Scheduled,no,,,Africa,https://cronosair.com,,,,,,,,,no,,0,0,no,yes,no,,locale;band;help_root;baggage_checked_url;baggage_carryon_url;baggage_fees_url;fare_conditions_url;checkin_url;conditions_of_carriage_url;article_selector;,,cargolux-italia-1436,https://raw.githubusercontent.com/buffertse/airline-data/main/data/airlines.csv; https://raw.githubusercontent.com/buffertse/airline-data/main/data/airline-links.csv,"has official/help only, no page URLs for fetch manifest"
crown-airlines,Crown Airlines,FQ,United States,Scheduled,no,en,,North America,,,,,,,,,,no,,0,0,no,no,no,,band;official_website;help_root;baggage_checked_url;baggage_carryon_url;baggage_fees_url;fare_conditions_url;checkin_url;conditions_of_carriage_url;article_selector;,,,,no usable filled fields
dhl-aero-expreso-sa,DHL Aero Expreso S.A.,D5,Panama,Scheduled,no,,,Latin America,,,,,,,,,,no,,0,0,no,no,no,,locale;band;official_website;help_root;baggage_checked_url;baggage_carryon_url;baggage_fees_url;fare_conditions_url;checkin_url;conditions_of_carriage_url;article_selector;,,,,no usable filled fields
dhl-aviation-eemea-bscc,DHL Aviation EEMEA B.S.C.(c),ES,Bahrain,Scheduled,no,en,,Middle East,https://estafeta.com,https://wwwqa.estafeta.com/en/contacto,,,,,,,,no,,0,0,no,no,no,,band;baggage_checked_url;baggage_carryon_url;baggage_fees_url;fare_conditions_url;checkin_url;conditions_of_carriage_url;article_selector;,,estafeta-carga-a-rea-1205,https://raw.githubusercontent.com/buffertse/airline-data/main/data/airlines.csv; https://raw.githubusercontent.com/buffertse/airline-data/main/data/airline-links.csv,"has official/help only, no page URLs for fetch manifest"
dhl-de-guatemala,DHL de Guatemala,L3,Guatemala,Scheduled,no,,,Latin America,,,,,,,,,,no,,0,0,no,no,no,,locale;band;official_website;help_root;baggage_checked_url;baggage_carryon_url;baggage_fees_url;fare_conditions_url;checkin_url;conditions_of_carriage_url;article_selector;,,,,no usable filled fields
dot-lt,DOT LT,R6,Lithuania,Scheduled,no,,,Europe,https://dot.lt,,,,,,,,,no,,0,0,no,yes,no,,locale;band;help_root;baggage_checked_url;baggage_carryon_url;baggage_fees_url;fare_conditions_url;checkin_url;conditions_of_carriage_url;article_selector;,,dot-lt-680,https://raw.githubusercontent.com/buffertse/airline-data/main/data/airlines.csv; https://raw.githubusercontent.com/buffertse/airline-data/main/data/airline-links.csv,"has official/help only, no page URLs for fetch manifest"
daallo-airlines,Daallo Airlines,D3,Djibouti,Scheduled,no,,,,,,,,,,,,,no,,0,0,no,yes,yes,,locale;band;region;official_website;help_root;baggage_checked_url;baggage_carryon_url;baggage_fees_url;fare_conditions_url;checkin_url;conditions_of_carriage_url;article_selector;,,,,no usable filled fields
dan-air,Dan Air,DN,India,Low-cost,no,,,Asia,,,,,,,,,,no,,0,0,no,no,no,,locale;band;official_website;help_root;baggage_checked_url;baggage_carryon_url;baggage_fees_url;fare_conditions_url;checkin_url;conditions_of_carriage_url;article_selector;,,,,no usable filled fields
dana-air,Dana Air,9J,Nigeria,Scheduled,no,en,,Africa,,,,,,,,,,no,,0,0,no,yes,no,,band;official_website;help_root;baggage_checked_url;baggage_carryon_url;baggage_fees_url;fare_conditions_url;checkin_url;conditions_of_carriage_url;article_selector;,,,,no usable filled fields
denver-air-connection-dac,Denver Air Connection (DAC),KG,United States,Scheduled,no,en,,North America,https://aerogaviota.com,https://www.keylimeair.com/contact-us,,,,,,,,no,,0,0,no,no,no,,band;baggage_checked_url;baggage_carryon_url;baggage_fees_url;fare_conditions_url;checkin_url;conditions_of_carriage_url;article_selector;,,key-lime-air-1499,https://raw.githubusercontent.com/buffertse/airline-data/main/data/airlines.csv; https://raw.githubusercontent.com/buffertse/airline-data/main/data/airline-links.csv,"has official/help only, no page URLs for fetch manifest"
department-of-national-defence,Department of National Defence,YF,Canada,Scheduled,no,en,,North America,,,,,,,,,,no,,0,0,no,no,no,,band;official_website;help_root;baggage_checked_url;baggage_carryon_url;baggage_fees_url;fare_conditions_url;checkin_url;conditions_of_carriage_url;article_selector;,,,,no usable filled fields
dniproavia,Dniproavia,Z6,Ukraine,Scheduled,no,,,Europe,,,,,,,,,,no,,0,0,no,yes,yes,,locale;band;official_website;help_root;baggage_checked_url;baggage_carryon_url;baggage_fees_url;fare_conditions_url;checkin_url;conditions_of_carriage_url;article_selector;,,,,no usable filled fields
dokasch,DoKaSch,3D,North Macedonia,Scheduled,no,,,Europe,https://apiairlines.com,https://apiairlines.com/th/contact-us,,,,,,,,no,,0,0,no,no,no,,locale;band;baggage_checked_url;baggage_carryon_url;baggage_fees_url;fare_conditions_url;checkin_url;conditions_of_carriage_url;article_selector;,,air-people-international-1192,https://raw.githubusercontent.com/buffertse/airline-data/main/data/airlines.csv; https://raw.githubusercontent.com/buffertse/airline-data/main/data/airline-links.csv,"has official/help only, no page URLs for fetch manifest"
donavia,Donavia,D9,Russia,Scheduled,no,,,Europe,,,,,,,,,,no,,0,0,no,yes,no,,locale;band;official_website;help_root;baggage_checked_url;baggage_carryon_url;baggage_fees_url;fare_conditions_url;checkin_url;conditions_of_carriage_url;article_selector;,,,,no usable filled fields
donghai-airlines,Donghai Airlines,DZ,China,Scheduled,no,,,Asia,,,,,,,,,,no,,0,0,no,yes,yes,,locale;band;official_website;help_root;baggage_checked_url;baggage_carryon_url;baggage_fees_url;fare_conditions_url;checkin_url;conditions_of_carriage_url;article_selector;,,,,no usable filled fields
e-savtravel,E-Savtravel,L1,Brazil,Scheduled,no,,,Latin America,,,,,,,,,,no,,0,0,no,no,no,,locale;band;official_website;help_root;baggage_checked_url;baggage_carryon_url;baggage_fees_url;fare_conditions_url;checkin_url;conditions_of_carriage_url;article_selector;,,,,no usable filled fields
eaglexpress-air-charter-sdnbhddbaeaglexpress-air,Eaglexpress Air Charter Sdn.Bhd.dbaEaglexpress Air,9A,Malaysia,Scheduled,no,,,Asia,https://eaglexpressair.com,https://eaglexpressair.com/contact,,,,,,,,no,,0,0,no,no,no,,locale;band;baggage_checked_url;baggage_carryon_url;baggage_fees_url;fare_conditions_url;checkin_url;conditions_of_carriage_url;article_selector;,,eaglexpress-1793,https://raw.githubusercontent.com/buffertse/airline-data/main/data/airlines.csv; https://raw.githubusercontent.com/buffertse/airline-data/main/data/airline-links.csv,"has official/help only, no page URLs for fetch manifest"
eastern-air-lines,Eastern Air Lines,EA,United States,Scheduled,no,en,,North America,,,,,,,,,,no,,0,0,no,no,no,,band;official_website;help_root;baggage_checked_url;baggage_carryon_url;baggage_fees_url;fare_conditions_url;checkin_url;conditions_of_carriage_url;article_selector;,,,,no usable filled fields
eastern-airways,Eastern Airways,T3,United Kingdom,Low-cost,no,en,,Europe,https://easternairways.com,,,,,,,,,no,,0,0,no,yes,no,,band;help_root;baggage_checked_url;baggage_carryon_url;baggage_fees_url;fare_conditions_url;checkin_url;conditions_of_carriage_url;article_selector;,"Missing fields filled from buffertse/airline-data, which records official airline domains and deep links sourced from airline websites.",eastern-airways-291,https://raw.githubusercontent.com/buffertse/airline-data/main/data/airlines.csv; https://raw.githubusercontent.com/buffertse/airline-data/main/data/airline-links.csv,"has official/help only, no page URLs for fetch manifest"
ecojet,EcoJet,8J,Bolivia,Scheduled,no,,,Latin America,https://ecojet.com.bo,,,,,,,,,no,,0,0,no,no,no,,locale;band;help_root;baggage_checked_url;baggage_carryon_url;baggage_fees_url;fare_conditions_url;checkin_url;conditions_of_carriage_url;article_selector;,,ecojet-477,https://raw.githubusercontent.com/buffertse/airline-data/main/data/airlines.csv; https://raw.githubusercontent.com/buffertse/airline-data/main/data/airline-links.csv,"has official/help only, no page URLs for fetch manifest"
electronic-data-systems-corporation,Electronic Data Systems Corporation,1Y,United States,Scheduled,no,en,,North America,,,,,,,,,,no,,0,0,no,no,no,,band;official_website;help_root;baggage_checked_url;baggage_carryon_url;baggage_fees_url;fare_conditions_url;checkin_url;conditions_of_carriage_url;article_selector;,,,,no usable filled fields
ellinair,Ellinair,EL,Greece,Scheduled,no,,,Europe,,,,,,,,,,no,,0,0,no,no,yes,,locale;band;official_website;help_root;baggage_checked_url;baggage_carryon_url;baggage_fees_url;fare_conditions_url;checkin_url;conditions_of_carriage_url;article_selector;,,,,no usable filled fields
emetebe-airlines,Emetebe Airlines,0A,Ecuador,Scheduled,no,,,Latin America,,,,,,,,,,no,,0,0,no,no,no,,locale;band;official_website;help_root;baggage_checked_url;baggage_carryon_url;baggage_fees_url;fare_conditions_url;checkin_url;conditions_of_carriage_url;article_selector;,,,,no usable filled fields
empire-airlines,Empire Airlines,EM,United States,Scheduled,no,en,,North America,https://empireairlines.com,https://www.empireairlines.com/contact,,,,,,,,no,,0,0,no,no,no,,band;baggage_checked_url;baggage_carryon_url;baggage_fees_url;fare_conditions_url;checkin_url;conditions_of_carriage_url;article_selector;,,empire-airlines-1357,https://raw.githubusercontent.com/buffertse/airline-data/main/data/airlines.csv; https://raw.githubusercontent.com/buffertse/airline-data/main/data/airline-links.csv,"has official/help only, no page URLs for fetch manifest"
endeavor-air,Endeavor Air,9E,United States,Scheduled,no,en,,North America,https://endeavorair.com,https://www.endeavorair.com/content/endeavor-air/en_us/contact-us.html,,,,,,,,no,,0,0,no,no,no,,band;baggage_checked_url;baggage_carryon_url;baggage_fees_url;fare_conditions_url;checkin_url;conditions_of_carriage_url;article_selector;,,endeavor-air-174,https://raw.githubusercontent.com/buffertse/airline-data/main/data/airlines.csv; https://raw.githubusercontent.com/buffertse/airline-data/main/data/airline-links.csv,"has official/help only, no page URLs for fetch manifest"
enter-air,Enter Air,E4,Poland,Scheduled,no,,,Europe,https://enterair.pl,,,,,,,,,no,,0,0,no,no,yes,,locale;band;help_root;baggage_checked_url;baggage_carryon_url;baggage_fees_url;fare_conditions_url;checkin_url;conditions_of_carriage_url;article_selector;,"Missing fields filled from buffertse/airline-data, which records official airline domains and deep links sourced from airline websites.",enter-air-337,https://raw.githubusercontent.com/buffertse/airline-data/main/data/airlines.csv; https://raw.githubusercontent.com/buffertse/airline-data/main/data/airline-links.csv,"has official/help only, no page URLs for fetch manifest"
envoy-air,Envoy Air,MQ,United States,Scheduled,no,en,,North America,https://envoyair.com,https://www.envoyair.com/contact,,,,,,,,no,,0,0,no,yes,no,,band;baggage_checked_url;baggage_carryon_url;baggage_fees_url;fare_conditions_url;checkin_url;conditions_of_carriage_url;article_selector;,"Missing fields filled from buffertse/airline-data, which records official airline domains and deep links sourced from airline websites.",envoy-air-1012,https://raw.githubusercontent.com/buffertse/airline-data/main/data/airlines.csv; https://raw.githubusercontent.com/buffertse/airline-data/main/data/airline-links.csv,"has official/help only, no page URLs for fetch manifest"
equaflight,Equaflight,E7,Republic of the Congo,Scheduled,no,,,,,,,,,,,,,no,,0,0,no,no,no,,locale;band;region;official_website;help_root;baggage_checked_url;baggage_carryon_url;baggage_fees_url;fare_conditions_url;checkin_url;conditions_of_carriage_url;article_selector;,,,,no usable filled fields
eritrean-airlines,Eritrean Airlines,B8,Eritrea,Scheduled,no,,,Africa,,,,,,,,,,no,,0,0,no,yes,no,,locale;band;official_website;help_root;baggage_checked_url;baggage_carryon_url;baggage_fees_url;fare_conditions_url;checkin_url;conditions_of_carriage_url;article_selector;,,,,no usable filled fields
ernest-airlines,Ernest Airlines,EG,Italy,Low-cost,no,,,Europe,,,,,,,,,,no,,0,0,no,no,yes,,locale;band;official_website;help_root;baggage_checked_url;baggage_carryon_url;baggage_fees_url;fare_conditions_url;checkin_url;conditions_of_carriage_url;article_selector;,,,,no usable filled fields
eswatini-air,Eswatini Air,RN,Eswatini,Scheduled,no,,,,,,,,,,,,,no,,0,0,no,no,no,,locale;band;region;official_website;help_root;baggage_checked_url;baggage_carryon_url;baggage_fees_url;fare_conditions_url;checkin_url;conditions_of_carriage_url;article_selector;,,,,no usable filled fields
euro-asia-air,Euro-Asia Air,6Z,Kazakhstan,Scheduled,no,,,Asia,,,,,,,,,,no,,0,0,no,no,no,,locale;band;official_website;help_root;baggage_checked_url;baggage_carryon_url;baggage_fees_url;fare_conditions_url;checkin_url;conditions_of_carriage_url;article_selector;,,,,no usable filled fields
euroatlantic-airways,EuroAtlantic Airways,YU,Portugal,Scheduled,no,,,Europe,https://flyeuroatlantic.pt,,,,,,,,,no,,0,0,no,yes,yes,,locale;band;help_root;baggage_checked_url;baggage_carryon_url;baggage_fees_url;fare_conditions_url;checkin_url;conditions_of_carriage_url;article_selector;,"Missing fields filled from buffertse/airline-data, which records official airline domains and deep links sourced from airline websites.",euroatlantic-airways-1476,https://raw.githubusercontent.com/buffertse/airline-data/main/data/airlines.csv; https://raw.githubusercontent.com/buffertse/airline-data/main/data/airline-links.csv,"has official/help only, no page URLs for fetch manifest"
euroairlines,Euroairlines,Q4,Spain,Scheduled,no,,,Europe,https://starlinkaviation.com,https://starlinkaviation.com/contact,,,,,,,,no,,0,0,no,no,no,,locale;band;baggage_checked_url;baggage_carryon_url;baggage_fees_url;fare_conditions_url;checkin_url;conditions_of_carriage_url;article_selector;,,starlink-aviation-1668,https://raw.githubusercontent.com/buffertse/airline-data/main/data/airlines.csv; https://raw.githubusercontent.com/buffertse/airline-data/main/data/airline-links.csv,"has official/help only, no page URLs for fetch manifest"
european-air-charter,European Air Charter,H6,United Kingdom,Scheduled,no,en,,Europe,https://euaircharter.com,https://euaircharter.com/contact,,,,,,,,no,,0,0,no,yes,no,,band;baggage_checked_url;baggage_carryon_url;baggage_fees_url;fare_conditions_url;checkin_url;conditions_of_carriage_url;article_selector;,"Missing fields filled from buffertse/airline-data, which records official airline domains and deep links sourced from airline websites.",european-air-charter-2,https://raw.githubusercontent.com/buffertse/airline-data/main/data/airlines.csv; https://raw.githubusercontent.com/buffertse/airline-data/main/data/airline-links.csv,"has official/help only, no page URLs for fetch manifest"
european-air-transport,European Air Transport,QY,Belgium,Scheduled,no,,,Europe,,,,,,,,,,no,,0,0,no,no,no,,locale;band;official_website;help_root;baggage_checked_url;baggage_carryon_url;baggage_fees_url;fare_conditions_url;checkin_url;conditions_of_carriage_url;article_selector;,,,,no usable filled fields
european-cargo-services-bv,European Cargo Services BV,EJ,Netherlands,Scheduled,no,,,Europe,,,,,,,,,,no,,0,0,no,no,no,,locale;band;official_website;help_root;baggage_checked_url;baggage_carryon_url;baggage_fees_url;fare_conditions_url;checkin_url;conditions_of_carriage_url;article_selector;,,,,no usable filled fields
eurostar,Eurostar,9F,United Kingdom,Scheduled,no,en,,Europe,,,,,,,,,,no,,0,0,no,no,no,,band;official_website;help_root;baggage_checked_url;baggage_carryon_url;baggage_fees_url;fare_conditions_url;checkin_url;conditions_of_carriage_url;article_selector;,,,,no usable filled fields
everts-air-cargo,Everts Air Cargo,5V,United States,Scheduled,no,en,,North America,https://evertsair.com,https://evertsair.com/index.php/contact,,,,,,,,no,,0,0,no,yes,no,,band;baggage_checked_url;baggage_carryon_url;baggage_fees_url;fare_conditions_url;checkin_url;conditions_of_carriage_url;article_selector;,"Missing fields filled from buffertse/airline-data, which records official airline domains and deep links sourced from airline websites.",everts-air-377,https://raw.githubusercontent.com/buffertse/airline-data/main/data/airlines.csv; https://raw.githubusercontent.com/buffertse/airline-data/main/data/airline-links.csv,"has official/help only, no page URLs for fetch manifest"
express-airline,Express Airline,7A,Tunisia,Scheduled,no,en,,Africa,https://express-aircargo.com,https://express-aircargo.com/en/contact,,,,,,,,no,,0,0,no,no,no,,band;baggage_checked_url;baggage_carryon_url;baggage_fees_url;fare_conditions_url;checkin_url;conditions_of_carriage_url;article_selector;,,express-air-cargo-892,https://raw.githubusercontent.com/buffertse/airline-data/main/data/airlines.csv; https://raw.githubusercontent.com/buffertse/airline-data/main/data/airline-links.csv,"has official/help only, no page URLs for fetch manifest"
expressjet,ExpressJet,EV,United States,Scheduled,no,en,,North America,https://expressjet.com,,,,,,,,,no,,0,0,no,yes,no,,band;help_root;baggage_checked_url;baggage_carryon_url;baggage_fees_url;fare_conditions_url;checkin_url;conditions_of_carriage_url;article_selector;,"Missing fields filled from buffertse/airline-data, which records official airline domains and deep links sourced from airline websites.",expressjet-1843,https://raw.githubusercontent.com/buffertse/airline-data/main/data/airlines.csv; https://raw.githubusercontent.com/buffertse/airline-data/main/data/airline-links.csv,"has official/help only, no page URLs for fetch manifest"
fat-far-eastern-air-transport,FAT Far Eastern Air Transport,FE,Taiwan (Republic of China),Scheduled,no,,,,https://748airservices.com,,,,,,,,,no,,0,0,no,yes,no,,locale;band;region;help_root;baggage_checked_url;baggage_carryon_url;baggage_fees_url;fare_conditions_url;checkin_url;conditions_of_carriage_url;article_selector;,,748-air-services-578,https://raw.githubusercontent.com/buffertse/airline-data/main/data/airlines.csv; https://raw.githubusercontent.com/buffertse/airline-data/main/data/airline-links.csv,"has official/help only, no page URLs for fetch manifest"
flyone-armenia,FLYONE Armenia,3F,Armenia,Low-cost,no,,,Asia,,,,,,,,,,no,,0,0,no,no,no,,locale;band;official_website;help_root;baggage_checked_url;baggage_carryon_url;baggage_fees_url;fare_conditions_url;checkin_url;conditions_of_carriage_url;article_selector;,,,,no usable filled fields
fedex,FedEx,FX,United States,Scheduled,no,en,,North America,,,,,,,,,,no,,0,0,no,yes,no,,band;official_website;help_root;baggage_checked_url;baggage_carryon_url;baggage_fees_url;fare_conditions_url;checkin_url;conditions_of_carriage_url;article_selector;,,,,no usable filled fields
finistair,Finist'air,0D,France,Scheduled,no,,,Europe,,,,,,,,,,no,,0,0,no,no,no,,locale;band;official_website;help_root;baggage_checked_url;baggage_carryon_url;baggage_fees_url;fare_conditions_url;checkin_url;conditions_of_carriage_url;article_selector;,,,,no usable filled fields
first-air,First Air,7F,Canada,Scheduled,no,en,,North America,,,,,,,,,,no,,0,0,no,yes,yes,,band;official_website;help_root;baggage_checked_url;baggage_carryon_url;baggage_fees_url;fare_conditions_url;checkin_url;conditions_of_carriage_url;article_selector;,,,,no usable filled fields
fitsair,FitsAir,8D,Sri Lanka,Low-cost,no,,,Asia,https://servantair.com,,,,,,,,,no,,0,0,no,no,no,,locale;band;help_root;baggage_checked_url;baggage_carryon_url;baggage_fees_url;fare_conditions_url;checkin_url;conditions_of_carriage_url;article_selector;,,servant-air-1096,https://raw.githubusercontent.com/buffertse/airline-data/main/data/airlines.csv; https://raw.githubusercontent.com/buffertse/airline-data/main/data/airline-links.csv,"has official/help only, no page URLs for fetch manifest"
flair-airlines,Flair Airlines,F8,Canada,Low-cost,no,en,,North America,https://flyflair.com,,,,,,,,,no,,0,0,no,no,yes,,band;help_root;baggage_checked_url;baggage_carryon_url;baggage_fees_url;fare_conditions_url;checkin_url;conditions_of_carriage_url;article_selector;,,air2there-1115,https://raw.githubusercontent.com/buffertse/airline-data/main/data/airlines.csv; https://raw.githubusercontent.com/buffertse/airline-data/main/data/airline-links.csv,"has official/help only, no page URLs for fetch manifest"
flexflight,FlexFlight,W2,Denmark,Scheduled,no,,,Europe,https://globeair.com,https://flexflight.dk/contact-us,,,,,,,,no,,0,0,no,no,no,,locale;band;baggage_checked_url;baggage_carryon_url;baggage_fees_url;fare_conditions_url;checkin_url;conditions_of_carriage_url;article_selector;,,flexflight-617,https://raw.githubusercontent.com/buffertse/airline-data/main/data/airlines.csv; https://raw.githubusercontent.com/buffertse/airline-data/main/data/airline-links.csv,"has official/help only, no page URLs for fetch manifest"
flightlink,Flightlink,YS,Tanzania,Scheduled,no,,,Africa,,,,,,,,,,no,,0,0,no,no,no,,locale;band;official_website;help_root;baggage_checked_url;baggage_carryon_url;baggage_fees_url;fare_conditions_url;checkin_url;conditions_of_carriage_url;article_selector;,,,,no usable filled fields
fly-all-ways,Fly All Ways,8W,Suriname,Scheduled,no,en,,Latin America,https://flyallways.com,,,,,,,,,no,,0,0,no,no,yes,,band;help_root;baggage_checked_url;baggage_carryon_url;baggage_fees_url;fare_conditions_url;checkin_url;conditions_of_carriage_url;article_selector;,,private-wings-1258,https://raw.githubusercontent.com/buffertse/airline-data/main/data/airlines.csv; https://raw.githubusercontent.com/buffertse/airline-data/main/data/airline-links.csv,"has official/help only, no page URLs for fetch manifest"
fly-baghdad,Fly Baghdad,IF,Iraq,Scheduled,no,,,Middle East,https://flybaghdad.net,,,,,,,,,no,,0,0,no,no,yes,,locale;band;help_root;baggage_checked_url;baggage_carryon_url;baggage_fees_url;fare_conditions_url;checkin_url;conditions_of_carriage_url;article_selector;,"Missing fields filled from buffertse/airline-data, which records official airline domains and deep links sourced from airline websites.",fly-baghdad-675,https://raw.githubusercontent.com/buffertse/airline-data/main/data/airlines.csv; https://raw.githubusercontent.com/buffertse/airline-data/main/data/airline-links.csv,"has official/help only, no page URLs for fetch manifest"
fly-branson-travel-dba-branson-airexpress,Fly Branson Travel dba Branson AirExpress,1X,United States,Scheduled,no,en,,North America,,,,,,,,,,no,,0,0,no,no,no,,band;official_website;help_root;baggage_checked_url;baggage_carryon_url;baggage_fees_url;fare_conditions_url;checkin_url;conditions_of_carriage_url;article_selector;,,,,no usable filled fields
fly-jordan,Fly Jordan,F0,Jordan,Scheduled,no,,,Middle East,,,,,,,,,,no,,0,0,no,no,no,,locale;band;official_website;help_root;baggage_checked_url;baggage_carryon_url;baggage_fees_url;fare_conditions_url;checkin_url;conditions_of_carriage_url;article_selector;,,,,no usable filled fields
fly-one-romania,Fly One (Romania),OE,Moldova,Low-cost,no,,,Europe,https://cairoaviation.com,,,,,,,,,no,,0,0,no,no,no,,locale;band;help_root;baggage_checked_url;baggage_carryon_url;baggage_fees_url;fare_conditions_url;checkin_url;conditions_of_carriage_url;article_selector;,,cairo-aviation-1605,https://raw.githubusercontent.com/buffertse/airline-data/main/data/airlines.csv; https://raw.githubusercontent.com/buffertse/airline-data/main/data/airline-links.csv,"has official/help only, no page URLs for fetch manifest"
fly-oya,Fly Oya,YI,Libya,Scheduled,no,,,Africa,,,,,,,,,,no,,0,0,no,no,no,,locale;band;official_website;help_root;baggage_checked_url;baggage_carryon_url;baggage_fees_url;fare_conditions_url;checkin_url;conditions_of_carriage_url;article_selector;,,,,no usable filled fields
fly-red-sea,Fly Red Sea,Z4,Saudi Arabia,Scheduled,no,,,Middle East,https://zagrosjet.com,,,,,,,,,no,,0,0,no,no,no,,locale;band;help_root;baggage_checked_url;baggage_carryon_url;baggage_fees_url;fare_conditions_url;checkin_url;conditions_of_carriage_url;article_selector;,,zagrosjet-1798,https://raw.githubusercontent.com/buffertse/airline-data/main/data/airlines.csv; https://raw.githubusercontent.com/buffertse/airline-data/main/data/airline-links.csv,"has official/help only, no page URLs for fetch manifest"
fly2sky,Fly2Sky,F6,Bulgaria,Scheduled,no,,,Europe,https://fly2sky.aero,,,,,,,,,no,,0,0,no,no,no,,locale;band;help_root;baggage_checked_url;baggage_carryon_url;baggage_fees_url;fare_conditions_url;checkin_url;conditions_of_carriage_url;article_selector;,,fly2sky-1405,https://raw.githubusercontent.com/buffertse/airline-data/main/data/airlines.csv; https://raw.githubusercontent.com/buffertse/airline-data/main/data/airline-links.csv,"has official/help only, no page URLs for fetch manifest"
flyals,FlyALS,0F,Kenya,Scheduled,no,en,,Africa,,,,,,,,,,no,,0,0,no,no,no,,band;official_website;help_root;baggage_checked_url;baggage_carryon_url;baggage_fees_url;fare_conditions_url;checkin_url;conditions_of_carriage_url;article_selector;,,,,no usable filled fields
flyaden,FlyAden,DH,Yemen,Scheduled,no,,,Middle East,,,,,,,,,,no,,0,0,no,no,no,,locale;band;official_website;help_root;baggage_checked_url;baggage_carryon_url;baggage_fees_url;fare_conditions_url;checkin_url;conditions_of_carriage_url;article_selector;,,,,no usable filled fields
flyarystan,FlyArystan,FS,Kazakhstan,Low-cost,no,,,Asia,https://freespiritairlines.com.au,,,,,,,,,no,,0,0,no,no,yes,,locale;band;help_root;baggage_checked_url;baggage_carryon_url;baggage_fees_url;fare_conditions_url;checkin_url;conditions_of_carriage_url;article_selector;,,airfast-indonesia-1176,https://raw.githubusercontent.com/buffertse/airline-data/main/data/airlines.csv; https://raw.githubusercontent.com/buffertse/airline-data/main/data/airline-links.csv,"has official/help only, no page URLs for fetch manifest"
flybosnia,FlyBosnia,6W,Bosnia and Herzegovina,Scheduled,no,,,Europe,https://flybosnia.ba,,,,,,,,,no,,0,0,no,no,yes,,locale;band;help_root;baggage_checked_url;baggage_carryon_url;baggage_fees_url;fare_conditions_url;checkin_url;conditions_of_carriage_url;article_selector;,"Missing fields filled from buffertse/airline-data, which records official airline domains and deep links sourced from airline websites.",flybosnia-1461,https://raw.githubusercontent.com/buffertse/airline-data/main/data/airlines.csv; https://raw.githubusercontent.com/buffertse/airline-data/main/data/airline-links.csv,"has official/help only, no page URLs for fetch manifest"
flygabon,FlyGabon,J7,Gabon,Scheduled,no,,,Africa,,,,,,,,,,no,,0,0,no,no,no,,locale;band;official_website;help_root;baggage_checked_url;baggage_carryon_url;baggage_fees_url;fare_conditions_url;checkin_url;conditions_of_carriage_url;article_selector;,,,,no usable filled fields
flykhiva,FlyKhiva,2U,Uzbekistan,Scheduled,no,,,Asia,,,,,,,,,,no,,0,0,no,no,no,,locale;band;official_website;help_root;baggage_checked_url;baggage_carryon_url;baggage_fees_url;fare_conditions_url;checkin_url;conditions_of_carriage_url;article_selector;,,,,no usable filled fields
flyone-asia,FlyOne Asia,7Q,Thailand,Low-cost,no,,,Asia,https://eliteairways.net,,,,,,,,,no,,0,0,no,no,no,,locale;band;help_root;baggage_checked_url;baggage_carryon_url;baggage_fees_url;fare_conditions_url;checkin_url;conditions_of_carriage_url;article_selector;,,elite-airways-522,https://raw.githubusercontent.com/buffertse/airline-data/main/data/airlines.csv; https://raw.githubusercontent.com/buffertse/airline-data/main/data/airline-links.csv,"has official/help only, no page URLs for fetch manifest"
flybe,Flybe,BE,United Kingdom,Low-cost,no,en,,Europe,,,,,,,,,,no,,0,0,no,yes,no,,band;official_website;help_root;baggage_checked_url;baggage_carryon_url;baggage_fees_url;fare_conditions_url;checkin_url;conditions_of_carriage_url;article_selector;,,,,no usable filled fields
flybondi,Flybondi,FO,Argentina,Low-cost,no,,,Latin America,,,,,,,,,,no,,0,0,no,no,no,,locale;band;official_website;help_root;baggage_checked_url;baggage_carryon_url;baggage_fees_url;fare_conditions_url;checkin_url;conditions_of_carriage_url;article_selector;,,,,no usable filled fields
flybusteam,Flybusteam,ГЭ,Russia,Scheduled,no,,,Europe,,,,,,,,,,no,,0,0,no,no,no,,locale;band;official_website;help_root;baggage_checked_url;baggage_carryon_url;baggage_fees_url;fare_conditions_url;checkin_url;conditions_of_carriage_url;article_selector;,,,,no usable filled fields
freedom-airline-express,Freedom Airline Express,4F,United States,Scheduled,no,en,,North America,,,,,,,,,,no,,0,0,no,no,no,,band;official_website;help_root;baggage_checked_url;baggage_carryon_url;baggage_fees_url;fare_conditions_url;checkin_url;conditions_of_carriage_url;article_selector;,,,,no usable filled fields
french-armed-forces,French Armed Forces,RD,France,Scheduled,no,,,Europe,,,,,,,,,,no,,0,0,no,no,no,,locale;band;official_website;help_root;baggage_checked_url;baggage_carryon_url;baggage_fees_url;fare_conditions_url;checkin_url;conditions_of_carriage_url;article_selector;,,,,no usable filled fields
fuji-dream-airlines,Fuji Dream Airlines,JH,Japan,Scheduled,no,,,Asia,https://fujidreamairlines.com,,,,,,,,,no,,0,0,no,no,yes,,locale;band;help_root;baggage_checked_url;baggage_carryon_url;baggage_fees_url;fare_conditions_url;checkin_url;conditions_of_carriage_url;article_selector;,"Missing fields filled from buffertse/airline-data, which records official airline domains and deep links sourced from airline websites.",fuji-dream-airlines-308,https://raw.githubusercontent.com/buffertse/airline-data/main/data/airlines.csv; https://raw.githubusercontent.com/buffertse/airline-data/main/data/airline-links.csv,"has official/help only, no page URLs for fetch manifest"
gp-aviation,GP Aviation,IV,Bulgaria,Scheduled,no,,,Europe,https://gp-aviation.net,,,,,,,,,no,,0,0,no,no,no,,locale;band;help_root;baggage_checked_url;baggage_carryon_url;baggage_fees_url;fare_conditions_url;checkin_url;conditions_of_carriage_url;article_selector;,,gp-aviation-146,https://raw.githubusercontent.com/buffertse/airline-data/main/data/airlines.csv; https://raw.githubusercontent.com/buffertse/airline-data/main/data/airline-links.csv,"has official/help only, no page URLs for fetch manifest"
galileo-international,Galileo International,1V,United States,Scheduled,no,en,,North America,,,,,,,,,,no,,0,0,no,no,no,,band;official_website;help_root;baggage_checked_url;baggage_carryon_url;baggage_fees_url;fare_conditions_url;checkin_url;conditions_of_carriage_url;article_selector;,,,,no usable filled fields
gambia-bird-airlines,Gambia Bird Airlines,3G,Gambia,Scheduled,no,en,,Africa,,,,,,,,,,no,,0,0,no,no,no,,band;official_website;help_root;baggage_checked_url;baggage_carryon_url;baggage_fees_url;fare_conditions_url;checkin_url;conditions_of_carriage_url;article_selector;,,,,no usable filled fields
gazpromavia,Gazpromavia,4G,Russia,Scheduled,no,,,Europe,,,,,,,,,,no,,0,0,no,no,no,,locale;band;official_website;help_root;baggage_checked_url;baggage_carryon_url;baggage_fees_url;fare_conditions_url;checkin_url;conditions_of_carriage_url;article_selector;,,,,no usable filled fields
georgian-wings,Georgian Wings,D4,Georgia,Low-cost,no,,,Europe,,,,,,,,,,no,,0,0,no,no,no,,locale;band;official_website;help_root;baggage_checked_url;baggage_carryon_url;baggage_fees_url;fare_conditions_url;checkin_url;conditions_of_carriage_url;article_selector;,,,,no usable filled fields
ghadames-air,Ghadames Air,NJ,Libya,Scheduled,no,,,Africa,,,,,,,,,,no,,0,0,no,no,no,,locale;band;official_website;help_root;baggage_checked_url;baggage_carryon_url;baggage_fees_url;fare_conditions_url;checkin_url;conditions_of_carriage_url;article_selector;,,,,no usable filled fields
global-aviation-gea,Global Aviation (GEA),IG,South Africa,Scheduled,no,en,,Africa,,,,,,,,,,no,,0,0,no,no,no,,band;official_website;help_root;baggage_checked_url;baggage_carryon_url;baggage_fees_url;fare_conditions_url;checkin_url;conditions_of_carriage_url;article_selector;,,,,no usable filled fields
global-aviation-services-group,Global Aviation Services Group,5S,Libya,Scheduled,no,,,Africa,,,,,,,,,,no,,0,0,no,no,no,,locale;band;official_website;help_root;baggage_checked_url;baggage_carryon_url;baggage_fees_url;fare_conditions_url;checkin_url;conditions_of_carriage_url;article_selector;,,,,no usable filled fields
global-feeder-services,Global Feeder Services,GC,United States,Scheduled,no,en,,North America,,,,,,,,,,no,,0,0,no,no,no,,band;official_website;help_root;baggage_checked_url;baggage_carryon_url;baggage_fees_url;fare_conditions_url;checkin_url;conditions_of_carriage_url;article_selector;,,,,no usable filled fields
globeair,GlobeAir,0K,Austria,Scheduled,no,,,Europe,,,,,,,,,,no,,0,0,no,no,no,,locale;band;official_website;help_root;baggage_checked_url;baggage_carryon_url;baggage_fees_url;fare_conditions_url;checkin_url;conditions_of_carriage_url;article_selector;,,,,no usable filled fields
globus-airlines,Globus Airlines,GH,Russia,Scheduled,no,,,Europe,,,,,,,,,,no,,0,0,no,yes,no,,locale;band;official_website;help_root;baggage_checked_url;baggage_carryon_url;baggage_fees_url;fare_conditions_url;checkin_url;conditions_of_carriage_url;article_selector;,,,,no usable filled fields
globus-lls,Globus LLС,XT,Russia,Scheduled,no,,,Europe,,,,,,,,,,no,,0,0,no,no,no,,locale;band;official_website;help_root;baggage_checked_url;baggage_carryon_url;baggage_fees_url;fare_conditions_url;checkin_url;conditions_of_carriage_url;article_selector;,,,,no usable filled fields
gojet-airlines,GoJet Airlines,G7,United States,Scheduled,no,en,,North America,https://gojetairlines.com,https://gojetairlines.com/contact-us,,,,,,,,no,,0,0,no,yes,no,,band;baggage_checked_url;baggage_carryon_url;baggage_fees_url;fare_conditions_url;checkin_url;conditions_of_carriage_url;article_selector;,"Missing fields filled from buffertse/airline-data, which records official airline domains and deep links sourced from airline websites.",gojet-airlines-llc-460,https://raw.githubusercontent.com/buffertse/airline-data/main/data/airlines.csv; https://raw.githubusercontent.com/buffertse/airline-data/main/data/airline-links.csv,"has official/help only, no page URLs for fetch manifest"
grand-china-air,Grand China Air,CN,China,Scheduled,no,,,Asia,,,,,,,,,,no,,0,0,no,yes,yes,,locale;band;official_website;help_root;baggage_checked_url;baggage_carryon_url;baggage_fees_url;fare_conditions_url;checkin_url;conditions_of_carriage_url;article_selector;,,,,no usable filled fields
grant-aviation,Grant Aviation,GV,United States,Scheduled,no,en,,North America,https://flygrant.com,,,,,,,,,no,,0,0,no,no,no,,band;help_root;baggage_checked_url;baggage_carryon_url;baggage_fees_url;fare_conditions_url;checkin_url;conditions_of_carriage_url;article_selector;,,sky-gabon-1655,https://raw.githubusercontent.com/buffertse/airline-data/main/data/airlines.csv; https://raw.githubusercontent.com/buffertse/airline-data/main/data/airline-links.csv,"has official/help only, no page URLs for fetch manifest"
great-lakes-airlines,Great Lakes Airlines,ZK,United States,Scheduled,no,en,,North America,,,,,,,,,,no,,0,0,no,yes,no,,band;official_website;help_root;baggage_checked_url;baggage_carryon_url;baggage_fees_url;fare_conditions_url;checkin_url;conditions_of_carriage_url;article_selector;,,,,no usable filled fields
greater-bay-airlines,Greater Bay Airlines,HB,Hong Kong,Low-cost,no,,,Asia,,,,,,,,,,no,,0,0,no,no,no,,locale;band;official_website;help_root;baggage_checked_url;baggage_carryon_url;baggage_fees_url;fare_conditions_url;checkin_url;conditions_of_carriage_url;article_selector;,,,,no usable filled fields
green-africa-airways,Green Africa Airways,Q9,Nigeria,Scheduled,no,en,,Africa,,,,,,,,,,no,,0,0,no,no,no,,band;official_website;help_root;baggage_checked_url;baggage_carryon_url;baggage_fees_url;fare_conditions_url;checkin_url;conditions_of_carriage_url;article_selector;,,,,no usable filled fields
grumeti-air,Grumeti Air,0G,Libya,Scheduled,no,,,Africa,,,,,,,,,,no,,0,0,no,no,no,,locale;band;official_website;help_root;baggage_checked_url;baggage_carryon_url;baggage_fees_url;fare_conditions_url;checkin_url;conditions_of_carriage_url;article_selector;,,,,no usable filled fields
gullivair,GullivAir,G2,Bulgaria,Scheduled,no,,,Europe,,,,,,,,,,no,,0,0,no,no,no,,locale;band;official_website;help_root;baggage_checked_url;baggage_carryon_url;baggage_fees_url;fare_conditions_url;checkin_url;conditions_of_carriage_url;article_selector;,,,,no usable filled fields
guyane-express-fly,Guyane Express Fly,G8,French Guiana,Low-cost,no,,,,,,,,,,,,,no,,0,0,no,no,no,,locale;band;region;official_website;help_root;baggage_checked_url;baggage_carryon_url;baggage_fees_url;fare_conditions_url;checkin_url;conditions_of_carriage_url;article_selector;,,,,no usable filled fields
hop,HOP!,A5,France,Low-cost,no,en,,Europe,https://hop.fr,https://www.hop.fr/en/contact,,,,,,,,no,,0,0,no,no,yes,,band;baggage_checked_url;baggage_carryon_url;baggage_fees_url;fare_conditions_url;checkin_url;conditions_of_carriage_url;article_selector;,"Missing fields filled from buffertse/airline-data, which records official airline domains and deep links sourced from airline websites.",air-france-hop-1047,https://raw.githubusercontent.com/buffertse/airline-data/main/data/airlines.csv; https://raw.githubusercontent.com/buffertse/airline-data/main/data/airline-links.csv,"has official/help only, no page URLs for fetch manifest"
hahn-air,Hahn Air,H1,Germany,Scheduled,no,,,Europe,https://hahnair.com,,,,,,,,,no,,0,0,no,no,no,,locale;band;help_root;baggage_checked_url;baggage_carryon_url;baggage_fees_url;fare_conditions_url;checkin_url;conditions_of_carriage_url;article_selector;,,hahn-air-1259,https://raw.githubusercontent.com/buffertse/airline-data/main/data/airlines.csv; https://raw.githubusercontent.com/buffertse/airline-data/main/data/airline-links.csv,"has official/help only, no page URLs for fetch manifest"
hahn-air-technologies,Hahn Air Technologies,X1,Germany,Scheduled,no,,,Europe,,,,,,,,,,no,,0,0,no,no,no,,locale;band;official_website;help_root;baggage_checked_url;baggage_carryon_url;baggage_fees_url;fare_conditions_url;checkin_url;conditions_of_carriage_url;article_selector;,,,,no usable filled fields
hawkair,Hawkair,BH,Canada,Scheduled,no,en,,North America,,,,,,,,,,no,,0,0,no,yes,no,,band;official_website;help_root;baggage_checked_url;baggage_carryon_url;baggage_fees_url;fare_conditions_url;checkin_url;conditions_of_carriage_url;article_selector;,,,,no usable filled fields
hayways,Hayways,Y5,Armenia,Low-cost,no,,,Asia,,,,,,,,,,no,,0,0,no,no,no,,locale;band;official_website;help_root;baggage_checked_url;baggage_carryon_url;baggage_fees_url;fare_conditions_url;checkin_url;conditions_of_carriage_url;article_selector;,,,,no usable filled fields
hebei-airlines,Hebei Airlines,NS,China,Scheduled,no,,,Asia,https://hbhk.com.cn,,,,,,,,,no,,0,0,no,no,yes,,locale;band;help_root;baggage_checked_url;baggage_carryon_url;baggage_fees_url;fare_conditions_url;checkin_url;conditions_of_carriage_url;article_selector;,"Missing fields filled from buffertse/airline-data, which records official airline domains and deep links sourced from airline websites.",hebei-airlines-81,https://raw.githubusercontent.com/buffertse/airline-data/main/data/airlines.csv; https://raw.githubusercontent.com/buffertse/airline-data/main/data/airline-links.csv,"has official/help only, no page URLs for fetch manifest"
heli-air-monaco,Heli Air Monaco,YO,Monaco,Scheduled,no,en,,,https://heliairmonaco.com,https://www.heliairmonaco.com/en/contact.html,,,,,,,,no,,0,0,no,yes,no,,band;region;baggage_checked_url;baggage_carryon_url;baggage_fees_url;fare_conditions_url;checkin_url;conditions_of_carriage_url;article_selector;,"Missing fields filled from buffertse/airline-data, which records official airline domains and deep links sourced from airline websites.",heli-air-monaco-1644,https://raw.githubusercontent.com/buffertse/airline-data/main/data/airlines.csv; https://raw.githubusercontent.com/buffertse/airline-data/main/data/airline-links.csv,"has official/help only, no page URLs for fetch manifest"
helicopteros-del-sureste,Helicópteros del Sureste,UV,Spain,Scheduled,no,,,Europe,,,,,,,,,,no,,0,0,no,no,no,,locale;band;official_website;help_root;baggage_checked_url;baggage_carryon_url;baggage_fees_url;fare_conditions_url;checkin_url;conditions_of_carriage_url;article_selector;,,,,no usable filled fields
helijet,Helijet,JB,Canada,Scheduled,no,en,,North America,https://helijet.com,,,,,,,,,no,,0,0,no,yes,no,,band;help_root;baggage_checked_url;baggage_carryon_url;baggage_fees_url;fare_conditions_url;checkin_url;conditions_of_carriage_url;article_selector;,"Missing fields filled from buffertse/airline-data, which records official airline domains and deep links sourced from airline websites.",helijet-1073,https://raw.githubusercontent.com/buffertse/airline-data/main/data/airlines.csv; https://raw.githubusercontent.com/buffertse/airline-data/main/data/airline-links.csv,"has official/help only, no page URLs for fetch manifest"
heron-aviation,Heron Aviation,0V,Germany,Scheduled,no,,,Europe,,,,,,,,,,no,,0,0,no,no,no,,locale;band;official_website;help_root;baggage_checked_url;baggage_carryon_url;baggage_fees_url;fare_conditions_url;checkin_url;conditions_of_carriage_url;article_selector;,,,,no usable filled fields
heston-airlines,Heston Airlines,HN,Lithuania,Scheduled,no,,,Europe,https://heston.aero,,,,,,,,,no,,0,0,no,no,no,,locale;band;help_root;baggage_checked_url;baggage_carryon_url;baggage_fees_url;fare_conditions_url;checkin_url;conditions_of_carriage_url;article_selector;,,heston-airlines-87,https://raw.githubusercontent.com/buffertse/airline-data/main/data/airlines.csv; https://raw.githubusercontent.com/buffertse/airline-data/main/data/airline-links.csv,"has official/help only, no page URLs for fetch manifest"
hi-fly-ltd,Hi Fly Ltd,5M,Portugal,Scheduled,no,,,Europe,https://flymontserrat.com,https://hifly.aero/contacts,,,,,,,,no,,0,0,no,no,no,,locale;band;baggage_checked_url;baggage_carryon_url;baggage_fees_url;fare_conditions_url;checkin_url;conditions_of_carriage_url;article_selector;,,hi-fly-malta-433,https://raw.githubusercontent.com/buffertse/airline-data/main/data/airlines.csv; https://raw.githubusercontent.com/buffertse/airline-data/main/data/airline-links.csv,"has official/help only, no page URLs for fetch manifest"
hinterland-aviation,Hinterland Aviation,OI,Australia,Scheduled,no,en,,Australia/Pacific,https://hinterlandaviation.com.au,https://www.hinterlandaviation.com.au/contact,,,,,,,,no,,0,0,no,no,no,,band;baggage_checked_url;baggage_carryon_url;baggage_fees_url;fare_conditions_url;checkin_url;conditions_of_carriage_url;article_selector;,,hinterland-aviation-421,https://raw.githubusercontent.com/buffertse/airline-data/main/data/airlines.csv; https://raw.githubusercontent.com/buffertse/airline-data/main/data/airline-links.csv,"has official/help only, no page URLs for fetch manifest"
hong-kong-air-cargo-carrier-limited,Hong Kong Air Cargo Carrier Limited,RH,Hong Kong,Scheduled,no,,,Asia,,,,,,,,,,no,,0,0,no,no,no,,locale;band;official_website;help_root;baggage_checked_url;baggage_carryon_url;baggage_fees_url;fare_conditions_url;checkin_url;conditions_of_carriage_url;article_selector;,,,,no usable filled fields
horizon-air,Horizon Air,QX,United States,Scheduled,no,en,,North America,,,,,,,,,,no,,0,0,no,yes,no,,band;official_website;help_root;baggage_checked_url;baggage_carryon_url;baggage_fees_url;fare_conditions_url;checkin_url;conditions_of_carriage_url;article_selector;,,,,no usable filled fields
humo-air,Humo Air,HJ,Uzbekistan,Low-cost,no,,,Asia,https://tasmancargo.com,,,,,,,,,no,,0,0,no,no,no,,locale;band;help_root;baggage_checked_url;baggage_carryon_url;baggage_fees_url;fare_conditions_url;checkin_url;conditions_of_carriage_url;article_selector;,,tasman-cargo-airlines-131,https://raw.githubusercontent.com/buffertse/airline-data/main/data/airlines.csv; https://raw.githubusercontent.com/buffertse/airline-data/main/data/airline-links.csv,"has official/help only, no page URLs for fetch manifest"
hydro-quebec,Hydro - Quebec,0Q,Canada,Scheduled,no,en,,North America,,,,,,,,,,no,,0,0,no,no,no,,band;official_website;help_root;baggage_checked_url;baggage_carryon_url;baggage_fees_url;fare_conditions_url;checkin_url;conditions_of_carriage_url;article_selector;,,,,no usable filled fields
heli-securite-helicopter-airline,Héli Sécurité Hélicopter Airline,HS,France,Scheduled,no,,,Europe,,,,,,,,,,no,,0,0,no,no,no,,locale;band;official_website;help_root;baggage_checked_url;baggage_carryon_url;baggage_fees_url;fare_conditions_url;checkin_url;conditions_of_carriage_url;article_selector;,,,,no usable filled fields
iata-clearing-houseinternational-air-transport-association,IATA - Clearing HouseInternational Air Transport Association,XB,Canada,Scheduled,no,en,,North America,,,,,,,,,,no,,0,0,no,no,no,,band;official_website;help_root;baggage_checked_url;baggage_carryon_url;baggage_fees_url;fare_conditions_url;checkin_url;conditions_of_carriage_url;article_selector;,,,,no usable filled fields
ibc-airways,IBC Airways,II,United States,Scheduled,no,en,,North America,https://ibcairways.com,https://ibcairways.com/index.php/contact-us,,,,,,,,no,,0,0,no,no,no,,band;baggage_checked_url;baggage_carryon_url;baggage_fees_url;fare_conditions_url;checkin_url;conditions_of_carriage_url;article_selector;,,ibc-airways-415,https://raw.githubusercontent.com/buffertse/airline-data/main/data/airlines.csv; https://raw.githubusercontent.com/buffertse/airline-data/main/data/airline-links.csv,"has official/help only, no page URLs for fetch manifest"
ihy-izmir-havayollari-as,IHY Izmir Havayollari A.S.,44,Turkey,Scheduled,no,,,Europe,,,,,,,,,,no,,0,0,no,no,no,,locale;band;official_website;help_root;baggage_checked_url;baggage_carryon_url;baggage_fees_url;fare_conditions_url;checkin_url;conditions_of_carriage_url;article_selector;,,,,no usable filled fields
infini-travel-information-inc,"INFINI Travel Information, Inc.",1F,Japan,Scheduled,no,,,Asia,,,,,,,,,,no,,0,0,no,no,no,,locale;band;official_website;help_root;baggage_checked_url;baggage_carryon_url;baggage_fees_url;fare_conditions_url;checkin_url;conditions_of_carriage_url;article_selector;,,,,no usable filled fields
iryo,IRYO,I6,Spain,Scheduled,no,,,Europe,,,,,,,,,,no,,0,0,no,no,no,,locale;band;official_website;help_root;baggage_checked_url;baggage_carryon_url;baggage_fees_url;fare_conditions_url;checkin_url;conditions_of_carriage_url;article_selector;,,,,no usable filled fields
ita-software-inc,ITA Software Inc.,1U,United States,Scheduled,no,en,,North America,,,,,,,,,,no,,0,0,no,no,no,,band;official_website;help_root;baggage_checked_url;baggage_carryon_url;baggage_fees_url;fare_conditions_url;checkin_url;conditions_of_carriage_url;article_selector;,,,,no usable filled fields
iberojet,Iberojet,E9,United States,Scheduled,no,en,,North America,https://orbest.com,,,,,,,,,no,,0,0,no,no,no,,band;help_root;baggage_checked_url;baggage_carryon_url;baggage_fees_url;fare_conditions_url;checkin_url;conditions_of_carriage_url;article_selector;,,orbest-853,https://raw.githubusercontent.com/buffertse/airline-data/main/data/airlines.csv; https://raw.githubusercontent.com/buffertse/airline-data/main/data/airline-links.csv,"has official/help only, no page URLs for fetch manifest"
ibex-airlines,Ibex Airlines,FW,Japan,Scheduled,no,,,Asia,,,,,,,,,,no,,0,0,no,yes,no,,locale;band;official_website;help_root;baggage_checked_url;baggage_carryon_url;baggage_fees_url;fare_conditions_url;checkin_url;conditions_of_carriage_url;article_selector;,,,,no usable filled fields
ibom-air,Ibom Air,QI,Denmark,Scheduled,no,,,Europe,,,,,,,,,,no,,0,0,no,no,no,,locale;band;official_website;help_root;baggage_checked_url;baggage_carryon_url;baggage_fees_url;fare_conditions_url;checkin_url;conditions_of_carriage_url;article_selector;,,,,no usable filled fields
indonesia-airasia,Indonesia AirAsia,QZ,Indonesia,Low-cost,no,,,Asia,,,,,,,,,,no,,0,0,no,no,no,,locale;band;official_website;help_root;baggage_checked_url;baggage_carryon_url;baggage_fees_url;fare_conditions_url;checkin_url;conditions_of_carriage_url;article_selector;,,,,no usable filled fields
innoaviation,InnoAviation,I3,Iran,Scheduled,no,,,Middle East,,,,,,,,,,no,,0,0,no,no,no,,locale;band;official_website;help_root;baggage_checked_url;baggage_carryon_url;baggage_fees_url;fare_conditions_url;checkin_url;conditions_of_carriage_url;article_selector;,,,,no usable filled fields
insel-air-aruba,Insel Air Aruba,8I,Aruba,Scheduled,no,,,Caribbean,,,,,,,,,,no,,0,0,no,no,no,,locale;band;official_website;help_root;baggage_checked_url;baggage_carryon_url;baggage_fees_url;fare_conditions_url;checkin_url;conditions_of_carriage_url;article_selector;,,,,no usable filled fields
intercaribbean-airways,InterCaribbean Airways,JY,Turks and Caicos Islands,Scheduled,no,,,,https://intercaribbean.com,,,,,,,,,no,,0,0,no,yes,no,,locale;band;region;help_root;baggage_checked_url;baggage_carryon_url;baggage_fees_url;fare_conditions_url;checkin_url;conditions_of_carriage_url;article_selector;,"Missing fields filled from buffertse/airline-data, which records official airline domains and deep links sourced from airline websites.",intercaribbean-airways-1248,https://raw.githubusercontent.com/buffertse/airline-data/main/data/airlines.csv; https://raw.githubusercontent.com/buffertse/airline-data/main/data/airline-links.csv,"has official/help only, no page URLs for fetch manifest"
iraero,IrAero,IO,Russia,Scheduled,no,,,Europe,https://iraero.ru,,,,,,,,,no,,0,0,no,yes,yes,,locale;band;help_root;baggage_checked_url;baggage_carryon_url;baggage_fees_url;fare_conditions_url;checkin_url;conditions_of_carriage_url;article_selector;,"Missing fields filled from buffertse/airline-data, which records official airline domains and deep links sourced from airline websites.",iraero-679,https://raw.githubusercontent.com/buffertse/airline-data/main/data/airlines.csv; https://raw.githubusercontent.com/buffertse/airline-data/main/data/airline-links.csv,"has official/help only, no page URLs for fetch manifest"
iran-air,Iran Air,IR,Iran,Scheduled,no,,,Middle East,,,,,,,,,,no,,0,0,no,no,no,,locale;band;official_website;help_root;baggage_checked_url;baggage_carryon_url;baggage_fees_url;fare_conditions_url;checkin_url;conditions_of_carriage_url;article_selector;,,,,no usable filled fields
iran-airtour,Iran Airtour,B9,Iran,Scheduled,no,,,Middle East,https://iranairtour.ir,,,,,,,,,no,,0,0,no,no,no,,locale;band;help_root;baggage_checked_url;baggage_carryon_url;baggage_fees_url;fare_conditions_url;checkin_url;conditions_of_carriage_url;article_selector;,,q1336559-327,https://raw.githubusercontent.com/buffertse/airline-data/main/data/airlines.csv; https://raw.githubusercontent.com/buffertse/airline-data/main/data/airline-links.csv,"has official/help only, no page URLs for fetch manifest"
iran-aseman-airlines,Iran Aseman Airlines,EP,Iran,Scheduled,no,,,Middle East,,,,,,,,,,no,,0,0,no,no,no,,locale;band;official_website;help_root;baggage_checked_url;baggage_carryon_url;baggage_fees_url;fare_conditions_url;checkin_url;conditions_of_carriage_url;article_selector;,,,,no usable filled fields
iraqi-airways,Iraqi Airways,IA,Iraq,Scheduled,no,,,Middle East,https://iraqiairways.com.iq,,,,,,,,,no,,0,0,no,yes,yes,,locale;band;help_root;baggage_checked_url;baggage_carryon_url;baggage_fees_url;fare_conditions_url;checkin_url;conditions_of_carriage_url;article_selector;,"Missing fields filled from buffertse/airline-data, which records official airline domains and deep links sourced from airline websites.",iraqi-airways-1759,https://raw.githubusercontent.com/buffertse/airline-data/main/data/airlines.csv; https://raw.githubusercontent.com/buffertse/airline-data/main/data/airline-links.csv,"has official/help only, no page URLs for fetch manifest"
island-air,Island Air,WP,Mexico,Scheduled,no,,,Latin America,,,,,,,,,,no,,0,0,no,no,yes,,locale;band;official_website;help_root;baggage_checked_url;baggage_carryon_url;baggage_fees_url;fare_conditions_url;checkin_url;conditions_of_carriage_url;article_selector;,,,,no usable filled fields
island-air-express,Island Air Express,I4,United States,Scheduled,no,en,,North America,https://interislandairlines.com,https://interislandairlines.com/Contact+Us.html,,,,,,,,no,,0,0,no,no,no,,band;baggage_checked_url;baggage_carryon_url;baggage_fees_url;fare_conditions_url;checkin_url;conditions_of_carriage_url;article_selector;,,interisland-airlines-1187,https://raw.githubusercontent.com/buffertse/airline-data/main/data/airlines.csv; https://raw.githubusercontent.com/buffertse/airline-data/main/data/airline-links.csv,"has official/help only, no page URLs for fetch manifest"
islena-de-inversiones-sa-de-cvdba-islena-airlines,Islena de Inversiones S.A. de C.V.dba Islena Airlines,WC,Honduras,Scheduled,no,,,Latin America,,,,,,,,,,no,,0,0,no,no,no,,locale;band;official_website;help_root;baggage_checked_url;baggage_carryon_url;baggage_fees_url;fare_conditions_url;checkin_url;conditions_of_carriage_url;article_selector;,,,,no usable filled fields
itek-air,Itek Air,GI,Kyrgyzstan,Scheduled,no,,,Asia,,,,,,,,,,no,,0,0,no,no,no,,locale;band;official_website;help_root;baggage_checked_url;baggage_carryon_url;baggage_fees_url;fare_conditions_url;checkin_url;conditions_of_carriage_url;article_selector;,,,,no usable filled fields
izhavia,Izhavia,I8,Russia,Scheduled,no,,,Europe,https://izhavia.su,https://indonesia-air.com/contact-us,,,,,,,,no,,0,0,no,yes,yes,,locale;band;baggage_checked_url;baggage_carryon_url;baggage_fees_url;fare_conditions_url;checkin_url;conditions_of_carriage_url;article_selector;,,indonesia-air-transport-958,https://raw.githubusercontent.com/buffertse/airline-data/main/data/airlines.csv; https://raw.githubusercontent.com/buffertse/airline-data/main/data/airline-links.csv,"has official/help only, no page URLs for fetch manifest"
jandm-alaska-air,J&M Alaska Air,JN,United States,Scheduled,no,en,,North America,,,,,,,,,,no,,0,0,no,no,no,,band;official_website;help_root;baggage_checked_url;baggage_carryon_url;baggage_fees_url;fare_conditions_url;checkin_url;conditions_of_carriage_url;article_selector;,,,,no usable filled fields
jsc-sirena-travel,"JSC ""Sirena-Travel""",1H,Russia,Scheduled,no,,,Europe,,,,,,,,,,no,,0,0,no,no,no,,locale;band;official_website;help_root;baggage_checked_url;baggage_carryon_url;baggage_fees_url;fare_conditions_url;checkin_url;conditions_of_carriage_url;article_selector;,,,,no usable filled fields
jsc-aircompany-atma,JSC Aircompany ATMA,IM,Kazakhstan,Scheduled,no,,,Asia,https://airatma.com,,,,,,,,,no,,0,0,no,no,no,,locale;band;help_root;baggage_checked_url;baggage_carryon_url;baggage_fees_url;fare_conditions_url;checkin_url;conditions_of_carriage_url;article_selector;,,menajet-1557,https://raw.githubusercontent.com/buffertse/airline-data/main/data/airlines.csv; https://raw.githubusercontent.com/buffertse/airline-data/main/data/airline-links.csv,"has official/help only, no page URLs for fetch manifest"
jsc-kazaviaspas,JSC Kazaviaspas,ZS,Kazakhstan,Scheduled,no,,,Asia,https://kazaviaspas.kz,,,,,,,,,no,,0,0,no,no,no,,locale;band;help_root;baggage_checked_url;baggage_carryon_url;baggage_fees_url;fare_conditions_url;checkin_url;conditions_of_carriage_url;article_selector;,,kazaviaspas-849,https://raw.githubusercontent.com/buffertse/airline-data/main/data/airlines.csv; https://raw.githubusercontent.com/buffertse/airline-data/main/data/airline-links.csv,"has official/help only, no page URLs for fetch manifest"
jsc-transport-automated-informationsystems-tais,JSC Transport Automated InformationSystems - TAIS,1M,Russia,Scheduled,no,,,Europe,,,,,,,,,,no,,0,0,no,no,no,,locale;band;official_website;help_root;baggage_checked_url;baggage_carryon_url;baggage_fees_url;fare_conditions_url;checkin_url;conditions_of_carriage_url;article_selector;,,,,no usable filled fields
jambojet,Jambojet,JM,Kenya,Low-cost,no,en,,Africa,,,,,,,,,,no,,0,0,no,no,yes,,band;official_website;help_root;baggage_checked_url;baggage_carryon_url;baggage_fees_url;fare_conditions_url;checkin_url;conditions_of_carriage_url;article_selector;,,,,no usable filled fields
japan-air-commuter,Japan Air Commuter,JC,Japan,Scheduled,no,,,Asia,,,,,,,,,,no,,0,0,no,yes,no,,locale;band;official_website;help_root;baggage_checked_url;baggage_carryon_url;baggage_fees_url;fare_conditions_url;checkin_url;conditions_of_carriage_url;article_selector;,,,,no usable filled fields
japan-transocean-air,Japan Transocean Air,NU,Japan,Scheduled,no,,,Asia,https://en.jta-okinawa.com,,,,,,,,,no,,0,0,no,yes,no,,locale;band;help_root;baggage_checked_url;baggage_carryon_url;baggage_fees_url;fare_conditions_url;checkin_url;conditions_of_carriage_url;article_selector;,"Missing fields filled from buffertse/airline-data, which records official airline domains and deep links sourced from airline websites.",japan-transocean-air-1435,https://raw.githubusercontent.com/buffertse/airline-data/main/data/airlines.csv; https://raw.githubusercontent.com/buffertse/airline-data/main/data/airline-links.csv,"has official/help only, no page URLs for fetch manifest"
jet-airways,Jet Airways,9W,India,Scheduled,no,,,Asia,,,,,,,,,,no,,0,0,no,yes,yes,,locale;band;official_website;help_root;baggage_checked_url;baggage_carryon_url;baggage_fees_url;fare_conditions_url;checkin_url;conditions_of_carriage_url;article_selector;,,,,no usable filled fields
jet-airways-inc,Jet Airways Inc.,QJ,United States,Scheduled,no,en,,North America,,,,,,,,,,no,,0,0,no,no,no,,band;official_website;help_root;baggage_checked_url;baggage_carryon_url;baggage_fees_url;fare_conditions_url;checkin_url;conditions_of_carriage_url;article_selector;,,,,no usable filled fields
jet-asia-airways,Jet Asia Airways,JF,Thailand,Scheduled,no,,,Asia,,,,,,,,,,no,,0,0,no,yes,no,,locale;band;official_website;help_root;baggage_checked_url;baggage_carryon_url;baggage_fees_url;fare_conditions_url;checkin_url;conditions_of_carriage_url;article_selector;,,,,no usable filled fields
jet-aviation-business,Jet Aviation Business,PP,Switzerland,Scheduled,no,,,Europe,https://jetaviation.com,,,,,,,,,no,,0,0,no,yes,no,,locale;band;help_root;baggage_checked_url;baggage_carryon_url;baggage_fees_url;fare_conditions_url;checkin_url;conditions_of_carriage_url;article_selector;,"Missing fields filled from buffertse/airline-data, which records official airline domains and deep links sourced from airline websites.",jet-aviation-1808,https://raw.githubusercontent.com/buffertse/airline-data/main/data/airlines.csv; https://raw.githubusercontent.com/buffertse/airline-data/main/data/airline-links.csv,"has official/help only, no page URLs for fetch manifest"
jet-ops,Jet Ops,J6,United Arab Emirates,Scheduled,no,,,Middle East,,,,,,,,,,no,,0,0,no,no,no,,locale;band;official_website;help_root;baggage_checked_url;baggage_carryon_url;baggage_fees_url;fare_conditions_url;checkin_url;conditions_of_carriage_url;article_selector;,,,,no usable filled fields
jetair-caribbean,JetAir Caribbean,4J,Curaçao,Scheduled,no,,,Caribbean,,,,,,,,,,no,,0,0,no,no,no,,locale;band;official_website;help_root;baggage_checked_url;baggage_carryon_url;baggage_fees_url;fare_conditions_url;checkin_url;conditions_of_carriage_url;article_selector;,,,,no usable filled fields
jetlite,JetLite,S2,India,Low-cost,no,,,Asia,,,,,,,,,,no,,0,0,no,no,no,,locale;band;official_website;help_root;baggage_checked_url;baggage_carryon_url;baggage_fees_url;fare_conditions_url;checkin_url;conditions_of_carriage_url;article_selector;,,,,no usable filled fields
jetsmart,JetSmart,JA,Chile,Low-cost,no,,,Latin America,https://jetsmart.com,,,,,,,,,no,,0,0,no,no,yes,,locale;band;help_root;baggage_checked_url;baggage_carryon_url;baggage_fees_url;fare_conditions_url;checkin_url;conditions_of_carriage_url;article_selector;,"Missing fields filled from buffertse/airline-data, which records official airline domains and deep links sourced from airline websites.",jetsmart-943,https://raw.githubusercontent.com/buffertse/airline-data/main/data/airlines.csv; https://raw.githubusercontent.com/buffertse/airline-data/main/data/airline-links.csv,"has official/help only, no page URLs for fetch manifest"
jetsmart-argentina,JetSmart Argentina,WJ,Argentina,Low-cost,no,,,Latin America,https://jetsmart.com,,,,,,,,,no,,0,0,no,no,no,,locale;band;help_root;baggage_checked_url;baggage_carryon_url;baggage_fees_url;fare_conditions_url;checkin_url;conditions_of_carriage_url;article_selector;,,jetsmart-argentina-1615,https://raw.githubusercontent.com/buffertse/airline-data/main/data/airlines.csv; https://raw.githubusercontent.com/buffertse/airline-data/main/data/airline-links.csv,"has official/help only, no page URLs for fetch manifest"
jetsmart-peru,JetSmart Peru,JZ,Peru,Low-cost,no,,,Latin America,,,,,,,,,,no,,0,0,no,no,no,,locale;band;official_website;help_root;baggage_checked_url;baggage_carryon_url;baggage_fees_url;fare_conditions_url;checkin_url;conditions_of_carriage_url;article_selector;,,,,no usable filled fields
jiangxi-air,Jiangxi Air,RY,China,Low-cost,no,,,Asia,https://airjiangxi.com,,,,,,,,,no,,0,0,no,no,yes,,locale;band;help_root;baggage_checked_url;baggage_carryon_url;baggage_fees_url;fare_conditions_url;checkin_url;conditions_of_carriage_url;article_selector;,"Missing fields filled from buffertse/airline-data, which records official airline domains and deep links sourced from airline websites.",jiangxi-air-585,https://raw.githubusercontent.com/buffertse/airline-data/main/data/airlines.csv; https://raw.githubusercontent.com/buffertse/airline-data/main/data/airline-links.csv,"has official/help only, no page URLs for fetch manifest"
jin-air,Jin Air,LJ,South Korea,Low-cost,no,,,Asia,,,,,,,,,,no,,0,0,no,no,yes,,locale;band;official_website;help_root;baggage_checked_url;baggage_carryon_url;baggage_fees_url;fare_conditions_url;checkin_url;conditions_of_carriage_url;article_selector;,,,,no usable filled fields
jonair,Jonair,0N,Sweden,Scheduled,no,,,Europe,,,,,,,,,,no,,0,0,no,no,no,,locale;band;official_website;help_root;baggage_checked_url;baggage_carryon_url;baggage_fees_url;fare_conditions_url;checkin_url;conditions_of_carriage_url;article_selector;,,,,no usable filled fields
jonika-airlines,Jonika Airlines,JO,Ukraine,Low-cost,no,,,Europe,https://jet-time.dk,,,,,,,,,no,,0,0,no,no,no,,locale;band;help_root;baggage_checked_url;baggage_carryon_url;baggage_fees_url;fare_conditions_url;checkin_url;conditions_of_carriage_url;article_selector;,,jet-time-1836,https://raw.githubusercontent.com/buffertse/airline-data/main/data/airlines.csv; https://raw.githubusercontent.com/buffertse/airline-data/main/data/airline-links.csv,"has official/help only, no page URLs for fetch manifest"
jordan-aviation,Jordan Aviation,R5,Jordan,Scheduled,no,,,Middle East,,,,,,,,,,no,,0,0,no,yes,yes,,locale;band;official_website;help_root;baggage_checked_url;baggage_carryon_url;baggage_fees_url;fare_conditions_url;checkin_url;conditions_of_carriage_url;article_selector;,,,,no usable filled fields
joy-air,Joy Air,JR,China,Scheduled,no,,,Asia,,,,,,,,,,no,,0,0,no,no,no,,locale;band;official_website;help_root;baggage_checked_url;baggage_carryon_url;baggage_fees_url;fare_conditions_url;checkin_url;conditions_of_carriage_url;article_selector;,,,,no usable filled fields
k-mile-air-co-ltd,K-Mile Air Co. Ltd,8K,Thailand,Scheduled,no,,,Asia,,,,,,,,,,no,,0,0,no,no,no,,locale;band;official_website;help_root;baggage_checked_url;baggage_carryon_url;baggage_fees_url;fare_conditions_url;checkin_url;conditions_of_carriage_url;article_selector;,,,,no usable filled fields
kc-international-airlines,KC International Airlines,3Q,Cambodia,Scheduled,no,,,Asia,,,,,,,,,,no,,0,0,no,no,no,,locale;band;official_website;help_root;baggage_checked_url;baggage_carryon_url;baggage_fees_url;fare_conditions_url;checkin_url;conditions_of_carriage_url;article_selector;,,,,no usable filled fields
klm-cityhopper,KLM Cityhopper,WA,Netherlands,Scheduled,no,,,Europe,,,,,,,,,,no,,0,0,no,yes,no,,locale;band;official_website;help_root;baggage_checked_url;baggage_carryon_url;baggage_fees_url;fare_conditions_url;checkin_url;conditions_of_carriage_url;article_selector;,,,,no usable filled fields
kalitta-air,Kalitta Air,K4,United States,Scheduled,no,en,,North America,,,,,,,,,,no,,0,0,no,yes,no,,band;official_website;help_root;baggage_checked_url;baggage_carryon_url;baggage_fees_url;fare_conditions_url;checkin_url;conditions_of_carriage_url;article_selector;,,,,no usable filled fields
kalstar-aviation,Kalstar Aviation,KD,Indonesia,Scheduled,no,,,Asia,,,,,,,,,,no,,0,0,no,no,yes,,locale;band;official_website;help_root;baggage_checked_url;baggage_carryon_url;baggage_fees_url;fare_conditions_url;checkin_url;conditions_of_carriage_url;article_selector;,,,,no usable filled fields
kamchatka-air,Kamchatka Air,ДЕ,Russia,Scheduled,no,,,Europe,,,,,,,,,,no,,0,0,no,no,no,,locale;band;official_website;help_root;baggage_checked_url;baggage_carryon_url;baggage_fees_url;fare_conditions_url;checkin_url;conditions_of_carriage_url;article_selector;,,,,no usable filled fields
kan-air,Kan Air,K8,Thailand,Scheduled,no,,,Asia,https://kanairlines.com,,,,,,,,,no,,0,0,no,yes,no,,locale;band;help_root;baggage_checked_url;baggage_carryon_url;baggage_fees_url;fare_conditions_url;checkin_url;conditions_of_carriage_url;article_selector;,"Missing fields filled from buffertse/airline-data, which records official airline domains and deep links sourced from airline websites.",kan-air-325,https://raw.githubusercontent.com/buffertse/airline-data/main/data/airlines.csv; https://raw.githubusercontent.com/buffertse/airline-data/main/data/airline-links.csv,"has official/help only, no page URLs for fetch manifest"
kartika-airlines,Kartika Airlines,3Y,Indonesia,Scheduled,no,,,Asia,,,,,,,,,,no,,0,0,no,yes,no,,locale;band;official_website;help_root;baggage_checked_url;baggage_carryon_url;baggage_fees_url;fare_conditions_url;checkin_url;conditions_of_carriage_url;article_selector;,,,,no usable filled fields
kenmore-air,Kenmore Air,M5,United States,Scheduled,no,en,,North America,https://kenmoreair.com,,,,,,,,,no,,0,0,no,yes,no,,band;help_root;baggage_checked_url;baggage_carryon_url;baggage_fees_url;fare_conditions_url;checkin_url;conditions_of_carriage_url;article_selector;,"Missing fields filled from buffertse/airline-data, which records official airline domains and deep links sourced from airline websites.",kenmore-air-963,https://raw.githubusercontent.com/buffertse/airline-data/main/data/airlines.csv; https://raw.githubusercontent.com/buffertse/airline-data/main/data/airline-links.csv,"has official/help only, no page URLs for fetch manifest"
khabarovsk-avia,Khabarovsk Avia,НИ,Russia,Scheduled,no,,,Europe,,,,,,,,,,no,,0,0,no,no,no,,locale;band;official_website;help_root;baggage_checked_url;baggage_carryon_url;baggage_fees_url;fare_conditions_url;checkin_url;conditions_of_carriage_url;article_selector;,,,,no usable filled fields
korongo-airlines,Korongo Airlines,ZC,Democratic Republic of the Congo,Scheduled,no,,,Africa,,,,,,,,,,no,,0,0,no,no,no,,locale;band;official_website;help_root;baggage_checked_url;baggage_carryon_url;baggage_fees_url;fare_conditions_url;checkin_url;conditions_of_carriage_url;article_selector;,,,,no usable filled fields
kosmos,Kosmos,ГК,Russia,Scheduled,no,,,Europe,,,,,,,,,,no,,0,0,no,no,no,,locale;band;official_website;help_root;baggage_checked_url;baggage_carryon_url;baggage_fees_url;fare_conditions_url;checkin_url;conditions_of_carriage_url;article_selector;,,,,no usable filled fields
kostroma-air,Kostroma Air,КБ,Russia,Scheduled,no,,,Europe,,,,,,,,,,no,,0,0,no,no,no,,locale;band;official_website;help_root;baggage_checked_url;baggage_carryon_url;baggage_fees_url;fare_conditions_url;checkin_url;conditions_of_carriage_url;article_selector;,,,,no usable filled fields
krasavia,KrasAvia,KV,Russia,Scheduled,no,,,Europe,https://asian-express-airline.com,,,,,,,,,no,,0,0,no,no,no,,locale;band;help_root;baggage_checked_url;baggage_carryon_url;baggage_fees_url;fare_conditions_url;checkin_url;conditions_of_carriage_url;article_selector;,,asian-express-airline-752,https://raw.githubusercontent.com/buffertse/airline-data/main/data/airlines.csv; https://raw.githubusercontent.com/buffertse/airline-data/main/data/airline-links.csv,"has official/help only, no page URLs for fetch manifest"
kulula,Kulula,МН,South Africa,Low-cost,no,en,,Africa,,,,,,,,,,no,,0,0,no,no,yes,,band;official_website;help_root;baggage_checked_url;baggage_carryon_url;baggage_fees_url;fare_conditions_url;checkin_url;conditions_of_carriage_url;article_selector;,,,,no usable filled fields
kunming-airlines,Kunming Airlines,KY,China,Scheduled,no,,,Asia,,,,,,,,,,no,,0,0,no,yes,yes,,locale;band;official_website;help_root;baggage_checked_url;baggage_carryon_url;baggage_fees_url;fare_conditions_url;checkin_url;conditions_of_carriage_url;article_selector;,,,,no usable filled fields
kyrgyz-air,Kyrgyz Air,KH,Kyrgyzstan,Scheduled,no,,,Asia,https://ska-arabia.com,,,,,,,,,no,,0,0,no,no,no,,locale;band;help_root;baggage_checked_url;baggage_carryon_url;baggage_fees_url;fare_conditions_url;checkin_url;conditions_of_carriage_url;article_selector;,,aloha-air-cargo-1790,https://raw.githubusercontent.com/buffertse/airline-data/main/data/airlines.csv; https://raw.githubusercontent.com/buffertse/airline-data/main/data/airline-links.csv,"has official/help only, no page URLs for fetch manifest"
lan-chile-cargo,LAN Chile Cargo,UC,Chile,Scheduled,no,en,,Latin America,https://latamcargo.com,https://www.latamcargo.com/en/customercare,,,,,,,,no,,0,0,no,yes,no,,band;baggage_checked_url;baggage_carryon_url;baggage_fees_url;fare_conditions_url;checkin_url;conditions_of_carriage_url;article_selector;,,latam-cargo-chile-316,https://raw.githubusercontent.com/buffertse/airline-data/main/data/airlines.csv; https://raw.githubusercontent.com/buffertse/airline-data/main/data/airline-links.csv,"has official/help only, no page URLs for fetch manifest"
lanhsa,LANHSA,00,Israel,Scheduled,no,,,Middle East,,,,,,,,,,no,,0,0,no,no,no,,locale;band;official_website;help_root;baggage_checked_url;baggage_carryon_url;baggage_fees_url;fare_conditions_url;checkin_url;conditions_of_carriage_url;article_selector;,,,,no usable filled fields
laser-airlines,LASER Airlines,QL,Venezuela,Scheduled,no,,,Latin America,https://laserairlines.com,,,,,,,,,no,,0,0,no,yes,yes,,locale;band;help_root;baggage_checked_url;baggage_carryon_url;baggage_fees_url;fare_conditions_url;checkin_url;conditions_of_carriage_url;article_selector;,"Missing fields filled from buffertse/airline-data, which records official airline domains and deep links sourced from airline websites.",laser-airlines-1382,https://raw.githubusercontent.com/buffertse/airline-data/main/data/airlines.csv; https://raw.githubusercontent.com/buffertse/airline-data/main/data/airline-links.csv,"has official/help only, no page URLs for fetch manifest"
latam-airlines-brasil,LATAM Airlines Brasil,JJ,Brazil,Scheduled,no,,,Latin America,https://latam.com,,,,,,,,,no,,0,0,no,no,no,,locale;band;help_root;baggage_checked_url;baggage_carryon_url;baggage_fees_url;fare_conditions_url;checkin_url;conditions_of_carriage_url;article_selector;,,latam-brasil-1562,https://raw.githubusercontent.com/buffertse/airline-data/main/data/airlines.csv; https://raw.githubusercontent.com/buffertse/airline-data/main/data/airline-links.csv,"has official/help only, no page URLs for fetch manifest"
latam-airlines-colombia,LATAM Airlines Colombia,4C,Colombia,Scheduled,no,,,Latin America,https://latam.com,,,,,,,,,no,,0,0,no,yes,no,,locale;band;help_root;baggage_checked_url;baggage_carryon_url;baggage_fees_url;fare_conditions_url;checkin_url;conditions_of_carriage_url;article_selector;,"Missing fields filled from buffertse/airline-data, which records official airline domains and deep links sourced from airline websites.",latam-airlines-colombia-1175,https://raw.githubusercontent.com/buffertse/airline-data/main/data/airlines.csv; https://raw.githubusercontent.com/buffertse/airline-data/main/data/airline-links.csv,"has official/help only, no page URLs for fetch manifest"
latam-airlines-paraguay,LATAM Airlines Paraguay,PZ,Paraguay,Scheduled,no,,,Latin America,https://latam.com,,,,,,,,,no,,0,0,no,yes,no,,locale;band;help_root;baggage_checked_url;baggage_carryon_url;baggage_fees_url;fare_conditions_url;checkin_url;conditions_of_carriage_url;article_selector;,"Missing fields filled from buffertse/airline-data, which records official airline domains and deep links sourced from airline websites.",latam-airlines-paraguay-999,https://raw.githubusercontent.com/buffertse/airline-data/main/data/airlines.csv; https://raw.githubusercontent.com/buffertse/airline-data/main/data/airline-links.csv,"has official/help only, no page URLs for fetch manifest"
latam-airlines-peru,LATAM Airlines Peru,LP,Peru,Scheduled,no,,,Latin America,https://latam.com,,,,,,,,,no,,0,0,no,yes,no,,locale;band;help_root;baggage_checked_url;baggage_carryon_url;baggage_fees_url;fare_conditions_url;checkin_url;conditions_of_carriage_url;article_selector;,"Missing fields filled from buffertse/airline-data, which records official airline domains and deep links sourced from airline websites.",latam-airlines-peru-173,https://raw.githubusercontent.com/buffertse/airline-data/main/data/airlines.csv; https://raw.githubusercontent.com/buffertse/airline-data/main/data/airline-links.csv,"has official/help only, no page URLs for fetch manifest"
latam-express,LATAM Express,LU,Chile,Scheduled,no,,,Latin America,,,,,,,,,,no,,0,0,no,no,no,,locale;band;official_website;help_root;baggage_checked_url;baggage_carryon_url;baggage_fees_url;fare_conditions_url;checkin_url;conditions_of_carriage_url;article_selector;,,,,no usable filled fields
lift-airline,LIFT Airline,GE,South Africa,Low-cost,no,en,,Africa,,,,,,,,,,no,,0,0,no,no,no,,band;official_website;help_root;baggage_checked_url;baggage_carryon_url;baggage_fees_url;fare_conditions_url;checkin_url;conditions_of_carriage_url;article_selector;,,,,no usable filled fields
la-compagnie,La Compagnie,B0,France,Scheduled,no,,,Europe,https://lacompagnie.com,,,,,,,,,no,,0,0,no,yes,no,,locale;band;help_root;baggage_checked_url;baggage_carryon_url;baggage_fees_url;fare_conditions_url;checkin_url;conditions_of_carriage_url;article_selector;,"Missing fields filled from buffertse/airline-data, which records official airline domains and deep links sourced from airline websites.",la-compagnie-586,https://raw.githubusercontent.com/buffertse/airline-data/main/data/airlines.csv; https://raw.githubusercontent.com/buffertse/airline-data/main/data/airline-links.csv,"has official/help only, no page URLs for fetch manifest"
la-costena,La Costeña,LC,Nicaragua,Scheduled,no,,,Latin America,,,,,,,,,,no,,0,0,no,no,yes,,locale;band;official_website;help_root;baggage_checked_url;baggage_carryon_url;baggage_fees_url;fare_conditions_url;checkin_url;conditions_of_carriage_url;article_selector;,,,,no usable filled fields
lanexang-airways-international,Lanexang Airways International,5A,Laos,Scheduled,no,,,Asia,https://lxairways.com,,,,,,,,,no,,0,0,no,no,no,,locale;band;help_root;baggage_checked_url;baggage_carryon_url;baggage_fees_url;fare_conditions_url;checkin_url;conditions_of_carriage_url;article_selector;,,alpine-air-express-1261,https://raw.githubusercontent.com/buffertse/airline-data/main/data/airlines.csv; https://raw.githubusercontent.com/buffertse/airline-data/main/data/airline-links.csv,"has official/help only, no page URLs for fetch manifest"
lao-skyway,Lao Skyway,LK,Laos,Scheduled,no,,,Asia,,,,,,,,,,no,,0,0,no,no,yes,,locale;band;official_website;help_root;baggage_checked_url;baggage_carryon_url;baggage_fees_url;fare_conditions_url;checkin_url;conditions_of_carriage_url;article_selector;,,,,no usable filled fields
lauda-europe,Lauda Europe,LW,Malta,Scheduled,no,en,,Europe,,,,,,,,,,no,,0,0,no,no,no,,band;official_website;help_root;baggage_checked_url;baggage_carryon_url;baggage_fees_url;fare_conditions_url;checkin_url;conditions_of_carriage_url;article_selector;,,,,no usable filled fields
level,Level,LL,Spain,Scheduled,no,en,,Europe,https://miamiair.com,https://www.flylevel.com/en/contact-us/help-center,,,,,,,,no,,0,0,no,no,no,,band;baggage_checked_url;baggage_carryon_url;baggage_fees_url;fare_conditions_url;checkin_url;conditions_of_carriage_url;article_selector;,,level-915,https://raw.githubusercontent.com/buffertse/airline-data/main/data/airlines.csv; https://raw.githubusercontent.com/buffertse/airline-data/main/data/airline-links.csv,"has official/help only, no page URLs for fetch manifest"
levu,Levu,6V,Brazil,Scheduled,no,,,Latin America,,,,,,,,,,no,,0,0,no,no,no,,locale;band;official_website;help_root;baggage_checked_url;baggage_carryon_url;baggage_fees_url;fare_conditions_url;checkin_url;conditions_of_carriage_url;article_selector;,,,,no usable filled fields
liat-air,Liat Air,5L,Antigua and Barbuda,Scheduled,no,,,Caribbean,https://flyliat20.com,,,,,,,,,no,,0,0,no,no,no,,locale;band;help_root;baggage_checked_url;baggage_carryon_url;baggage_fees_url;fare_conditions_url;checkin_url;conditions_of_carriage_url;article_selector;,,liat-air-296,https://raw.githubusercontent.com/buffertse/airline-data/main/data/airlines.csv; https://raw.githubusercontent.com/buffertse/airline-data/main/data/airline-links.csv,"has official/help only, no page URLs for fetch manifest"
libyan-airlines,Libyan Airlines,LN,Libya,Scheduled,no,,,Africa,https://libyanairlines.aero,,,,,,,,,no,,0,0,no,yes,yes,,locale;band;help_root;baggage_checked_url;baggage_carryon_url;baggage_fees_url;fare_conditions_url;checkin_url;conditions_of_carriage_url;article_selector;,"Missing fields filled from buffertse/airline-data, which records official airline domains and deep links sourced from airline websites.",libyan-airlines-51,https://raw.githubusercontent.com/buffertse/airline-data/main/data/airlines.csv; https://raw.githubusercontent.com/buffertse/airline-data/main/data/airline-links.csv,"has official/help only, no page URLs for fetch manifest"
linea-aerea-carguera-de-colombia-sa,Linea Aerea Carguera de Colombia S.A.,L7,Colombia,Scheduled,no,en,,Latin America,https://latamcargo.com,,,,,,,,,no,,0,0,no,no,no,,band;help_root;baggage_checked_url;baggage_carryon_url;baggage_fees_url;fare_conditions_url;checkin_url;conditions_of_carriage_url;article_selector;,,latam-cargo-colombia-1356,https://raw.githubusercontent.com/buffertse/airline-data/main/data/airlines.csv; https://raw.githubusercontent.com/buffertse/airline-data/main/data/airline-links.csv,"has official/help only, no page URLs for fetch manifest"
longtail-aviation,Longtail Aviation,6T,Bermuda,Scheduled,no,en,,North America,https://airmandalay.com,,,,,,,,,no,,0,0,no,no,no,,band;help_root;baggage_checked_url;baggage_carryon_url;baggage_fees_url;fare_conditions_url;checkin_url;conditions_of_carriage_url;article_selector;,,air-mandalay-1154,https://raw.githubusercontent.com/buffertse/airline-data/main/data/airlines.csv; https://raw.githubusercontent.com/buffertse/airline-data/main/data/airline-links.csv,"has official/help only, no page URLs for fetch manifest"
loong-air,Loong Air,GJ,China,Scheduled,no,,,Asia,https://loongair.cn,,,,,,,,,no,,0,0,no,no,yes,,locale;band;help_root;baggage_checked_url;baggage_carryon_url;baggage_fees_url;fare_conditions_url;checkin_url;conditions_of_carriage_url;article_selector;,"Missing fields filled from buffertse/airline-data, which records official airline domains and deep links sourced from airline websites.",loong-air-1304,https://raw.githubusercontent.com/buffertse/airline-data/main/data/airlines.csv; https://raw.githubusercontent.com/buffertse/airline-data/main/data/airline-links.csv,"has official/help only, no page URLs for fetch manifest"
lufthansa-cityline,Lufthansa CityLine,CL,Germany,Scheduled,no,,,Europe,https://lufthansacityline.com,,,,,,,,,no,,0,0,no,yes,no,,locale;band;help_root;baggage_checked_url;baggage_carryon_url;baggage_fees_url;fare_conditions_url;checkin_url;conditions_of_carriage_url;article_selector;,"Missing fields filled from buffertse/airline-data, which records official airline domains and deep links sourced from airline websites.",lufthansa-cityline-499,https://raw.githubusercontent.com/buffertse/airline-data/main/data/airlines.csv; https://raw.githubusercontent.com/buffertse/airline-data/main/data/airline-links.csv,"has official/help only, no page URLs for fetch manifest"
lufthansa-systems,Lufthansa Systems,S1,Germany,Scheduled,no,,,Europe,,,,,,,,,,no,,0,0,no,no,no,,locale;band;official_website;help_root;baggage_checked_url;baggage_carryon_url;baggage_fees_url;fare_conditions_url;checkin_url;conditions_of_carriage_url;article_selector;,,,,no usable filled fields
lulutai-airlines,Lulutai Airlines,L8,Tonga,Scheduled,no,,,,,,,,,,,,,no,,0,0,no,no,no,,locale;band;region;official_website;help_root;baggage_checked_url;baggage_carryon_url;baggage_fees_url;fare_conditions_url;checkin_url;conditions_of_carriage_url;article_selector;,,,,no usable filled fields
lumiwings,Lumiwings,L9,Greece,Scheduled,no,,,Europe,,,,,,,,,,no,,0,0,no,no,no,,locale;band;official_website;help_root;baggage_checked_url;baggage_carryon_url;baggage_fees_url;fare_conditions_url;checkin_url;conditions_of_carriage_url;article_selector;,,,,no usable filled fields
luxwing,Luxwing,BN,Malta,Scheduled,no,en,,Europe,https://luxwing.com,,,,,,,,,no,,0,0,no,no,no,,band;help_root;baggage_checked_url;baggage_carryon_url;baggage_fees_url;fare_conditions_url;checkin_url;conditions_of_carriage_url;article_selector;,,bahrain-air-1727,https://raw.githubusercontent.com/buffertse/airline-data/main/data/airlines.csv; https://raw.githubusercontent.com/buffertse/airline-data/main/data/airline-links.csv,"has official/help only, no page URLs for fetch manifest"
lynden-air-cargo-llc,"Lynden Air Cargo, LLC",L2,United States,Scheduled,no,en,,North America,,,,,,,,,,no,,0,0,no,yes,no,,band;official_website;help_root;baggage_checked_url;baggage_carryon_url;baggage_fees_url;fare_conditions_url;checkin_url;conditions_of_carriage_url;article_selector;,,,,no usable filled fields
lynx-air,Lynx Air,Y9,Canada,Low-cost,no,en,,North America,,,,,,,,,,no,,0,0,no,no,no,,band;official_website;help_root;baggage_checked_url;baggage_carryon_url;baggage_fees_url;fare_conditions_url;checkin_url;conditions_of_carriage_url;article_selector;,,,,no usable filled fields
mayair,MAYAir,7M,Mexico,Scheduled,no,,,Latin America,https://mayair.com.mx,,,,,,,,,no,,0,0,no,no,yes,,locale;band;help_root;baggage_checked_url;baggage_carryon_url;baggage_fees_url;fare_conditions_url;checkin_url;conditions_of_carriage_url;article_selector;,"Missing fields filled from buffertse/airline-data, which records official airline domains and deep links sourced from airline websites.",mayair-124,https://raw.githubusercontent.com/buffertse/airline-data/main/data/airlines.csv; https://raw.githubusercontent.com/buffertse/airline-data/main/data/airline-links.csv,"has official/help only, no page URLs for fetch manifest"
mhs-aviation,MHS Aviation,M2,Germany,Scheduled,no,,,Europe,https://mhs-aviation.de,,,,,,,,,no,,0,0,no,no,no,,locale;band;help_root;baggage_checked_url;baggage_carryon_url;baggage_fees_url;fare_conditions_url;checkin_url;conditions_of_carriage_url;article_selector;,,mhs-aviation-472,https://raw.githubusercontent.com/buffertse/airline-data/main/data/airlines.csv; https://raw.githubusercontent.com/buffertse/airline-data/main/data/airline-links.csv,"has official/help only, no page URLs for fetch manifest"
mng-airlines,MNG Airlines,MB,Turkey,Scheduled,no,,,Europe,https://mngairlines.com,,,,,,,,,no,,0,0,no,yes,no,,locale;band;help_root;baggage_checked_url;baggage_carryon_url;baggage_fees_url;fare_conditions_url;checkin_url;conditions_of_carriage_url;article_selector;,"Missing fields filled from buffertse/airline-data, which records official airline domains and deep links sourced from airline websites.",mng-airlines-635,https://raw.githubusercontent.com/buffertse/airline-data/main/data/airlines.csv; https://raw.githubusercontent.com/buffertse/airline-data/main/data/airline-links.csv,"has official/help only, no page URLs for fetch manifest"
myairline,MYAirline,Z9,Malaysia,Low-cost,no,,,Asia,,,,,,,,,,no,,0,0,no,no,no,,locale;band;official_website;help_root;baggage_checked_url;baggage_carryon_url;baggage_fees_url;fare_conditions_url;checkin_url;conditions_of_carriage_url;article_selector;,,,,no usable filled fields
magnicharters,Magnicharters,0Z,Mexico,Scheduled,no,,,Latin America,,,,,,,,,,no,,0,0,no,no,yes,,locale;band;official_website;help_root;baggage_checked_url;baggage_carryon_url;baggage_fees_url;fare_conditions_url;checkin_url;conditions_of_carriage_url;article_selector;,,,,no usable filled fields
mahan-air,Mahan Air,W5,Iran,Scheduled,no,,,Middle East,,,,,,,,,,no,,0,0,no,yes,yes,,locale;band;official_website;help_root;baggage_checked_url;baggage_carryon_url;baggage_fees_url;fare_conditions_url;checkin_url;conditions_of_carriage_url;article_selector;,,,,no usable filled fields
malta-air,Malta Air,MW,Malta,Low-cost,no,en,,Europe,https://mokuleleairlines.com,,,,,,,,,no,,0,0,no,no,no,,band;help_root;baggage_checked_url;baggage_carryon_url;baggage_fees_url;fare_conditions_url;checkin_url;conditions_of_carriage_url;article_selector;,,mokulele-airlines-555,https://raw.githubusercontent.com/buffertse/airline-data/main/data/airlines.csv; https://raw.githubusercontent.com/buffertse/airline-data/main/data/airline-links.csv,"has official/help only, no page URLs for fetch manifest"
maluti-sky,Maluti Sky,7D,Lesotho,Scheduled,no,,,,,,,,,,,,,no,,0,0,no,no,no,,locale;band;region;official_website;help_root;baggage_checked_url;baggage_carryon_url;baggage_fees_url;fare_conditions_url;checkin_url;conditions_of_carriage_url;article_selector;,,,,no usable filled fields
mango,Mango,JE,South Africa,Low-cost,no,en,,Africa,https://flymango.com,,,,,,,,,no,,0,0,no,yes,yes,,band;help_root;baggage_checked_url;baggage_carryon_url;baggage_fees_url;fare_conditions_url;checkin_url;conditions_of_carriage_url;article_selector;,"Missing fields filled from buffertse/airline-data, which records official airline domains and deep links sourced from airline websites.",mango-207,https://raw.githubusercontent.com/buffertse/airline-data/main/data/airlines.csv; https://raw.githubusercontent.com/buffertse/airline-data/main/data/airline-links.csv,"has official/help only, no page URLs for fetch manifest"
manta-air,Manta Air,NR,Maldives,Scheduled,no,,,Asia,,,,,,,,,,no,,0,0,no,no,no,,locale;band;official_website;help_root;baggage_checked_url;baggage_carryon_url;baggage_fees_url;fare_conditions_url;checkin_url;conditions_of_carriage_url;article_selector;,,,,no usable filled fields
marathon-airlines,Marathon Airlines,O8,Greece,Scheduled,no,,,Europe,https://flymarathon.aero,,,,,,,,,no,,0,0,no,no,no,,locale;band;help_root;baggage_checked_url;baggage_carryon_url;baggage_fees_url;fare_conditions_url;checkin_url;conditions_of_carriage_url;article_selector;,,marathon-airlines-208,https://raw.githubusercontent.com/buffertse/airline-data/main/data/airlines.csv; https://raw.githubusercontent.com/buffertse/airline-data/main/data/airline-links.csv,"has official/help only, no page URLs for fetch manifest"
martinair,Martinair,MP,Netherlands,Scheduled,no,,,Europe,https://martinair.com,https://www.martinair.com/general-contact,,,,,,,,no,,0,0,no,yes,no,,locale;band;baggage_checked_url;baggage_carryon_url;baggage_fees_url;fare_conditions_url;checkin_url;conditions_of_carriage_url;article_selector;,"Missing fields filled from buffertse/airline-data, which records official airline domains and deep links sourced from airline websites.",martinair-1204,https://raw.githubusercontent.com/buffertse/airline-data/main/data/airlines.csv; https://raw.githubusercontent.com/buffertse/airline-data/main/data/airline-links.csv,"has official/help only, no page URLs for fetch manifest"
mas-de-carga-sa-de-cv-dba-masair,Mas de Carga S.A. de C.V. dba Masair,M7,Mexico,Scheduled,no,en,,Latin America,https://masair.com,https://www.masair.com/en/contacto.html,,,,,,,,no,,0,0,no,no,no,,band;baggage_checked_url;baggage_carryon_url;baggage_fees_url;fare_conditions_url;checkin_url;conditions_of_carriage_url;article_selector;,,masair-cargo-mexico-233,https://raw.githubusercontent.com/buffertse/airline-data/main/data/airlines.csv; https://raw.githubusercontent.com/buffertse/airline-data/main/data/airline-links.csv,"has official/help only, no page URLs for fetch manifest"
maximus-air,Maximus Air,6M,United Arab Emirates,Scheduled,no,,,Middle East,,,,,,,,,,no,,0,0,no,no,no,,locale;band;official_website;help_root;baggage_checked_url;baggage_carryon_url;baggage_fees_url;fare_conditions_url;checkin_url;conditions_of_carriage_url;article_selector;,,,,no usable filled fields
meraj-airlines,Meraj Airlines,0I,Iran,Scheduled,no,,,Middle East,,,,,,,,,,no,,0,0,no,no,no,,locale;band;official_website;help_root;baggage_checked_url;baggage_carryon_url;baggage_fees_url;fare_conditions_url;checkin_url;conditions_of_carriage_url;article_selector;,,,,no usable filled fields
mesa-airlines,Mesa Airlines,YV,United States,Scheduled,no,en,,North America,https://mesa-air.com,,,,,,,,,no,,0,0,no,no,no,,band;help_root;baggage_checked_url;baggage_carryon_url;baggage_fees_url;fare_conditions_url;checkin_url;conditions_of_carriage_url;article_selector;,,mesa-airlines-645,https://raw.githubusercontent.com/buffertse/airline-data/main/data/airlines.csv; https://raw.githubusercontent.com/buffertse/airline-data/main/data/airline-links.csv,"has official/help only, no page URLs for fetch manifest"
metrojet,MetroJet,7K,Hong Kong SAR of China,Scheduled,no,,,,,,,,,,,,,no,,0,0,no,no,no,,locale;band;region;official_website;help_root;baggage_checked_url;baggage_carryon_url;baggage_fees_url;fare_conditions_url;checkin_url;conditions_of_carriage_url;article_selector;,,,,no usable filled fields
mistral-air,Mistral Air,M4,Italy,Scheduled,no,,,Europe,https://posteaircargo.it,,,,,,,,,no,,0,0,no,no,no,,locale;band;help_root;baggage_checked_url;baggage_carryon_url;baggage_fees_url;fare_conditions_url;checkin_url;conditions_of_carriage_url;article_selector;,,poste-air-cargo-652,https://raw.githubusercontent.com/buffertse/airline-data/main/data/airlines.csv; https://raw.githubusercontent.com/buffertse/airline-data/main/data/airline-links.csv,"has official/help only, no page URLs for fetch manifest"
moldavian-airlines,Moldavian Airlines,2М,Moldova,Scheduled,no,,,Europe,,,,,,,,,,no,,0,0,no,no,no,,locale;band;official_website;help_root;baggage_checked_url;baggage_carryon_url;baggage_fees_url;fare_conditions_url;checkin_url;conditions_of_carriage_url;article_selector;,,,,no usable filled fields
monacair,Monacair,QM,Monaco,Scheduled,no,,,,https://monacair.mc,,,,,,,,,no,,0,0,no,no,yes,,locale;band;region;help_root;baggage_checked_url;baggage_carryon_url;baggage_fees_url;fare_conditions_url;checkin_url;conditions_of_carriage_url;article_selector;,"Missing fields filled from buffertse/airline-data, which records official airline domains and deep links sourced from airline websites.",monacair-517,https://raw.githubusercontent.com/buffertse/airline-data/main/data/airlines.csv; https://raw.githubusercontent.com/buffertse/airline-data/main/data/airline-links.csv,"has official/help only, no page URLs for fetch manifest"
montenegro-airlines,Montenegro Airlines,YM,Montenegro,Scheduled,no,,,Europe,,,,,,,,,,no,,0,0,no,yes,no,,locale;band;official_website;help_root;baggage_checked_url;baggage_carryon_url;baggage_fees_url;fare_conditions_url;checkin_url;conditions_of_carriage_url;article_selector;,,,,no usable filled fields
myanmar-national-airlines,Myanmar National Airlines,UB,Myanmar,Scheduled,no,,,Asia,https://secure.flymna.com,,,,,,,,,no,,0,0,no,no,yes,,locale;band;help_root;baggage_checked_url;baggage_carryon_url;baggage_fees_url;fare_conditions_url;checkin_url;conditions_of_carriage_url;article_selector;,"Missing fields filled from buffertse/airline-data, which records official airline domains and deep links sourced from airline websites.",myanmar-national-airlines-3,https://raw.githubusercontent.com/buffertse/airline-data/main/data/airlines.csv; https://raw.githubusercontent.com/buffertse/airline-data/main/data/airline-links.csv,"has official/help only, no page URLs for fetch manifest"
nam-air,NAM Air,IN,Indonesia,Scheduled,no,,,Asia,,,,,,,,,,no,,0,0,no,no,yes,,locale;band;official_website;help_root;baggage_checked_url;baggage_carryon_url;baggage_fees_url;fare_conditions_url;checkin_url;conditions_of_carriage_url;article_selector;,,,,no usable filled fields
norra,NORRA,N7,Finland,Scheduled,no,,,Europe,https://flynorra.com,https://www.flynorra.com/contact-us,,,,,,,,no,,0,0,no,no,no,,locale;band;baggage_checked_url;baggage_carryon_url;baggage_fees_url;fare_conditions_url;checkin_url;conditions_of_carriage_url;article_selector;,,nordic-regional-airlines-407,https://raw.githubusercontent.com/buffertse/airline-data/main/data/airlines.csv; https://raw.githubusercontent.com/buffertse/airline-data/main/data/airline-links.csv,"has official/help only, no page URLs for fetch manifest"
nova-airlines,NOVA Airlines,O9,Sudan,Scheduled,no,,,Africa,https://novaairways.com,,,,,,,,,no,,0,0,no,yes,no,,locale;band;help_root;baggage_checked_url;baggage_carryon_url;baggage_fees_url;fare_conditions_url;checkin_url;conditions_of_carriage_url;article_selector;,"Missing fields filled from buffertse/airline-data, which records official airline domains and deep links sourced from airline websites.",nova-airline-1578,https://raw.githubusercontent.com/buffertse/airline-data/main/data/airlines.csv; https://raw.githubusercontent.com/buffertse/airline-data/main/data/airline-links.csv,"has official/help only, no page URLs for fetch manifest"
nakina-air-service,Nakina Air Service,T2,Canada,Scheduled,no,en,,North America,,,,,,,,,,no,,0,0,no,no,no,,band;official_website;help_root;baggage_checked_url;baggage_carryon_url;baggage_fees_url;fare_conditions_url;checkin_url;conditions_of_carriage_url;article_selector;,,,,no usable filled fields
naryan-mar-airlines,Naryan-Mar Airlines,НЯ,Russia,Scheduled,no,,,Europe,,,,,,,,,,no,,0,0,no,no,no,,locale;band;official_website;help_root;baggage_checked_url;baggage_carryon_url;baggage_fees_url;fare_conditions_url;checkin_url;conditions_of_carriage_url;article_selector;,,,,no usable filled fields
navios-evolusi-solusindo,Navios Evolusi Solusindo,1J,Indonesia,Scheduled,no,,,Asia,,,,,,,,,,no,,0,0,no,no,no,,locale;band;official_website;help_root;baggage_checked_url;baggage_carryon_url;baggage_fees_url;fare_conditions_url;checkin_url;conditions_of_carriage_url;article_selector;,,,,no usable filled fields
navitaire,Navitaire,1N,United States,Scheduled,no,en,,North America,,,,,,,,,,no,,0,0,no,no,no,,band;official_website;help_root;baggage_checked_url;baggage_carryon_url;baggage_fees_url;fare_conditions_url;checkin_url;conditions_of_carriage_url;article_selector;,,,,no usable filled fields
new-pacific-airlines,New Pacific Airlines,7H,United States,Low-cost,no,en,,North America,,,,,,,,,,no,,0,0,no,no,no,,band;official_website;help_root;baggage_checked_url;baggage_carryon_url;baggage_fees_url;fare_conditions_url;checkin_url;conditions_of_carriage_url;article_selector;,,,,no usable filled fields
nexus-airlines,Nexus Airlines,GD,Australia,Scheduled,no,en,,Australia/Pacific,,,,,,,,,,no,,0,0,no,no,no,,band;official_website;help_root;baggage_checked_url;baggage_carryon_url;baggage_fees_url;fare_conditions_url;checkin_url;conditions_of_carriage_url;article_selector;,,,,no usable filled fields
niger-airlines,Niger Airlines,6N,Niger,Scheduled,no,,,Africa,https://alnaserairlines.com,,,,,,,,,no,,0,0,no,no,no,,locale;band;help_root;baggage_checked_url;baggage_carryon_url;baggage_fees_url;fare_conditions_url;checkin_url;conditions_of_carriage_url;article_selector;,,al-naser-airlines-349,https://raw.githubusercontent.com/buffertse/airline-data/main/data/airlines.csv; https://raw.githubusercontent.com/buffertse/airline-data/main/data/airline-links.csv,"has official/help only, no page URLs for fetch manifest"
niki,Niki,HG,Austria,Low-cost,no,,,Europe,,,,,,,,,,no,,0,0,no,no,yes,,locale;band;official_website;help_root;baggage_checked_url;baggage_carryon_url;baggage_fees_url;fare_conditions_url;checkin_url;conditions_of_carriage_url;article_selector;,,,,no usable filled fields
ningxia-cargo-airlines-coltd,"Ningxia Cargo Airlines CO.,LTD",HT,China,Scheduled,no,,,Asia,https://airhorizont.com,,,,,,,,,no,,0,0,no,no,no,,locale;band;help_root;baggage_checked_url;baggage_carryon_url;baggage_fees_url;fare_conditions_url;checkin_url;conditions_of_carriage_url;article_selector;,,air-horizont-663,https://raw.githubusercontent.com/buffertse/airline-data/main/data/airlines.csv; https://raw.githubusercontent.com/buffertse/airline-data/main/data/airline-links.csv,"has official/help only, no page URLs for fetch manifest"
nippon-cargo-airlines,Nippon Cargo Airlines,KZ,Japan,Scheduled,no,,,Asia,https://nca.aero,,,,,,,,,no,,0,0,no,yes,no,,locale;band;help_root;baggage_checked_url;baggage_carryon_url;baggage_fees_url;fare_conditions_url;checkin_url;conditions_of_carriage_url;article_selector;,"Missing fields filled from buffertse/airline-data, which records official airline domains and deep links sourced from airline websites.",nippon-cargo-airlines-351,https://raw.githubusercontent.com/buffertse/airline-data/main/data/airlines.csv; https://raw.githubusercontent.com/buffertse/airline-data/main/data/airline-links.csv,"has official/help only, no page URLs for fetch manifest"
nokscoot,NokScoot,XW,Thailand,Low-cost,no,,,Asia,,,,,,,,,,no,,0,0,no,no,yes,,locale;band;official_website;help_root;baggage_checked_url;baggage_carryon_url;baggage_fees_url;fare_conditions_url;checkin_url;conditions_of_carriage_url;article_selector;,,,,no usable filled fields
nolinor-aviation,Nolinor Aviation,N5,Canada,Scheduled,no,en,,North America,https://flyeasyindia.com,,,,,,,,,no,,0,0,no,no,no,,band;help_root;baggage_checked_url;baggage_carryon_url;baggage_fees_url;fare_conditions_url;checkin_url;conditions_of_carriage_url;article_selector;,,medavia-1794,https://raw.githubusercontent.com/buffertse/airline-data/main/data/airlines.csv; https://raw.githubusercontent.com/buffertse/airline-data/main/data/airline-links.csv,"has official/help only, no page URLs for fetch manifest"
nomad-aviation,Nomad Aviation,X,Namibia,Scheduled,no,,,Africa,,,,,,,,,,no,,0,0,no,no,no,,locale;band;official_website;help_root;baggage_checked_url;baggage_carryon_url;baggage_fees_url;fare_conditions_url;checkin_url;conditions_of_carriage_url;article_selector;,Public directories list Bay Air/Nomad Aviation with no standard two-letter IATA code; retained placeholder X used by directory source.,,https://airhex.com/airlines/bay-air-aviation/; https://www.windhoek-airport.com/en/int/booking/national_fleet.php?lg=en,no usable filled fields
nomad-aviation-pty-ltd,Nomad Aviation (PTY) Ltd.,N6,South Africa,Scheduled,no,en,,Africa,https://bay-air.com,https://www.bay-air.com/contact-us,,,,,,,,no,,0,0,no,no,no,,band;baggage_checked_url;baggage_carryon_url;baggage_fees_url;fare_conditions_url;checkin_url;conditions_of_carriage_url;article_selector;,,bay-air-aviation-1733,https://raw.githubusercontent.com/buffertse/airline-data/main/data/airlines.csv; https://raw.githubusercontent.com/buffertse/airline-data/main/data/airline-links.csv,"has official/help only, no page URLs for fetch manifest"
nordstar,NordStar,Y7,Russia,Scheduled,no,,,Europe,,,,,,,,,,no,,0,0,no,no,yes,,locale;band;official_website;help_root;baggage_checked_url;baggage_carryon_url;baggage_fees_url;fare_conditions_url;checkin_url;conditions_of_carriage_url;article_selector;,,,,no usable filled fields
norse-atlantic-uk,Norse Atlantic UK,Z0,United Kingdom,Low-cost,no,en,,Europe,,,,,,,,,,no,,0,0,no,yes,no,,band;official_website;help_root;baggage_checked_url;baggage_carryon_url;baggage_fees_url;fare_conditions_url;checkin_url;conditions_of_carriage_url;article_selector;,,,,no usable filled fields
north-flying,North Flying,M3,Denmark,Scheduled,no,en,,Europe,https://latamcargo.com,https://www.latamcargo.com/en/customercare,,,,,,,,no,,0,0,no,no,no,,band;baggage_checked_url;baggage_carryon_url;baggage_fees_url;fare_conditions_url;checkin_url;conditions_of_carriage_url;article_selector;,,q1189545-232,https://raw.githubusercontent.com/buffertse/airline-data/main/data/airlines.csv; https://raw.githubusercontent.com/buffertse/airline-data/main/data/airline-links.csv,"has official/help only, no page URLs for fetch manifest"
northern-air-cargo,Northern Air Cargo,NC,United States,Scheduled,no,en,,North America,https://cobham.com.au,,,,,,,,,no,,0,0,no,yes,no,,band;help_root;baggage_checked_url;baggage_carryon_url;baggage_fees_url;fare_conditions_url;checkin_url;conditions_of_carriage_url;article_selector;,"Missing fields filled from buffertse/airline-data, which records official airline domains and deep links sourced from airline websites.",northern-air-cargo-1789,https://raw.githubusercontent.com/buffertse/airline-data/main/data/airlines.csv; https://raw.githubusercontent.com/buffertse/airline-data/main/data/airline-links.csv,"has official/help only, no page URLs for fetch manifest"
northwest,Northwest,0E,United States,Scheduled,no,en,,North America,,,,,,,,,,no,,0,0,no,no,no,,band;official_website;help_root;baggage_checked_url;baggage_carryon_url;baggage_fees_url;fare_conditions_url;checkin_url;conditions_of_carriage_url;article_selector;,,,,no usable filled fields
northwest-airlines,Northwest Airlines,NW,United States,Scheduled,no,en,,North America,,,,,,,,,,no,,0,0,no,yes,no,,band;official_website;help_root;baggage_checked_url;baggage_carryon_url;baggage_fees_url;fare_conditions_url;checkin_url;conditions_of_carriage_url;article_selector;,,,,no usable filled fields
northwestern-air,Northwestern Air,J3,Canada,Scheduled,no,en,,North America,,,,,,,,,,no,,0,0,no,yes,no,,band;official_website;help_root;baggage_checked_url;baggage_carryon_url;baggage_fees_url;fare_conditions_url;checkin_url;conditions_of_carriage_url;article_selector;,,,,no usable filled fields
norwegian-long-haul,Norwegian Long Haul,DU,Norway,Scheduled,no,,,Europe,https://airliaison.ca,,,,,,,,,no,,0,0,no,no,no,,locale;band;help_root;baggage_checked_url;baggage_carryon_url;baggage_fees_url;fare_conditions_url;checkin_url;conditions_of_carriage_url;article_selector;,,air-liaison-1513,https://raw.githubusercontent.com/buffertse/airline-data/main/data/airlines.csv; https://raw.githubusercontent.com/buffertse/airline-data/main/data/airline-links.csv,"has official/help only, no page URLs for fetch manifest"
novair,NovAir,NG,Sweden,Scheduled,no,,,Europe,https://novair.am,,,,,,,,,no,,0,0,no,no,no,,locale;band;help_root;baggage_checked_url;baggage_carryon_url;baggage_fees_url;fare_conditions_url;checkin_url;conditions_of_carriage_url;article_selector;,,novair-36,https://raw.githubusercontent.com/buffertse/airline-data/main/data/airlines.csv; https://raw.githubusercontent.com/buffertse/airline-data/main/data/airline-links.csv,"has official/help only, no page URLs for fetch manifest"
nyxair,NyxAir,OJ,Estonia,Scheduled,no,,,Europe,https://solaair.se,,,,,,,,,no,,0,0,no,no,no,,locale;band;help_root;baggage_checked_url;baggage_carryon_url;baggage_fees_url;fare_conditions_url;checkin_url;conditions_of_carriage_url;article_selector;,,sola-air-376,https://raw.githubusercontent.com/buffertse/airline-data/main/data/airlines.csv; https://raw.githubusercontent.com/buffertse/airline-data/main/data/airline-links.csv,"has official/help only, no page URLs for fetch manifest"
okay-airways,Okay Airways,BK,China,Scheduled,no,,,Asia,,,,,,,,,,no,,0,0,no,yes,yes,,locale;band;official_website;help_root;baggage_checked_url;baggage_carryon_url;baggage_fees_url;fare_conditions_url;checkin_url;conditions_of_carriage_url;article_selector;,,,,no usable filled fields
oneclick,OneClick,4L,Georgia,Scheduled,no,,,Europe,,,,,,,,,,no,,0,0,no,no,no,,locale;band;official_website;help_root;baggage_checked_url;baggage_carryon_url;baggage_fees_url;fare_conditions_url;checkin_url;conditions_of_carriage_url;article_selector;,,,,no usable filled fields
onejet,OneJet,J1,United States,Scheduled,no,en,,North America,,,,,,,,,,no,,0,0,no,no,no,,band;official_website;help_root;baggage_checked_url;baggage_carryon_url;baggage_fees_url;fare_conditions_url;checkin_url;conditions_of_carriage_url;article_selector;,,,,no usable filled fields
orient-thai-airlines,Orient Thai Airlines,OX,Thailand,Low-cost,no,,,Asia,,,,,,,,,,no,,0,0,no,yes,no,,locale;band;official_website;help_root;baggage_checked_url;baggage_carryon_url;baggage_fees_url;fare_conditions_url;checkin_url;conditions_of_carriage_url;article_selector;,,,,no usable filled fields
oriental-air-bridge,Oriental Air Bridge,OC,Japan,Scheduled,no,,,Asia,https://orc-air.co.jp,https://www.omni.pt/contacts,,,,,,,,no,,0,0,no,no,no,,locale;band;baggage_checked_url;baggage_carryon_url;baggage_fees_url;fare_conditions_url;checkin_url;conditions_of_carriage_url;article_selector;,,omni-aviation-1090,https://raw.githubusercontent.com/buffertse/airline-data/main/data/airlines.csv; https://raw.githubusercontent.com/buffertse/airline-data/main/data/airline-links.csv,"has official/help only, no page URLs for fetch manifest"
pal-express,PAL Express,2P,Philippines,Low-cost,no,,,Asia,,,,,,,,,,no,,0,0,no,yes,no,,locale;band;official_website;help_root;baggage_checked_url;baggage_carryon_url;baggage_fees_url;fare_conditions_url;checkin_url;conditions_of_carriage_url;article_selector;,,,,no usable filled fields
pawa-dominicana,PAWA Dominicana,7N,Dominican Republic,Scheduled,no,,,Caribbean,,,,,,,,,,no,,0,0,no,no,yes,,locale;band;official_website;help_root;baggage_checked_url;baggage_carryon_url;baggage_fees_url;fare_conditions_url;checkin_url;conditions_of_carriage_url;article_selector;,,,,no usable filled fields
pm-air-llc,PM Air LLC,Z3,United States,Scheduled,no,en,,North America,,,,,,,,,,no,,0,0,no,no,no,,band;official_website;help_root;baggage_checked_url;baggage_carryon_url;baggage_fees_url;fare_conditions_url;checkin_url;conditions_of_carriage_url;article_selector;,,,,no usable filled fields
pt-my-indo-airlines,PT. My Indo Airlines,2Y,Indonesia,Scheduled,no,,,Asia,,,,,,,,,,no,,0,0,no,no,no,,locale;band;official_website;help_root;baggage_checked_url;baggage_carryon_url;baggage_fees_url;fare_conditions_url;checkin_url;conditions_of_carriage_url;article_selector;,,,,no usable filled fields
pacific-airlines,Pacific Airlines,BL,Vietnam,Scheduled,no,,,Asia,https://pacificairlines.com,,,,,,,,,no,,0,0,no,yes,no,,locale;band;help_root;baggage_checked_url;baggage_carryon_url;baggage_fees_url;fare_conditions_url;checkin_url;conditions_of_carriage_url;article_selector;,"Missing fields filled from buffertse/airline-data, which records official airline domains and deep links sourced from airline websites.",pacific-airlines-197,https://raw.githubusercontent.com/buffertse/airline-data/main/data/airlines.csv; https://raw.githubusercontent.com/buffertse/airline-data/main/data/airline-links.csv,"has official/help only, no page URLs for fetch manifest"
panama-airways,Panama Airways,8A,Panama,Scheduled,no,,,Latin America,,,,,,,,,,no,,0,0,no,no,no,,locale;band;official_website;help_root;baggage_checked_url;baggage_carryon_url;baggage_fees_url;fare_conditions_url;checkin_url;conditions_of_carriage_url;article_selector;,,,,no usable filled fields
panorama-airways,Panorama Airways,5P,Spain,Scheduled,no,,,Europe,,,,,,,,,,no,,0,0,no,no,no,,locale;band;official_website;help_root;baggage_checked_url;baggage_carryon_url;baggage_fees_url;fare_conditions_url;checkin_url;conditions_of_carriage_url;article_selector;,,,,no usable filled fields
papillon-airways,Papillon Airways,HI,United States,Scheduled,no,en,,North America,,,,,,,,,,no,,0,0,no,no,no,,band;official_website;help_root;baggage_checked_url;baggage_carryon_url;baggage_fees_url;fare_conditions_url;checkin_url;conditions_of_carriage_url;article_selector;,,,,no usable filled fields
pascan-aviation,Pascan Aviation,P6,Canada,Scheduled,no,en,,North America,https://pascan.com,,,,,,,,,no,,0,0,no,yes,yes,,band;help_root;baggage_checked_url;baggage_carryon_url;baggage_fees_url;fare_conditions_url;checkin_url;conditions_of_carriage_url;article_selector;,,privilege-style-1598,https://raw.githubusercontent.com/buffertse/airline-data/main/data/airlines.csv; https://raw.githubusercontent.com/buffertse/airline-data/main/data/airline-links.csv,"has official/help only, no page URLs for fetch manifest"
passionair,PassionAir,OP,United States,Scheduled,no,en,,North America,,,,,,,,,,no,,0,0,no,no,no,,band;official_website;help_root;baggage_checked_url;baggage_carryon_url;baggage_fees_url;fare_conditions_url;checkin_url;conditions_of_carriage_url;article_selector;,,,,no usable filled fields
pattaya-airways,Pattaya Airways,VV,Thailand,Scheduled,no,,,Asia,,,,,,,,,,no,,0,0,no,no,no,,locale;band;official_website;help_root;baggage_checked_url;baggage_carryon_url;baggage_fees_url;fare_conditions_url;checkin_url;conditions_of_carriage_url;article_selector;,,,,no usable filled fields
pelita-air,Pelita Air,IP,Indonesia,Scheduled,no,,,Asia,,,,,,,,,,no,,0,0,no,no,no,,locale;band;official_website;help_root;baggage_checked_url;baggage_carryon_url;baggage_fees_url;fare_conditions_url;checkin_url;conditions_of_carriage_url;article_selector;,,,,no usable filled fields
petroleum-air-services,Petroleum Air Services,UF,Egypt,Scheduled,no,,,Africa,https://pas.com.eg,,,,,,,,,no,,0,0,no,no,no,,locale;band;help_root;baggage_checked_url;baggage_carryon_url;baggage_fees_url;fare_conditions_url;checkin_url;conditions_of_carriage_url;article_selector;,,petroleum-air-services-1473,https://raw.githubusercontent.com/buffertse/airline-data/main/data/airlines.csv; https://raw.githubusercontent.com/buffertse/airline-data/main/data/airline-links.csv,"has official/help only, no page URLs for fetch manifest"
philippines-airasia,Philippines AirAsia,Z2,Philippines,Low-cost,no,,,Asia,,,,,,,,,,no,,0,0,no,no,no,,locale;band;official_website;help_root;baggage_checked_url;baggage_carryon_url;baggage_fees_url;fare_conditions_url;checkin_url;conditions_of_carriage_url;article_selector;,,,,no usable filled fields
phoenix-air,Phoenix Air,PH,United States,Scheduled,no,en,,North America,https://phoenixair.com,,,,,,,,,no,,0,0,no,no,no,,band;help_root;baggage_checked_url;baggage_carryon_url;baggage_fees_url;fare_conditions_url;checkin_url;conditions_of_carriage_url;article_selector;,,phoenix-air-1589,https://raw.githubusercontent.com/buffertse/airline-data/main/data/airlines.csv; https://raw.githubusercontent.com/buffertse/airline-data/main/data/airline-links.csv,"has official/help only, no page URLs for fetch manifest"
piedmont-airlines,Piedmont Airlines,PT,Sweden,Scheduled,no,,,Europe,https://westair.se,,,,,,,,,no,,0,0,no,no,no,,locale;band;help_root;baggage_checked_url;baggage_carryon_url;baggage_fees_url;fare_conditions_url;checkin_url;conditions_of_carriage_url;article_selector;,,west-atlantic-1491,https://raw.githubusercontent.com/buffertse/airline-data/main/data/airlines.csv; https://raw.githubusercontent.com/buffertse/airline-data/main/data/airline-links.csv,"has official/help only, no page URLs for fetch manifest"
pobeda,Pobeda,DP,Russia,Low-cost,no,,,Europe,https://pobeda.aero,,,,,,,,,no,,0,0,no,no,no,,locale;band;help_root;baggage_checked_url;baggage_carryon_url;baggage_fees_url;fare_conditions_url;checkin_url;conditions_of_carriage_url;article_selector;,,pobeda-610,https://raw.githubusercontent.com/buffertse/airline-data/main/data/airlines.csv; https://raw.githubusercontent.com/buffertse/airline-data/main/data/airline-links.csv,"has official/help only, no page URLs for fetch manifest"
polar-air-cargo-worldwide-inc,"Polar Air Cargo Worldwide, Inc.",PO,United States,Scheduled,no,en,,North America,https://polaraircargo.com,https://www.polaraircargo.com/customer-support/tact-tariff,,,,,,,,no,,0,0,no,yes,no,,band;baggage_checked_url;baggage_carryon_url;baggage_fees_url;fare_conditions_url;checkin_url;conditions_of_carriage_url;article_selector;,"Missing fields filled from buffertse/airline-data, which records official airline domains and deep links sourced from airline websites.",polar-air-cargo-220,https://raw.githubusercontent.com/buffertse/airline-data/main/data/airlines.csv; https://raw.githubusercontent.com/buffertse/airline-data/main/data/airline-links.csv,"has official/help only, no page URLs for fetch manifest"
polar-airlines,Polar Airlines,PI,Russia,Scheduled,no,,,Europe,https://viajaconsol.com,,,,,,,,,no,,0,0,no,no,no,,locale;band;help_root;baggage_checked_url;baggage_carryon_url;baggage_fees_url;fare_conditions_url;checkin_url;conditions_of_carriage_url;article_selector;,,polar-airlines-726,https://raw.githubusercontent.com/buffertse/airline-data/main/data/airlines.csv; https://raw.githubusercontent.com/buffertse/airline-data/main/data/airline-links.csv,"has official/help only, no page URLs for fetch manifest"
populair,PopulAir,HP,Sweden,Low-cost,no,,,Europe,,,,,,,,,,no,,0,0,no,no,no,,locale;band;official_website;help_root;baggage_checked_url;baggage_carryon_url;baggage_fees_url;fare_conditions_url;checkin_url;conditions_of_carriage_url;article_selector;,,,,no usable filled fields
portugalia-airlines,Portugalia Airlines,NI,Portugal,Scheduled,no,,,Europe,,,,,,,,,,no,,0,0,no,no,no,,locale;band;official_website;help_root;baggage_checked_url;baggage_carryon_url;baggage_fees_url;fare_conditions_url;checkin_url;conditions_of_carriage_url;article_selector;,,,,no usable filled fields
premier-trans-aire-inc,Premier Trans Aire Inc.,3X,United States,Scheduled,no,en,,North America,,,,,,,,,,no,,0,0,no,no,no,,band;official_website;help_root;baggage_checked_url;baggage_carryon_url;baggage_fees_url;fare_conditions_url;checkin_url;conditions_of_carriage_url;article_selector;,,,,no usable filled fields
premium-jet-ag,Premium Jet AG,0J,Switzerland,Scheduled,no,,,Europe,,,,,,,,,,no,,0,0,no,no,no,,locale;band;official_website;help_root;baggage_checked_url;baggage_carryon_url;baggage_fees_url;fare_conditions_url;checkin_url;conditions_of_carriage_url;article_selector;,,,,no usable filled fields
qanot-sharq,Qanot Sharq,HH,Uzbekistan,Low-cost,no,,,Asia,https://taban.aero,,,,,,,,,no,,0,0,no,no,no,,locale;band;help_root;baggage_checked_url;baggage_carryon_url;baggage_fees_url;fare_conditions_url;checkin_url;conditions_of_carriage_url;article_selector;,,air-hamburg-1143,https://raw.githubusercontent.com/buffertse/airline-data/main/data/airlines.csv; https://raw.githubusercontent.com/buffertse/airline-data/main/data/airline-links.csv,"has official/help only, no page URLs for fetch manifest"
qeshm-air,Qeshm Air,QB,Iran,Scheduled,no,,,Middle East,,,,,,,,,,no,,0,0,no,no,no,,locale;band;official_website;help_root;baggage_checked_url;baggage_carryon_url;baggage_fees_url;fare_conditions_url;checkin_url;conditions_of_carriage_url;article_selector;,,,,no usable filled fields
qingdao-airlines,Qingdao Airlines,QW,China,Scheduled,no,,,Asia,https://qdairlines.com,,,,,,,,,no,,0,0,no,no,yes,,locale;band;help_root;baggage_checked_url;baggage_carryon_url;baggage_fees_url;fare_conditions_url;checkin_url;conditions_of_carriage_url;article_selector;,"Missing fields filled from buffertse/airline-data, which records official airline domains and deep links sourced from airline websites.",qingdao-airlines-490,https://raw.githubusercontent.com/buffertse/airline-data/main/data/airlines.csv; https://raw.githubusercontent.com/buffertse/airline-data/main/data/airline-links.csv,"has official/help only, no page URLs for fetch manifest"
quikjet-cargo-airlines-pvt-ltd,Quikjet Cargo Airlines Pvt. Ltd,QO,India,Scheduled,no,,,Asia,https://quikjet.co.in,https://quikjet.co.in/customer-service,,,,,,,,no,,0,0,no,no,no,,locale;band;baggage_checked_url;baggage_carryon_url;baggage_fees_url;fare_conditions_url;checkin_url;conditions_of_carriage_url;article_selector;,,quikjet-airlines-725,https://raw.githubusercontent.com/buffertse/airline-data/main/data/airlines.csv; https://raw.githubusercontent.com/buffertse/airline-data/main/data/airline-links.csv,"has official/help only, no page URLs for fetch manifest"
radixx-solutions-international-inc,"Radixx Solutions International, Inc.",1D,United States,Scheduled,no,en,,North America,,,,,,,,,,no,,0,0,no,no,no,,band;official_website;help_root;baggage_checked_url;baggage_carryon_url;baggage_fees_url;fare_conditions_url;checkin_url;conditions_of_carriage_url;article_selector;,,,,no usable filled fields
rano-air,Rano Air,R4,Nigeria,Scheduled,no,en,,Africa,,,,,,,,,,no,,0,0,no,no,no,,band;official_website;help_root;baggage_checked_url;baggage_carryon_url;baggage_fees_url;fare_conditions_url;checkin_url;conditions_of_carriage_url;article_selector;,,,,no usable filled fields
raya-airways-sdn-bhddba-raya-airways,Raya Airways Sdn. Bhd.dba Raya Airways,TH,Malaysia,Scheduled,no,,,Asia,,,,,,,,,,no,,0,0,no,no,no,,locale;band;official_website;help_root;baggage_checked_url;baggage_carryon_url;baggage_fees_url;fare_conditions_url;checkin_url;conditions_of_carriage_url;article_selector;,,,,no usable filled fields
red-sea-airlines,Red Sea Airlines,4S,Egypt,Low-cost,no,,,Africa,,,,,,,,,,no,,0,0,no,no,no,,locale;band;official_website;help_root;baggage_checked_url;baggage_carryon_url;baggage_fees_url;fare_conditions_url;checkin_url;conditions_of_carriage_url;article_selector;,,,,no usable filled fields
red-wings,Red Wings,WZ,Russia,Scheduled,no,,,Europe,,,,,,,,,,no,,0,0,no,no,yes,,locale;band;official_website;help_root;baggage_checked_url;baggage_carryon_url;baggage_fees_url;fare_conditions_url;checkin_url;conditions_of_carriage_url;article_selector;,,,,no usable filled fields
regional-jet-ou,Regional Jet OÜ,EE,Estonia,Scheduled,no,,,Europe,https://nordica.ee,,,,,,,,,no,,0,0,no,no,no,,locale;band;help_root;baggage_checked_url;baggage_carryon_url;baggage_fees_url;fare_conditions_url;checkin_url;conditions_of_carriage_url;article_selector;,,nordica-730,https://raw.githubusercontent.com/buffertse/airline-data/main/data/airlines.csv; https://raw.githubusercontent.com/buffertse/airline-data/main/data/airline-links.csv,"has official/help only, no page URLs for fetch manifest"
regional-sky,Regional Sky,4P,Democratic Republic of the Congo,Scheduled,no,,,Africa,,,,,,,,,,no,,0,0,no,no,no,,locale;band;official_website;help_root;baggage_checked_url;baggage_carryon_url;baggage_fees_url;fare_conditions_url;checkin_url;conditions_of_carriage_url;article_selector;,,,,no usable filled fields
renegade-air,Renegade Air,0R,Kenya,Scheduled,no,en,,Africa,,,,,,,,,,no,,0,0,no,no,no,,band;official_website;help_root;baggage_checked_url;baggage_carryon_url;baggage_fees_url;fare_conditions_url;checkin_url;conditions_of_carriage_url;article_selector;,Country checked from CAPA public airline profile.,,https://centreforaviation.com/data/profiles/airlines/renegade-air-rng,no usable filled fields
rise-air,Rise Air,4T,Canada,Scheduled,no,en,,North America,,,,,,,,,,no,,0,0,no,no,no,,band;official_website;help_root;baggage_checked_url;baggage_carryon_url;baggage_fees_url;fare_conditions_url;checkin_url;conditions_of_carriage_url;article_selector;,,,,no usable filled fields
rotana-jet,Rotana Jet,RG,United Arab Emirates,Scheduled,no,,,Middle East,https://rotanajet.com,,,,,,,,,no,,0,0,no,no,no,,locale;band;help_root;baggage_checked_url;baggage_carryon_url;baggage_fees_url;fare_conditions_url;checkin_url;conditions_of_carriage_url;article_selector;,,rotana-jet-1276,https://raw.githubusercontent.com/buffertse/airline-data/main/data/airlines.csv; https://raw.githubusercontent.com/buffertse/airline-data/main/data/airline-links.csv,"has official/help only, no page URLs for fetch manifest"
royal-air-philippines,Royal Air Philippines,RW,Philippines,Low-cost,no,,,Asia,,,,,,,,,,no,,0,0,no,no,yes,,locale;band;official_website;help_root;baggage_checked_url;baggage_carryon_url;baggage_fees_url;fare_conditions_url;checkin_url;conditions_of_carriage_url;article_selector;,,,,no usable filled fields
ruili-airlines,Ruili Airlines,DR,China,Low-cost,no,,,Asia,https://rlair.net,,,,,,,,,no,,0,0,no,no,yes,,locale;band;help_root;baggage_checked_url;baggage_carryon_url;baggage_fees_url;fare_conditions_url;checkin_url;conditions_of_carriage_url;article_selector;,"Missing fields filled from buffertse/airline-data, which records official airline domains and deep links sourced from airline websites.",ruili-airlines-488,https://raw.githubusercontent.com/buffertse/airline-data/main/data/airlines.csv; https://raw.githubusercontent.com/buffertse/airline-data/main/data/airline-links.csv,"has official/help only, no page URLs for fetch manifest"
ryanair-uk,Ryanair UK,RK,United Kingdom,Low-cost,no,en,,Europe,https://ryanair.com,https://www.ryanair.com/gb/en/useful-info/help-centre/fees,,,,,,,,no,,0,0,no,no,no,,band;baggage_checked_url;baggage_carryon_url;baggage_fees_url;fare_conditions_url;checkin_url;conditions_of_carriage_url;article_selector;,,ryanair-uk-1459,https://raw.githubusercontent.com/buffertse/airline-data/main/data/airlines.csv; https://raw.githubusercontent.com/buffertse/airline-data/main/data/airline-links.csv,"has official/help only, no page URLs for fetch manifest"
s7-airlines,S7 Airlines,S7,Russia,Scheduled,no,,,Europe,,,,,,,,,,no,,0,0,no,no,yes,,locale;band;official_website;help_root;baggage_checked_url;baggage_carryon_url;baggage_fees_url;fare_conditions_url;checkin_url;conditions_of_carriage_url;article_selector;,,,,no usable filled fields
satco,SATCO,S3,Peru,Scheduled,no,,,Latin America,,,,,,,,,,no,,0,0,no,no,no,,locale;band;official_website;help_root;baggage_checked_url;baggage_carryon_url;baggage_fees_url;fare_conditions_url;checkin_url;conditions_of_carriage_url;article_selector;,,,,no usable filled fields
seair-international,SEAir International,XO,Spain,Low-cost,no,,,Europe,,,,,,,,,,no,,0,0,no,no,no,,locale;band;official_website;help_root;baggage_checked_url;baggage_carryon_url;baggage_fees_url;fare_conditions_url;checkin_url;conditions_of_carriage_url;article_selector;,,,,no usable filled fields
sf-airlines-company-ltd,SF Airlines Company Ltd,O3,People's Republic of China,Scheduled,no,en,,,https://sf-airlines.com,,,,,,,,,no,,0,0,no,no,no,,band;region;help_root;baggage_checked_url;baggage_carryon_url;baggage_fees_url;fare_conditions_url;checkin_url;conditions_of_carriage_url;article_selector;,,sf-airlines-1202,https://raw.githubusercontent.com/buffertse/airline-data/main/data/airlines.csv; https://raw.githubusercontent.com/buffertse/airline-data/main/data/airline-links.csv,"has official/help only, no page URLs for fetch manifest"
sita-airlines-worldwidetelecommunications-and-information-sv,SITA - Airlines WorldwideTelecommunications and Information Svcs,XS,Switzerland,Scheduled,no,,,Europe,,,,,,,,,,no,,0,0,no,no,no,,locale;band;official_website;help_root;baggage_checked_url;baggage_carryon_url;baggage_fees_url;fare_conditions_url;checkin_url;conditions_of_carriage_url;article_selector;,,,,no usable filled fields
skol,SKOL,СД,Russia,Scheduled,no,,,Europe,,,,,,,,,,no,,0,0,no,no,no,,locale;band;official_website;help_root;baggage_checked_url;baggage_carryon_url;baggage_fees_url;fare_conditions_url;checkin_url;conditions_of_carriage_url;article_selector;,,,,no usable filled fields
sks-airways,SKS Airways,KI,Indonesia,Scheduled,no,,,Asia,,,,,,,,,,no,,0,0,no,no,no,,locale;band;official_website;help_root;baggage_checked_url;baggage_carryon_url;baggage_fees_url;fare_conditions_url;checkin_url;conditions_of_carriage_url;article_selector;,,,,no usable filled fields
sncf,SNCF,2C,France,Scheduled,no,,,Europe,,,,,,,,,,no,,0,0,no,no,no,,locale;band;official_website;help_root;baggage_checked_url;baggage_carryon_url;baggage_fees_url;fare_conditions_url;checkin_url;conditions_of_carriage_url;article_selector;,,,,no usable filled fields
stp-airways,STP Airways,8F,Sao Tome and Principe,Scheduled,no,,,,https://stpairways.st,,,,,,,,,no,,0,0,no,no,no,,locale;band;region;help_root;baggage_checked_url;baggage_carryon_url;baggage_fees_url;fare_conditions_url;checkin_url;conditions_of_carriage_url;article_selector;,,cardig-air-1201,https://raw.githubusercontent.com/buffertse/airline-data/main/data/airlines.csv; https://raw.githubusercontent.com/buffertse/airline-data/main/data/airline-links.csv,"has official/help only, no page URLs for fetch manifest"
sun-air,SUN-AIR,ZU,Denmark,Scheduled,no,,,Europe,https://sunair.co.nz,,,,,,,,,no,,0,0,no,yes,no,,locale;band;help_root;baggage_checked_url;baggage_carryon_url;baggage_fees_url;fare_conditions_url;checkin_url;conditions_of_carriage_url;article_selector;,,sunair-1671,https://raw.githubusercontent.com/buffertse/airline-data/main/data/airlines.csv; https://raw.githubusercontent.com/buffertse/airline-data/main/data/airline-links.csv,"has official/help only, no page URLs for fetch manifest"
sabre-inc,Sabre Inc.,1S,United States,Scheduled,no,en,,North America,,,,,,,,,,no,,0,0,no,no,no,,band;official_website;help_root;baggage_checked_url;baggage_carryon_url;baggage_fees_url;fare_conditions_url;checkin_url;conditions_of_carriage_url;article_selector;,,,,no usable filled fields
safarilink-aviation,Safarilink Aviation,F2,Kenya,Scheduled,no,en,,Africa,https://regionalcargo.com,,,,,,,,,no,,0,0,no,no,yes,,band;help_root;baggage_checked_url;baggage_carryon_url;baggage_fees_url;fare_conditions_url;checkin_url;conditions_of_carriage_url;article_selector;,,regional-cargo-1611,https://raw.githubusercontent.com/buffertse/airline-data/main/data/airlines.csv; https://raw.githubusercontent.com/buffertse/airline-data/main/data/airline-links.csv,"has official/help only, no page URLs for fetch manifest"
safi-airways,Safi Airways,4Q,Afghanistan,Scheduled,no,,,Asia,,,,,,,,,,no,,0,0,no,yes,yes,,locale;band;official_website;help_root;baggage_checked_url;baggage_carryon_url;baggage_fees_url;fare_conditions_url;checkin_url;conditions_of_carriage_url;article_selector;,,,,no usable filled fields
sapsan,Sapsan,R0,Pakistan,Scheduled,no,,,Asia,,,,,,,,,,no,,0,0,no,no,no,,locale;band;official_website;help_root;baggage_checked_url;baggage_carryon_url;baggage_fees_url;fare_conditions_url;checkin_url;conditions_of_carriage_url;article_selector;,,,,no usable filled fields
seaport-airlines,SeaPort Airlines,X4,United States,Scheduled,no,en,,North America,,,,,,,,,,no,,0,0,no,no,no,,band;official_website;help_root;baggage_checked_url;baggage_carryon_url;baggage_fees_url;fare_conditions_url;checkin_url;conditions_of_carriage_url;article_selector;,,,,no usable filled fields
sepehran-airlines,Sepehran Airlines,IS,Iran,Low-cost,no,,,Middle East,https://flyirsairlines.com,,,,,,,,,no,,0,0,no,yes,no,,locale;band;help_root;baggage_checked_url;baggage_carryon_url;baggage_fees_url;fare_conditions_url;checkin_url;conditions_of_carriage_url;article_selector;,,ais-airlines-779,https://raw.githubusercontent.com/buffertse/airline-data/main/data/airlines.csv; https://raw.githubusercontent.com/buffertse/airline-data/main/data/airline-links.csv,"has official/help only, no page URLs for fetch manifest"
serene-air,Serene Air,ER,Pakistan,Scheduled,no,,,Asia,https://sereneair.com,,,,,,,,,no,,0,0,no,no,yes,,locale;band;help_root;baggage_checked_url;baggage_carryon_url;baggage_fees_url;fare_conditions_url;checkin_url;conditions_of_carriage_url;article_selector;,,astar-air-cargo-939,https://raw.githubusercontent.com/buffertse/airline-data/main/data/airlines.csv; https://raw.githubusercontent.com/buffertse/airline-data/main/data/airline-links.csv,"has official/help only, no page URLs for fetch manifest"
serve-air,Serve Air,V6,Ukraine,Scheduled,no,,,Europe,https://viairlink.com,,,,,,,,,no,,0,0,no,no,no,,locale;band;help_root;baggage_checked_url;baggage_carryon_url;baggage_fees_url;fare_conditions_url;checkin_url;conditions_of_carriage_url;article_selector;,,vi-airlink-1704,https://raw.githubusercontent.com/buffertse/airline-data/main/data/airlines.csv; https://raw.githubusercontent.com/buffertse/airline-data/main/data/airline-links.csv,"has official/help only, no page URLs for fetch manifest"
severstal-air-company,Severstal Air Company,D2,Russia,Scheduled,no,en,,Europe,https://severstal-avia.ru,,,,,,,,,no,,0,0,no,yes,yes,,band;help_root;baggage_checked_url;baggage_carryon_url;baggage_fees_url;fare_conditions_url;checkin_url;conditions_of_carriage_url;article_selector;,"Missing fields filled from buffertse/airline-data, which records official airline domains and deep links sourced from airline websites.",severstal-air-company-695,https://raw.githubusercontent.com/buffertse/airline-data/main/data/airlines.csv; https://raw.githubusercontent.com/buffertse/airline-data/main/data/airline-links.csv,"has official/help only, no page URLs for fetch manifest"
shaheen-air,Shaheen Air,NL,Pakistan,Scheduled,no,,,Asia,,,,,,,,,,no,,0,0,no,yes,no,,locale;band;official_website;help_root;baggage_checked_url;baggage_carryon_url;baggage_fees_url;fare_conditions_url;checkin_url;conditions_of_carriage_url;article_selector;,,,,no usable filled fields
shirak-avia,Shirak Avia,5G,Canada,Scheduled,no,en,,North America,https://mayair.com.mx,,,,,,,,,no,,0,0,no,no,no,,band;help_root;baggage_checked_url;baggage_carryon_url;baggage_fees_url;fare_conditions_url;checkin_url;conditions_of_carriage_url;article_selector;,,mayair-124,https://raw.githubusercontent.com/buffertse/airline-data/main/data/airlines.csv; https://raw.githubusercontent.com/buffertse/airline-data/main/data/airline-links.csv,"has official/help only, no page URLs for fetch manifest"
shun-tak-china-travel-ship,Shun Tak-China Travel Ship,8S,China,Scheduled,no,,,Asia,,,,,,,,,,no,,0,0,no,no,no,,locale;band;official_website;help_root;baggage_checked_url;baggage_carryon_url;baggage_fees_url;fare_conditions_url;checkin_url;conditions_of_carriage_url;article_selector;,,,,no usable filled fields
sila,SiLA,СЛ,Russia,Scheduled,no,,,Europe,,,,,,,,,,no,,0,0,no,no,no,,locale;band;official_website;help_root;baggage_checked_url;baggage_carryon_url;baggage_fees_url;fare_conditions_url;checkin_url;conditions_of_carriage_url;article_selector;,,,,no usable filled fields
silk-avia,Silk Avia,US,Uzbekistan,Scheduled,no,,,Asia,https://psaairlines.com,https://psaairlines.com/contact,,,,,,,,no,,0,0,no,no,no,,locale;band;baggage_checked_url;baggage_carryon_url;baggage_fees_url;fare_conditions_url;checkin_url;conditions_of_carriage_url;article_selector;,,psa-airlines-464,https://raw.githubusercontent.com/buffertse/airline-data/main/data/airlines.csv; https://raw.githubusercontent.com/buffertse/airline-data/main/data/airline-links.csv,"has official/help only, no page URLs for fetch manifest"
silk-way-west-airlines,Silk Way West Airlines,7L,Cuba,Scheduled,no,,,Caribbean,https://silkwaywest.com,,,,,,,,,no,,0,0,no,no,no,,locale;band;help_root;baggage_checked_url;baggage_carryon_url;baggage_fees_url;fare_conditions_url;checkin_url;conditions_of_carriage_url;article_selector;,,silk-way-west-airlines-616,https://raw.githubusercontent.com/buffertse/airline-data/main/data/airlines.csv; https://raw.githubusercontent.com/buffertse/airline-data/main/data/airline-links.csv,"has official/help only, no page URLs for fetch manifest"
silkair,SilkAir,MI,Singapore,Scheduled,no,en,,Asia,,,,,,,,,,no,,0,0,no,yes,no,,band;official_website;help_root;baggage_checked_url;baggage_carryon_url;baggage_fees_url;fare_conditions_url;checkin_url;conditions_of_carriage_url;article_selector;,,,,no usable filled fields
silver-air,Silver Air,0P,Djibouti,Scheduled,no,,,,,,,,,,,,,no,,0,0,no,no,no,,locale;band;region;official_website;help_root;baggage_checked_url;baggage_carryon_url;baggage_fees_url;fare_conditions_url;checkin_url;conditions_of_carriage_url;article_selector;,,,,no usable filled fields
sky-airline-peru,Sky Airline Peru,H8,Peru,Low-cost,no,,,Latin America,,,,,,,,,,no,,0,0,no,no,no,,locale;band;official_website;help_root;baggage_checked_url;baggage_carryon_url;baggage_fees_url;fare_conditions_url;checkin_url;conditions_of_carriage_url;article_selector;,,,,no usable filled fields
sky-angkor-airlines,Sky Angkor Airlines,ZA,Cambodia,Scheduled,no,,,Asia,,,,,,,,,,no,,0,0,no,yes,yes,,locale;band;official_website;help_root;baggage_checked_url;baggage_carryon_url;baggage_fees_url;fare_conditions_url;checkin_url;conditions_of_carriage_url;article_selector;,,,,no usable filled fields
sky-fru,Sky Fru,R8,Kyrgyzstan,Scheduled,no,,,Asia,,,,,,,,,,no,,0,0,no,no,no,,locale;band;official_website;help_root;baggage_checked_url;baggage_carryon_url;baggage_fees_url;fare_conditions_url;checkin_url;conditions_of_carriage_url;article_selector;,,,,no usable filled fields
sky-gates-airlines,Sky Gates Airlines,U3,Russia,Scheduled,no,,,Europe,,,,,,,,,,no,,0,0,no,no,no,,locale;band;official_website;help_root;baggage_checked_url;baggage_carryon_url;baggage_fees_url;fare_conditions_url;checkin_url;conditions_of_carriage_url;article_selector;,,,,no usable filled fields
sky-high,Sky High,DO,Italy,Scheduled,no,,,Europe,,,,,,,,,,no,,0,0,no,no,no,,locale;band;official_website;help_root;baggage_checked_url;baggage_carryon_url;baggage_fees_url;fare_conditions_url;checkin_url;conditions_of_carriage_url;article_selector;,,,,no usable filled fields
sky-lease-i-inc,"Sky Lease I, Inc.",GG,United States,Scheduled,no,en,,North America,https://skyleasecargo.com,,,,,,,,,no,,0,0,no,no,no,,band;help_root;baggage_checked_url;baggage_carryon_url;baggage_fees_url;fare_conditions_url;checkin_url;conditions_of_carriage_url;article_selector;,,sky-lease-cargo-797,https://raw.githubusercontent.com/buffertse/airline-data/main/data/airlines.csv; https://raw.githubusercontent.com/buffertse/airline-data/main/data/airline-links.csv,"has official/help only, no page URLs for fetch manifest"
sky-mali,Sky Mali,ML,Mali,Scheduled,no,,,Africa,,,,,,,,,,no,,0,0,no,no,no,,locale;band;official_website;help_root;baggage_checked_url;baggage_carryon_url;baggage_fees_url;fare_conditions_url;checkin_url;conditions_of_carriage_url;article_selector;,,,,no usable filled fields
sky-vision-airlines,Sky Vision Airlines,SE,France,Scheduled,no,,,Europe,https://european.aero,https://european.aero/contact-details,,,,,,,,no,,0,0,no,no,no,,locale;band;baggage_checked_url;baggage_carryon_url;baggage_fees_url;fare_conditions_url;checkin_url;conditions_of_carriage_url;article_selector;,,european-cargo-262,https://raw.githubusercontent.com/buffertse/airline-data/main/data/airlines.csv; https://raw.githubusercontent.com/buffertse/airline-data/main/data/airline-links.csv,"has official/help only, no page URLs for fetch manifest"
sky-wings-airlines,Sky Wings Airlines,ND,Greece,Scheduled,no,,,Europe,https://fmiair.com,,,,,,,,,no,,0,0,no,no,no,,locale;band;help_root;baggage_checked_url;baggage_carryon_url;baggage_fees_url;fare_conditions_url;checkin_url;conditions_of_carriage_url;article_selector;,,fmi-air-602,https://raw.githubusercontent.com/buffertse/airline-data/main/data/airlines.csv; https://raw.githubusercontent.com/buffertse/airline-data/main/data/airline-links.csv,"has official/help only, no page URLs for fetch manifest"
skybahamas,SkyBahamas,Q7,Bahamas,Scheduled,no,en,,Caribbean,,,,,,,,,,no,,0,0,no,yes,no,,band;official_website;help_root;baggage_checked_url;baggage_carryon_url;baggage_fees_url;fare_conditions_url;checkin_url;conditions_of_carriage_url;article_selector;,,,,no usable filled fields
skyup-airlines,SkyUp Airlines,PQ,Puerto Rico,Low-cost,no,,,Caribbean,https://transafrik.com,,,,,,,,,no,,0,0,no,no,yes,,locale;band;help_root;baggage_checked_url;baggage_carryon_url;baggage_fees_url;fare_conditions_url;checkin_url;conditions_of_carriage_url;article_selector;,,transafrik-international-863,https://raw.githubusercontent.com/buffertse/airline-data/main/data/airlines.csv; https://raw.githubusercontent.com/buffertse/airline-data/main/data/airline-links.csv,"has official/help only, no page URLs for fetch manifest"
skywork-airlines,SkyWork Airlines,SX,Switzerland,Scheduled,no,,,Europe,,,,,,,,,,no,,0,0,no,no,yes,,locale;band;official_website;help_root;baggage_checked_url;baggage_carryon_url;baggage_fees_url;fare_conditions_url;checkin_url;conditions_of_carriage_url;article_selector;,,,,no usable filled fields
skymark-airlines,Skymark Airlines,BC,Japan,Low-cost,no,,,Asia,,,,,,,,,,no,,0,0,no,yes,yes,,locale;band;official_website;help_root;baggage_checked_url;baggage_carryon_url;baggage_fees_url;fare_conditions_url;checkin_url;conditions_of_carriage_url;article_selector;,,,,no usable filled fields
skytrans-australia,Skytrans Australia,QN,Australia,Scheduled,no,en,,Australia/Pacific,,,,,,,,,,no,,0,0,no,no,no,,band;official_website;help_root;baggage_checked_url;baggage_carryon_url;baggage_fees_url;fare_conditions_url;checkin_url;conditions_of_carriage_url;article_selector;,,,,no usable filled fields
small-planet-airlines-poland,Small Planet Airlines Poland,P7,Poland,Scheduled,no,,,Europe,,,,,,,,,,no,,0,0,no,no,no,,locale;band;official_website;help_root;baggage_checked_url;baggage_carryon_url;baggage_fees_url;fare_conditions_url;checkin_url;conditions_of_carriage_url;article_selector;,,,,no usable filled fields
smartavia,SmartAvia,5N,Russia,Scheduled,no,,,Europe,,,,,,,,,,no,,0,0,no,no,yes,,locale;band;official_website;help_root;baggage_checked_url;baggage_carryon_url;baggage_fees_url;fare_conditions_url;checkin_url;conditions_of_carriage_url;article_selector;,,,,no usable filled fields
smartlynx-malta,SmartLynx Malta,2N,Malta,Scheduled,no,en,,Europe,https://yuzmashair.com.ua,,,,,,,,,no,,0,0,no,no,no,,band;help_root;baggage_checked_url;baggage_carryon_url;baggage_fees_url;fare_conditions_url;checkin_url;conditions_of_carriage_url;article_selector;,,yuzhmashavia-593,https://raw.githubusercontent.com/buffertse/airline-data/main/data/airlines.csv; https://raw.githubusercontent.com/buffertse/airline-data/main/data/airline-links.csv,"has official/help only, no page URLs for fetch manifest"
smartwings-czechia,SmartWings Czechia,QS,Czechia,Low-cost,no,,,,,,,,,,,,,no,,0,0,no,no,no,,locale;band;region;official_website;help_root;baggage_checked_url;baggage_carryon_url;baggage_fees_url;fare_conditions_url;checkin_url;conditions_of_carriage_url;article_selector;,,,,no usable filled fields
smartwings-hungary,SmartWings Hungary,7O,Hungary,Low-cost,no,,,Europe,,,,,,,,,,no,,0,0,no,no,no,,locale;band;official_website;help_root;baggage_checked_url;baggage_carryon_url;baggage_fees_url;fare_conditions_url;checkin_url;conditions_of_carriage_url;article_selector;,,,,no usable filled fields
smartwings-poland,SmartWings Poland,3Z,Poland,Low-cost,no,,,Europe,,,,,,,,,,no,,0,0,no,no,no,,locale;band;official_website;help_root;baggage_checked_url;baggage_carryon_url;baggage_fees_url;fare_conditions_url;checkin_url;conditions_of_carriage_url;article_selector;,,,,no usable filled fields
smokey-bay-air-inc,"Smokey Bay Air, Inc.",2E,Sri Lanka,Scheduled,no,,,Asia,,,,,,,,,,no,,0,0,no,no,no,,locale;band;official_website;help_root;baggage_checked_url;baggage_carryon_url;baggage_fees_url;fare_conditions_url;checkin_url;conditions_of_carriage_url;article_selector;,,,,no usable filled fields
solaseed-air,Solaseed Air,6J,Japan,Low-cost,no,,,Asia,https://solaseedair.jp,,,,,,,,,no,,0,0,no,yes,no,,locale;band;help_root;baggage_checked_url;baggage_carryon_url;baggage_fees_url;fare_conditions_url;checkin_url;conditions_of_carriage_url;article_selector;,,jubba-airways-450,https://raw.githubusercontent.com/buffertse/airline-data/main/data/airlines.csv; https://raw.githubusercontent.com/buffertse/airline-data/main/data/airline-links.csv,"has official/help only, no page URLs for fetch manifest"
sounds-air,Sounds Air,S8,South Africa,Scheduled,no,en,,Africa,,,,,,,,,,no,,0,0,no,no,yes,,band;official_website;help_root;baggage_checked_url;baggage_carryon_url;baggage_fees_url;fare_conditions_url;checkin_url;conditions_of_carriage_url;article_selector;,,,,no usable filled fields
southern-air,Southern Air,9R,United States,Scheduled,no,en,,North America,https://satena.com,,,,,,,,,no,,0,0,no,yes,no,,band;help_root;baggage_checked_url;baggage_carryon_url;baggage_fees_url;fare_conditions_url;checkin_url;conditions_of_carriage_url;article_selector;,,satena-580,https://raw.githubusercontent.com/buffertse/airline-data/main/data/airlines.csv; https://raw.githubusercontent.com/buffertse/airline-data/main/data/airline-links.csv,"has official/help only, no page URLs for fetch manifest"
southern-air-charter,Southern Air Charter,PL,Bahamas,Scheduled,no,en,,Caribbean,https://southernaircharter.com,https://www.southernaircharter.com/contact-us,,,,,,,,no,,0,0,no,no,no,,band;baggage_checked_url;baggage_carryon_url;baggage_fees_url;fare_conditions_url;checkin_url;conditions_of_carriage_url;article_selector;,,southern-air-charter-1664,https://raw.githubusercontent.com/buffertse/airline-data/main/data/airlines.csv; https://raw.githubusercontent.com/buffertse/airline-data/main/data/airline-links.csv,"has official/help only, no page URLs for fetch manifest"
southern-sky-airlines,Southern Sky Airlines,IH,Italy,Scheduled,no,,,Europe,,,,,,,,,,no,,0,0,no,no,no,,locale;band;official_website;help_root;baggage_checked_url;baggage_carryon_url;baggage_fees_url;fare_conditions_url;checkin_url;conditions_of_carriage_url;article_selector;,,,,no usable filled fields
special-ground-handling-service-xh,Special Ground Handling Service -XH,XH,United Kingdom,Scheduled,no,en,,Europe,https://alexandriaairlines.net,,,,,,,,,no,,0,0,no,no,no,,band;help_root;baggage_checked_url;baggage_carryon_url;baggage_fees_url;fare_conditions_url;checkin_url;conditions_of_carriage_url;article_selector;,,alexandria-airlines-317,https://raw.githubusercontent.com/buffertse/airline-data/main/data/airlines.csv; https://raw.githubusercontent.com/buffertse/airline-data/main/data/airline-links.csv,"has official/help only, no page URLs for fetch manifest"
spring-airlines,Spring Airlines,9C,China,Low-cost,no,,,Asia,,,,,,,,,,no,,0,0,no,no,no,,locale;band;official_website;help_root;baggage_checked_url;baggage_carryon_url;baggage_fees_url;fare_conditions_url;checkin_url;conditions_of_carriage_url;article_selector;,,,,no usable filled fields
spring-japan,Spring Japan,IJ,Japan,Low-cost,no,,,Asia,,,,,,,,,,no,,0,0,no,yes,yes,,locale;band;official_website;help_root;baggage_checked_url;baggage_carryon_url;baggage_fees_url;fare_conditions_url;checkin_url;conditions_of_carriage_url;article_selector;,,,,no usable filled fields
springjet,Springjet,5K,Portugal,Low-cost,no,,,Europe,https://hifly.aero,https://hifly.aero/contacts,,,,,,,,no,,0,0,no,no,no,,locale;band;baggage_checked_url;baggage_carryon_url;baggage_fees_url;fare_conditions_url;checkin_url;conditions_of_carriage_url;article_selector;,,hi-fly-888,https://raw.githubusercontent.com/buffertse/airline-data/main/data/airlines.csv; https://raw.githubusercontent.com/buffertse/airline-data/main/data/airline-links.csv,"has official/help only, no page URLs for fetch manifest"
sriwijaya-air,Sriwijaya Air,SJ,Indonesia,Scheduled,no,,,Asia,,,,,,,,,,no,,0,0,no,yes,no,,locale;band;official_website;help_root;baggage_checked_url;baggage_carryon_url;baggage_fees_url;fare_conditions_url;checkin_url;conditions_of_carriage_url;article_selector;,,,,no usable filled fields
st-barth-commuter,St Barth Commuter,PV,France,Scheduled,no,,,Europe,https://stbarthcommuter.com,,,,,,,,,no,,0,0,no,no,yes,,locale;band;help_root;baggage_checked_url;baggage_carryon_url;baggage_fees_url;fare_conditions_url;checkin_url;conditions_of_carriage_url;article_selector;,"Missing fields filled from buffertse/airline-data, which records official airline domains and deep links sourced from airline websites.",st-barth-commuter-579,https://raw.githubusercontent.com/buffertse/airline-data/main/data/airlines.csv; https://raw.githubusercontent.com/buffertse/airline-data/main/data/airline-links.csv,"has official/help only, no page URLs for fetch manifest"
stabo-air-limited,Stabo Air Limited,4E,Zambia,Scheduled,no,en,,Africa,,,,,,,,,,no,,0,0,no,no,no,,band;official_website;help_root;baggage_checked_url;baggage_carryon_url;baggage_fees_url;fare_conditions_url;checkin_url;conditions_of_carriage_url;article_selector;,Country checked from FreightUtils and ATC public code listings.,,https://www.freightutils.com/airlines/iata/4E; https://123atc.com/call-sign/SBO,no usable filled fields
star-air,Star Air,S5,India,Scheduled,no,,,Asia,,,,,,,,,,no,,0,0,no,no,no,,locale;band;official_website;help_root;baggage_checked_url;baggage_carryon_url;baggage_fees_url;fare_conditions_url;checkin_url;conditions_of_carriage_url;article_selector;,,,,no usable filled fields
star-peru,Star Peru,2I,Peru,Scheduled,no,,,Latin America,https://civair.co.za,https://civair.co.za/contact-us,,,,,,,,no,,0,0,no,no,no,,locale;band;baggage_checked_url;baggage_carryon_url;baggage_fees_url;fare_conditions_url;checkin_url;conditions_of_carriage_url;article_selector;,,civair-518,https://raw.githubusercontent.com/buffertse/airline-data/main/data/airlines.csv; https://raw.githubusercontent.com/buffertse/airline-data/main/data/airline-links.csv,"has official/help only, no page URLs for fetch manifest"
starbow,Starbow,S9,Ghana,Scheduled,no,en,,Africa,https://flysua.com,,,,,,,,,no,,0,0,no,no,yes,,band;help_root;baggage_checked_url;baggage_carryon_url;baggage_fees_url;fare_conditions_url;checkin_url;conditions_of_carriage_url;article_selector;,,sua-329,https://raw.githubusercontent.com/buffertse/airline-data/main/data/airlines.csv; https://raw.githubusercontent.com/buffertse/airline-data/main/data/airline-links.csv,"has official/help only, no page URLs for fetch manifest"
sudan-airways,Sudan Airways,SD,Sudan,Scheduled,no,,,Africa,,,,,,,,,,no,,0,0,no,yes,yes,,locale;band;official_website;help_root;baggage_checked_url;baggage_carryon_url;baggage_fees_url;fare_conditions_url;checkin_url;conditions_of_carriage_url;article_selector;,,,,no usable filled fields
sun-air-express,Sun Air Express,6G,United States,Scheduled,no,en,,North America,https://go2sky.aero,,,,,,,,,no,,0,0,no,no,no,,band;help_root;baggage_checked_url;baggage_carryon_url;baggage_fees_url;fare_conditions_url;checkin_url;conditions_of_carriage_url;article_selector;,,go2sky-355,https://raw.githubusercontent.com/buffertse/airline-data/main/data/airlines.csv; https://raw.githubusercontent.com/buffertse/airline-data/main/data/airline-links.csv,"has official/help only, no page URLs for fetch manifest"
sun-phuquoc-airways,Sun PhuQuoc Airways,9G,Vietnam,Scheduled,no,,,Asia,,,,,,,,,,no,,0,0,no,no,no,,locale;band;official_website;help_root;baggage_checked_url;baggage_carryon_url;baggage_fees_url;fare_conditions_url;checkin_url;conditions_of_carriage_url;article_selector;,,,,no usable filled fields
sunexpress-deutschland,SunExpress Deutschland,XG,Germany,Low-cost,no,,,Europe,,,,,,,,,,no,,0,0,no,yes,no,,locale;band;official_website;help_root;baggage_checked_url;baggage_carryon_url;baggage_fees_url;fare_conditions_url;checkin_url;conditions_of_carriage_url;article_selector;,,,,no usable filled fields
sunclass-airlines,Sunclass Airlines,DK,Denmark,Scheduled,no,,,Europe,https://no.sunclassairlines.dk,,,,,,,,,no,,0,0,no,yes,yes,,locale;band;help_root;baggage_checked_url;baggage_carryon_url;baggage_fees_url;fare_conditions_url;checkin_url;conditions_of_carriage_url;article_selector;,"Missing fields filled from buffertse/airline-data, which records official airline domains and deep links sourced from airline websites.",sunclass-airlines-235,https://raw.githubusercontent.com/buffertse/airline-data/main/data/airlines.csv; https://raw.githubusercontent.com/buffertse/airline-data/main/data/airline-links.csv,"has official/help only, no page URLs for fetch manifest"
sunday-airlines,Sunday Airlines,0S,Kazakhstan,Scheduled,no,,,Asia,,,,,,,,,,no,,0,0,no,no,no,,locale;band;official_website;help_root;baggage_checked_url;baggage_carryon_url;baggage_fees_url;fare_conditions_url;checkin_url;conditions_of_carriage_url;article_selector;,,,,no usable filled fields
sunlight-air,Sunlight Air,2R,Canada,Scheduled,no,en,,North America,,,,,,,,,,no,,0,0,no,no,no,,band;official_website;help_root;baggage_checked_url;baggage_carryon_url;baggage_fees_url;fare_conditions_url;checkin_url;conditions_of_carriage_url;article_selector;,,,,no usable filled fields
sunrise-dominicana,Sunrise Dominicana,D6,South Africa,Scheduled,no,en,,Africa,https://interair.co.za,https://www.interair.co.za/contact.asp,,,,,,,,no,,0,0,no,no,no,,band;baggage_checked_url;baggage_carryon_url;baggage_fees_url;fare_conditions_url;checkin_url;conditions_of_carriage_url;article_selector;,,interair-south-africa-224,https://raw.githubusercontent.com/buffertse/airline-data/main/data/airlines.csv; https://raw.githubusercontent.com/buffertse/airline-data/main/data/airline-links.csv,"has official/help only, no page URLs for fetch manifest"
sunsplash-aviation-llc,"Sunsplash Aviation, LLC.",YH,Colombia,Scheduled,no,,,Latin America,,,,,,,,,,no,,0,0,no,no,no,,locale;band;official_website;help_root;baggage_checked_url;baggage_carryon_url;baggage_fees_url;fare_conditions_url;checkin_url;conditions_of_carriage_url;article_selector;,,,,no usable filled fields
suparna-airlines,Suparna Airlines,Y8,People's Republic of China,Scheduled,no,,,,,,,,,,,,,no,,0,0,no,yes,yes,,locale;band;region;official_website;help_root;baggage_checked_url;baggage_carryon_url;baggage_fees_url;fare_conditions_url;checkin_url;conditions_of_carriage_url;article_selector;,,,,no usable filled fields
super-air-jet,Super Air Jet,IU,Indonesia,Low-cost,no,,,Asia,,,,,,,,,,no,,0,0,no,no,no,,locale;band;official_website;help_root;baggage_checked_url;baggage_carryon_url;baggage_fees_url;fare_conditions_url;checkin_url;conditions_of_carriage_url;article_selector;,,,,no usable filled fields
surinam-airways,Surinam Airways,PY,Suriname,Scheduled,no,,,Latin America,,,,,,,,,,no,,0,0,no,yes,yes,,locale;band;official_website;help_root;baggage_checked_url;baggage_carryon_url;baggage_fees_url;fare_conditions_url;checkin_url;conditions_of_carriage_url;article_selector;,,,,no usable filled fields
swiftair,Swiftair,WT,Spain,Scheduled,no,,,Europe,https://swiftair.com,,,,,,,,,no,,0,0,no,no,no,,locale;band;help_root;baggage_checked_url;baggage_carryon_url;baggage_fees_url;fare_conditions_url;checkin_url;conditions_of_carriage_url;article_selector;,,swiftair-496,https://raw.githubusercontent.com/buffertse/airline-data/main/data/airlines.csv; https://raw.githubusercontent.com/buffertse/airline-data/main/data/airline-links.csv,"has official/help only, no page URLs for fetch manifest"
swoop,Swoop,WO,Canada,Low-cost,no,en,,North America,,,,,,,,,,no,,0,0,no,yes,yes,,band;official_website;help_root;baggage_checked_url;baggage_carryon_url;baggage_fees_url;fare_conditions_url;checkin_url;conditions_of_carriage_url;article_selector;,,,,no usable filled fields
sylt-air-gmbh,Sylt Air GmbH,7E,Germany,Scheduled,no,,,Europe,https://syltair.eu,,,,,,,,,no,,0,0,no,yes,no,,locale;band;help_root;baggage_checked_url;baggage_carryon_url;baggage_fees_url;fare_conditions_url;checkin_url;conditions_of_carriage_url;article_selector;,"Missing fields filled from buffertse/airline-data, which records official airline domains and deep links sourced from airline websites.",sylt-air-966,https://raw.githubusercontent.com/buffertse/airline-data/main/data/airlines.csv; https://raw.githubusercontent.com/buffertse/airline-data/main/data/airline-links.csv,"has official/help only, no page URLs for fetch manifest"
syrianair,SyrianAir,RB,Syria,Scheduled,no,,,Middle East,https://syrian-airlines.net,,,,,,,,,no,,0,0,no,no,yes,,locale;band;help_root;baggage_checked_url;baggage_carryon_url;baggage_fees_url;fare_conditions_url;checkin_url;conditions_of_carriage_url;article_selector;,"Missing fields filled from buffertse/airline-data, which records official airline domains and deep links sourced from airline websites.",syrian-air-1765,https://raw.githubusercontent.com/buffertse/airline-data/main/data/airlines.csv; https://raw.githubusercontent.com/buffertse/airline-data/main/data/airline-links.csv,"has official/help only, no page URLs for fetch manifest"
tway-air,T'way Air,TW,South Korea,Low-cost,no,,,Asia,,,,,,,,,,no,,0,0,no,yes,no,,locale;band;official_website;help_root;baggage_checked_url;baggage_carryon_url;baggage_fees_url;fare_conditions_url;checkin_url;conditions_of_carriage_url;article_selector;,,,,no usable filled fields
tab-transportes-aereos-bolivianos,TAB - Transportes Aéreos Bolivianos,B1,Bolivia,Scheduled,no,,,Latin America,,,,,,,,,,no,,0,0,no,no,no,,locale;band;official_website;help_root;baggage_checked_url;baggage_carryon_url;baggage_fees_url;fare_conditions_url;checkin_url;conditions_of_carriage_url;article_selector;,,,,no usable filled fields
tag-airlines,TAG Airlines,5U,Switzerland,Scheduled,no,,,Europe,,,,,,,,,,no,,0,0,no,no,yes,,locale;band;official_website;help_root;baggage_checked_url;baggage_carryon_url;baggage_fees_url;fare_conditions_url;checkin_url;conditions_of_carriage_url;article_selector;,,,,no usable filled fields
tame,TAME,EQ,Ecuador,Scheduled,no,,,Latin America,,,,,,,,,,no,,0,0,no,yes,no,,locale;band;official_website;help_root;baggage_checked_url;baggage_carryon_url;baggage_fees_url;fare_conditions_url;checkin_url;conditions_of_carriage_url;article_selector;,,,,no usable filled fields
tar-aerolineas,TAR Aerolíneas,YQ,Mexico,Scheduled,no,,,Latin America,,,,,,,,,,no,,0,0,no,no,yes,,locale;band;official_website;help_root;baggage_checked_url;baggage_carryon_url;baggage_fees_url;fare_conditions_url;checkin_url;conditions_of_carriage_url;article_selector;,,,,no usable filled fields
tik-systems,TIK Systems,T1,Turkey,Scheduled,no,,,Europe,,,,,,,,,,no,,0,0,no,no,no,,locale;band;official_website;help_root;baggage_checked_url;baggage_carryon_url;baggage_fees_url;fare_conditions_url;checkin_url;conditions_of_carriage_url;article_selector;,,,,no usable filled fields
trip-linhas-aereas,TRIP Linhas Aéreas,T4,Brazil,Scheduled,no,,,Latin America,,,,,,,,,,no,,0,0,no,yes,no,,locale;band;official_website;help_root;baggage_checked_url;baggage_carryon_url;baggage_fees_url;fare_conditions_url;checkin_url;conditions_of_carriage_url;article_selector;,,,,no usable filled fields
tailwind-airlines,Tailwind Airlines,TI,Turkey,Scheduled,no,,,Europe,,,,,,,,,,no,,0,0,no,yes,yes,,locale;band;official_website;help_root;baggage_checked_url;baggage_carryon_url;baggage_fees_url;fare_conditions_url;checkin_url;conditions_of_carriage_url;article_selector;,,,,no usable filled fields
tampa-cargo,Tampa Cargo,QT,Colombia,Scheduled,no,,,Latin America,,,,,,,,,,no,,0,0,no,no,no,,locale;band;official_website;help_root;baggage_checked_url;baggage_carryon_url;baggage_fees_url;fare_conditions_url;checkin_url;conditions_of_carriage_url;article_selector;,,,,no usable filled fields
tandem-aero,Tandem Aero,TQ,Moldova,Scheduled,no,,,Europe,https://flytailwind.com,,,,,,,,,no,,0,0,no,yes,no,,locale;band;help_root;baggage_checked_url;baggage_carryon_url;baggage_fees_url;fare_conditions_url;checkin_url;conditions_of_carriage_url;article_selector;,,tailwind-air-service-527,https://raw.githubusercontent.com/buffertse/airline-data/main/data/airlines.csv; https://raw.githubusercontent.com/buffertse/airline-data/main/data/airline-links.csv,"has official/help only, no page URLs for fetch manifest"
taquan-air,Taquan Air,K3,United States,Scheduled,no,en,,North America,https://taquanair.com,,,,,,,,,no,,0,0,no,yes,no,,band;help_root;baggage_checked_url;baggage_carryon_url;baggage_fees_url;fare_conditions_url;checkin_url;conditions_of_carriage_url;article_selector;,"Missing fields filled from buffertse/airline-data, which records official airline domains and deep links sourced from airline websites.",taquan-air-1104,https://raw.githubusercontent.com/buffertse/airline-data/main/data/airlines.csv; https://raw.githubusercontent.com/buffertse/airline-data/main/data/airline-links.csv,"has official/help only, no page URLs for fetch manifest"
tarco-aviation,Tarco Aviation,3T,Sudan,Scheduled,no,,,Africa,,,,,,,,,,no,,0,0,no,yes,no,,locale;band;official_website;help_root;baggage_checked_url;baggage_carryon_url;baggage_fees_url;fare_conditions_url;checkin_url;conditions_of_carriage_url;article_selector;,,,,no usable filled fields
tashkent-air,Tashkent Air,U7,Uzbekistan,Scheduled,no,,,Asia,,,,,,,,,,no,,0,0,no,no,no,,locale;band;official_website;help_root;baggage_checked_url;baggage_carryon_url;baggage_fees_url;fare_conditions_url;checkin_url;conditions_of_carriage_url;article_selector;,,,,no usable filled fields
tassili-airlines,Tassili Airlines,SF,Algeria,Scheduled,no,,,Africa,,,,,,,,,,no,,0,0,no,no,no,,locale;band;official_website;help_root;baggage_checked_url;baggage_carryon_url;baggage_fees_url;fare_conditions_url;checkin_url;conditions_of_carriage_url;article_selector;,,,,no usable filled fields
tatarstan-airlines,Tatarstan Airlines,U9,Russia,Scheduled,no,,,Europe,,,,,,,,,,no,,0,0,no,yes,no,,locale;band;official_website;help_root;baggage_checked_url;baggage_carryon_url;baggage_fees_url;fare_conditions_url;checkin_url;conditions_of_carriage_url;article_selector;,,,,no usable filled fields
tayaran-jet,Tayaran Jet,E8,Jordan,Low-cost,no,,,Middle East,,,,,,,,,,no,,0,0,no,no,no,,locale;band;official_website;help_root;baggage_checked_url;baggage_carryon_url;baggage_fees_url;fare_conditions_url;checkin_url;conditions_of_carriage_url;article_selector;,,,,no usable filled fields
tbilisi-airways,Tbilisi Airways,TD,Armenia,Scheduled,no,,,Asia,https://atlantis.am,,,,,,,,,no,,0,0,no,no,no,,locale;band;help_root;baggage_checked_url;baggage_carryon_url;baggage_fees_url;fare_conditions_url;checkin_url;conditions_of_carriage_url;article_selector;,Country checked from CAPA public airline profile.,atlantis-armenian-airlines-1268,https://raw.githubusercontent.com/buffertse/airline-data/main/data/airlines.csv; https://raw.githubusercontent.com/buffertse/airline-data/main/data/airline-links.csv; https://centreforaviation.com/data/profiles/airlines/tbilisi-airways-td,"has official/help only, no page URLs for fetch manifest"
terra-avia,Terra Avia,T8,Ireland,Scheduled,no,en,,Europe,,,,,,,,,,no,,0,0,no,no,no,,band;official_website;help_root;baggage_checked_url;baggage_carryon_url;baggage_fees_url;fare_conditions_url;checkin_url;conditions_of_carriage_url;article_selector;,,,,no usable filled fields
texel-air-ltd,Texel Air Ltd,TT,Lithuania,Low-cost,no,,,Europe,,,,,,,,,,no,,0,0,no,no,no,,locale;band;official_website;help_root;baggage_checked_url;baggage_carryon_url;baggage_fees_url;fare_conditions_url;checkin_url;conditions_of_carriage_url;article_selector;,,,,no usable filled fields
tezjet,TezJet,K9,Cambodia,Scheduled,no,,,Asia,https://kalittacharters.com,https://www.kalittacharters.com/contact-us,,,,,,,,no,,0,0,no,no,no,,locale;band;baggage_checked_url;baggage_carryon_url;baggage_fees_url;fare_conditions_url;checkin_url;conditions_of_carriage_url;article_selector;,,kalitta-charters-1494,https://raw.githubusercontent.com/buffertse/airline-data/main/data/airlines.csv; https://raw.githubusercontent.com/buffertse/airline-data/main/data/airline-links.csv,"has official/help only, no page URLs for fetch manifest"
thai-airasia-x,Thai AirAsia X,XJ,Thailand,Low-cost,no,,,Asia,,,,,,,,,,no,,0,0,no,yes,yes,,locale;band;official_website;help_root;baggage_checked_url;baggage_carryon_url;baggage_fees_url;fare_conditions_url;checkin_url;conditions_of_carriage_url;article_selector;,,,,no usable filled fields
the-landline-company,The Landline Company,L4,Italy,Scheduled,no,,,Europe,,,,,,,,,,no,,0,0,no,no,no,,locale;band;official_website;help_root;baggage_checked_url;baggage_carryon_url;baggage_fees_url;fare_conditions_url;checkin_url;conditions_of_carriage_url;article_selector;,,,,no usable filled fields
thomas-cook-airlines-belgium,Thomas Cook Airlines Belgium,HQ,Belgium,Scheduled,no,,,Europe,,,,,,,,,,no,,0,0,no,yes,no,,locale;band;official_website;help_root;baggage_checked_url;baggage_carryon_url;baggage_fees_url;fare_conditions_url;checkin_url;conditions_of_carriage_url;article_selector;,,,,no usable filled fields
tianjin-airlines,Tianjin Airlines,GS,China,Scheduled,no,,,Asia,https://tianjin-air.com,,,,,,,,,no,,0,0,no,yes,no,,locale;band;help_root;baggage_checked_url;baggage_carryon_url;baggage_fees_url;fare_conditions_url;checkin_url;conditions_of_carriage_url;article_selector;,"Missing fields filled from buffertse/airline-data, which records official airline domains and deep links sourced from airline websites.",tianjin-airlines-409,https://raw.githubusercontent.com/buffertse/airline-data/main/data/airlines.csv; https://raw.githubusercontent.com/buffertse/airline-data/main/data/airline-links.csv,"has official/help only, no page URLs for fetch manifest"
tibet-airlines,Tibet Airlines,TV,China,Scheduled,no,,,Asia,https://tibetairlines.com.cn,https://www.tibetairlines.com.cn/stdair/airline/tv/static_term/help_Ticketregulations,,,,,,,,no,,0,0,no,no,no,,locale;band;baggage_checked_url;baggage_carryon_url;baggage_fees_url;fare_conditions_url;checkin_url;conditions_of_carriage_url;article_selector;,,tibet-airlines-97,https://raw.githubusercontent.com/buffertse/airline-data/main/data/airlines.csv; https://raw.githubusercontent.com/buffertse/airline-data/main/data/airline-links.csv,"has official/help only, no page URLs for fetch manifest"
tigerair-mandala,Tigerair Mandala,RI,Indonesia,Scheduled,no,,,Asia,,,,,,,,,,no,,0,0,no,yes,no,,locale;band;official_website;help_root;baggage_checked_url;baggage_carryon_url;baggage_fees_url;fare_conditions_url;checkin_url;conditions_of_carriage_url;article_selector;,,,,no usable filled fields
tigerair-taiwan,Tigerair Taiwan,IT,Taiwan,Low-cost,no,,,Asia,,,,,,,,,,no,,0,0,no,no,no,,locale;band;official_website;help_root;baggage_checked_url;baggage_carryon_url;baggage_fees_url;fare_conditions_url;checkin_url;conditions_of_carriage_url;article_selector;,,,,no usable filled fields
total-linhas-aereas,Total Linhas Aereas,0T,Brazil,Scheduled,no,,,Latin America,,,,,,,,,,no,,0,0,no,no,no,,locale;band;official_website;help_root;baggage_checked_url;baggage_carryon_url;baggage_fees_url;fare_conditions_url;checkin_url;conditions_of_carriage_url;article_selector;,,,,no usable filled fields
trans-air-congo,Trans Air Congo,Q8,Republic of the Congo,Scheduled,no,,,,,,,,,,,,,no,,0,0,no,no,no,,locale;band;region;official_website;help_root;baggage_checked_url;baggage_carryon_url;baggage_fees_url;fare_conditions_url;checkin_url;conditions_of_carriage_url;article_selector;,,,,no usable filled fields
transair-senegal,Transair Senegal,R2,Senegal,Scheduled,no,,,Africa,,,,,,,,,,no,,0,0,no,no,no,,locale;band;official_website;help_root;baggage_checked_url;baggage_carryon_url;baggage_fees_url;fare_conditions_url;checkin_url;conditions_of_carriage_url;article_selector;,,,,no usable filled fields
transnusa,Transnusa,8B,Indonesia,Scheduled,no,,,Asia,,,,,,,,,,no,,0,0,no,no,yes,,locale;band;official_website;help_root;baggage_checked_url;baggage_carryon_url;baggage_fees_url;fare_conditions_url;checkin_url;conditions_of_carriage_url;article_selector;,,,,no usable filled fields
travel-service-slovensko,Travel Service Slovensko,6D,Slovakia,Scheduled,no,,,Europe,,,,,,,,,,no,,0,0,no,no,no,,locale;band;official_website;help_root;baggage_checked_url;baggage_carryon_url;baggage_fees_url;fare_conditions_url;checkin_url;conditions_of_carriage_url;article_selector;,,,,no usable filled fields
travel-technology-interactive-sa,Travel Technology Interactive SA,Y1,France,Scheduled,no,,,Europe,,,,,,,,,,no,,0,0,no,no,no,,locale;band;official_website;help_root;baggage_checked_url;baggage_carryon_url;baggage_fees_url;fare_conditions_url;checkin_url;conditions_of_carriage_url;article_selector;,,,,no usable filled fields
travelsky-technology-limited,Travelsky Technology Limited,1E,China,Scheduled,no,,,Asia,,,,,,,,,,no,,0,0,no,no,no,,locale;band;official_website;help_root;baggage_checked_url;baggage_carryon_url;baggage_fees_url;fare_conditions_url;checkin_url;conditions_of_carriage_url;article_selector;,,,,no usable filled fields
trenitalia,Trenitalia,7T,Switzerland,Scheduled,no,,,Europe,https://air-glaciers.ch,https://www.air-glaciers.ch/contact,,,,,,,,no,,0,0,no,no,no,,locale;band;baggage_checked_url;baggage_carryon_url;baggage_fees_url;fare_conditions_url;checkin_url;conditions_of_carriage_url;article_selector;,,air-glaciers-1140,https://raw.githubusercontent.com/buffertse/airline-data/main/data/airlines.csv; https://raw.githubusercontent.com/buffertse/airline-data/main/data/airline-links.csv,"has official/help only, no page URLs for fetch manifest"
trigana-air-service,Trigana Air Service,IL,Indonesia,Scheduled,no,,,Asia,https://trigana-air.com,,,,,,,,,no,,0,0,no,yes,no,,locale;band;help_root;baggage_checked_url;baggage_carryon_url;baggage_fees_url;fare_conditions_url;checkin_url;conditions_of_carriage_url;article_selector;,"Missing fields filled from buffertse/airline-data, which records official airline domains and deep links sourced from airline websites.",trigana-air-service-759,https://raw.githubusercontent.com/buffertse/airline-data/main/data/airlines.csv; https://raw.githubusercontent.com/buffertse/airline-data/main/data/airline-links.csv,"has official/help only, no page URLs for fetch manifest"
turkmenistan-airlines,Turkmenistan Airlines,T5,Turkmenistan,Scheduled,no,,,Asia,https://turkmenistanairlines.tm,,,,,,,,,no,,0,0,no,yes,no,,locale;band;help_root;baggage_checked_url;baggage_carryon_url;baggage_fees_url;fare_conditions_url;checkin_url;conditions_of_carriage_url;article_selector;,"Missing fields filled from buffertse/airline-data, which records official airline domains and deep links sourced from airline websites.",turkmenistan-airlines-1718,https://raw.githubusercontent.com/buffertse/airline-data/main/data/airlines.csv; https://raw.githubusercontent.com/buffertse/airline-data/main/data/airline-links.csv,"has official/help only, no page URLs for fetch manifest"
ubm-aviation-oag,UBM Aviation - OAG,CR,United Kingdom,Scheduled,no,en,,Europe,,,,,,,,,,no,,0,0,no,no,no,,band;official_website;help_root;baggage_checked_url;baggage_carryon_url;baggage_fees_url;fare_conditions_url;checkin_url;conditions_of_carriage_url;article_selector;,,,,no usable filled fields
uls-airlines-cargo,ULS Airlines Cargo,GO,Turkey,Scheduled,no,,,Europe,https://airghana.com,,,,,,,,,no,,0,0,no,yes,no,,locale;band;help_root;baggage_checked_url;baggage_carryon_url;baggage_fees_url;fare_conditions_url;checkin_url;conditions_of_carriage_url;article_selector;,"Missing fields filled from buffertse/airline-data, which records official airline domains and deep links sourced from airline websites.",uls-airlines-cargo-777,https://raw.githubusercontent.com/buffertse/airline-data/main/data/airlines.csv; https://raw.githubusercontent.com/buffertse/airline-data/main/data/airline-links.csv,"has official/help only, no page URLs for fetch manifest"
ur-airlines,UR Airlines,UD,Armenia,Scheduled,no,,,Asia,https://urairlines.com,,,,,,,,,no,,0,0,no,no,no,,locale;band;help_root;baggage_checked_url;baggage_carryon_url;baggage_fees_url;fare_conditions_url;checkin_url;conditions_of_carriage_url;article_selector;,,ur-airlines-90,https://raw.githubusercontent.com/buffertse/airline-data/main/data/airlines.csv; https://raw.githubusercontent.com/buffertse/airline-data/main/data/airline-links.csv,"has official/help only, no page URLs for fetch manifest"
utair,UTair,ЮЭ,Russia,Scheduled,no,,,Europe,,,,,,,,,,no,,0,0,no,no,no,,locale;band;official_website;help_root;baggage_checked_url;baggage_carryon_url;baggage_fees_url;fare_conditions_url;checkin_url;conditions_of_carriage_url;article_selector;,,,,no usable filled fields
uvt-aero,UVT Aero,RT,Russia,Scheduled,no,,,Europe,https://uvtaero.ru,,,,,,,,,no,,0,0,no,no,no,,locale;band;help_root;baggage_checked_url;baggage_carryon_url;baggage_fees_url;fare_conditions_url;checkin_url;conditions_of_carriage_url;article_selector;,,uvt-aero-733,https://raw.githubusercontent.com/buffertse/airline-data/main/data/airlines.csv; https://raw.githubusercontent.com/buffertse/airline-data/main/data/airline-links.csv,"has official/help only, no page URLs for fetch manifest"
ultimate-jetcharters,Ultimate Jetcharters,UE,Russia,Scheduled,no,,,Europe,https://ultimateairshuttle.com,,,,,,,,,no,,0,0,no,no,no,,locale;band;help_root;baggage_checked_url;baggage_carryon_url;baggage_fees_url;fare_conditions_url;checkin_url;conditions_of_carriage_url;article_selector;,,ultimate-air-shuttle-1700,https://raw.githubusercontent.com/buffertse/airline-data/main/data/airlines.csv; https://raw.githubusercontent.com/buffertse/airline-data/main/data/airline-links.csv,"has official/help only, no page URLs for fetch manifest"
umza-air,Umza Air,UY,Cameroon,Scheduled,no,,,Africa,,,,,,,,,,no,,0,0,no,no,no,,locale;band;official_website;help_root;baggage_checked_url;baggage_carryon_url;baggage_fees_url;fare_conditions_url;checkin_url;conditions_of_carriage_url;article_selector;,,,,no usable filled fields
uni-top-airlines,Uni-Top Airlines,UW,China,Scheduled,no,,,Asia,https://uw-air.com,,,,,,,,,no,,0,0,no,yes,no,,locale;band;help_root;baggage_checked_url;baggage_carryon_url;baggage_fees_url;fare_conditions_url;checkin_url;conditions_of_carriage_url;article_selector;,Country and site checked from Planespotters public fleet profile.,,https://www.planespotters.net/airline/Uni-Top-Airlines,"has official/help only, no page URLs for fetch manifest"
united-nigeria-airlines,United Nigeria Airlines,UN,Nigeria,Scheduled,no,en,,Africa,,,,,,,,,,no,,0,0,no,no,no,,band;official_website;help_root;baggage_checked_url;baggage_carryon_url;baggage_fees_url;fare_conditions_url;checkin_url;conditions_of_carriage_url;article_selector;,,,,no usable filled fields
universal-air,Universal Air,VO,Malta,Scheduled,no,en,,Europe,,,,,,,,,,no,,0,0,no,no,no,,band;official_website;help_root;baggage_checked_url;baggage_carryon_url;baggage_fees_url;fare_conditions_url;checkin_url;conditions_of_carriage_url;article_selector;,,,,no usable filled fields
up-israel,Up Israel,86,Israel,Scheduled,no,,,Middle East,,,,,,,,,,no,,0,0,no,no,no,,locale;band;official_website;help_root;baggage_checked_url;baggage_carryon_url;baggage_fees_url;fare_conditions_url;checkin_url;conditions_of_carriage_url;article_selector;,,,,no usable filled fields
uzbekistan-express,Uzbekistan Express,0H,Uzbekistan,Low-cost,no,,,Asia,,,,,,,,,,no,,0,0,no,no,no,,locale;band;official_website;help_root;baggage_checked_url;baggage_carryon_url;baggage_fees_url;fare_conditions_url;checkin_url;conditions_of_carriage_url;article_selector;,,,,no usable filled fields
vim-airlines,VIM Airlines,NN,Russia,Scheduled,no,,,Europe,,,,,,,,,,no,,0,0,no,yes,yes,,locale;band;official_website;help_root;baggage_checked_url;baggage_carryon_url;baggage_fees_url;fare_conditions_url;checkin_url;conditions_of_carriage_url;article_selector;,,,,no usable filled fields
vlm-airlines,VLM Airlines,VG,Belgium,Scheduled,no,,,Europe,,,,,,,,,,no,,0,0,no,yes,no,,locale;band;official_website;help_root;baggage_checked_url;baggage_carryon_url;baggage_fees_url;fare_conditions_url;checkin_url;conditions_of_carriage_url;article_selector;,,,,no usable filled fields
voepass-linhas-aereas,VOEPASS Linhas Aéreas,2Z,Brazil,Scheduled,no,,,Latin America,,,,,,,,,,no,,0,0,no,yes,no,,locale;band;official_website;help_root;baggage_checked_url;baggage_carryon_url;baggage_fees_url;fare_conditions_url;checkin_url;conditions_of_carriage_url;article_selector;,,,,no usable filled fields
valuejet,ValueJet,VK,Nigeria,Low-cost,no,en,,Africa,https://flyvaluejet.com,https://www.flyvaluejet.com/help/faqs,,,,,,,,no,,0,0,no,yes,no,,band;baggage_checked_url;baggage_carryon_url;baggage_fees_url;fare_conditions_url;checkin_url;conditions_of_carriage_url;article_selector;,"Missing fields filled from buffertse/airline-data, which records official airline domains and deep links sourced from airline websites.",valuejet-205,https://raw.githubusercontent.com/buffertse/airline-data/main/data/airlines.csv; https://raw.githubusercontent.com/buffertse/airline-data/main/data/airline-links.csv,"has official/help only, no page URLs for fetch manifest"
videcom-international-limited,Videcom International Limited,U1,United Kingdom,Scheduled,no,en,,Europe,,,,,,,,,,no,,0,0,no,no,no,,band;official_website;help_root;baggage_checked_url;baggage_carryon_url;baggage_fees_url;fare_conditions_url;checkin_url;conditions_of_carriage_url;article_selector;,,,,no usable filled fields
vietravel-airlines,Vietravel Airlines,VU,Vietnam,Scheduled,no,,,Asia,,,,,,,,,,no,,0,0,no,no,no,,locale;band;official_website;help_root;baggage_checked_url;baggage_carryon_url;baggage_fees_url;fare_conditions_url;checkin_url;conditions_of_carriage_url;article_selector;,,,,no usable filled fields
villa-air,Villa Air,VP,Vietnam,Scheduled,no,,,Asia,https://flyme.mv,,,,,,,,,no,,0,0,no,no,no,,locale;band;help_root;baggage_checked_url;baggage_carryon_url;baggage_fees_url;fare_conditions_url;checkin_url;conditions_of_carriage_url;article_selector;,,flyme-1376,https://raw.githubusercontent.com/buffertse/airline-data/main/data/airlines.csv; https://raw.githubusercontent.com/buffertse/airline-data/main/data/airline-links.csv,"has official/help only, no page URLs for fetch manifest"
virgin-america,Virgin America,VX,United States,Low-cost,no,en,,North America,,,,,,,,,,no,,0,0,no,yes,yes,,band;official_website;help_root;baggage_checked_url;baggage_carryon_url;baggage_fees_url;fare_conditions_url;checkin_url;conditions_of_carriage_url;article_selector;,,,,no usable filled fields
vladivostok-air,Vladivostok Air,XF,Russia,Scheduled,no,,,Europe,,,,,,,,,,no,,0,0,no,yes,no,,locale;band;official_website;help_root;baggage_checked_url;baggage_carryon_url;baggage_fees_url;fare_conditions_url;checkin_url;conditions_of_carriage_url;article_selector;,,,,no usable filled fields
volaris-costa-rica,Volaris Costa Rica,Q6,Costa Rica,Low-cost,no,,,Latin America,https://volaris.com,,,,,,,,,no,,0,0,no,no,no,,locale;band;help_root;baggage_checked_url;baggage_carryon_url;baggage_fees_url;fare_conditions_url;checkin_url;conditions_of_carriage_url;article_selector;,,aero-c-ndor-1024,https://raw.githubusercontent.com/buffertse/airline-data/main/data/airlines.csv; https://raw.githubusercontent.com/buffertse/airline-data/main/data/airline-links.csv,"has official/help only, no page URLs for fetch manifest"
volaris-el-salvador,Volaris El Salvador,N3,El Salvador,Low-cost,no,,,Latin America,,,,,,,,,,no,,0,0,no,no,no,,locale;band;official_website;help_root;baggage_checked_url;baggage_carryon_url;baggage_fees_url;fare_conditions_url;checkin_url;conditions_of_carriage_url;article_selector;,,,,no usable filled fields
volga-dnepr-airlines,Volga-Dnepr Airlines,VI,Russia,Scheduled,no,,,Europe,https://volga-dnepr.com,https://volga-dnepr.com/about/contacts,,,,,,,,no,,0,0,no,yes,no,,locale;band;baggage_checked_url;baggage_carryon_url;baggage_fees_url;fare_conditions_url;checkin_url;conditions_of_carriage_url;article_selector;,"Missing fields filled from buffertse/airline-data, which records official airline domains and deep links sourced from airline websites.",volga-dnepr-airlines-1675,https://raw.githubusercontent.com/buffertse/airline-data/main/data/airlines.csv; https://raw.githubusercontent.com/buffertse/airline-data/main/data/airline-links.csv,"has official/help only, no page URLs for fetch manifest"
volo,Volo,DC,Sweden,Scheduled,no,,,Europe,https://flygbra.se,,,,,,,,,no,,0,0,no,no,no,,locale;band;help_root;baggage_checked_url;baggage_carryon_url;baggage_fees_url;fare_conditions_url;checkin_url;conditions_of_carriage_url;article_selector;,,braathens-regional-461,https://raw.githubusercontent.com/buffertse/airline-data/main/data/airlines.csv; https://raw.githubusercontent.com/buffertse/airline-data/main/data/airline-links.csv,"has official/help only, no page URLs for fetch manifest"
wow-air,WOW Air,WW,Iceland,Low-cost,no,,,Europe,,,,,,,,,,no,,0,0,no,yes,no,,locale;band;official_website;help_root;baggage_checked_url;baggage_carryon_url;baggage_fees_url;fare_conditions_url;checkin_url;conditions_of_carriage_url;article_selector;,,,,no usable filled fields
wamos-air,Wamos Air,EB,Spain,Scheduled,no,,,Europe,https://wamosair.com,,,,,,,,,no,,0,0,no,yes,no,,locale;band;help_root;baggage_checked_url;baggage_carryon_url;baggage_fees_url;fare_conditions_url;checkin_url;conditions_of_carriage_url;article_selector;,"Missing fields filled from buffertse/airline-data, which records official airline domains and deep links sourced from airline websites.",wamos-air-243,https://raw.githubusercontent.com/buffertse/airline-data/main/data/airlines.csv; https://raw.githubusercontent.com/buffertse/airline-data/main/data/airline-links.csv,"has official/help only, no page URLs for fetch manifest"
warbelows-air,Warbelows Air,4W,Nigeria,Scheduled,no,en,,Africa,https://warbelows.com,https://alliedairng.com/contact,,,,,,,,no,,0,0,no,yes,no,,band;baggage_checked_url;baggage_carryon_url;baggage_fees_url;fare_conditions_url;checkin_url;conditions_of_carriage_url;article_selector;,,allied-air-1801,https://raw.githubusercontent.com/buffertse/airline-data/main/data/airlines.csv; https://raw.githubusercontent.com/buffertse/airline-data/main/data/airline-links.csv,"has official/help only, no page URLs for fetch manifest"
webjet-linhas-aereas,Webjet Linhas Aereas,WH,Germany,Scheduled,no,,,Europe,,,,,,,,,,no,,0,0,no,no,no,,locale;band;official_website;help_root;baggage_checked_url;baggage_carryon_url;baggage_fees_url;fare_conditions_url;checkin_url;conditions_of_carriage_url;article_selector;,,,,no usable filled fields
west-air,West Air,PN,China,Low-cost,no,,,Asia,,,,,,,,,,no,,0,0,no,yes,yes,,locale;band;official_website;help_root;baggage_checked_url;baggage_carryon_url;baggage_fees_url;fare_conditions_url;checkin_url;conditions_of_carriage_url;article_selector;,,,,no usable filled fields
west-link-airlines,West Link Airlines,9L,United States,Scheduled,no,en,,North America,,,,,,,,,,no,,0,0,no,no,no,,band;official_website;help_root;baggage_checked_url;baggage_carryon_url;baggage_fees_url;fare_conditions_url;checkin_url;conditions_of_carriage_url;article_selector;,,,,no usable filled fields
westjet-encore,WestJet Encore,WR,Canada,Low-cost,no,en,,North America,,,,,,,,,,no,,0,0,no,yes,no,,band;official_website;help_root;baggage_checked_url;baggage_carryon_url;baggage_fees_url;fare_conditions_url;checkin_url;conditions_of_carriage_url;article_selector;,,,,no usable filled fields
western-air,Western Air,WU,Bahamas,Scheduled,no,en,,Caribbean,,,,,,,,,,no,,0,0,no,no,no,,band;official_website;help_root;baggage_checked_url;baggage_carryon_url;baggage_fees_url;fare_conditions_url;checkin_url;conditions_of_carriage_url;article_selector;,,,,no usable filled fields
white-airways,White Airways,WI,Portugal,Scheduled,no,,,Europe,,,,,,,,,,no,,0,0,no,yes,no,,locale;band;official_website;help_root;baggage_checked_url;baggage_carryon_url;baggage_fees_url;fare_conditions_url;checkin_url;conditions_of_carriage_url;article_selector;,,,,no usable filled fields
winair,Winair,WM,United States,Scheduled,no,en,,North America,https://fly-winair.sx,,,,,,,,,no,,0,0,no,yes,yes,,band;help_root;baggage_checked_url;baggage_carryon_url;baggage_fees_url;fare_conditions_url;checkin_url;conditions_of_carriage_url;article_selector;,"Missing fields filled from buffertse/airline-data, which records official airline domains and deep links sourced from airline websites.",winair-119,https://raw.githubusercontent.com/buffertse/airline-data/main/data/airlines.csv; https://raw.githubusercontent.com/buffertse/airline-data/main/data/airline-links.csv,"has official/help only, no page URLs for fetch manifest"
wingo,Wingo,P5,Colombia,Scheduled,no,,,Latin America,,,,,,,,,,no,,0,0,no,no,no,,locale;band;official_website;help_root;baggage_checked_url;baggage_carryon_url;baggage_fees_url;fare_conditions_url;checkin_url;conditions_of_carriage_url;article_selector;,,,,no usable filled fields
wings-air,Wings Air,IW,Indonesia,Low-cost,no,,,Asia,,,,,,,,,,no,,0,0,no,no,no,,locale;band;official_website;help_root;baggage_checked_url;baggage_carryon_url;baggage_fees_url;fare_conditions_url;checkin_url;conditions_of_carriage_url;article_selector;,,,,no usable filled fields
wings-of-lebanon,Wings of Lebanon,W7,Lebanon,Scheduled,no,,,Middle East,,,,,,,,,,no,,0,0,no,no,no,,locale;band;official_website;help_root;baggage_checked_url;baggage_carryon_url;baggage_fees_url;fare_conditions_url;checkin_url;conditions_of_carriage_url;article_selector;,,,,no usable filled fields
wizz-air-abu-dhabi,Wizz Air Abu Dhabi,5W,United Arab Emirates,Low-cost,no,,,Middle East,,,,,,,,,,no,,0,0,no,no,no,,locale;band;official_website;help_root;baggage_checked_url;baggage_carryon_url;baggage_fees_url;fare_conditions_url;checkin_url;conditions_of_carriage_url;article_selector;,,,,no usable filled fields
wizz-air-malta,Wizz Air Malta,W4,Malta,Low-cost,no,en,,Europe,,,,,,,,,,no,,0,0,no,no,no,,band;official_website;help_root;baggage_checked_url;baggage_carryon_url;baggage_fees_url;fare_conditions_url;checkin_url;conditions_of_carriage_url;article_selector;,,,,no usable filled fields
wizz-air-uk,Wizz Air UK,W9,United Kingdom,Scheduled,no,en,,Europe,,,,,,,,,,no,,0,0,no,no,no,,band;official_website;help_root;baggage_checked_url;baggage_carryon_url;baggage_fees_url;fare_conditions_url;checkin_url;conditions_of_carriage_url;article_selector;,,,,no usable filled fields
world-atlantic-airlines,World Atlantic Airlines,WL,United States,Scheduled,no,en,,North America,,,,,,,,,,no,,0,0,no,no,no,,band;official_website;help_root;baggage_checked_url;baggage_carryon_url;baggage_fees_url;fare_conditions_url;checkin_url;conditions_of_carriage_url;article_selector;,,,,no usable filled fields
world-ticket-ltd,World Ticket Ltd,W1,Canada,Scheduled,no,en,,North America,,,,,,,,,,no,,0,0,no,no,no,,band;official_website;help_root;baggage_checked_url;baggage_carryon_url;baggage_fees_url;fare_conditions_url;checkin_url;conditions_of_carriage_url;article_selector;,,,,no usable filled fields
world2fly-portugal,World2Fly (Portugal),3P,Portugal,Scheduled,no,,,Europe,,,,,,,,,,no,,0,0,no,no,no,,locale;band;official_website;help_root;baggage_checked_url;baggage_carryon_url;baggage_fees_url;fare_conditions_url;checkin_url;conditions_of_carriage_url;article_selector;,,,,no usable filled fields
worldspan,Worldspan,1P,United States,Scheduled,no,en,,North America,,,,,,,,,,no,,0,0,no,no,no,,band;official_website;help_root;baggage_checked_url;baggage_carryon_url;baggage_fees_url;fare_conditions_url;checkin_url;conditions_of_carriage_url;article_selector;,,,,no usable filled fields
wright-air-service,Wright Air Service,8V,United States,Scheduled,no,en,,North America,https://astral-aviation.com,https://astral-aviation.com/contact-us,,,,,,,,no,,0,0,no,no,no,,band;baggage_checked_url;baggage_carryon_url;baggage_fees_url;fare_conditions_url;checkin_url;conditions_of_carriage_url;article_selector;,,astral-aviation-793,https://raw.githubusercontent.com/buffertse/airline-data/main/data/airlines.csv; https://raw.githubusercontent.com/buffertse/airline-data/main/data/airline-links.csv,"has official/help only, no page URLs for fetch manifest"
xejet,XEJet,4U,Germany,Scheduled,no,,,Europe,,,,,,,,,,no,,0,0,no,no,no,,locale;band;official_website;help_root;baggage_checked_url;baggage_carryon_url;baggage_fees_url;fare_conditions_url;checkin_url;conditions_of_carriage_url;article_selector;,,,,no usable filled fields
xpressair,XpressAir,XN,Indonesia,Scheduled,no,,,Asia,https://mexicana.gob.mx,,,,,,,,,no,,0,0,no,no,no,,locale;band;help_root;baggage_checked_url;baggage_carryon_url;baggage_fees_url;fare_conditions_url;checkin_url;conditions_of_carriage_url;article_selector;,,aerol-nea-del-estado-mexicano-mexicana-225,https://raw.githubusercontent.com/buffertse/airline-data/main/data/airlines.csv; https://raw.githubusercontent.com/buffertse/airline-data/main/data/airline-links.csv,"has official/help only, no page URLs for fetch manifest"
yanair,YANAIR,YE,Iran,Scheduled,no,,,Middle East,,,,,,,,,,no,,0,0,no,no,no,,locale;band;official_website;help_root;baggage_checked_url;baggage_carryon_url;baggage_fees_url;fare_conditions_url;checkin_url;conditions_of_carriage_url;article_selector;,,,,no usable filled fields
yto-cargo-airlines,YTO Cargo Airlines,YG,Ukraine,Scheduled,no,,,Europe,,,,,,,,,,no,,0,0,no,no,no,,locale;band;official_website;help_root;baggage_checked_url;baggage_carryon_url;baggage_fees_url;fare_conditions_url;checkin_url;conditions_of_carriage_url;article_selector;,,,,no usable filled fields
yakutia-airlines,Yakutia Airlines,R3,Russia,Scheduled,no,,,Europe,,,,,,,,,,no,,0,0,no,yes,no,,locale;band;official_website;help_root;baggage_checked_url;baggage_carryon_url;baggage_fees_url;fare_conditions_url;checkin_url;conditions_of_carriage_url;article_selector;,,,,no usable filled fields
yemenia,Yemenia,IY,Yemen,Scheduled,no,,,Middle East,https://yemenia.com,,,,,,,,,no,,0,0,no,yes,yes,,locale;band;help_root;baggage_checked_url;baggage_carryon_url;baggage_fees_url;fare_conditions_url;checkin_url;conditions_of_carriage_url;article_selector;,"Missing fields filled from buffertse/airline-data, which records official airline domains and deep links sourced from airline websites.",yemenia-1534,https://raw.githubusercontent.com/buffertse/airline-data/main/data/airlines.csv; https://raw.githubusercontent.com/buffertse/airline-data/main/data/airline-links.csv,"has official/help only, no page URLs for fetch manifest"
zipair,ZIPAIR,ZG,Japan,Low-cost,no,,,Asia,https://grozny-avia.ru,,,,,,,,,no,,0,0,no,no,no,,locale;band;help_root;baggage_checked_url;baggage_carryon_url;baggage_fees_url;fare_conditions_url;checkin_url;conditions_of_carriage_url;article_selector;,,grozny-avia-1419,https://raw.githubusercontent.com/buffertse/airline-data/main/data/airlines.csv; https://raw.githubusercontent.com/buffertse/airline-data/main/data/airline-links.csv,"has official/help only, no page URLs for fetch manifest"
zagros-airlines,Zagros Airlines,ZO,Iran,Scheduled,no,,,Middle East,,,,,,,,,,no,,0,0,no,no,no,,locale;band;official_website;help_root;baggage_checked_url;baggage_carryon_url;baggage_fees_url;fare_conditions_url;checkin_url;conditions_of_carriage_url;article_selector;,,,,no usable filled fields
zambezi-airlines,Zambezi Airlines,ZJ,Zambia,Scheduled,no,en,,Africa,,,,,,,,,,no,,0,0,no,no,no,,band;official_website;help_root;baggage_checked_url;baggage_carryon_url;baggage_fees_url;fare_conditions_url;checkin_url;conditions_of_carriage_url;article_selector;,,,,no usable filled fields
zambia-airways,Zambia Airways,ZN,Zambia,Scheduled,no,en,,Africa,,,,,,,,,,no,,0,0,no,no,no,,band;official_website;help_root;baggage_checked_url;baggage_carryon_url;baggage_fees_url;fare_conditions_url;checkin_url;conditions_of_carriage_url;article_selector;,,,,no usable filled fields
zapways-inc,"Zapways, Inc.",R1,Philippines,Scheduled,no,,,Asia,,,,,,,,,,no,,0,0,no,no,no,,locale;band;official_website;help_root;baggage_checked_url;baggage_carryon_url;baggage_fees_url;fare_conditions_url;checkin_url;conditions_of_carriage_url;article_selector;,,,,no usable filled fields
zimex-aviation,Zimex Aviation,XM,Switzerland,Scheduled,no,,,Europe,https://jair.co.jp,,,,,,,,,no,,0,0,no,yes,no,,locale;band;help_root;baggage_checked_url;baggage_carryon_url;baggage_fees_url;fare_conditions_url;checkin_url;conditions_of_carriage_url;article_selector;,,j-air-223,https://raw.githubusercontent.com/buffertse/airline-data/main/data/airlines.csv; https://raw.githubusercontent.com/buffertse/airline-data/main/data/airline-links.csv,"has official/help only, no page URLs for fetch manifest"
aero,aero,N2,Estonia,Scheduled,no,,,Europe,,,,,,,,,,no,,0,0,no,no,no,,locale;band;official_website;help_root;baggage_checked_url;baggage_carryon_url;baggage_fees_url;fare_conditions_url;checkin_url;conditions_of_carriage_url;article_selector;,,,,no usable filled fields
flycaa,flyCAA,BU,Democratic Republic of the Congo,Scheduled,no,,,Africa,,,,,,,,,,no,,0,0,no,no,no,,locale;band;official_website;help_root;baggage_checked_url;baggage_carryon_url;baggage_fees_url;fare_conditions_url;checkin_url;conditions_of_carriage_url;article_selector;,,,,no usable filled fields
flyadeal,flyadeal,F3,Saudi Arabia,Low-cost,no,,,Middle East,,,,,,,,,,no,,0,0,no,no,no,,locale;band;official_website;help_root;baggage_checked_url;baggage_carryon_url;baggage_fees_url;fare_conditions_url;checkin_url;conditions_of_carriage_url;article_selector;,,,,no usable filled fields
ifly,iFly,F7,Switzerland,Scheduled,no,,,Europe,,,,,,,,,,no,,0,0,no,no,no,,locale;band;official_website;help_root;baggage_checked_url;baggage_carryon_url;baggage_fees_url;fare_conditions_url;checkin_url;conditions_of_carriage_url;article_selector;,,,,no usable filled fields
