iata,name,existingWords,generatedWords,written,about
ATL,Hartsfield-Jackson Atlanta International Airport,192,606,yes,"## Overview

Hartsfield-Jackson Atlanta International Airport (ATL / KATL) is located approximately 11 kilometers south of downtown Atlanta, Georgia, in the southeastern United States. It consistently ranks among the busiest airports in the world by total passenger movements and serves as the primary international gateway for the broader southeastern region. The airport traces its origins to the 1920s, when the site was developed from a former automobile racetrack into a municipal airfield. Decades of expansion have transformed it into a sprawling, highly connected hub that plays a central role in both domestic and international air travel across North America and beyond. Atlanta's position in the eastern time zone (UTC−5 in winter, UTC−4 during daylight saving time) and its geographic location in the mid-South make it a natural connecting point between the northeastern United States, Florida, the Gulf Coast, and transatlantic or transpacific routes.

## Airlines

Delta Air Lines maintains its global headquarters and principal hub at Hartsfield-Jackson, operating the largest share of flights at the airport across domestic and international routes. Delta's regional affiliate carriers supplement mainline service to smaller markets throughout the United States. Southwest Airlines operates a substantial presence here, providing point-to-point domestic connectivity to a wide range of cities. Several major international carriers serve the airport's dedicated international terminal, offering nonstop and connecting service to destinations in Europe, Latin America, the Caribbean, Africa, the Middle East, and Asia. The breadth of airline representation reflects Atlanta's role as one of the most strategically important connecting hubs in the global network.

## Terminals and transfers

The airport is organized around two primary terminal complexes. The Domestic Terminal handles the majority of domestic departures and arrivals, while the Maynard H. Jackson Jr. International Terminal manages international arrivals and departures on the eastern side of the campus. Seven concourses — labeled T, A, B, C, D, E, and F — extend from these terminals and are connected by an underground automated people mover that runs continuously. Concourse F is the primary international concourse. Passengers connecting between domestic and international flights should allow adequate time to navigate between concourses, clear customs and immigration if arriving internationally, and re-clear security if required. Transfer times can vary depending on concourse assignments and time of day.

## Ground transport and trip planning

Atlanta's MARTA rail system provides a direct link between the airport and central Atlanta, with the Airport station located within the domestic terminal complex. Trains run regularly and connect to downtown Atlanta, Midtown, and Buckhead, making rail a practical option for travelers heading to central city destinations. Ride-hailing services, taxis, and hotel shuttles operate from designated ground transportation areas outside the terminal. Interstate highways serving the airport include I-85 and I-285, giving drivers access to the broader Atlanta metropolitan area and surrounding regions. Travelers arriving from or departing to other parts of Georgia or neighboring states such as Alabama, Tennessee, and the Carolinas may find Atlanta a convenient hub given its regional road and air connectivity.

## Practical planning notes

Hartsfield-Jackson operates around the clock with no overnight curfew, supported by five parallel east-west runways that allow simultaneous operations. The airport's scale means that walking distances between gates can be considerable, and the people mover is generally the most efficient way to move between concourses. Passengers with tight connections are advised to check concourse assignments in advance. The airport is subject to the busy travel patterns typical of a major hub, so arriving with sufficient time before departure is advisable, particularly during peak travel periods such as holidays and summer months. Facilities including dining, retail, and passenger services are distributed across the concourses.

## Official sources

https://www.atl.com
https://en.wikipedia.org/wiki/Hartsfield%E2%80%93Jackson_Atlanta_International_Airport
http://www.wikidata.org/entity/Q214861"
IAH,George Bush Intercontinental Airport,185,590,yes,"## Overview

George Bush Intercontinental Airport, identified by the IATA code IAH and ICAO code KIAH, is located in Harris County, Texas, approximately 37 kilometers north of downtown Houston. It functions as the primary international gateway for the Houston metropolitan area and the broader Gulf Coast region of the United States. The airport opened in 1969 under the name Houston Intercontinental Airport, taking over long-haul responsibilities from William P. Hobby Airport, and was renamed in 1997 to honor former U.S. President George H. W. Bush, who maintained strong ties to Houston. Operating continuously around the clock, IAH is one of the busiest airports in the United States by total operations and serves as a critical node connecting the American interior to destinations across the Americas, Europe, the Middle East, and Asia.

## Airlines

United Airlines maintains one of its largest hub operations at IAH, and the airport's route network reflects that dominance. United's presence here supports extensive connectivity across Latin America, the Caribbean, and transatlantic and transpacific corridors. Beyond United, a range of international carriers from Europe, the Middle East, and Asia operate scheduled services into IAH, reflecting Houston's role as a global energy and commerce center. Several Mexican and Latin American carriers serve the airport regularly, consistent with the region's strong economic and cultural ties to those markets. Low-cost and regional operators also use IAH to connect Houston to secondary cities across North America, broadening the airport's reach beyond its primary long-haul function.

## Terminals and transfers

IAH operates five passenger terminals designated A through E. Terminal D is the principal facility for international arrivals and customs processing, while Terminals B, C, and E primarily handle domestic and Latin American routes. Terminal A serves a mix of domestic and some international operations. The terminals are connected by an underground automated people mover and an elevated Skyway train system, allowing passengers to move between concourses without exiting the secure area in most cases. Travelers connecting between international and domestic flights should allow adequate time for customs clearance and re-screening, as processing times can vary depending on flight volumes and staffing. The airport's layout is spread across a substantial footprint, so familiarity with the terminal map before arrival is advisable.

## Ground transport and trip planning

IAH sits in the America/Chicago time zone, observing Central Standard Time and Central Daylight Time seasonally. The airport is accessible from downtown Houston via Interstate 45 North, a route that can experience significant congestion during peak commuting hours. Ground transport options from the airport generally include taxis, rideshare services, hotel shuttles, and rental car facilities. Public transit connections to central Houston are available, though travelers should verify current schedules and routes before relying on them for time-sensitive journeys. Given the airport's distance from the city center, planning ground transport in advance is particularly worthwhile for early morning or late evening arrivals.

## Practical planning notes

Because IAH handles a high volume of international traffic, passengers arriving on international flights should anticipate time for immigration and customs processing before collecting baggage or proceeding to ground transport. The airport operates 24 hours a day, which accommodates a wide range of departure and arrival windows, but overnight facilities and services may be more limited during off-peak hours. Travelers transiting through IAH on connecting itineraries should pay attention to whether their connection requires re-clearing security, particularly when moving between international and domestic terminals. Houston's climate is warm and humid for much of the year, which can affect outdoor waiting areas and curbside conditions.

## Official sources

https://www.fly2houston.com/iah
https://en.wikipedia.org/wiki/George_Bush_Intercontinental_Airport
http://www.wikidata.org/entity/Q744748"
CUN,Cancun International Airport,183,597,yes,"## Overview

Cancun International Airport (IATA: CUN, ICAO: MMUN) is located approximately 16 kilometers southwest of central Cancun, in the state of Quintana Roo on Mexico's Caribbean coast. Positioned at the northern end of the Riviera Maya, it serves as the principal international gateway to one of the Western Hemisphere's most visited resort regions. The airport was developed in the early 1970s alongside Cancun itself, which was purpose-built as a tourism destination, and the two have grown together into a major leisure travel corridor. Operating around the clock, the airport consistently ranks among the busiest in Mexico by international passenger volume, drawing visitors from across North America, Europe, and Latin America.

## Airlines

Cancun is a focus city for several of Mexico's main carriers, with Aeroméxico, Viva Aerobus, and Volaris each maintaining meaningful operations here. The airport's international profile is notably broad for a leisure-oriented destination, attracting major carriers from the United States and Canada, as well as long-haul operators from Europe, particularly during peak winter and spring travel seasons. Charter and vacation-package flights make up a significant share of overall traffic, reflecting the airport's role as a holiday gateway rather than a traditional connecting hub. The carrier mix shifts seasonally, with additional frequencies typically appearing during northern hemisphere winter months when demand from cold-weather markets peaks.

## Terminals and transfers

The airport operates four passenger terminals arranged along a common landside access road. Terminal 4 is the largest and most recently developed, handling a substantial portion of international traffic. Terminal 3 also focuses on international service, while Terminal 2 accommodates a mix of domestic and international flights. Terminal 1 is generally used for charter operations. Passengers connecting between terminals should allow adequate time, as the terminals are separate structures and inter-terminal movement requires ground-level transit. Signage throughout the airport is available in both Spanish and English, which is practical given the high proportion of international leisure travelers passing through.

## Ground transport and trip planning

Cancun's hotel zone, known as the Zona Hotelera, stretches along a narrow barrier island northeast of the airport and is the primary destination for most arriving visitors. The drive between the airport and the hotel zone typically takes between 20 and 40 minutes depending on traffic and the specific hotel location. Authorized taxi and shuttle services operate from designated areas outside the arrivals halls, and pre-booked private transfers are widely available. Public bus options exist for budget-conscious travelers, though routes and stops may require some advance research. For travelers continuing south along the Riviera Maya toward destinations such as Playa del Carmen or Tulum, journey times extend further and private or shared shuttle services are commonly used. Car rental counters are available at the airport for those planning to explore the broader Yucatán Peninsula.

## Practical planning notes

Cancun operates on Eastern Standard Time year-round, as the state of Quintana Roo does not observe daylight saving time. This is worth noting for travelers arriving from regions that do shift clocks seasonally, as the time difference relative to home may change depending on the time of year. The airport handles very high volumes during peak holiday periods, including winter school breaks and spring travel seasons, so arriving with extra time before departure is advisable during those windows. Currency exchange and ATM facilities are available within the terminals. Mexico's entry requirements, including any applicable tourism fees or forms, should be confirmed with official sources before travel, as these can change.

## Official sources

For current operational information, terminal maps, and airline listings, consult the airport operator and reference sources directly:

https://www.asur.com.mx/
https://en.wikipedia.org/wiki/Canc%C3%BAn_International_Airport
http://www.wikidata.org/entity/Q641967"
LHR,London Heathrow Airport,50,606,yes,"## Overview

London Heathrow Airport (LHR / EGLL) sits roughly 15 miles west of central London, positioned at coordinates 51.47°N, 0.45°W in the Thames Valley. It is the United Kingdom's largest and busiest airport and consistently ranks among the most significant international hubs in the world by passenger volume. Operating across two parallel runways, Heathrow serves as the primary long-haul gateway for the United Kingdom, connecting Britain to destinations across North America, Asia, the Middle East, Europe, and beyond. Its geographic position in western London, combined with its scale and carrier diversity, makes it the default choice for travellers entering or departing the UK on intercontinental routes.

## Airlines

Heathrow hosts a broad mix of full-service carriers spanning multiple global alliances and independent operators. Among the airlines tracked on routes through this airport are Qantas, Singapore Airlines, American Airlines, Delta Air Lines, United Nigeria Airlines, Air India, Iberia, KLM Royal Dutch Airlines, Gulf Air, and Cyprus Airways. This carrier mix reflects Heathrow's role as a meeting point for oneworld, SkyTeam, and Star Alliance networks, as well as independent airlines. Routes tracked from Heathrow reach destinations including Bangkok Suvarnabhumi, Boston Logan, New York JFK, Los Angeles, San Francisco, Vancouver, Tokyo Narita, and Chicago O'Hare, covering destination countries such as Thailand, the United States, Canada, Japan, and Singapore. The presence of carriers from multiple continents means travellers can generally find competitive options on major long-haul corridors, though Heathrow's slot-constrained environment means capacity on any given route may be more limited than at some other large hubs.

## Terminals and transfers

Heathrow operates across four active terminals — Terminals 2, 3, 4, and 5 — each serving different airline groupings. Terminal 5 is dedicated primarily to British Airways and Iberia operations. Terminal 2 houses a number of Star Alliance carriers and other airlines. Terminals 3 and 4 serve a further mix of international carriers. Travellers connecting between terminals should allow sufficient time, as inter-terminal transfers require use of the airport's internal transit system and can take longer than expected during busy periods. Passengers are advised to confirm their departure terminal well in advance, as it is not always the same terminal used on arrival, particularly for those connecting between partner airlines.

## Ground transport and trip planning

Heathrow is well served by public transport links into central London. The Elizabeth line (Crossrail) provides a frequent rail connection to central London stations including Paddington, Bond Street, and Liverpool Street, with journey times to central London typically in the range of 25 to 40 minutes depending on the destination station. The Heathrow Express offers a faster, premium-priced non-stop service to Paddington. London Underground Piccadilly line services also connect the airport to central London, taking longer but stopping at a wider range of stations. Coach and taxi services are available, and road access via the M4 and M25 motorways serves those travelling by car. Travellers arriving from or departing to destinations in the United States, Canada, Japan, Thailand, or Singapore should factor in significant time zone differences when planning connections and ground transport, as Heathrow operates on Europe/London time (GMT or BST depending on the season).

## Practical planning notes

Heathrow is a large, complex airport and early arrival is generally advisable, particularly for long-haul departures. Security queue times can vary considerably by terminal, time of day, and season. The airport operates around the clock, though some services and facilities may have reduced availability during overnight hours. Travellers transiting through Heathrow between international flights should verify visa and transit requirements well in advance, as UK transit rules can apply even when not formally entering the country.

## Official sources

https://heathrow.com
https://en.wikipedia.org/wiki/Heathrow_Airport
http://www.wikidata.org/entity/Q8691"
AMS,Amsterdam Airport Schiphol,192,620,yes,"## Overview

Amsterdam Airport Schiphol sits approximately nine kilometers southwest of central Amsterdam, occupying reclaimed polder land in the municipality of Haarlemmermeer in the province of North Holland. The site lies several meters below sea level, a geographical quirk that reflects the broader Dutch tradition of land reclamation from water. Originally established as a military airfield in 1916, Schiphol has grown into one of the most significant aviation hubs in Europe, serving as the primary international gateway to the Netherlands and a major connecting point between long-haul intercontinental routes and the wider European network. Its position within the densely connected northwest European corridor makes it a natural choice for passengers routing between North America, Asia, the Middle East, and destinations across the continent.

## Airlines

Schiphol functions as the principal hub for KLM Royal Dutch Airlines, one of the oldest airlines in the world still operating under its original name. KLM and its regional partners operate an extensive network from the airport, covering short-haul European routes as well as long-haul services to destinations across Africa, Asia, the Americas, and beyond. Transavia, a leisure-oriented carrier affiliated with the KLM group, also maintains a significant presence at Schiphol. As a core node in the SkyTeam alliance, the airport sees considerable traffic from affiliated carriers coordinating connections through the hub. Most major European full-service airlines, a range of low-cost carriers, and numerous intercontinental operators from North America, the Middle East, and Asia maintain scheduled services here, reflecting the airport's broad commercial reach.

## Terminals and transfers

Schiphol operates from a single integrated terminal complex, a design that distinguishes it from many large European airports that rely on multiple separate buildings. The terminal is divided into departure halls that connect to a network of piers, allowing passengers to move between Schengen and non-Schengen areas without leaving the main structure. This layout is generally considered to simplify transfers, as connecting passengers typically do not need to change buildings. The airport handles a substantial volume of transfer traffic, and its configuration is intended to support relatively efficient connections between arriving and departing flights. Passengers should verify specific transfer requirements with their carrier, as Schengen status and visa conditions vary by nationality and route.

## Ground transport and trip planning

Schiphol has a dedicated railway station located directly beneath the terminal, providing direct rail connections to Amsterdam Centraal and to a range of other Dutch cities including Rotterdam, The Hague, and Utrecht. Train services generally run frequently throughout the day, making rail a practical option for reaching central Amsterdam and other urban destinations in the Netherlands. Intercity and international rail services also connect through the station, offering onward options toward Belgium and Germany. Taxi and ride-hailing services operate from designated areas outside the terminal, and various bus connections serve the surrounding region. Travelers planning onward journeys by car should be aware that Schiphol is accessible via the Dutch motorway network, though road congestion in the Amsterdam metropolitan area can be a factor depending on the time of day.

## Practical planning notes

Schiphol operates on a 24-hour basis, though night flights are subject to noise-related restrictions imposed by Dutch aviation authorities. The airport uses the Europe/Amsterdam time zone, which follows Central European Time and Central European Summer Time seasonally. Passengers traveling between Schengen and non-Schengen destinations should allow adequate time for passport control, as queues can vary considerably depending on the time of day and season. The airport is generally well signposted in both Dutch and English. Travelers with early departures or late arrivals may wish to consider accommodation options in the immediate airport vicinity, as several hotels are located within walking distance or a short shuttle ride of the terminal.

## Official sources

https://www.schiphol.nl/
https://en.wikipedia.org/wiki/Amsterdam_Airport_Schiphol
http://www.wikidata.org/entity/Q9694"
IST,Istanbul New Airport,191,599,yes,"## Overview

Istanbul Airport (IATA: IST, ICAO: LTFM) sits in the Arnavutköy district on the European side of Istanbul, positioned roughly 35 kilometres northwest of the historic city centre near the Black Sea coastline. Opened in October 2018 and fully replacing the former Atatürk Airport for commercial passenger traffic by April 2019, it was designed from the outset to serve as one of the largest aviation facilities in the world. Its location in northwestern Turkey places it at a natural geographic crossroads between Europe, the Middle East, Central Asia, and Africa, a position that shapes the airport's role as a major intercontinental connecting hub rather than simply a point-to-point gateway.

## Airlines

Turkish Airlines is the dominant carrier at Istanbul Airport and uses it as its primary global hub, operating an exceptionally wide network spanning Europe, Asia, Africa, the Americas, and the Middle East. The airline's reach means Istanbul functions as a genuine transfer point for passengers connecting between continents, not merely between regional markets. AnadoluJet, the low-cost subsidiary of Turkish Airlines, also operates domestic and some regional services from the airport. Pegasus Airlines maintains a presence, primarily on domestic Turkish routes and select European destinations. Numerous international carriers serve Istanbul Airport as well, connecting it with major cities across Europe and beyond, though the breadth of any individual carrier's schedule may vary by season.

## Terminals and transfers

The airport operates a single large integrated terminal building that handles both domestic and international departures and arrivals under one roof, which simplifies the experience for connecting passengers who might otherwise need to move between separate structures. The terminal is organised into multiple piers and concourses extending from a central hub, with airside transit areas designed to accommodate the high volume of transfer traffic that characterises the airport's operation. Passengers connecting between international flights generally remain airside, though those connecting between international and domestic services should verify current procedures in advance, as requirements can differ. The airport operates around the clock without a night curfew, supporting early morning and late-night connections that are common on long-haul itineraries.

## Ground transport and trip planning

Istanbul Airport is located approximately 35 kilometres from the city centre, and the journey time by road can vary considerably depending on traffic conditions, which in Istanbul can be significant at peak hours. A metro rail connection links the airport to the broader Istanbul public transport network, offering a more predictable travel time than road-based options and reaching central districts of the city. Taxi and ride-hailing services are available from designated areas outside the arrivals level. Private transfer and shuttle services also operate on this corridor. Travellers with early departures or late arrivals should factor in potential road congestion when planning ground transport, and checking current metro operating hours in advance is advisable.

## Practical planning notes

Istanbul operates on Turkey Time, which corresponds to the Europe/Istanbul time zone, currently UTC+3 year-round without seasonal clock changes. This is worth noting for passengers arriving from European destinations that observe daylight saving time, as the offset between Istanbul and western European cities shifts across the year. The airport's scale means that walking distances between check-in areas, security, and gates can be considerable, and passengers are generally advised to allow extra time when transiting or when unfamiliar with the layout. Facilities within the terminal include a range of dining, retail, and passenger services, though specific offerings and locations are subject to change. Checking the official airport website before travel is the most reliable way to confirm current services, gate information, and any operational updates.

## Official sources

https://www.istairport.com
https://en.wikipedia.org/wiki/Istanbul_Airport
http://www.wikidata.org/entity/Q3661908"
MUC,Franz Josef Strauss Airport,188,595,yes,"## Overview

Franz Josef Strauss Airport sits in the Erdinger Moos, a flat moorland area roughly 28 kilometers northeast of central Munich in Bavaria, Germany. Opened in May 1992 as a replacement for the older and increasingly constrained Munich-Riem facility, the airport has grown into one of Germany's busiest international gateways and a significant hub for connecting traffic across Europe and beyond. Its position in southern Germany places it within reach of the Alpine region, making it a common entry point for travelers heading to Bavaria, Austria, and the broader German-speaking world. The airport carries the name of Franz Josef Strauss, the longtime Bavarian minister-president who was a driving force behind its development.

## Airlines

Lufthansa maintains its second-largest hub at Munich, operating an extensive network of short-haul European routes alongside long-haul services to destinations across North America, Asia, the Middle East, and Africa. Several Star Alliance member carriers coordinate schedules through the airport, reinforcing its role as a connecting point for intercontinental itineraries. Leisure-focused carriers including Condor and Discover Airlines also operate from Munich, serving holiday destinations particularly around the Mediterranean and further afield. A range of European and international airlines complement these operations, reflecting the airport's broad geographic reach. Travelers are advised to verify current route availability and carrier schedules directly with airlines or the airport, as networks change seasonally.

## Terminals and transfers

The airport is organized around two main passenger terminals. Terminal 1 accommodates a variety of European and international carriers across several connected modules, while Terminal 2 is jointly operated with Lufthansa and primarily serves Star Alliance traffic. Terminal 2 includes a satellite pier accessible via an underground automated people mover, providing additional gate capacity without requiring passengers to leave the secure area. The two terminals are connected by a central area known as the MAC, which contains retail, dining, and service facilities. Passengers connecting between flights should confirm whether their journey involves a terminal change, as this can affect transit time. Two parallel east-west runways support simultaneous operations, and a nighttime curfew limits scheduled movements during late-night and early-morning hours.

## Ground transport and trip planning

Munich Airport is connected to the city center by S-Bahn suburban rail, with two lines providing frequent service to Munich's central station and onward into the wider rail network. Journey times to the city center are typically around 40 minutes, though travelers should check current timetables. Long-distance rail connections are available via the city center rather than directly at the airport. Coach services link the airport to various Bavarian cities and towns, and a motorway network provides road access for those arriving by car or taxi. Rental car facilities are available on site. Given Munich's role as a gateway to the Alps and surrounding region, travelers continuing by road or rail to destinations in Bavaria or neighboring Austria should plan connections in advance, particularly during peak travel seasons.

## Practical planning notes

The airport operates under a nighttime curfew that restricts most scheduled flights during certain overnight hours, which can affect early-morning departures and late-arriving connections. Travelers on early flights should confirm check-in opening times with their carrier. Munich experiences cold winters and warm summers, and weather conditions in the Erdinger Moos can occasionally affect operations. The airport offers a range of facilities across both terminals, including dining, retail, and passenger services, though specific amenities and their locations are best confirmed through the airport's official resources before travel. Passengers with reduced mobility or specific assistance needs are encouraged to contact their airline and the airport in advance.

## Official sources

https://www.munich-airport.de/
https://en.wikipedia.org/wiki/Munich_Airport
http://www.wikidata.org/entity/Q131402"
BCN,Barcelona-El Prat Airport,184,548,yes,"## Overview

Barcelona-El Prat Josep Tarradellas Airport occupies a low-lying position in the Llobregat delta, roughly 12 kilometres southwest of central Barcelona on the Catalan coast. It is Spain's second-busiest airport by passenger volume and the primary international gateway to Catalonia, serving leisure travellers, business passengers, and cruise connections to the nearby Port of Barcelona. The site has a long aviation history, with activity recorded from the early twentieth century and commercial operations expanding steadily through successive decades of growth. Its coastal location means the airport sits close to the sea, and runway orientation reflects the geography of the delta and prevailing Mediterranean wind patterns.

## Airlines

Vueling, which is headquartered in Barcelona, maintains its principal base at El Prat and operates an extensive network of European and domestic routes from the airport. Ryanair and easyJet both run significant operations here, connecting Barcelona to a wide range of European cities. Iberia provides links to Madrid and to destinations in Latin America. Long-haul service is offered by a number of carriers including American Airlines, Delta, United, Emirates, Qatar Airways, and Singapore Airlines, among others. The mix of low-cost, regional, and full-service long-haul operators reflects Barcelona's dual role as a major leisure destination and a commercially important European city.

## Terminals and transfers

The airport operates two main passenger terminals. T1, which opened in 2009, is a large modern facility handling the majority of full-service and long-haul traffic. T2 is divided into piers and primarily serves low-cost and regional carriers. Passengers connecting between T1 and T2 should allow sufficient time, as the two terminals are not directly connected on foot and a shuttle bus service links them. Travellers should confirm which terminal their airline uses before arriving, as this affects both check-in location and ground transport choices. Facilities across both terminals include check-in halls, security screening, retail and food options, and passenger services.

## Ground transport and trip planning

Barcelona-El Prat is reasonably well connected to the city centre by public transport. The Aerobus express coach service runs between the airport and Plaça de Catalunya, with stops serving both terminals. The suburban rail network also connects the airport to Barcelona Sants and the broader metropolitan rail system, though the station serves T2 and passengers using T1 may need to use a connecting shuttle. Taxi services are available from designated ranks outside the arrivals areas. For those travelling onward to destinations along the Catalan coast or inland, the airport's position near major road corridors makes car hire a practical option. Journey times to central Barcelona vary depending on traffic and mode of transport.

## Practical planning notes

The airport operates around the clock, though night-time noise restrictions may affect the scheduling of certain flights. Passengers on early departures or late arrivals should verify transport options in advance, as some public services operate on reduced schedules during overnight hours. Security queue times can vary considerably during peak summer travel periods, when Barcelona attracts high visitor numbers. Arriving with adequate time before departure is advisable, particularly during July and August. The airport uses the Europe/Madrid time zone, which observes Central European Time in winter and Central European Summer Time during the warmer months. Travellers arriving from outside the Schengen Area should be aware of passport control requirements.

## Official sources

https://www.aena.es/es/josep-tarradellas-barcelona-el-prat.html
https://en.wikipedia.org/wiki/Josep_Tarradellas_Barcelona%E2%80%93El_Prat_Airport
http://www.wikidata.org/entity/Q56973"
LGW,London Gatwick Airport,194,592,yes,"## Overview

London Gatwick Airport, coded LGW and located in West Sussex approximately 45 kilometres south of central London, is the United Kingdom's second busiest airport and one of the most significant aviation hubs in Europe. Sitting at coordinates 51.16°N, 0.16°W, the airport has served commercial passengers since the 1930s and underwent major redevelopment in the late 1950s to establish the modern terminal infrastructure that underpins its operations today. Gatwick plays a complementary role to Heathrow, handling a broad mix of short-haul European routes and long-haul intercontinental services, and is particularly associated with leisure travel as well as point-to-point low-cost flying. Its position in the Europe/London time zone places it at the heart of transatlantic and European scheduling windows, making it a practical choice for travellers connecting between North America, the Caribbean, Africa, Asia and the wider European continent.

## Airlines

Gatwick is home to one of easyJet's largest bases anywhere in its network, with the carrier operating an extensive programme of European and short-haul routes from the airport. British Airways maintains both short-haul and long-haul services here, supplementing its primary Heathrow operation. TUI Airways uses Gatwick as a key departure point for leisure and package-holiday destinations. Wizz Air, Vueling and Ryanair contribute significant low-cost capacity, while Norse Atlantic Airways operates transatlantic services. International carriers including Emirates, WestJet and Cathay Pacific have been associated with long-haul routes at Gatwick, alongside various European flag carriers. The airline mix reflects the airport's dual identity as both a budget-travel hub and a genuine intercontinental gateway.

## Terminals and transfers

Gatwick operates two terminals: the South Terminal and the North Terminal. The South Terminal is the older of the two and handles a broad range of carriers and route types, while the North Terminal accommodates additional airlines including several of the airport's larger operators. The two terminals are connected by a dedicated automated transit system that runs continuously, keeping transfer times between buildings manageable. Passengers should confirm which terminal their airline uses before travel, as the two buildings are separate facilities with their own check-in, security and departure areas. The airport operates on a single main runway, with a secondary standby runway available when required.

## Ground transport and trip planning

Gatwick benefits from strong rail connections into central London, with the Gatwick Express and other Southern and Thameslink services linking the airport to London Bridge, Blackfriars, City Thameslink, Farringdon and St Pancras International, as well as London Victoria. Journey times to central London by rail are generally under an hour. National Express and other coach operators provide road-based connections to London and destinations across the United Kingdom. Taxis and private hire vehicles are available from designated ranks. For travellers arriving by car, the airport is accessible via the M23 motorway, with on-site and off-site parking options available in various categories. Passengers are advised to check current transport timetables and book in advance during busy travel periods.

## Practical planning notes

Gatwick operates around the clock, though night-time noise restrictions apply and may affect the scheduling of certain flights. Passengers should allow sufficient time at the airport, particularly during peak holiday seasons when queues at check-in and security can be longer than usual. The airport's two-terminal layout means that passengers connecting between flights operated from different terminals should factor in transit time. Facilities across both terminals include retail, dining and currency exchange options, though the specific availability of services may vary. Travellers with accessibility requirements are encouraged to contact their airline or the airport in advance to arrange appropriate assistance.

## Official sources

https://www.gatwickairport.com/
https://en.wikipedia.org/wiki/Gatwick_Airport
http://www.wikidata.org/entity/Q8703"
ORY,Paris Orly Airport,177,597,yes,"## Overview

Paris Orly Airport (IATA: ORY, ICAO: LFPO) sits roughly 13 kilometres south of central Paris, positioned across the communes of Orly and Villeneuve-le-Roi within the Île-de-France region. It serves as the French capital's second major international airport, operating alongside Paris Charles de Gaulle to the north. Orly opened to commercial aviation in the early 1930s and for several decades held the distinction of being Paris's busiest airport before Charles de Gaulle assumed that role. Today it remains a significant hub for domestic French routes, medium-haul European services, and connections to French overseas territories and North Africa. Its southern location relative to the city centre makes it a practical entry point for travellers heading into the Left Bank, the southern arrondissements, or destinations along the A6 corridor.

## Airlines

Orly functions as an important operational base for Air France, which concentrates a substantial portion of its domestic and short-to-medium-haul European flying here. Transavia France, the low-cost subsidiary of Air France-KLM, treats Orly as its primary hub and operates a broad network of leisure-oriented routes from the airport. Vueling and easyJet maintain meaningful presences, contributing to the airport's European connectivity. Carriers serving North Africa, the French Caribbean, and the Indian Ocean islands represent a structurally important segment of Orly's traffic, reflecting France's historical and administrative ties to those regions. Prospective travellers should verify current route availability and carrier schedules directly with airlines or booking platforms, as networks change seasonally.

## Terminals and transfers

Following a significant restructuring completed in 2019, Orly consolidated its previously separate terminal buildings into a single unified terminal complex. This facility is divided into four connected halls, labelled Orly 1 through Orly 4, which together handle both domestic and international departures and arrivals. The integrated design allows passengers to move between halls without leaving the terminal envelope in most circumstances, though travellers connecting between flights should allow adequate time and consult signage or airport staff for specific transfer paths. The airport operates under a nighttime curfew that restricts flight movements during late-night and early-morning hours, which affects the scheduling of both arrivals and departures at the margins of the day.

## Ground transport and trip planning

Orly is connected to central Paris and the broader Île-de-France public transport network by several options. The Orlyval automated shuttle links the airport to the RER B line at Antony station, providing onward access to central Paris, the Left Bank, and connections toward Charles de Gaulle Airport. Bus services operated by regional transport authority Île-de-France Mobilités also serve the airport, connecting it to various RER and metro stations. Taxis and ride-hailing services are available from designated areas outside the terminal. Travellers driving to or from the airport can access it via the A6 and A10 motorways, which connect southward toward the Loire Valley and northward into Paris. Journey times to central Paris vary considerably depending on traffic conditions, particularly during peak commuting hours on weekdays.

## Practical planning notes

Orly's nighttime curfew means that very early morning or very late evening flights may not be available, and travellers with tight itineraries should account for this when planning connections. The airport's single-terminal layout, while generally efficient, can experience congestion during peak travel periods, particularly around French school holiday windows and summer months when leisure traffic to Mediterranean and overseas destinations intensifies. Passengers travelling to or from French overseas territories should be aware that these routes, while domestic in a legal sense, may involve longer flights and different check-in requirements. As with any major European airport, arriving with sufficient time before departure is advisable.

## Official sources

https://en.wikipedia.org/wiki/Orly_Airport
http://www.wikidata.org/entity/Q223416"
ZRH,Zurich Airport,184,616,yes,"## Overview

Zurich Airport (IATA: ZRH, ICAO: LSZH) is Switzerland's largest airport and its primary international gateway, situated roughly 13 kilometres north of central Zurich near the municipality of Kloten in the canton of Zurich. Operating within the Europe/Zurich time zone (UTC+1, or UTC+2 during Central European Summer Time), the airport serves not only the city of Zurich but also a broad catchment area spanning German-speaking Switzerland and parts of neighbouring Austria and southern Germany. Its position in the heart of continental Europe makes it a natural connecting point between Western Europe, the Alpine region, and long-haul destinations across multiple continents. The airport first opened in 1948 and has grown considerably since, reflecting Zurich's role as a global financial and business centre.

## Airlines

Zurich Airport functions as the principal hub for Swiss International Air Lines, the Swiss flag carrier and a member of the Lufthansa Group, which operates a wide network of short-, medium-, and long-haul routes from the airport. Edelweiss Air, a leisure-oriented subsidiary of Swiss, also bases significant operations here. Most major European network carriers maintain regular services to Zurich, and the airport is well integrated into the Star Alliance network. Long-haul connectivity is provided by carriers from North America, the Middle East, and Asia, reflecting the airport's status as a premium intercontinental gateway. Low-cost carriers also serve a number of European leisure and city destinations, broadening the range of options available to travellers.

## Terminals and transfers

The airport is organised around three main terminal areas, commonly referred to as terminals A, B/D, and E. Dock E handles non-Schengen international flights and is connected to the main terminal complex by an underground automated people mover, meaning passengers transiting between Schengen and non-Schengen areas should allow adequate time for this transfer. Passport control and security checkpoints are positioned according to Schengen zone requirements, so the terminal a passenger uses depends on the nature of their journey. Travellers connecting between flights should check their specific routing carefully, as transfer times can vary depending on which docks are involved. The airport generally maintains a reputation for efficient operations, though passengers on tight connections involving zone changes are advised to allow extra time.

## Ground transport and trip planning

Zurich Airport benefits from an integrated public transport connection that places it within easy reach of central Zurich and the broader Swiss rail network. A dedicated railway station beneath the terminal building provides direct train services into Zurich's main station, with journey times typically under fifteen minutes. Regional and intercity rail connections extend this reach to destinations across Switzerland and into neighbouring countries. Taxis and ride services are available at designated areas outside the arrivals hall. Car hire facilities are located within the airport complex. For those driving, the airport is accessible via the Swiss motorway network, with parking available in several structures on site. Travellers planning onward journeys by rail are advised to check Swiss Federal Railways timetables in advance, as connections to many Swiss cities are frequent and well-coordinated with flight arrivals.

## Practical planning notes

A nighttime curfew restricts flight movements between approximately 23:30 and 06:00, which may affect very early departures or late arrivals. Passengers on early morning flights should confirm check-in opening times with their carrier, as terminal access and services may be limited before the curfew lifts. Zurich Airport operates in Swiss francs, though euros are widely accepted at many retail and food outlets. The airport sits at a moderate elevation within the Swiss Plateau, and weather conditions, particularly in winter, can occasionally affect operations. Travellers are encouraged to monitor flight status through their airline or the airport's official channels during periods of adverse weather.

## Official sources

https://www.flughafen-zuerich.ch/
https://en.wikipedia.org/wiki/Zurich_Airport
http://www.wikidata.org/entity/Q15114"
VIE,Vienna International Airport,187,589,yes,"## Overview

Vienna International Airport (IATA: VIE, ICAO: LOWW) is located approximately 18 kilometres southeast of central Vienna, near the town of Schwechat in Lower Austria. It functions as Austria's primary international gateway and one of Central Europe's more significant connecting hubs, positioned geographically to bridge Western Europe with Eastern Europe, the Middle East, and longer-haul destinations across Asia and North America. The airport traces its civilian history to the mid-twentieth century, having been developed on the grounds of a former wartime military airfield. Today it operates around the clock, subject to certain night-flight restrictions, and handles a broad mix of full-service, regional, and low-cost traffic.

## Airlines

Austrian Airlines, Austria's flag carrier and a member of the Lufthansa Group, uses Vienna as its primary hub and accounts for a substantial share of the airport's scheduled capacity. The airline connects Vienna to a wide range of European cities as well as intercontinental destinations across North America, Asia, and Africa. Low-cost carriers including Wizz Air and Ryanair maintain meaningful presences at the airport, serving numerous European leisure and secondary-city routes. Several major European network carriers, Gulf carriers, and other long-haul operators also serve Vienna on scheduled rotations, reflecting the airport's role as a genuine connecting point rather than a purely origin-and-destination facility.

## Terminals and transfers

The airport operates a single integrated passenger terminal complex, broadly divided into Terminal 1, Terminal 1A, and Terminal 3. Terminal 3 is the larger and more recently developed section, handling a significant portion of long-haul and Star Alliance traffic. The terminal layout is designed to allow connecting passengers to move between areas without leaving the secure zone in most cases, though travellers should verify transfer requirements based on their specific itinerary and the carriers involved. Check-in halls, security checkpoints, and gate areas are distributed across the complex, and signage throughout the airport is provided in both German and English. Passengers making international connections should allow adequate time, particularly during peak travel periods.

## Ground transport and trip planning

Vienna International Airport is well connected to the city centre by several surface transport options. The City Airport Train, known as the CAT, provides a dedicated non-stop rail link to Wien Mitte station in central Vienna and is among the faster options for reaching the inner city. The S-Bahn suburban rail network also serves the airport, offering a slower but more affordable alternative with stops at several stations across the Vienna metropolitan area. Bus services connect the airport to various points in the city and to destinations in the surrounding Lower Austria region. Taxis and ride-hailing services are available from designated areas outside the arrivals hall. For travellers arriving by car, the airport is accessible via the A4 motorway, and parking facilities of varying price tiers are available on site.

## Practical planning notes

Vienna operates in the Central European time zone, observing Central European Summer Time during the warmer months. The airport functions on a 24-hour basis, though night-flight quotas apply and may affect the scheduling of very early or very late departures and arrivals. Passengers travelling to or from non-Schengen destinations should be aware that passport control applies and should factor additional time into their plans. The airport's location in Lower Austria means that weather conditions, including occasional winter fog or snow, can influence operations during certain seasons. Travellers are advised to check current flight status with their carrier before departing for the airport.

## Official sources

For current terminal maps, flight information, parking, and transport details, consult the sources below:

http://www.viennaairport.com/en
https://en.wikipedia.org/wiki/Vienna_International_Airport
http://www.wikidata.org/entity/Q32999"
DUB,Dublin Airport,191,597,yes,"## Overview

Dublin Airport is Ireland's primary international gateway, situated roughly ten kilometres north of Dublin city centre in the townland of Collinstown, County Fingal. It is by a considerable margin the busiest airport in Ireland and one of the more significant aviation hubs in northwest Europe, connecting the island of Ireland to destinations across Europe, North America, the Middle East and beyond. The airport has a long operational history, having first opened in 1940, and its original terminal building — a curved Art Deco structure designed by architect Desmond FitzGerald — remains on site as a protected structure, offering a tangible link to the airport's early decades. Dublin's position on the eastern seaboard of Ireland, combined with its role as the country's capital and largest city, makes it the natural focal point for both inbound tourism and outbound travel.

## Airlines

Dublin Airport serves as the principal hub and registered headquarters for Aer Lingus, Ireland's flag carrier, which operates an extensive network of European and transatlantic routes from the airport. Ryanair, one of Europe's largest low-cost carriers, also maintains a substantial operational base at Dublin. Beyond these two dominant Irish carriers, a broad range of European, North American and Middle Eastern airlines serve the airport. Carriers from across the continent connect Dublin to major European cities, while several North American airlines operate transatlantic services, taking advantage of the airport's US Customs and Border Protection preclearance facility — one of only a small number of such facilities outside the United States. This preclearance arrangement allows passengers travelling to the United States to complete immigration and customs formalities before departure, which can meaningfully simplify arrival procedures on the American side.

## Terminals and transfers

Dublin Airport operates two passenger terminals. Terminal 1 is the older of the two and generally handles short-haul European and domestic services, while Terminal 2, which opened in 2010, accommodates a significant share of long-haul and transatlantic traffic, including the US preclearance operation. The two terminals are connected by a covered walkway, and signage throughout the campus is generally clear. Passengers transferring between flights should allow adequate time and confirm with their carrier which terminal their onward flight departs from, as this can vary. The airport operates around the clock, though night-time movement restrictions apply to aircraft operations.

## Ground transport and trip planning

Dublin city centre is accessible from the airport by several surface transport options. Dedicated coach services run frequently between the airport and various points in the city, including the city centre and key transport interchanges. Taxi and private hire services are available from designated ranks outside the terminals. Car rental facilities are located within the airport campus. Road access is provided via the M1 motorway and surrounding national road network, making the airport reasonably accessible from much of the greater Dublin area and from further afield in Ireland. Travellers arriving from or departing to other parts of the country may find coach connections useful for onward journeys beyond Dublin.

## Practical planning notes

Dublin Airport can experience significant congestion during peak travel periods, particularly in summer months and around public holidays. Passengers are generally advised to arrive well ahead of their scheduled departure time, especially during busy periods. Security queue times can vary considerably depending on the time of day and season. The airport has a range of retail, food and beverage facilities across both terminals, though the specific offerings may change over time. Passengers with reduced mobility or specific accessibility requirements should contact their airline or the airport in advance to arrange appropriate assistance.

## Official sources

https://en.wikipedia.org/wiki/Dublin_Airport
http://www.wikidata.org/entity/Q178021"
CPH,Copenhagen Airport,186,588,yes,"## Overview

Copenhagen Airport, officially known as Copenhagen Airport Kastrup and identified by the IATA code CPH, is situated on the island of Amager approximately eight kilometres southeast of central Copenhagen. It is widely regarded as the largest and busiest airport in the Nordic region, serving as Denmark's primary international gateway and a significant hub for air travel across Scandinavia and northern Europe. The airport has a long operational history, having first opened in the 1920s, and has grown steadily to accommodate the demands of modern aviation. Its position within the broader European air network makes it a natural connecting point for passengers travelling between Scandinavia and destinations across Europe, the North Atlantic, the Middle East and Asia.

## Airlines

Copenhagen Airport is the principal hub for Scandinavian Airlines, commonly known as SAS, which operates an extensive network of European and intercontinental routes from the airport. Several low-cost carriers also maintain a meaningful presence, including Norwegian and easyJet, offering connections to a range of European cities. Long-haul services to destinations in North America, the Middle East and Asia are provided by a combination of SAS and international carriers such as Emirates, Lufthansa and KLM, among others. The airport's role as a Nordic hub means it attracts a broad mix of full-service, regional and budget airlines, giving passengers a reasonable range of options across different fare categories and route types.

## Terminals and transfers

The airport operates three passenger terminals. Terminal 2 and Terminal 3 are physically connected and together handle the majority of scheduled international and domestic traffic. Terminal 1 is generally used for domestic services. Passengers connecting between flights should allow adequate time to navigate between piers, as gate areas can be spread across a considerable distance within the terminal complex. The airport is generally well signposted in both Danish and English, which assists international travellers during transfers. Facilities within the terminals include a range of retail and dining options, as well as seating areas and passenger services distributed across the departure zones.

## Ground transport and trip planning

Copenhagen Airport benefits from strong public transport links to the city centre. A direct rail connection operates from a station located within the terminal complex, providing a fast and straightforward journey into central Copenhagen. The metro also serves the airport, offering an additional option for reaching various parts of the city. Taxi services are available outside the arrivals areas, and car hire facilities are accessible within the airport. For passengers driving to the airport, parking is available in several zones at varying price points. Given the airport's proximity to the city, journey times by rail or metro are generally short, making Copenhagen Airport one of the more conveniently connected major airports in Europe.

## Practical planning notes

Copenhagen Airport operates around the clock, though night-time noise restrictions may influence the scheduling of certain flights. Passengers are advised to check terminal assignments in advance, as different airlines and flight types may use different parts of the airport. Security queues can vary depending on the time of day and season, so arriving with sufficient time before departure is recommended. The airport is located in the Europe/Copenhagen time zone, and travellers arriving from outside the Schengen Area should be prepared for passport control procedures. Currency exchange and ATM facilities are available within the terminal areas. English is widely spoken throughout the airport, reflecting Denmark's high levels of English proficiency.

## Official sources

For current flight information, terminal maps, transport options and airport services, the following sources are recommended:

http://www.cph.dk/
https://en.wikipedia.org/wiki/Copenhagen_Airport
http://www.wikidata.org/entity/Q206277"
ARN,Stockholm Arlanda Airport,189,621,yes,"## Overview

Stockholm Arlanda Airport is Sweden's largest airport and the primary international gateway for the country, situated approximately 37 kilometres north of central Stockholm in the municipality of Sigtuna. Operating under the IATA code ARN and ICAO code ESSA, the airport sits at coordinates 59.65°N, 17.93°E on a broad plateau north of the Swedish capital. Arlanda opened to scheduled commercial traffic in 1962 and has grown steadily to become one of the most significant aviation hubs in the Nordic region, connecting Sweden with destinations across Europe, North America, the Middle East, and Asia. Its position within the Europe/Stockholm time zone places it well for connections between western Europe and further eastern destinations. The airport is operated by Swedavia, the Swedish state-owned airport authority, and serves both leisure and business travellers in large numbers throughout the year.

## Airlines

Arlanda serves as the primary hub for Scandinavian Airlines, commonly known as SAS, which operates an extensive network of European and intercontinental routes from the airport. Norwegian Air Shuttle has historically maintained a significant presence at Arlanda, particularly on European leisure routes. BRA Braathens Regional Airlines is an important operator on domestic Swedish services. Among international carriers, Lufthansa, KLM, Air France, British Airways, Finnair, Turkish Airlines, and Qatar Airways are among those understood to serve the airport, connecting Stockholm with major European capitals and long-haul destinations. Several carriers link Arlanda with transatlantic destinations including points in North America. The airline mix reflects Arlanda's dual role as both a domestic hub and a major international gateway for Scandinavia.

## Terminals and transfers

Arlanda operates four passenger terminals. Terminals 2 and 5 are dedicated primarily to international flights, while Terminals 3 and 4 handle domestic services. The terminals are connected by internal walkways and a landside road system, and passengers transferring between international and domestic flights should allow adequate time to navigate between buildings. The airport operates around the clock, though night-hour noise restrictions may affect the scheduling of certain flights. Ongoing modernisation work at the airport may affect terminal layouts and facilities from time to time, so checking current conditions before travel is advisable. The airport has three runways, including a crosswind runway, which supports simultaneous operations and contributes to overall resilience in varied weather conditions.

## Ground transport and trip planning

Arlanda is well connected to central Stockholm by several transport options. The Arlanda Express rail service provides a direct, high-speed link between the airport and Stockholm Central Station, with a journey time generally understood to be around 20 minutes, making it one of the faster airport rail connections in Europe. Regional commuter trains operated by SL and Mälartåg also serve the airport via Arlanda Central station, offering a more economical alternative at the cost of a longer journey. Bus services connect the airport with Stockholm city centre and surrounding areas, including routes serving Uppsala to the north. Taxis and ride-hailing services are available from designated areas outside the terminals. For travellers arriving by car, the airport is accessible via the E4 motorway, and parking facilities of varying durations are available on site.

## Practical planning notes

Arlanda's location in central Sweden means it can experience cold winters with the possibility of snow and ice, which may occasionally affect operations. Travellers are advised to check flight status during winter months. The airport operates in the Europe/Stockholm time zone, which is Central European Time in winter and Central European Summer Time during warmer months. Passengers connecting between international and domestic terminals should verify their transfer requirements carefully, as separate check-in and security processes may apply. Facilities at the airport generally include dining, retail, and currency exchange options across the terminals, though specific offerings may change over time.

## Official sources

https://www.swedavia.com/arlanda/
https://en.wikipedia.org/wiki/Stockholm_Arlanda_Airport
http://www.wikidata.org/entity/Q223499"
OSL,Oslo Airport Gardermoen,177,574,yes,"## Overview

Oslo Airport Gardermoen is Norway's principal international airport and one of the most significant aviation hubs in the Nordic region. Located approximately 35 kilometres northeast of central Oslo in the municipality of Ullensaker, the airport sits on a plateau in eastern Norway at an elevation that can bring notable winter weather conditions, including heavy snowfall and sub-zero temperatures. The facility opened in 1998 as a purpose-built replacement for the former Oslo Airport Fornebu, which had grown too constrained for a capital city of Oslo's scale. Gardermoen operates around the clock, though nighttime operations are subject to restrictions designed to limit noise impact on surrounding communities.

## Airlines

Gardermoen functions as the primary hub for Scandinavian Airlines, which operates an extensive network of European and intercontinental routes from the airport. Norwegian Air Shuttle has historically maintained a significant presence here, and Widerøe uses the airport as a key node in its regional network connecting smaller Norwegian communities. A range of major European and global carriers serve the airport, including KLM, Lufthansa, Air France, British Airways, Finnair, Turkish Airlines, Qatar Airways, and Emirates, among others. This breadth of service reflects Oslo's role as both a business travel destination and a gateway to Norway's tourism offerings, from the fjords of the west to the Arctic north.

## Terminals and transfers

The airport operates a single integrated terminal building divided into domestic and international sections. A northern expansion completed in 2017 substantially increased the terminal's capacity and added additional gate positions. The domestic and international piers are connected landside, making connections between Norwegian regional flights and international services relatively straightforward. Two parallel runways, both oriented roughly north–south, allow simultaneous independent operations, which supports the airport's high throughput. The terminal's interior reflects a restrained Scandinavian design sensibility, making use of timber and natural light. Passengers connecting between domestic and international flights should allow adequate time to clear any required border formalities, as Norway is not a member of the European Union, though it participates in the Schengen Area.

## Ground transport and trip planning

Gardermoen is well connected to central Oslo by rail. The Flytoget airport express train provides a frequent, dedicated service between the airport and Oslo Central Station, with the journey typically taking around 20 minutes. Regional and intercity trains operated by Vy also serve the airport station, offering connections to destinations beyond Oslo at generally lower fares. Bus services link the airport to Oslo and to surrounding towns and regions. Road access is available via the E6 motorway, and car rental facilities are located at the airport. Taxis and ride services are available from designated areas outside the terminal. Given Norway's winter conditions, travellers arriving or departing between late autumn and early spring should account for the possibility of weather-related delays.

## Practical planning notes

Norway uses the Norwegian krone, and currency exchange and ATM facilities are available within the terminal. The airport offers a range of dining, retail, and service options across both the departure and arrival areas. Security and border control processes can experience higher volumes during peak travel periods, particularly in summer and around Norwegian public holidays. Travellers on connecting itineraries should verify whether their baggage is checked through to their final destination or requires recollection and re-check at Gardermoen. As conditions and services at airports change over time, passengers are encouraged to confirm current details directly with their airline and the airport before travel.

## Official sources

http://www.osl.no
https://en.wikipedia.org/wiki/Oslo_Airport,_Gardermoen
http://www.wikidata.org/entity/Q210559"
HEL,Helsinki-Vantaa Airport,193,600,yes,"## Overview

Helsinki-Vantaa Airport (IATA: HEL, ICAO: EFHK) is Finland's primary international gateway, situated roughly 17 kilometres north of central Helsinki in the municipality of Vantaa. It is by a considerable margin the busiest airport in the country, handling the large majority of Finland's scheduled passenger and cargo traffic. The airport traces its origins to the early 1950s, when it was developed to serve the 1952 Helsinki Olympic Games, and has undergone successive expansions to meet growing demand over the decades. Its position in the Nordic region, combined with Finland's geographic location between Europe and Asia, has shaped the airport's long-standing role as a transit point on routes connecting the two continents.

## Airlines

Helsinki-Vantaa serves as the main hub for Finnair, Finland's flag carrier and a member of the Oneworld global airline alliance. Finnair has historically emphasised the airport's position on the great-circle routing between northern Europe and destinations in East and Southeast Asia, making it a notable stopover option for travellers on those corridors. Beyond Finnair, the airport is served by a range of European network carriers, low-cost operators, and intercontinental airlines. Carriers such as Lufthansa, KLM, British Airways, SAS, and Norwegian have maintained regular service, alongside airlines from the Middle East and Asia. The specific mix of carriers and routes operating at any given time is subject to change, and travellers should verify current schedules directly with airlines or the airport operator.

## Terminals and transfers

The airport operates a single integrated passenger terminal. Areas that were historically designated as Terminal 1 and Terminal 2 have been brought together under one connected structure following expansion work completed in the early 2020s. The unified layout is intended to simplify movement between departures, arrivals, and connecting gates. Passengers transferring between flights should allow adequate time to clear any required security or passport control processes, particularly when connecting between Schengen and non-Schengen areas of the terminal. The airport operates around the clock without a formal overnight curfew, which supports its function as a transit hub for long-haul connections.

## Ground transport and trip planning

Helsinki-Vantaa is connected to central Helsinki and the wider metropolitan area by several ground transport options. A direct rail link runs between the airport and Helsinki Central Railway Station, with services also stopping at intermediate stations including Tikkurila and Pasila, making the train a practical choice for many travellers. Bus and coach services provide additional connections to parts of the city and region not directly served by the rail line. Taxi and ride-hailing services operate from designated areas outside the terminal. Journey times to central Helsinki vary by mode and time of day, but the rail connection is generally considered one of the more reliable options. Travellers arriving during peak hours or with significant luggage should factor in additional time.

## Practical planning notes

Helsinki-Vantaa operates in the Europe/Helsinki time zone, which observes Eastern European Time and Eastern European Summer Time seasonally. Finland is a member of the Schengen Area, which affects passport control requirements depending on a traveller's origin and destination. The airport's northern latitude means that winter conditions, including snow and ice, can affect operations during colder months, and travellers should monitor flight status during periods of severe weather. Facilities within the terminal include dining, retail, and passenger services typical of a major European hub airport, though specific offerings may change over time. Passengers with accessibility requirements are advised to contact their airline or the airport operator in advance to confirm available assistance.

## Official sources

For current operational information, terminal maps, transport options, and airline contacts, consult the following sources:

https://www.finavia.fi/fi/lentoasemat/helsinki-vantaa

https://en.wikipedia.org/wiki/Helsinki_Airport

http://www.wikidata.org/entity/Q215327"
ATH,Eleftherios Venizelos International Airport,182,575,yes,"## Overview

Eleftherios Venizelos International Airport (IATA: ATH, ICAO: LGAV) sits in the Mesogeia plain of the Attica region, roughly 20 kilometres east of central Athens. Named after the prominent Greek statesman Eleftherios Venizelos, the airport opened in 2001 and replaced the long-serving Ellinikon Airport closer to the city. It functions as the primary international gateway to Greece and the busiest aviation hub in the country, connecting Athens to destinations across Europe, the Middle East, North Africa, and beyond. Its position in southeastern Europe gives it a natural role as a transit point between western Europe and destinations further east, and its proximity to the Aegean Sea makes it the main departure point for travellers heading to the Greek islands.

## Airlines

Aegean Airlines, Greece's largest carrier, maintains its principal hub at Athens, operating an extensive network of European routes alongside domestic services to the Greek islands and mainland cities. Its subsidiary Olympic Air contributes additional regional connectivity. Sky Express operates from Athens as well, focusing on domestic island routes. A broad range of European full-service and low-cost carriers serve the airport on year-round schedules, with the network expanding considerably during the summer travel season when demand for leisure travel to Greece peaks. Several intercontinental carriers connect Athens to long-haul destinations, reflecting the city's role as both a cultural destination and a regional hub.

## Terminals and transfers

The airport is organised around a main terminal building and a satellite terminal, linked by an underground walkway that passengers use to move between gates. Both Schengen and non-Schengen traffic are handled within this integrated structure, with dedicated processing areas for each. The layout is generally considered manageable in scale, though peak summer periods can bring higher passenger volumes. Passengers connecting between flights should allow adequate time to clear any necessary passport or security checks, particularly when moving between Schengen and non-Schengen zones. The airport operates continuously without a night curfew, which supports early morning and late evening connections.

## Ground transport and trip planning

Athens is accessible from the airport by several ground transport options. The Metro Line 3 provides a direct rail link between the airport and central Athens stations, including Syntagma and Monastiraki, making it a practical choice for travellers heading into the city centre. Express bus services also run between the airport and various points in Athens and the port of Piraeus, which is the main departure point for ferry services to the Greek islands. Taxis and ride-hailing services operate from designated areas outside the arrivals hall. For travellers planning onward journeys to the islands, coordinating arrival times with ferry or domestic flight schedules is worth considering, as Piraeus and the port of Rafina are both within reasonable distance of the airport.

## Practical planning notes

Athens experiences a Mediterranean climate, with hot, dry summers and mild winters, which influences both travel demand and conditions at the airport. Summer months tend to bring the highest passenger volumes, so arriving with extra time before departure is advisable during this period. The airport operates around the clock, which can be useful for travellers on early or late itineraries. Facilities within the terminal include dining, retail, and currency exchange services, though the specific availability of services may vary by terminal area and time of day. Travellers transiting through Athens from outside the Schengen Area should verify visa and entry requirements in advance, as rules vary by nationality and onward destination.

## Official sources

https://www.aia.gr/
https://en.wikipedia.org/wiki/Athens_International_Airport
http://www.wikidata.org/entity/Q211734"
WAW,Frederic Chopin Airport,189,599,yes,"## Overview

Warsaw Chopin Airport (WAW / EPWA) sits roughly ten kilometers southwest of central Warsaw in the Włochy district, making it the closest major international airport to the Polish capital's city center. As the largest and busiest airport in Poland, it functions as the country's primary gateway for both leisure and business travelers. The airport traces its origins to the 1930s, when it was established on the grounds of a former military airfield, and was renamed in 2001 to honor Frédéric Chopin, the celebrated Polish composer. Its location within the city limits, combined with strong rail and road connections, gives it an accessibility advantage that few Central European airports can match.

## Airlines

Chopin Airport serves as the main hub for LOT Polish Airlines, Poland's national flag carrier, which operates a broad network of European routes alongside intercontinental services to destinations in North America and Asia. Several charter and leisure carriers, including Enter Air, also maintain a meaningful presence here. Among the international airlines serving Warsaw, travelers can generally expect connections with major European network carriers such as Lufthansa, Air France, KLM, and British Airways, as well as Middle Eastern carriers including Turkish Airlines, Emirates, and Qatar Airways. The airport's role as a regional hub means it attracts a wide range of scheduled operators linking Warsaw to cities across Europe, the Middle East, and beyond.

## Terminals and transfers

The airport operates a single integrated passenger terminal, formed by the consolidation of two previously separate wings. This unified structure handles both domestic and international departures and arrivals under one roof, which simplifies the experience for passengers connecting between flights. Airside connections between different parts of the terminal are generally straightforward, though travelers should allow adequate time when transferring between non-Schengen and Schengen zones, as passport control procedures apply. The terminal layout includes a range of retail, dining, and service facilities, though specific offerings may change over time and are best confirmed closer to travel.

## Ground transport and trip planning

Warsaw Chopin Airport benefits from a direct rail link into the city center via the SKM and KM commuter rail services, with trains running to Warsaw Central Station and other stops in the city. Journey times by rail to the central station are typically short, making this one of the more convenient airport rail connections in the region. Bus services also connect the airport to various parts of Warsaw, and taxis as well as ride-hailing options are available at designated areas outside the arrivals hall. For travelers arriving from or departing to other Polish cities, the airport's proximity to major road corridors provides reasonable access by car or coach, though urban traffic conditions in Warsaw can affect journey times during peak hours.

## Practical planning notes

Chopin Airport operates around the clock, though certain night-time noise restrictions may limit specific flight movements during late evening and early morning hours. Travelers should verify departure and arrival times with their airline, particularly for early or late flights. The airport uses the Europe/Warsaw time zone, which follows Central European Time and observes daylight saving adjustments in line with European Union practice. Security and border procedures at Chopin reflect Poland's membership in the Schengen Area, meaning that travelers moving between Schengen countries do not face passport checks at internal borders, while those arriving from or departing to non-Schengen destinations pass through dedicated passport control lanes. Arriving with sufficient time before departure is advisable, especially during busy travel periods.

## Official sources

For current flight information, terminal maps, and passenger services, consult the airport's official website and reference sources below:

https://www.lotnisko-chopina.pl/pl/index.html
https://en.wikipedia.org/wiki/Warsaw_Chopin_Airport
http://www.wikidata.org/entity/Q465071"
PRG,Vaclav Havel Airport Prague,185,620,yes,"## Overview

Václav Havel Airport Prague sits roughly 17 kilometres west of Prague city centre in the Ruzyně district, making it the principal international gateway to the Czech Republic and the largest airport in the country. The facility has roots stretching back to 1937, when it replaced the earlier Kbely aerodrome as Prague's main civil aviation hub. In 2012 the airport was renamed in honour of Václav Havel, the playwright, dissident, and first president of the Czech Republic, reflecting the country's broader cultural identity. Operating under the IATA code PRG and ICAO code LKPR, the airport functions within the Europe/Prague time zone and sits at coordinates 50.11°N, 14.27°E on the western edge of the Bohemian basin. Its central European position places it within convenient reach of destinations across the continent and beyond, and it continues to serve as a significant transit point for travellers moving between Western Europe, Eastern Europe, and longer-haul routes.

## Airlines

Czech Airlines has historically maintained Prague as its primary hub, and Smartwings operates as the main Czech-based carrier at the airport today. Several low-cost carriers use Prague as a focus city, with Ryanair and Wizz Air among the more prominent budget operators offering connections across Europe. Full-service European carriers including Lufthansa, Air France, KLM, and British Airways maintain regular services, while airlines such as Emirates, Qatar Airways, and Turkish Airlines provide onward connections to destinations in the Middle East, Asia, and beyond. The airline mix reflects Prague's dual role as both a leisure destination and a transit hub within the broader European network.

## Terminals and transfers

The airport operates two main passenger terminals. Terminal 1 handles flights to destinations outside the Schengen Area, including intercontinental routes and services to countries that are not part of the Schengen Agreement. Terminal 2 is dedicated to intra-Schengen flights, serving routes within the passport-free travel zone. A separate Terminal 3 caters to general aviation and private charter operations. Passengers connecting between terminals should allow adequate time, as the facilities are distinct structures. Transfer passengers moving between Schengen and non-Schengen flights will pass through the appropriate border control procedures. The airport operates around the clock, though night-time flight movements are subject to restrictions in line with local noise regulations.

## Ground transport and trip planning

Prague's public transport network provides reliable connections between the airport and the city centre. Bus services link the airport to metro stations on the city's rapid transit system, from which travellers can reach the historic centre and other districts. Taxis and ride-hailing services are available from designated areas outside the terminals, and the journey to the city centre typically takes between 30 and 50 minutes depending on traffic conditions. Coach services also connect the airport to destinations beyond Prague, including other Czech cities and neighbouring countries. Travellers arriving by car will find parking facilities on site, with options at varying distances from the terminals. It is advisable to check current transport schedules and any service changes before travel, as timetables can vary seasonally.

## Practical planning notes

The airport operates in the Central European Time zone, shifting to Central European Summer Time during the warmer months. Passengers travelling on non-Schengen routes should carry valid travel documents and be prepared for passport control at Terminal 1. Currency exchange and ATM facilities are available within the airport, and the Czech koruna remains the local currency in the Czech Republic despite the country's EU membership. Shops, cafés, and dining options are spread across the terminals, though the range and hours may vary by terminal and time of day. Travellers with reduced mobility or specific accessibility requirements are encouraged to contact their airline or the airport in advance to arrange appropriate assistance.

## Official sources

https://www.prg.aero/
https://en.wikipedia.org/wiki/V%C3%A1clav_Havel_Airport_Prague
http://www.wikidata.org/entity/Q99172"
DUS,Dusseldorf International Airport,188,582,yes,"## Overview

Düsseldorf International Airport (IATA: DUS, ICAO: EDDL) is located approximately seven kilometres north of Düsseldorf city centre in the state of North Rhine-Westphalia, Germany. It serves as the primary international gateway for the Rhine-Ruhr metropolitan region, one of the most densely populated urban areas in Europe, encompassing cities such as Cologne, Essen, Dortmund and Bochum within reasonable reach. Ranked as Germany's third-busiest airport by passenger throughput, DUS plays a significant role in connecting western Germany to destinations across Europe, the Middle East, Asia and beyond. The airport traces its origins to 1927, making it one of Germany's longer-established commercial aviation facilities. A major terminal fire in 1996 led to extensive reconstruction that shaped much of the current infrastructure visitors encounter today.

## Airlines

Düsseldorf Airport functions as a primary hub for Eurowings, the Lufthansa Group's leisure and point-to-point carrier, which maintains a substantial base of operations here. Lufthansa itself operates scheduled services from DUS, and Condor, a well-known German leisure airline, also maintains a meaningful presence reflecting the region's strong outbound holiday travel market. Long-haul connectivity is provided by carriers including Emirates, Singapore Airlines and All Nippon Airways, linking the Rhine-Ruhr region to key hubs in the Gulf, Southeast Asia and Japan. European network coverage is broad, with airlines such as Turkish Airlines, KLM, British Airways and various low-cost operators serving destinations across the continent. The airport's catchment area and economic weight attract a diverse mix of full-service, charter and budget carriers.

## Terminals and transfers

The airport operates within a single terminal building divided into three connected sections commonly referred to as sections A, B and C. These sections are designed to handle different traffic flows, broadly separating Schengen, non-Schengen and wider international passengers, though travellers should verify current configurations with the airport directly as layouts can evolve. Two parallel runways run on an approximate east-west alignment, supporting the volume of movements the airport handles. An automated people-mover system connects the terminal to a dedicated Sky Train station, which links passengers to the airport's long-stay car parks and the nearby rail interchange. Passengers connecting between flights should allow sufficient time to navigate security and passport control requirements depending on their routing.

## Ground transport and trip planning

Düsseldorf Airport benefits from strong public transport links into the city and the wider Rhine-Ruhr region. A direct rail connection via the airport's own station provides access to Düsseldorf Hauptbahnhof and onward services across the regional S-Bahn and intercity rail network, making the airport accessible from numerous surrounding cities without the need for a car. Taxi and ride-hailing services operate from designated areas outside the terminal. Road access is well served by the regional motorway network, and car hire facilities are available on site. Travellers arriving from or departing to cities such as Cologne, Essen or Dortmund may find rail the most practical option given the density of connections in the region.

## Practical planning notes

A night-flight curfew applies at DUS, restricting most scheduled operations during late-night and early-morning hours, so travellers with very early or very late itineraries should confirm their flight timing is unaffected. The airport operates within the Central European Time zone (Europe/Berlin), observing Central European Summer Time during the warmer months. Passengers on international routes outside the Schengen Area should allow additional time for passport control. Ongoing infrastructure and modernisation works at the airport may affect walking routes or facility locations, so checking the official airport website before travel is advisable.

## Official sources

https://www.dus.com
https://en.wikipedia.org/wiki/D%C3%BCsseldorf_Airport
http://www.wikidata.org/entity/Q58226"
BER,Brandenburg,185,573,yes,"## Overview

Berlin Brandenburg Airport, operating under the IATA code BER and ICAO code EDDB, serves as the principal international gateway for Berlin and the surrounding Brandenburg region of northeastern Germany. Situated approximately 18 kilometres southeast of central Berlin, the airport occupies a position that places it within reasonable reach of both the German capital and the broader metropolitan area. It opened in October 2020 after an extended development period, consolidating air traffic that had previously been divided between the former Tegel and Schönefeld airports. The former Schönefeld terminal was retained and integrated into the new facility, operating as Terminal 5. The airport sits at coordinates roughly 52.37°N, 13.5°E, in the Central European Time zone, observing Central European Summer Time during warmer months.

## Airlines

Berlin Brandenburg attracts a broad mix of carriers reflecting the city's status as a major European capital and cultural destination. Low-cost operators hold a prominent position at the airport, with easyJet maintaining Berlin as one of its significant continental bases. Ryanair and Eurowings also operate meaningful services from the airport. Lufthansa, Germany's flag carrier, connects Berlin to its Frankfurt and Munich hubs, enabling onward connections across the Lufthansa Group network. Beyond European services, long-haul carriers link Berlin with destinations in the Middle East, North America and parts of Asia, though the full range of routes varies seasonally. Charter and leisure airlines supplement scheduled services, particularly during summer travel peaks.

## Terminals and transfers

The airport's primary passenger facility is Terminal 1, a large modern building designed to handle the bulk of departures and arrivals. Terminal 2 provides supplementary capacity and may be brought into fuller use during high-demand periods. Terminal 5, the retained structure from the former Schönefeld Airport, handles certain carriers and flight types separately. Passengers connecting between terminals should allow adequate time, as the facilities are not all housed within a single contiguous building. Transfer passengers on international itineraries should verify with their carrier whether their connection requires a terminal change and whether checked baggage will be transferred automatically.

## Ground transport and trip planning

Berlin Brandenburg is served by the S-Bahn urban rail network, with the S9 line providing a direct link into central Berlin, stopping at key stations including Ostkreuz and Ostbahnhof before continuing further into the city. Regional train services also call at the airport station, offering faster connections to Berlin Hauptbahnhof and onward destinations. Bus services connect the airport to areas not directly served by rail. Taxis and ride-hailing options are available from designated areas outside the terminal. For travellers arriving from or departing to other German cities, the airport's rail connections integrate with the broader Deutsche Bahn intercity network, making it feasible to combine air and rail travel within a single itinerary.

## Practical planning notes

Berlin Brandenburg operates around the clock in terms of its facilities, though night-flight restrictions apply during certain late-night and early-morning hours, which may affect the earliest and latest available departures. Travellers should confirm current terminal assignments with their airline before arriving, as operational arrangements can shift. The airport is located in the state of Brandenburg rather than within Berlin's city limits, so journey times to specific Berlin neighbourhoods will vary. Passengers with reduced mobility or special assistance requirements are advised to notify their airline in advance. Currency exchange and banking facilities are available within the terminal, and the airport is subject to standard European Union customs and border regulations.

## Official sources

https://ber.berlin-airport.de/
https://en.wikipedia.org/wiki/Berlin_Brandenburg_Airport
http://www.wikidata.org/entity/Q160556"
GVA,Geneve Airport,194,596,yes,"## Overview

Geneva Airport (IATA: GVA, ICAO: LSGG) sits approximately four kilometres northwest of central Geneva, positioned along the Swiss-French border in the canton of Geneva in western Switzerland. It functions as the primary international gateway for the broader Lake Geneva region, serving not only the city of Geneva itself but also nearby Lausanne, the Vaud canton, and the adjacent French departments of Haute-Savoie and Ain. The airport's cross-border geography is a defining characteristic, giving it a dual identity that shapes both its infrastructure and its passenger flows. Geneva's status as a global hub for diplomacy, international organisations, finance, and luxury commerce means the airport handles a notably diverse mix of travellers, from business delegates and conference attendees to ski tourists heading for the Alps.

## Airlines

Geneva Airport is a significant operational base for easyJet Switzerland, which maintains one of its largest European presences here, connecting Geneva to a wide range of destinations across the continent. Swiss International Air Lines operates scheduled services linking Geneva to Zurich and to intercontinental points via its Zurich hub. A broad range of European flag carriers and regional airlines serve the airport, reflecting the city's central position within western Europe. Long-haul connectivity is provided by carriers from the Middle East and North America, among others, supporting Geneva's role as an international meeting point. The airport's catchment area extends well into France, which contributes to sustained demand across multiple seasons, including a pronounced winter peak driven by Alpine ski tourism.

## Terminals and transfers

The airport operates a single main passenger terminal, generally referred to as Terminal 1, which handles the majority of scheduled international traffic. A smaller facility, Terminal 2, is used for additional capacity during peak periods, particularly in the winter ski season. One of the airport's most distinctive features is its French sector, a dedicated zone that allows passengers to travel directly between the airport and France without passing through Swiss border controls. This arrangement reflects the airport's formal cross-border status and has practical implications for passengers connecting onward into France. Passengers should confirm which terminal and sector applies to their specific flight when planning connections.

## Ground transport and trip planning

Geneva Airport benefits from a direct rail link connecting the airport's underground station to Geneva's main railway station, Cornavin, with journey times typically measured in minutes. This connection integrates the airport into Switzerland's broader national rail network, making onward travel to Lausanne, Bern, Basel, and Zurich straightforward. Tram and bus services extend surface transport options into the city and surrounding areas. For travellers heading into France, road access via the French sector provides a direct route without re-entering Switzerland. Taxi and private hire services operate from the terminal, and car rental facilities are available on site. The airport's proximity to the city centre makes it one of the more conveniently located major European airports relative to its urban core.

## Practical planning notes

A nighttime curfew is in place at Geneva Airport, which may affect very early or very late flight options. The airport operates within the Europe/Zurich time zone, observing Central European Time and Central European Summer Time seasonally. Given the airport's dual Swiss-French jurisdiction, passengers should pay attention to which border zone applies to their arrival or departure, as this can affect customs and immigration procedures. The winter ski season generates notably higher passenger volumes, so travellers planning trips during this period should allow additional time for check-in and security. Geneva's role as a conference and diplomatic city can also produce demand spikes around major international events.

## Official sources

https://www.gva.ch/en/
https://en.wikipedia.org/wiki/Geneva_Airport
http://www.wikidata.org/entity/Q289972"
JED,King Abdulaziz International Airport,177,591,yes,"## Overview

King Abdulaziz International Airport (IATA: JED, ICAO: OEJN) is located approximately 19 kilometres north of central Jeddah along Saudi Arabia's Red Sea coast. It functions as the primary air gateway to the western Hejaz region and serves a dual role as both a major commercial hub and the world's principal entry point for Muslim pilgrims travelling to the holy cities of Mecca and Medina. Jeddah itself is a significant commercial and cultural centre, and the airport reflects that scale, handling substantial volumes of international, regional, and domestic traffic throughout the year. Pilgrim traffic during the Hajj and Umrah seasons creates some of the most concentrated passenger flows seen at any airport globally, giving King Abdulaziz International Airport a character that is genuinely distinct from most other major hubs.

## Airlines

Saudia, the Saudi national flag carrier, uses Jeddah as one of its principal hubs and operates an extensive network of domestic and international routes from the airport. Low-cost carrier flyadeal is also based here, offering domestic connections across the Kingdom. Flynas maintains a meaningful presence as well. Beyond Saudi-based operators, a broad range of international airlines serve King Abdulaziz International Airport, with carriers from across the Middle East, Africa, Europe, and Asia maintaining regular scheduled services. The mix of carriers tends to shift noticeably during peak religious travel periods, when additional capacity is introduced to accommodate pilgrim demand.

## Terminals and transfers

The airport operates a large modern terminal that handles the majority of international and domestic commercial traffic. A separate, architecturally distinctive Hajj Terminal is reserved primarily for pilgrim operations during the Hajj season and is recognised for its expansive tent-like fabric roof structures, which were designed specifically to accommodate the exceptional passenger volumes associated with the annual pilgrimage. Travellers connecting between flights should allow adequate time, as the airport is a large facility and transfer processes can be more involved during peak periods. Passengers are advised to confirm terminal assignments with their airline before travel, as operational arrangements can vary.

## Ground transport and trip planning

Jeddah's city centre lies roughly 19 kilometres south of the airport, and several ground transport options are generally available for reaching the city and wider region. Taxis and ride-hailing services operate from the arrivals areas and are commonly used by travellers. Bus connections to parts of the city and surrounding areas may also be available, though travellers should verify current service options closer to their travel date. The airport's position on the northern edge of the city means journey times into central Jeddah or onward to Mecca and Medina will vary depending on traffic conditions, which can be significant during religious travel seasons. Pilgrims travelling to Mecca should be aware that access to the city is subject to specific entry requirements under Saudi regulations.

## Practical planning notes

King Abdulaziz International Airport operates around the clock, which is consistent with its role as a major international hub handling long-haul and connecting traffic across multiple time zones. The airport falls within the Asia/Riyadh time zone (UTC+3). Travellers should be aware that Saudi Arabia has specific entry, visa, and customs requirements that differ from many other destinations, and these should be reviewed well in advance of travel. During Hajj and peak Umrah periods, the airport experiences exceptionally high passenger volumes, and additional time should be factored into all aspects of the journey, including check-in, security, and ground transport. Dress codes and local customs in the Jeddah region and across Saudi Arabia should be respected throughout any visit.

## Official sources

https://www.kaia.sa/
https://en.wikipedia.org/wiki/King_Abdulaziz_International_Airport
http://www.wikidata.org/entity/Q153592"
RUH,King Khaled International Airport,184,595,yes,"## Overview

King Khaled International Airport (IATA: RUH, ICAO: OERK) sits approximately 35 kilometres north of central Riyadh, the capital of Saudi Arabia. It functions as one of the country's principal international gateways, alongside King Abdulaziz International Airport in Jeddah and King Fahd International Airport in Dammam. Opened in 1983 as a replacement for the older Riyadh Air Base, the airport was conceived as a large-scale complex whose architecture draws on traditional Islamic design principles, incorporating geometric patterns and arched forms across its public spaces. Riyadh's position in the centre of the Arabian Peninsula places the airport within relatively short flying distances of major Gulf cities, as well as within medium-haul range of South Asia, East Africa, and much of Europe, which contributes to its broad route network.

## Airlines

The airport serves as the primary hub for Saudia, Saudi Arabia's national flag carrier, which operates both domestic and international services from here. It is also a significant base for flynas, one of the region's established low-cost carriers, and for Riyadh Air, a newer airline that has been building its network in recent years. Beyond Saudi-based carriers, a range of Gulf, European, Asian, and African airlines operate scheduled services to and from Riyadh. Carriers such as Emirates, Qatar Airways, Etihad Airways, Turkish Airlines, Lufthansa, British Airways, and Egyptair are among those that have maintained a presence here, reflecting the airport's role as a connecting point between the Gulf region and wider international markets. The precise mix of airlines and routes operating at any given time may vary, and travellers are advised to check directly with airlines or the airport for current schedules.

## Terminals and transfers

King Khaled International Airport operates multiple passenger terminals serving different categories of traffic. Terminals 1 and 2 have historically handled international services, while Terminal 3 has been associated with domestic operations. Terminal 4 has been designated for low-cost carrier traffic, and a separate Royal Terminal accommodates state and dignitary travel. Passengers connecting between terminals or between international and domestic flights should allow adequate time, as the airport's footprint is considerable. Transfer procedures and terminal assignments can change as the airport continues to develop its infrastructure, so confirming terminal details in advance is advisable.

## Ground transport and trip planning

Riyadh is served by a metro system that has expanded in recent years, and connections between the city centre and the airport may be available via public transit, though travellers should verify current route coverage and station proximity before relying on this option. Taxis and ride-hailing services operate from the airport and represent a commonly used means of reaching central Riyadh and surrounding districts. The journey to the city centre typically takes around 30 to 45 minutes depending on traffic conditions, which can be heavier during peak commuting hours and on days surrounding public holidays. Car rental facilities are available at the airport for those planning to travel independently within the region.

## Practical planning notes

Saudi Arabia observes Arabia Standard Time (UTC+3) year-round, with no daylight saving adjustment, which is useful to keep in mind when coordinating international connections. The airport operates around the clock, supported by two parallel runways oriented roughly north to south. Riyadh's climate is arid, with very high temperatures common in summer months and mild winters, which may be relevant for travellers with layovers or those arriving without prior arrangements. Passengers are encouraged to review Saudi Arabia's entry requirements, including visa regulations, well in advance of travel, as these can differ significantly depending on nationality and purpose of visit.

## Official sources

https://kkia.sa
https://en.wikipedia.org/wiki/King_Khalid_International_Airport
http://www.wikidata.org/entity/Q47157"
KWI,Kuwait International Airport,183,614,yes,"## Overview

Kuwait International Airport (KWI / OKBK) sits approximately 16 kilometers south of Kuwait City, functioning as the country's sole commercial aviation gateway and the primary point of entry into the Gulf state. The site has a long aviation history, with earlier airfield activity recorded from the late 1920s and the modern international airport formally opening in 1962. Since then, the facility has expanded in step with Kuwait's role as a regional financial and commercial hub, handling a diverse mix of business travelers, expatriate workers, and leisure passengers connecting the country to destinations across the Middle East, Asia, Europe, and Africa. The airport operates around the clock, reflecting Kuwait's position within a time zone — Arabia Standard Time, UTC+3 — that places it at a convenient midpoint between European and East Asian markets.

## Airlines

Kuwait Airways, the national flag carrier, uses Kuwait International Airport as its principal hub and connects the country to a broad range of international destinations. Jazeera Airways, a Kuwaiti low-cost carrier also based at the airport, operates an extensive regional network across the Middle East and beyond. Major Gulf carriers including Emirates, Qatar Airways, Etihad Airways, and Saudia maintain regular services here, as do carriers such as Turkish Airlines, Lufthansa, and British Airways linking Kuwait to European cities. A substantial number of South and Southeast Asian airlines serve the airport, reflecting the large expatriate communities that form a significant portion of Kuwait's population. Travelers are advised to verify current schedules and route availability directly with airlines, as services can change.

## Terminals and transfers

The airport operates multiple passenger facilities. The main terminal handles the majority of international traffic, while a separate Sheikh Saad terminal accommodates general aviation and select carriers. Kuwait Airways has historically operated from a dedicated facility on site. A significant expansion project involving a new terminal designed to substantially increase overall capacity has been in development, though travelers should consult official airport sources for the latest information on terminal assignments and any ongoing construction impacts. Connections between terminals may require ground transfers, so passengers with tight layovers should allow adequate time and confirm procedures with their airline in advance.

## Ground transport and trip planning

Kuwait City is reachable from the airport by road in roughly 20 to 30 minutes under normal traffic conditions, though travel times can vary depending on the time of day and congestion on the main highway corridor. Taxis are available outside the arrivals area and represent a common option for reaching the city center and major hotel districts. Car rental desks operate within the terminal complex for travelers who prefer independent transport. Public bus services connecting the airport to parts of Kuwait City have been available, though schedules and routes should be confirmed locally before travel. The airport's position south of the city means it is reasonably accessible from Kuwait City's main commercial and residential areas without requiring complex routing.

## Practical planning notes

Kuwait operates under Gulf Standard Time year-round with no daylight saving adjustment, which simplifies scheduling for travelers arriving from regions that observe seasonal time changes. The airport processes a wide range of nationalities, and visa requirements vary considerably depending on passport and purpose of travel; passengers should verify entry requirements well in advance through official Kuwaiti government channels. The terminal environment reflects the country's conservative cultural norms, and travelers are encouraged to dress modestly. Duty-free retail and food and beverage options are available airside, though the range may be more limited than at larger regional hubs. Given Kuwait's desert climate, temperatures can be extreme during summer months, making the air-conditioned terminal a welcome environment for those with long layovers.

## Official sources

http://www.kuwait-airport.com.kw/Index_e.htm
https://en.wikipedia.org/wiki/Kuwait_International_Airport
http://www.wikidata.org/entity/Q527157"
TLV,Ben Gurion International Airport,186,573,yes,"## Overview

Ben Gurion International Airport (IATA: TLV, ICAO: LLBG) is located approximately 15 kilometres southeast of Tel Aviv-Yafo, near the city of Lod in central Israel. It serves as the country's primary international gateway and ranks among the busiest airports in the Middle East. The site has a long aviation history, having first opened as RAF Lydda in 1937 before being renamed in 1973 to honour David Ben-Gurion, Israel's first prime minister. Its central location within Israel makes it the natural entry and exit point for the vast majority of international travellers visiting the country.

## Airlines

El Al, Israel's national flag carrier, uses Ben Gurion as its main hub and operates the broadest network of routes from the airport. Arkia and Israir, two smaller Israeli carriers, also base significant operations here. A range of major international airlines maintain scheduled service to Tel Aviv, including carriers from Europe, North America, the Gulf region, and Asia. Airlines such as Lufthansa, British Airways, Air France, Turkish Airlines, and several others connect Ben Gurion to major hub airports across multiple continents. The airport's role as Israel's dominant international gateway means that connectivity is generally broad, though specific route availability and frequency can vary by season and carrier scheduling decisions.

## Terminals and transfers

Ben Gurion operates two passenger terminals. Terminal 3 is the larger of the two and handles the great majority of international scheduled traffic. It is a modern facility designed to accommodate high passenger volumes and includes a range of retail, dining, and passenger services. Terminal 1 serves domestic routes and certain low-cost or regional international services. Passengers connecting between flights should confirm which terminal their onward service departs from, as movement between terminals may require additional time. The airport operates around the clock without an overnight curfew, which supports a wide spread of departure and arrival times throughout the day and night.

## Ground transport and trip planning

Ben Gurion is well connected to Tel Aviv-Yafo and other parts of Israel by rail. A train station located beneath the airport provides direct services to Tel Aviv and onward connections to cities including Jerusalem, Haifa, and Beer Sheva, making rail one of the more convenient options for reaching the city centre. Taxi and private transfer services are available from designated areas within the terminal. Bus services also operate from the airport, though travellers should verify current routes and schedules before travel, as these can change. The drive to central Tel Aviv typically takes around 20 to 30 minutes depending on traffic conditions, with congestion more likely during peak commuting hours. Travellers heading to Jerusalem should allow additional journey time regardless of transport mode.

## Practical planning notes

Security procedures at Ben Gurion are thorough and are widely regarded as among the most rigorous of any commercial airport in the world. Passengers are advised to arrive well in advance of their scheduled departure, with many airlines and travel advisories recommending arriving several hours early, particularly for international flights. Questioning by security staff before check-in is standard practice. Travellers with connecting itineraries should factor in additional buffer time. The airport operates continuously, so very early morning or late night departures are common. Israel observes the Asia/Jerusalem time zone, and travellers should account for this when planning connections or ground transport at either end of their journey.

## Official sources

For current terminal information, flight schedules, and airport services, consult the following sources:

http://www.iaa.gov.il/he-il/airports/bengurion/pages/default.aspx

https://en.wikipedia.org/wiki/Ben_Gurion_Airport

http://www.wikidata.org/entity/Q181479"
BKK,Suvarnabhumi Airport,42,592,yes,"## Overview

Suvarnabhumi Airport (IATA: BKK, ICAO: VTBS) serves as Bangkok's primary international airport and one of the busiest aviation hubs in Southeast Asia. Located approximately 25 kilometres east of central Bangkok in Samut Prakan Province, the airport sits at coordinates 13.68°N, 100.75°E and operates on Indochina Time (UTC+7). Its name, pronounced roughly as ""su-wan-na-poom,"" is a Sanskrit-derived term meaning ""Golden Land,"" a reference to the historical name for mainland Southeast Asia. The airport opened in 2006, taking over from Don Mueang as Bangkok's main international gateway, and has since grown into a critical connection point for travellers moving between East Asia, Southeast Asia, South Asia, and long-haul destinations across the globe.

## Airlines

Suvarnabhumi hosts a broad mix of full-service carriers, regional airlines, and low-cost operators. Among the carriers serving routes tracked through this airport are Korean Air, Asiana Airlines, Jeju Air, Jin Air, T'way Air, and Eastar Jet connecting Bangkok to South Korea, alongside THAI Airways, which uses Suvarnabhumi as its primary hub. Air Canada represents long-haul North American service, while Kenya Airways links Bangkok to East Africa. Regional connectivity is provided by carriers such as Transnusa. Destinations tracked from this airport include Incheon International Airport in South Korea, Hong Kong International Airport, Kuala Lumpur International Airport in Malaysia, and Changi International Airport in Singapore, reflecting the airport's strong intra-Asian network. The carrier mix at Suvarnabhumi spans budget and full-service tiers, meaning travellers can generally find options across a range of fare classes on competitive routes, particularly within Northeast and Southeast Asia.

## Terminals and transfers

Suvarnabhumi operates a single main passenger terminal building, which is among the largest single-structure airport terminals in the world by floor area. The terminal is organised across multiple levels handling departures, arrivals, and transit functions. A satellite terminal connected by an underground automated people mover has been developed to expand capacity, though travellers should verify current operational status of specific gates and concourses before travel, as configurations can change. Transit passengers connecting between international flights should allow adequate time to clear any required checks and navigate between gates, particularly during peak travel periods when the terminal can be congested.

## Ground transport and trip planning

The Airport Rail Link provides a direct rail connection between Suvarnabhumi and central Bangkok, with the journey to Phaya Thai station typically taking around 30 minutes under normal conditions. This service is generally considered the most predictable option for reaching the city centre, as Bangkok's road network is subject to significant traffic congestion, especially during morning and evening peak hours. Metered taxis are available from designated stands on the arrivals level, and expressway tolls are typically added to the fare. Public buses serve the airport as well, offering a lower-cost alternative, though journey times by road can vary considerably. For travellers continuing onward to other Thai cities or regional destinations, Suvarnabhumi's scale and connectivity make it a practical transit point.

## Practical planning notes

Bangkok operates in the Asia/Bangkok time zone (UTC+7), with no daylight saving time adjustments. Travellers arriving from South Korea, Hong Kong, Singapore, or Malaysia will experience minimal time zone differences, which can simplify scheduling. The airport handles very high passenger volumes, so arriving with sufficient time before departure is advisable, particularly on busy travel days and during regional holiday periods. Currency exchange and ATM facilities are available throughout the terminal. Thailand's tropical climate means that weather-related disruptions, while not routine, can occur during monsoon season, and travellers on tight connections may wish to account for this when planning itineraries.

## Official sources

https://suvarnabhumi.airportthai.co.th/
https://en.wikipedia.org/wiki/Suvarnabhumi_Airport
http://www.wikidata.org/entity/Q194316"
HYD,Rajiv Gandhi International Airport,179,611,yes,"## Overview

Rajiv Gandhi International Airport, identified by the IATA code HYD and ICAO code VOHS, serves as the principal air gateway for Hyderabad, the capital of Telangana state in south-central India. Located in the Shamshabad area approximately 22 kilometres south of the city centre, the airport opened in 2008 as a replacement for the older Begumpet Airport, which had served Hyderabad for decades but faced limitations in capacity and runway length. The facility is operated under a public-private partnership model and functions around the clock without a night curfew, a practical advantage for airlines operating long-haul and connecting services across multiple time zones. Hyderabad itself is a major centre for information technology, pharmaceuticals, and trade, which generates substantial business travel demand alongside leisure and diaspora traffic. The airport sits at coordinates roughly 17.24°N, 78.43°E, within the Indian Standard Time zone, which observes UTC+5:30 year-round with no seasonal adjustment.

## Airlines

Hyderabad is served by a broad mix of Indian carriers and international airlines. Domestic operators including IndiGo and Air India maintain frequent services connecting Hyderabad to major Indian cities such as Mumbai, Delhi, Bengaluru, Chennai, and Kolkata, among others. IndiGo in particular treats Hyderabad as a significant focus point within its network. On the international side, carriers from the Gulf region provide well-travelled connections to the Middle East, which is an important corridor given the large number of travellers moving between Telangana and countries such as the United Arab Emirates, Qatar, Saudi Arabia, and Kuwait. Airlines from Southeast Asia and Europe also serve Hyderabad, linking the city to hubs in Singapore, Kuala Lumpur, London, Frankfurt, and beyond. The specific schedule of routes and carriers operating at any given time may vary, and travellers are advised to verify current services directly with airlines or the airport.

## Terminals and transfers

The airport operates through a single integrated terminal building that handles both domestic and international passengers under one roof, with clearly delineated zones for each traffic type. This arrangement can simplify the experience for travellers making connections between domestic and international flights, though passengers should allow adequate time for any required immigration or customs formalities when transferring between international arrivals and domestic departures. Two parallel runways oriented broadly east–west support simultaneous independent operations, contributing to the airport's capacity to handle a high volume of movements across the day and night. Expansion plans to increase terminal capacity have been discussed over the years, and travellers should check current airport communications for the latest infrastructure status.

## Ground transport and trip planning

Hyderabad's airport is connected to the city by the Hyderabad Metro Rail network, which extends a dedicated line toward the airport corridor, offering a relatively affordable and traffic-independent option for reaching central areas of the city. Road access via the Outer Ring Road is also well established, with taxis, app-based ride services, and pre-paid cab counters available at the terminal. The journey time to the city centre by road can vary considerably depending on traffic conditions, particularly during peak hours, so travellers with early departures or tight connections are advised to plan conservatively. Car rental services are available at the airport for those preferring independent travel.

## Practical planning notes

HYD operates continuously without a curfew, which means early morning and late-night arrivals and departures are common. Travellers should confirm check-in and boarding timelines with their airline, as procedures can differ between domestic and international travel. The airport is located in a warm climate zone, and Hyderabad experiences a pronounced monsoon season typically between June and September, which can occasionally affect flight schedules. Standard Indian customs and immigration regulations apply for international arrivals and departures.

## Official sources

http://www.hyderabad.aero
https://en.wikipedia.org/wiki/Rajiv_Gandhi_International_Airport
http://www.wikidata.org/entity/Q278667"
SGN,Tan Son Nhat International Airport,185,612,yes,"## Overview

Tan Son Nhat International Airport (SGN / VVTS) is located in the Tan Binh District of Ho Chi Minh City, roughly 8 kilometres northwest of the city centre. It functions as Vietnam's busiest airport and the principal international gateway to the country's south, handling a substantial share of national air traffic across both domestic and international routes. The site has a long history, having been developed during the French colonial era and expanded considerably during the Vietnam War period. Since 1975 it has operated as a civilian airport, growing steadily alongside Ho Chi Minh City's emergence as a major commercial and economic hub in Southeast Asia. Its central urban location makes it highly accessible but also constrains its physical expansion, a tension that has shaped infrastructure planning in the region for years.

## Airlines

Vietnam Airlines and VietJet Air treat Tan Son Nhat as a primary base of operations, together accounting for a large proportion of both domestic and international movements. Bamboo Airways also maintains a meaningful presence. Beyond Vietnamese carriers, the airport draws a broad range of international airlines from across Asia, the Middle East, Europe, and Oceania. Regional connections to hubs such as Bangkok, Singapore, Kuala Lumpur, Hong Kong, Taipei, and Tokyo are well established, reflecting Ho Chi Minh City's role as a commercial centre with strong business and tourism ties throughout Asia. Gulf carriers provide onward connectivity to Europe and other long-haul destinations via Middle Eastern hubs. The overall carrier mix reflects the city's diverse inbound tourism market and its growing importance as a regional business destination.

## Terminals and transfers

The airport operates two main passenger terminals: an international terminal and a domestic terminal. These handle separate traffic flows, and passengers connecting between international and domestic services should allow adequate time to move between them, as the process may involve clearing customs and immigration depending on itinerary. The airport operates around the clock without a full overnight curfew, which supports early morning and late-night flight schedules common on routes across Asia. Facilities within the terminals include check-in halls, immigration and customs processing areas, retail and food outlets, and waiting areas. Travellers with connections should verify terminal locations with their carrier in advance, as procedures and walking distances can vary.

## Ground transport and trip planning

Tan Son Nhat's position within the urban fabric of Ho Chi Minh City means road access is generally straightforward, though the city's traffic congestion can significantly affect journey times, particularly during peak hours. Taxis, ride-hailing services, and airport bus routes connect the airport to central districts including District 1 and surrounding areas. The journey time to the city centre can range considerably depending on traffic conditions, and travellers are advised to allow extra time during morning and evening rush periods. Pre-arranged transfers and metered taxis from official ranks are commonly used options. Ho Chi Minh City does not currently have a direct metro connection to the airport, though urban rail development in the city is ongoing.

## Practical planning notes

The airport operates in the Indochina Time zone (UTC+7), with no daylight saving time adjustment. Passengers travelling internationally should carry valid travel documents and be aware that Vietnam's visa requirements vary by nationality, with e-visa and visa-on-arrival options available to many travellers under specific conditions. The airport is known to experience congestion, and arriving with sufficient time before departure is advisable, particularly for international flights. Long-discussed plans for a new major airport at Long Thanh, northeast of Ho Chi Minh City, are intended to relieve capacity pressure on Tan Son Nhat over the longer term, though the timeline for that facility remains subject to change.

## Official sources

https://www.vietnamairport.vn/tansonnhatairport/
https://en.wikipedia.org/wiki/Tan_Son_Nhut_Air_Base
http://www.wikidata.org/entity/Q4115006"
KTM,Tribhuvan International Airport,174,596,yes,"## Overview

Tribhuvan International Airport (KTM) sits approximately six kilometres east of central Kathmandu, the capital of Nepal, at an elevation of around 1,338 metres above sea level. It is Nepal's only international airport and functions as the country's primary domestic hub, channelling nearly all of the nation's commercial air traffic through a single facility. The airport's position within the Kathmandu Valley, surrounded by the foothills of the Himalayas, makes it one of the more operationally demanding airports in Asia. Pilots and air traffic controllers must account for high-altitude conditions, rapidly shifting mountain weather, and terrain that leaves limited margin for error on approach and departure. Despite these challenges, Tribhuvan has operated continuously since the mid-twentieth century and remains the essential gateway for travellers arriving to trek, climb, conduct business, or undertake pilgrimage across Nepal.

## Airlines

Nepal Airlines, the national flag carrier, is based at Tribhuvan and operates both international and domestic services. Buddha Air and Yeti Airlines are the dominant carriers on domestic routes, connecting Kathmandu to regional airstrips across the country, including those serving mountain communities and trekking corridors. Internationally, Tribhuvan is served by a range of carriers from the Gulf region, South Asia, and Southeast Asia, with airlines such as Qatar Airways, Emirates, Air Arabia, Turkish Airlines, Air India, IndiGo, and others maintaining scheduled services. The airport's international network reflects Nepal's strong inbound tourism sector, particularly from trekkers bound for Everest Base Camp, the Annapurna Circuit, and other Himalayan routes, as well as Hindu and Buddhist pilgrims visiting sacred sites across the country.

## Terminals and transfers

Tribhuvan operates two main terminal buildings: one dedicated to international arrivals and departures, and a separate facility handling domestic traffic. The two terminals are in relatively close proximity within the airport campus, though passengers transferring between international and domestic flights should allow adequate time, as the connection process involves separate check-in and security procedures. The airport does not currently operate a large-scale multi-terminal complex, and capacity constraints are a known feature of the facility. Passengers transiting through Kathmandu on connecting domestic legs should confirm transfer requirements with their carrier in advance, as procedures can vary.

## Ground transport and trip planning

Kathmandu city centre lies roughly six kilometres west of the airport, and the journey by road typically takes between twenty minutes and an hour depending on traffic conditions, which can be heavy during peak hours. Taxis are available from designated areas outside the terminal, and it is generally advisable to use metered or pre-arranged vehicles rather than accepting unsolicited offers. Hotel transfers arranged in advance are a common option for first-time visitors. The broader Kathmandu Valley, including the historic cities of Patan and Bhaktapur, is accessible by road from the airport. Travellers continuing onward to trekking regions such as Lukla, Pokhara, or Bharatpur will typically depart from the domestic terminal on separate onward flights.

## Practical planning notes

Mountain weather in the Kathmandu Valley can cause delays and cancellations at short notice, particularly during the monsoon season from roughly June through September and during periods of winter fog. Travellers with onward connections, particularly to high-altitude domestic airstrips, should build flexibility into their itineraries. The airport operates around the clock, though conditions and staffing levels vary by time of day. Nepal requires visas for most nationalities, and visa-on-arrival facilities are available at the airport, though queues can be lengthy during peak arrival periods. Currency exchange and ATM services are available within the terminal. Given the airport's single-runway configuration and high traffic volume, delays are not uncommon during busy periods.

## Official sources

http://www.tiairport.com.np
https://en.wikipedia.org/wiki/Tribhuvan_International_Airport
http://www.wikidata.org/entity/Q61066"
CMB,Bandaranaike International Airport,171,591,yes,"## Overview

Bandaranaike International Airport (CMB) is Sri Lanka's principal international gateway, situated in Katunayake, Western Province, roughly 35 kilometres north of central Colombo. Named after Prime Minister Solomon Bandaranaike, the airport has served as the country's primary point of entry since the 1960s and remains the dominant hub for both inbound tourism and outbound travel across the island nation. Its location on the western coastal plain, close to the Indian Ocean, places it within a few hours' flying time of major hubs across South Asia, Southeast Asia, and the Middle East, giving Colombo a natural role as a transit and connection point between these regions and onward destinations in Europe and beyond.

## Airlines

SriLankan Airlines operates Bandaranaike as its primary hub, connecting Colombo to a wide range of destinations across Asia, the Middle East, and Europe. The national carrier's presence shapes much of the airport's scheduling and terminal activity. FitsAir provides domestic and regional services. Beyond the national carriers, a substantial number of international airlines serve Colombo, particularly from Gulf hubs, reflecting the significant movement of Sri Lankan workers and travellers through the Middle East corridor. Carriers from South Asia, Southeast Asia, and select European cities also maintain regular services, underlining the airport's role as a multi-directional transit node rather than a purely point-to-point facility.

## Terminals and transfers

The airport operates a single main passenger terminal complex that handles the majority of international arrivals and departures. A dedicated international departure area is separated from the arrivals hall, following a layout common to airports that have undergone phased expansion rather than wholesale redevelopment. Transit passengers connecting through Colombo should allow adequate time between flights, as the airport can experience congestion during peak departure windows, particularly in the late evening and early morning hours when many long-haul and Gulf-bound services operate. Facilities within the terminal include duty-free retail, food and beverage outlets, and currency exchange services, though travellers with specific requirements are advised to confirm availability ahead of travel.

## Ground transport and trip planning

Bandaranaike International Airport is connected to central Colombo and the broader Western Province by road. The Colombo–Katunayake Expressway provides a faster road link between the airport and the city than the older coastal highway, reducing journey times considerably under normal traffic conditions. Metered taxis and pre-booked private transfers are available from the arrivals area. A rail connection between the airport and Colombo Fort station also exists, offering a lower-cost alternative for travellers comfortable with public transport. Journey times by rail or road vary depending on the time of day, and Colombo's urban traffic can be significant during morning and evening peak periods. Travellers heading to resort areas on the south or west coast, or to cultural sites in the Cultural Triangle further inland, should factor in additional travel time beyond the airport-to-city leg.

## Practical planning notes

Colombo operates on Sri Lanka Standard Time (UTC+5:30), which does not observe daylight saving adjustments. The airport functions around the clock, with a concentration of international departures in the late evening hours, a pattern common to airports serving long-haul routes to Europe and the Gulf. Sri Lanka's climate is shaped by two monsoon seasons, and weather conditions can occasionally affect regional connectivity, particularly for shorter domestic or inter-island routes. Travellers should verify visa requirements well in advance, as entry conditions for Sri Lanka vary by nationality and are subject to change. Checking directly with the airport operator or the relevant airline for the most current terminal and operational information is always advisable.

## Official sources

http://www.airport.lk/
https://en.wikipedia.org/wiki/Bandaranaike_International_Airport
http://www.wikidata.org/entity/Q60900"
CAI,Cairo International Airport,190,586,yes,"## Overview

Cairo International Airport (CAI / HECA) sits approximately 15 kilometres northeast of central Cairo, positioned at coordinates 30.12°N, 31.41°E on the northeastern edge of the Egyptian capital. As the primary international gateway for Egypt and one of the busiest airports on the African continent, it connects the country to destinations across Europe, the Middle East, sub-Saharan Africa, and beyond. Its geographic position places it at a natural crossroads between three continents, making it a significant transit point for passengers moving between Africa, Asia, and Europe. The airport operates around the clock with no scheduled curfew, reflecting its role in handling long-haul intercontinental traffic across multiple time zones. All times at the airport follow Africa/Cairo local time.

## Airlines

EgyptAir is the dominant carrier at Cairo, operating the airport as its primary global hub for intercontinental, regional, and domestic routes. The airline's presence shapes much of the airport's character and passenger flow. Air Arabia Egypt and Nile Air provide additional scheduled services, with a focus on regional and domestic connectivity. A wide range of major international carriers also serve Cairo, including airlines from Europe, the Gulf, and other parts of Africa, reflecting the airport's standing as a key node in global aviation networks. The mix of carriers supports both point-to-point travel and connecting itineraries through Cairo.

## Terminals and transfers

Cairo International Airport operates three passenger terminals. Terminal 1 handles a combination of domestic and some regional services. Terminal 2 accommodates a range of international carriers. Terminal 3 is the most modern of the three and functions as the dedicated hub terminal for EgyptAir. Passengers connecting between flights should confirm which terminal their onward service departs from, as inter-terminal transfers may require additional time and planning. The airport's 24-hour operation means connecting passengers can transit at various hours, though travellers are advised to verify transit visa requirements for Egypt well in advance of travel, as these vary by nationality.

## Ground transport and trip planning

Cairo International Airport is linked to the city by several ground transport options. Taxis are available from the airport and represent a common choice for travellers heading into central Cairo or other parts of the metropolitan area. The journey time to central Cairo can vary considerably depending on traffic conditions, which in Cairo can be significant at peak hours. Ride-hailing services may also be available. Public bus services connect the airport to parts of the city, though travellers unfamiliar with Cairo may find private transfers or taxis more straightforward. Passengers are encouraged to confirm current transport options and approximate journey times closer to their travel date, as availability and conditions can change.

## Practical planning notes

Travellers passing through Cairo International Airport should arrive with sufficient time before departure, particularly for international flights where check-in, security, and immigration queues can be lengthy during busy periods. Egypt operates on Africa/Cairo time, and passengers connecting from other time zones should account for this when planning itineraries. Currency exchange facilities and ATMs are generally available within the airport, though it is advisable to confirm current availability on arrival. Passengers should check entry and visa requirements for Egypt with their relevant embassy or consulate before travel, as requirements differ by nationality and purpose of visit. Those transiting without leaving the airport should also verify whether a transit visa is required for their specific nationality.

## Official sources

For the most current and accurate information regarding Cairo International Airport, including terminal maps, airline contacts, and passenger services, consult the following sources directly:

https://www.cairo-airport.com/
https://en.wikipedia.org/wiki/Cairo_International_Airport
http://www.wikidata.org/entity/Q461793"
LOS,Murtala Muhammed International Airport,174,551,yes,"## Overview

Murtala Muhammed International Airport (IATA: LOS, ICAO: DNMM) sits approximately 22 kilometres north of central Lagos in southwest Nigeria, positioned at coordinates 6.58°N, 3.32°E within the West African coastal zone. It functions as Nigeria's primary international gateway and the busiest aviation hub in the country, channelling a substantial share of West Africa's long-haul and continental air traffic. The airport was renamed in 1976 to honour Murtala Muhammed, a former Nigerian head of state, and has since grown alongside Lagos itself, which ranks among Africa's largest and most economically significant cities. Its role extends beyond national borders, serving as a key transit and connection point for passengers moving between sub-Saharan Africa, Europe, the Middle East, and other global regions.

## Airlines

Air Peace is the principal Nigerian carrier operating from Lagos, maintaining both domestic services to cities across Nigeria and international routes to regional and intercontinental destinations. Several major African carriers serve the airport, including Ethiopian Airlines and Kenya Airways, reflecting the airport's importance within intra-continental connectivity. Long-haul services are operated by carriers such as British Airways, Lufthansa, Air France, Emirates, and EgyptAir, among others, linking Lagos to major hubs in Europe, the Gulf region, and North Africa. The airline mix at Lagos broadly reflects its status as West Africa's most internationally connected airport, though specific schedules and route availability should be confirmed directly with carriers or through current booking platforms.

## Terminals and transfers

The airport operates two main terminal complexes. Murtala Muhammed Terminal 1 handles the majority of international traffic and is the older of the two facilities. Murtala Muhammed Terminal 2 is a more recently developed, privately managed terminal that accommodates domestic operations and some regional services. Passengers connecting between international and domestic flights should allow adequate time for inter-terminal movement, as the two complexes are separate facilities. Transfer processes, including baggage reclaim and re-check procedures, can vary depending on the airlines involved, and travellers are advised to confirm connection requirements with their carriers in advance.

## Ground transport and trip planning

Lagos presents a complex urban transport environment, and the journey between the airport and the city centre or other districts can be significantly affected by traffic conditions, particularly during peak hours. Road-based transport options including taxis and ride-hailing services are generally available at the airport, though journey times to central Lagos or the island districts can vary considerably. Travellers should factor in potential delays when planning onward connections or time-sensitive appointments. The airport operates on West Africa Time (WAT), which corresponds to UTC+1 year-round, with no daylight saving adjustment applied in Nigeria.

## Practical planning notes

Passengers travelling through Lagos are advised to arrive well ahead of departure, as check-in, security, and immigration processes can be time-consuming, particularly during busy periods. Nigeria requires visas for many nationalities, and entry requirements should be verified through official Nigerian immigration channels before travel. The airport operates on a 24-hour basis, which accommodates the range of long-haul flight schedules that arrive and depart at varied hours. Facilities within the terminals include food and beverage outlets and retail options, though the range and availability of services may differ between Terminal 1 and Terminal 2. Travellers with specific accessibility or service needs are encouraged to contact their airline or the airport authority ahead of travel.

## Official sources

https://faan.gov.ng/mmia-lagos/
https://en.wikipedia.org/wiki/Murtala_Muhammed_International_Airport
http://www.wikidata.org/entity/Q1043631"
CMN,Mohamed V International Airport,178,563,yes,"## Overview

Mohamed V International Airport (IATA: CMN, ICAO: GMMN) sits approximately 30 kilometres south-east of central Casablanca in the Nouaceur Province of Morocco. It functions as the country's principal international gateway and is widely regarded as one of the busiest and most strategically significant airports on the African continent. Opened in 1957 to replace the older Anfa Airport, it was named in honour of King Mohamed V, a central figure in Morocco's independence movement. Its position on the Atlantic edge of North Africa places it at a natural crossroads between Europe, sub-Saharan Africa, the Americas, and the Middle East, a geographic advantage that has shaped its growth into a major intercontinental hub. The airport is operated under the authority of the Office National des Aéroports (ONDA), which oversees airport infrastructure across Morocco.

## Airlines

Royal Air Maroc is the dominant carrier at Mohamed V, using Casablanca as its primary hub for an extensive network spanning destinations across Africa, Europe, North America, and the Middle East. Air Arabia Maroc operates from the airport with a focus on affordable regional and European connections. A range of major international carriers serve the airport on scheduled routes, including Air France, Iberia, Turkish Airlines, and Emirates, among others from Europe, the Gulf, and beyond. The airport's hub status means it supports a considerable volume of connecting traffic in addition to origin-and-destination passengers.

## Terminals and transfers

The airport operates two main passenger terminals. Terminal 1 handles the majority of international and domestic traffic and contains the principal check-in, arrivals, and departure facilities. Terminal 2 accommodates additional international services and provides supplementary capacity. Passengers connecting between flights should allow adequate time to navigate between gates, particularly during peak periods when the airport handles high volumes of transfer traffic. Signage within the terminals is generally provided in Arabic, French, and English. The airport operates on a 24-hour basis with no overnight curfew, which supports early-morning and late-night flight schedules common on long-haul routes.

## Ground transport and trip planning

Casablanca is accessible from the airport by several surface transport options. The ONCF rail service connects the airport directly to Casablanca's main train stations, offering a practical and relatively efficient link to the city centre and onward rail connections across Morocco, including to Rabat, Fez, and Marrakech. Journey times to central Casablanca by train are generally under an hour, though travellers should verify current schedules locally. Taxis are available from designated ranks outside the arrivals areas, and pre-arranged private transfers are a common choice for those heading to hotels or onward destinations. Car hire desks are located within the terminal complex. Road access to the airport is provided via the A7 motorway corridor connecting Casablanca to the south.

## Practical planning notes

Morocco observes Western European Time (UTC+1) year-round under the Africa/Casablanca time zone, though local adjustments may apply during Ramadan periods, so travellers are advised to confirm current time zone settings before travel. The airport's dual-runway configuration supports simultaneous operations and generally maintains resilience during periods of high traffic. Facilities within the terminals include food and beverage outlets, retail, currency exchange, and banking services, though the specific availability of services may vary by terminal and time of day. Passengers on long-haul itineraries routing through Casablanca should confirm visa and transit requirements well in advance, as requirements vary significantly by nationality and onward destination.

## Official sources

http://www.casablanca-airport.com
https://en.wikipedia.org/wiki/Mohammed_V_International_Airport
http://www.wikidata.org/entity/Q955433"
ALG,Houari Boumediene Airport,184,608,yes,"## Overview

Houari Boumediene Airport serves as the principal international gateway for Algiers, the capital of Algeria, and functions as the busiest airport in the country. Situated in the Dar El Beïda district roughly 20 kilometres east of the city centre, the airport occupies a strategic position along the North African Mediterranean coast. Its location places Algiers within relatively short flying distances of major European capitals, making the airport a natural bridge between the African continent and southern Europe. Beyond its regional importance, the airport connects Algeria to destinations across the Middle East and sub-Saharan Africa, reflecting the country's broad diplomatic and economic ties. The airport is identified by the IATA code ALG and the ICAO code DAAG, and operates on Central European Time, observed year-round as Africa/Algiers.

## Airlines

Air Algérie is the dominant carrier at Houari Boumediene Airport and operates the airport as its primary hub, maintaining an extensive network of both domestic and international routes. Tassili Airlines, a secondary Algerian operator with close ties to the energy sector, also uses the airport for select services. A number of major European carriers maintain scheduled services to Algiers, connecting the city to hubs in France, Germany, the United Kingdom, Spain, and Italy, among others. Middle Eastern carriers link Algiers to Gulf hub airports, while various African airlines provide connectivity to destinations across the continent. The precise mix of carriers and routes operating at any given time may vary, and travellers are advised to consult airline websites or the airport's official resources for current schedules.

## Terminals and transfers

The airport operates with two main terminal buildings. Terminal 1 is generally associated with international traffic, while Terminal 2 primarily handles domestic services, though operational arrangements can change and passengers should verify their terminal assignment when checking in. The airfield is served by two runways oriented to suit prevailing regional wind conditions. Passengers connecting between international and domestic flights should allow adequate time for any inter-terminal movement and for the formalities associated with each journey type. Facilities within the terminals include check-in halls, security screening areas, and a range of commercial services, though the specific offerings available at any time are subject to change.

## Ground transport and trip planning

Algiers city centre lies approximately 20 kilometres west of the airport, and several ground transport options are generally available to travellers. Taxis are a common choice for reaching the city, and it is advisable to use officially designated taxi services available from the arrivals area. Bus services connecting the airport to central Algiers have been available historically, offering a more economical alternative. Car hire desks operate within the terminal complex for those wishing to drive independently. Journey times into the city vary depending on traffic conditions, which can be significant during peak hours on the main approach roads. Travellers arriving for onward connections within Algeria should account for domestic check-in requirements and any additional transit time.

## Practical planning notes

Houari Boumediene Airport operates across a broad daily schedule, though some overnight limitations may apply depending on the service. Passengers travelling internationally should carry valid travel documents appropriate for Algeria and any transit countries. Currency exchange and banking facilities are typically available within the terminal, though availability and hours may vary. The airport's altitude and Mediterranean coastal climate mean that weather conditions are generally mild, though seasonal variation can affect travel. Travellers are encouraged to arrive with sufficient time before departure to complete check-in, security, and any customs or immigration formalities. For the most current information on services, facilities, and any operational changes, consulting the airport's official website before travel is strongly recommended.

## Official sources

https://www.aeroportalger.dz/
https://en.wikipedia.org/wiki/Houari_Boumediene_Airport
http://www.wikidata.org/entity/Q623452"
BOG,El Dorado International Airport,186,587,yes,"## Overview

El Dorado International Airport (IATA: BOG, ICAO: SKBO) serves Bogotá, the capital and largest city of Colombia, and stands as the country's principal international gateway. Situated on the Sabana de Bogotá plateau roughly 15 kilometres northwest of the city centre, the airport sits at an elevation of approximately 2,600 metres above sea level — one of the highest elevations among major international airports in the world. This altitude has practical implications for aircraft performance, fuel loads, and passenger acclimatisation, making El Dorado a distinctive operational environment. The airport opened in 1959 and has grown steadily to become not only Colombia's busiest passenger hub but also one of the leading air-cargo facilities in Latin America, a role reinforced by Bogotá's central geographic position within South America.

## Airlines

Avianca, Colombia's flag carrier, uses El Dorado as its primary hub and operates an extensive network of domestic routes connecting Bogotá to cities across Colombia, as well as international services throughout the Americas and beyond. LATAM Colombia maintains a meaningful presence here as well. A range of international carriers serve the airport with scheduled services linking Bogotá to major hubs in North America, Europe, and other parts of Latin America. Airlines such as American Airlines, Copa Airlines, Iberia, Air France, and Lufthansa have historically operated routes through El Dorado, though travellers should verify current schedules and carrier availability directly with airlines or booking platforms, as networks change over time.

## Terminals and transfers

El Dorado operates two passenger terminals. Terminal 1 is the larger of the two and handles the majority of both international and domestic traffic, including most full-service and legacy carrier operations. Terminal 2 is used primarily by low-cost and domestic carriers. Passengers connecting between terminals should allow adequate time, as the two buildings are separate facilities. A significant modernisation programme completed during the 2010s expanded Terminal 1's capacity and updated its infrastructure considerably. Connecting passengers are advised to check with their airline regarding terminal assignments and minimum connection times, particularly when combining international and domestic legs.

## Ground transport and trip planning

El Dorado is located approximately 15 kilometres from central Bogotá, and journey times into the city can vary considerably depending on traffic conditions, which in a large metropolitan area like Bogotá can be significant during peak hours. Taxis and app-based ride services are available from the airport, and travellers are generally advised to use authorised or pre-arranged options for safety and fare transparency. Public bus services also connect the airport to various parts of the city. Given Bogotá's altitude, visitors arriving from lower elevations may wish to allow time to acclimatise, particularly if planning onward travel to other high-altitude destinations in Colombia or the Andes region. The airport operates on a 24-hour basis, which provides flexibility for early departures and late arrivals.

## Practical planning notes

Bogotá sits in the UTC−5 time zone (America/Bogota), which does not observe daylight saving time, so the offset from other regions remains consistent year-round. The airport's high-altitude location means temperatures at the airport and in the city tend to be cooler than travellers might expect for a tropical country, and layering is advisable. Colombia's diverse geography means El Dorado serves as a common entry point for travellers heading to coastal cities, the Amazon basin, coffee-growing regions, and Andean destinations, making it a significant transit hub for domestic connections. Passengers should confirm entry requirements, visa conditions, and any health documentation requirements with official Colombian government sources before travel, as these can change.

## Official sources

https://eldorado.aero/
https://en.wikipedia.org/wiki/El_Dorado_International_Airport
http://www.wikidata.org/entity/Q201785"
PTY,Tocumen International Airport,177,600,yes,"## Overview

Tocumen International Airport (PTY) is Panama's principal international gateway, located roughly 24 kilometres east of Panama City in Panama Province. Positioned near the narrowest point of the American landmass, where the Pacific and Atlantic coasts converge, the airport occupies a geography that has long made Panama a natural crossroads for trade and travel. That geographic advantage translates directly into aviation: Tocumen functions as one of the most active connecting hubs in Latin America, linking North America, South America, the Caribbean, and beyond within a relatively compact flight radius. The airport operates around the clock without a curfew, a practical reflection of its role in bridging multiple time zones across the hemisphere.

## Airlines

Copa Airlines, Panama's flag carrier and a member of the Star Alliance global alliance, treats Tocumen as its primary hub and operates the largest share of the airport's scheduled services. Its network spans destinations across North America, Central America, South America, and the Caribbean, making it the dominant force shaping the airport's connectivity. Wingo, a low-cost carrier operating as a subsidiary within the Copa Holdings group, also maintains a presence at Tocumen and serves price-sensitive leisure markets across the region. A range of international carriers from North America, South America, and Europe operate scheduled services into Tocumen, drawn by the airport's value as a transit point as much as by demand for Panama City itself as a destination.

## Terminals and transfers

Tocumen operates across two terminal buildings. The original Terminal 1 has been expanded incrementally over the decades since the airport opened in 1978, and it continues to handle a significant portion of traffic. Terminal 2 was developed to accommodate growth and provides additional gate capacity. Two parallel runways oriented broadly east to west support simultaneous aircraft movements, contributing to the airport's ability to handle connecting traffic efficiently. Passengers transiting through Tocumen should verify which terminal their onward flight departs from, as movements between terminals may require additional time. The airport's 24-hour operation means connecting itineraries at unusual hours are common, and the facility is designed to accommodate passengers at all times of day.

## Ground transport and trip planning

Panama City lies roughly 24 kilometres to the west of the airport, and several surface transport options connect the two. Taxis and ride-hailing services are available outside the arrivals area and represent a straightforward option for most travellers. Bus services also link the airport to the city, though journey times can vary depending on traffic conditions along the corridor. Panama City operates a metro rail system, and travellers should check current information on whether any extension or connecting service reaches the airport vicinity, as infrastructure in the region has been subject to ongoing development. The Panama Canal Zone and the historic Casco Viejo district are among the city's most visited areas, and both are accessible from the airport via road.

## Practical planning notes

Panama observes Eastern Standard Time year-round and does not observe daylight saving time, which simplifies scheduling for travellers connecting from regions that do shift clocks seasonally. The local currency is the Panamanian balboa, which is pegged at parity with the United States dollar; US dollars are widely accepted throughout the country. Travellers using Tocumen as a connecting hub rather than a final destination should allow reasonable layover time to account for immigration procedures if required, terminal distances, and the general pace of a busy international hub. Entry requirements for Panama vary by nationality, and travellers should consult official government sources before departure.

## Official sources

For current schedules, terminal maps, and operational information, consult the sources below:

https://www.tocumenpanama.aero/

https://en.wikipedia.org/wiki/Tocumen_International_Airport

http://www.wikidata.org/entity/Q1420178"
